,모델,Recall,Precision,평가구간,n,TP,FP,FN
0,피크 직접분류,1.0,0.12197028928850664,공통 OOF,1279,,,
1,피크 직접분류,1.0,0.12206572769953052,공통 OOF,1279,,,
2,피크 직접분류,1.0,0.12216131558339859,공통 OOF,1279,,,
3,피크 직접분류,1.0,0.12225705329153605,공통 OOF,1279,,,
4,피크 직접분류,1.0,0.1223529411764706,공통 OOF,1279,,,
5,피크 직접분류,1.0,0.12244897959183673,공통 OOF,1279,,,
6,피크 직접분류,1.0,0.12254516889238021,공통 OOF,1279,,,
7,피크 직접분류,1.0,0.12264150943396226,공통 OOF,1279,,,
8,피크 직접분류,1.0,0.12273800157356413,공통 OOF,1279,,,
9,피크 직접분류,1.0,0.12283464566929134,공통 OOF,1279,,,
10,피크 직접분류,1.0,0.12293144208037825,공통 OOF,1279,,,
11,피크 직접분류,1.0,0.12302839116719243,공통 OOF,1279,,,
12,피크 직접분류,1.0,0.12312549329123915,공통 OOF,1279,,,
13,피크 직접분류,1.0,0.12322274881516587,공통 OOF,1279,,,
14,피크 직접분류,1.0,0.1233201581027668,공통 OOF,1279,,,
15,피크 직접분류,1.0,0.12341772151898735,공통 OOF,1279,,,
16,피크 직접분류,1.0,0.12351543942992874,공통 OOF,1279,,,
17,피크 직접분류,1.0,0.12361331220285261,공통 OOF,1279,,,
18,피크 직접분류,1.0,0.12371134020618557,공통 OOF,1279,,,
19,피크 직접분류,1.0,0.12380952380952381,공통 OOF,1279,,,
20,피크 직접분류,1.0,0.12390786338363781,공통 OOF,1279,,,
21,피크 직접분류,1.0,0.12400635930047695,공통 OOF,1279,,,
22,피크 직접분류,1.0,0.12410501193317422,공통 OOF,1279,,,
23,피크 직접분류,1.0,0.12420382165605096,공통 OOF,1279,,,
24,피크 직접분류,1.0,0.12430278884462151,공통 OOF,1279,,,
25,피크 직접분류,1.0,0.12440191387559808,공통 OOF,1279,,,
26,피크 직접분류,1.0,0.12450119712689545,공통 OOF,1279,,,
27,피크 직접분류,1.0,0.12460063897763578,공통 OOF,1279,,,
28,피크 직접분류,1.0,0.12470023980815348,공통 OOF,1279,,,
29,피크 직접분류,1.0,0.1248,공통 OOF,1279,,,
30,피크 직접분류,1.0,0.12489991993594876,공통 OOF,1279,,,
31,피크 직접분류,1.0,0.125,공통 OOF,1279,,,
32,피크 직접분류,1.0,0.12510024057738572,공통 OOF,1279,,,
33,피크 직접분류,1.0,0.12520064205457465,공통 OOF,1279,,,
34,피크 직접분류,1.0,0.12530120481927712,공통 OOF,1279,,,
35,피크 직접분류,1.0,0.12540192926045016,공통 OOF,1279,,,
36,피크 직접분류,1.0,0.1255028157683025,공통 OOF,1279,,,
37,피크 직접분류,1.0,0.12560386473429952,공통 OOF,1279,,,
38,피크 직접분류,1.0,0.12570507655116842,공통 OOF,1279,,,
39,피크 직접분류,1.0,0.12580645161290321,공통 OOF,1279,,,
40,피크 직접분류,1.0,0.12590799031476999,공통 OOF,1279,,,
41,피크 직접분류,1.0,0.1260096930533118,공통 OOF,1279,,,
42,피크 직접분류,1.0,0.12611156022635409,공통 OOF,1279,,,
43,피크 직접분류,1.0,0.1262135922330097,공통 OOF,1279,,,
44,피크 직접분류,1.0,0.12631578947368421,공통 OOF,1279,,,
45,피크 직접분류,1.0,0.12641815235008103,공통 OOF,1279,,,
46,피크 직접분류,1.0,0.12652068126520682,공통 OOF,1279,,,
47,피크 직접분류,1.0,0.1266233766233766,공통 OOF,1279,,,
48,피크 직접분류,1.0,0.12672623883021933,공통 OOF,1279,,,
49,피크 직접분류,1.0,0.12682926829268293,공통 OOF,1279,,,
50,피크 직접분류,1.0,0.12693246541903988,공통 OOF,1279,,,
51,피크 직접분류,1.0,0.1270358306188925,공통 OOF,1279,,,
52,피크 직접분류,1.0,0.1271393643031785,공통 OOF,1279,,,
53,피크 직접분류,1.0,0.1272430668841762,공통 OOF,1279,,,
54,피크 직접분류,1.0,0.1273469387755102,공통 OOF,1279,,,
55,피크 직접분류,1.0,0.12745098039215685,공통 OOF,1279,,,
56,피크 직접분류,1.0,0.12755519215044972,공통 OOF,1279,,,
57,피크 직접분류,1.0,0.1276595744680851,공통 OOF,1279,,,
58,피크 직접분류,1.0,0.12776412776412777,공통 OOF,1279,,,
59,피크 직접분류,1.0,0.12786885245901639,공통 OOF,1279,,,
60,피크 직접분류,1.0,0.1279737489745693,공통 OOF,1279,,,
61,피크 직접분류,1.0,0.12807881773399016,공통 OOF,1279,,,
62,피크 직접분류,1.0,0.12818405916187345,공통 OOF,1279,,,
63,피크 직접분류,1.0,0.12828947368421054,공통 OOF,1279,,,
64,피크 직접분류,1.0,0.12839506172839507,공통 OOF,1279,,,
65,피크 직접분류,1.0,0.128500823723229,공통 OOF,1279,,,
66,피크 직접분류,1.0,0.12860676009892827,공통 OOF,1279,,,
67,피크 직접분류,1.0,0.12871287128712872,공통 OOF,1279,,,
68,피크 직접분류,1.0,0.12881915772089184,공통 OOF,1279,,,
69,피크 직접분류,1.0,0.12892561983471074,공통 OOF,1279,,,
70,피크 직접분류,1.0,0.12903225806451613,공통 OOF,1279,,,
71,피크 직접분류,1.0,0.1291390728476821,공통 OOF,1279,,,
72,피크 직접분류,1.0,0.12924606462303231,공통 OOF,1279,,,
73,피크 직접분류,1.0,0.12935323383084577,공통 OOF,1279,,,
74,피크 직접분류,1.0,0.12946058091286308,공통 OOF,1279,,,
75,피크 직접분류,1.0,0.12956810631229235,공통 OOF,1279,,,
76,피크 직접분류,1.0,0.12967581047381546,공통 OOF,1279,,,
77,피크 직접분류,1.0,0.129783693843594,공통 OOF,1279,,,
78,피크 직접분류,1.0,0.1298917568692756,공통 OOF,1279,,,
79,피크 직접분류,1.0,0.13,공통 OOF,1279,,,
80,피크 직접분류,1.0,0.13010842368640535,공통 OOF,1279,,,
81,피크 직접분류,1.0,0.1302170283806344,공통 OOF,1279,,,
82,피크 직접분류,1.0,0.13032581453634084,공통 OOF,1279,,,
83,피크 직접분류,1.0,0.13043478260869565,공통 OOF,1279,,,
84,피크 직접분류,1.0,0.1305439330543933,공통 OOF,1279,,,
85,피크 직접분류,1.0,0.1306532663316583,공통 OOF,1279,,,
86,피크 직접분류,1.0,0.13076278290025148,공통 OOF,1279,,,
87,피크 직접분류,1.0,0.13087248322147652,공통 OOF,1279,,,
88,피크 직접분류,1.0,0.1309823677581864,공통 OOF,1279,,,
89,피크 직접분류,1.0,0.13109243697478992,공통 OOF,1279,,,
90,피크 직접분류,1.0,0.1312026913372582,공통 OOF,1279,,,
91,피크 직접분류,1.0,0.13131313131313133,공통 OOF,1279,,,
92,피크 직접분류,1.0,0.13142375737152484,공통 OOF,1279,,,
93,피크 직접분류,1.0,0.1315345699831366,공통 OOF,1279,,,
94,피크 직접분류,1.0,0.13164556962025317,공통 OOF,1279,,,
95,피크 직접분류,1.0,0.13175675675675674,공통 OOF,1279,,,
96,피크 직접분류,1.0,0.13186813186813187,공통 OOF,1279,,,
97,피크 직접분류,1.0,0.1319796954314721,공통 OOF,1279,,,
98,피크 직접분류,1.0,0.13209144792548688,공통 OOF,1279,,,
99,피크 직접분류,1.0,0.13220338983050847,공통 OOF,1279,,,
100,피크 직접분류,1.0,0.13231552162849872,공통 OOF,1279,,,
101,피크 직접분류,1.0,0.13242784380305603,공통 OOF,1279,,,
102,피크 직접분류,1.0,0.13254035683942225,공통 OOF,1279,,,
103,피크 직접분류,1.0,0.1326530612244898,공통 OOF,1279,,,
104,피크 직접분류,1.0,0.1327659574468085,공통 OOF,1279,,,
105,피크 직접분류,1.0,0.13287904599659284,공통 OOF,1279,,,
106,피크 직접분류,1.0,0.1329923273657289,공통 OOF,1279,,,
107,피크 직접분류,1.0,0.13310580204778158,공통 OOF,1279,,,
108,피크 직접분류,1.0,0.1332194705380017,공통 OOF,1279,,,
109,피크 직접분류,1.0,0.13333333333333333,공통 OOF,1279,,,
110,피크 직접분류,1.0,0.13344739093242086,공통 OOF,1279,,,
111,피크 직접분류,1.0,0.13356164383561644,공통 OOF,1279,,,
112,피크 직접분류,1.0,0.13367609254498714,공통 OOF,1279,,,
113,피크 직접분류,1.0,0.13379073756432247,공통 OOF,1279,,,
114,피크 직접분류,1.0,0.13390557939914163,공통 OOF,1279,,,
115,피크 직접분류,1.0,0.13402061855670103,공통 OOF,1279,,,
116,피크 직접분류,1.0,0.13413585554600171,공통 OOF,1279,,,
117,피크 직접분류,1.0,0.1342512908777969,공통 OOF,1279,,,
118,피크 직접분류,1.0,0.1343669250645995,공통 OOF,1279,,,
119,피크 직접분류,1.0,0.13448275862068965,공통 OOF,1279,,,
120,피크 직접분류,1.0,0.13459879206212252,공통 OOF,1279,,,
121,피크 직접분류,1.0,0.13471502590673576,공통 OOF,1279,,,
122,피크 직접분류,1.0,0.1348314606741573,공통 OOF,1279,,,
123,피크 직접분류,1.0,0.13494809688581316,공통 OOF,1279,,,
124,피크 직접분류,1.0,0.13506493506493505,공통 OOF,1279,,,
125,피크 직접분류,1.0,0.13518197573656845,공통 OOF,1279,,,
126,피크 직접분류,1.0,0.13529921942758022,공통 OOF,1279,,,
127,피크 직접분류,1.0,0.13541666666666666,공통 OOF,1279,,,
128,피크 직접분류,1.0,0.1355343179843614,공통 OOF,1279,,,
129,피크 직접분류,1.0,0.1356521739130435,공통 OOF,1279,,,
130,피크 직접분류,1.0,0.13577023498694518,공통 OOF,1279,,,
131,피크 직접분류,1.0,0.13588850174216027,공통 OOF,1279,,,
132,피크 직접분류,1.0,0.13600697471665213,공통 OOF,1279,,,
133,피크 직접분류,1.0,0.13612565445026178,공통 OOF,1279,,,
134,피크 직접분류,1.0,0.13624454148471615,공통 OOF,1279,,,
135,피크 직접분류,1.0,0.13636363636363635,공통 OOF,1279,,,
136,피크 직접분류,1.0,0.13648293963254593,공통 OOF,1279,,,
137,피크 직접분류,1.0,0.13660245183887915,공통 OOF,1279,,,
138,피크 직접분류,1.0,0.13672217353198948,공통 OOF,1279,,,
139,피크 직접분류,1.0,0.1368421052631579,공통 OOF,1279,,,
140,피크 직접분류,1.0,0.1369622475856014,공통 OOF,1279,,,
141,피크 직접분류,1.0,0.13708260105448156,공통 OOF,1279,,,
142,피크 직접분류,1.0,0.13720316622691292,공통 OOF,1279,,,
143,피크 직접분류,1.0,0.13732394366197184,공통 OOF,1279,,,
144,피크 직접분류,1.0,0.13744493392070484,공통 OOF,1279,,,
145,피크 직접분류,1.0,0.13756613756613756,공통 OOF,1279,,,
146,피크 직접분류,1.0,0.13768755516328332,공통 OOF,1279,,,
147,피크 직접분류,1.0,0.13780918727915195,공통 OOF,1279,,,
148,피크 직접분류,1.0,0.13793103448275862,공통 OOF,1279,,,
149,피크 직접분류,1.0,0.13805309734513274,공통 OOF,1279,,,
150,피크 직접분류,1.0,0.13817537643932684,공통 OOF,1279,,,
151,피크 직접분류,1.0,0.13829787234042554,공통 OOF,1279,,,
152,피크 직접분류,1.0,0.13842058562555457,공통 OOF,1279,,,
153,피크 직접분류,1.0,0.13854351687388988,공통 OOF,1279,,,
154,피크 직접분류,1.0,0.13866666666666666,공통 OOF,1279,,,
155,피크 직접분류,1.0,0.1387900355871886,공통 OOF,1279,,,
156,피크 직접분류,1.0,0.13891362422083706,공통 OOF,1279,,,
157,피크 직접분류,1.0,0.13903743315508021,공통 OOF,1279,,,
158,피크 직접분류,1.0,0.1391614629794826,공통 OOF,1279,,,
159,피크 직접분류,1.0,0.1392857142857143,공통 OOF,1279,,,
160,피크 직접분류,1.0,0.13941018766756033,공통 OOF,1279,,,
161,피크 직접분류,1.0,0.13953488372093023,공통 OOF,1279,,,
162,피크 직접분류,1.0,0.1396598030438675,공통 OOF,1279,,,
163,피크 직접분류,1.0,0.13978494623655913,공통 OOF,1279,,,
164,피크 직접분류,1.0,0.13991031390134528,공통 OOF,1279,,,
165,피크 직접분류,1.0,0.1400359066427289,공통 OOF,1279,,,
166,피크 직접분류,1.0,0.14016172506738545,공통 OOF,1279,,,
167,피크 직접분류,1.0,0.14028776978417265,공통 OOF,1279,,,
168,피크 직접분류,1.0,0.1404140414041404,공통 OOF,1279,,,
169,피크 직접분류,1.0,0.14054054054054055,공통 OOF,1279,,,
170,피크 직접분류,1.0,0.1406672678088368,공통 OOF,1279,,,
171,피크 직접분류,1.0,0.1407942238267148,공통 OOF,1279,,,
172,피크 직접분류,1.0,0.14092140921409213,공통 OOF,1279,,,
173,피크 직접분류,1.0,0.1410488245931284,공통 OOF,1279,,,
174,피크 직접분류,1.0,0.1411764705882353,공통 OOF,1279,,,
175,피크 직접분류,1.0,0.14130434782608695,공통 OOF,1279,,,
176,피크 직접분류,1.0,0.1414324569356301,공통 OOF,1279,,,
177,피크 직접분류,1.0,0.14156079854809436,공통 OOF,1279,,,
178,피크 직접분류,1.0,0.14168937329700274,공통 OOF,1279,,,
179,피크 직접분류,1.0,0.14181818181818182,공통 OOF,1279,,,
180,피크 직접분류,1.0,0.14194722474977253,공통 OOF,1279,,,
181,피크 직접분류,1.0,0.14207650273224043,공통 OOF,1279,,,
182,피크 직접분류,1.0,0.1422060164083865,공통 OOF,1279,,,
183,피크 직접분류,1.0,0.14233576642335766,공통 OOF,1279,,,
184,피크 직접분류,1.0,0.14246575342465753,공통 OOF,1279,,,
185,피크 직접분류,1.0,0.1425959780621572,공통 OOF,1279,,,
186,피크 직접분류,1.0,0.14272644098810613,공통 OOF,1279,,,
187,피크 직접분류,1.0,0.14285714285714285,공통 OOF,1279,,,
188,피크 직접분류,1.0,0.14298808432630614,공통 OOF,1279,,,
189,피크 직접분류,1.0,0.14311926605504588,공통 OOF,1279,,,
190,피크 직접분류,1.0,0.14325068870523416,공통 OOF,1279,,,
191,피크 직접분류,1.0,0.14338235294117646,공통 OOF,1279,,,
192,피크 직접분류,1.0,0.14351425942962281,공통 OOF,1279,,,
193,피크 직접분류,1.0,0.143646408839779,공통 OOF,1279,,,
194,피크 직접분류,1.0,0.14377880184331798,공통 OOF,1279,,,
195,피크 직접분류,1.0,0.14391143911439114,공통 OOF,1279,,,
196,피크 직접분류,1.0,0.1440443213296399,공통 OOF,1279,,,
197,피크 직접분류,1.0,0.14417744916820702,공통 OOF,1279,,,
198,피크 직접분류,1.0,0.14431082331174838,공통 OOF,1279,,,
199,피크 직접분류,1.0,0.14444444444444443,공통 OOF,1279,,,
200,피크 직접분류,1.0,0.14457831325301204,공통 OOF,1279,,,
201,피크 직접분류,1.0,0.14471243042671614,공통 OOF,1279,,,
202,피크 직접분류,1.0,0.14484679665738162,공통 OOF,1279,,,
203,피크 직접분류,1.0,0.1449814126394052,공통 OOF,1279,,,
204,피크 직접분류,1.0,0.14511627906976743,공통 OOF,1279,,,
205,피크 직접분류,1.0,0.1452513966480447,공통 OOF,1279,,,
206,피크 직접분류,1.0,0.14538676607642126,공통 OOF,1279,,,
207,피크 직접분류,1.0,0.1455223880597015,공통 OOF,1279,,,
208,피크 직접분류,1.0,0.14565826330532214,공통 OOF,1279,,,
209,피크 직접분류,1.0,0.14579439252336449,공통 OOF,1279,,,
210,피크 직접분류,1.0,0.14593077642656688,공통 OOF,1279,,,
211,피크 직접분류,1.0,0.14606741573033707,공통 OOF,1279,,,
212,피크 직접분류,1.0,0.14620431115276475,공통 OOF,1279,,,
213,피크 직접분류,1.0,0.14634146341463414,공통 OOF,1279,,,
214,피크 직접분류,1.0,0.14647887323943662,공통 OOF,1279,,,
215,피크 직접분류,1.0,0.14661654135338345,공통 OOF,1279,,,
216,피크 직접분류,1.0,0.14675446848541862,공통 OOF,1279,,,
217,피크 직접분류,1.0,0.14689265536723164,공통 OOF,1279,,,
218,피크 직접분류,1.0,0.1470311027332705,공통 OOF,1279,,,
219,피크 직접분류,1.0,0.1471698113207547,공통 OOF,1279,,,
220,피크 직접분류,1.0,0.14730878186968838,공통 OOF,1279,,,
221,피크 직접분류,1.0,0.14744801512287334,공통 OOF,1279,,,
222,피크 직접분류,1.0,0.14758751182592242,공통 OOF,1279,,,
223,피크 직접분류,1.0,0.14772727272727273,공통 OOF,1279,,,
224,피크 직접분류,1.0,0.14786729857819905,공통 OOF,1279,,,
225,피크 직접분류,1.0,0.14800759013282733,공통 OOF,1279,,,
226,피크 직접분류,1.0,0.14814814814814814,공통 OOF,1279,,,
227,피크 직접분류,1.0,0.1482889733840304,공통 OOF,1279,,,
228,피크 직접분류,1.0,0.14843006660323502,공통 OOF,1279,,,
229,피크 직접분류,1.0,0.14857142857142858,공통 OOF,1279,,,
230,피크 직접분류,1.0,0.14871306005719734,공통 OOF,1279,,,
231,피크 직접분류,1.0,0.14885496183206107,공통 OOF,1279,,,
232,피크 직접분류,1.0,0.1489971346704871,공통 OOF,1279,,,
233,피크 직접분류,1.0,0.1491395793499044,공통 OOF,1279,,,
234,피크 직접분류,1.0,0.1492822966507177,공통 OOF,1279,,,
235,피크 직접분류,1.0,0.14942528735632185,공통 OOF,1279,,,
236,피크 직접분류,0.9935897435897436,0.1486097794822627,공통 OOF,1279,,,
237,피크 직접분류,0.9935897435897436,0.14875239923224567,공통 OOF,1279,,,
238,피크 직접분류,0.9935897435897436,0.148895292987512,공통 OOF,1279,,,
239,피크 직접분류,0.9935897435897436,0.14903846153846154,공통 OOF,1279,,,
240,피크 직접분류,0.9935897435897436,0.14918190567853706,공통 OOF,1279,,,
241,피크 직접분류,0.9935897435897436,0.14932562620423892,공통 OOF,1279,,,
242,피크 직접분류,0.9935897435897436,0.14946962391513982,공통 OOF,1279,,,
243,피크 직접분류,0.9935897435897436,0.14961389961389962,공통 OOF,1279,,,
244,피크 직접분류,0.9935897435897436,0.1497584541062802,공통 OOF,1279,,,
245,피크 직접분류,0.9935897435897436,0.14990328820116053,공통 OOF,1279,,,
246,피크 직접분류,0.9935897435897436,0.15004840271055178,공통 OOF,1279,,,
247,피크 직접분류,0.9935897435897436,0.1501937984496124,공통 OOF,1279,,,
248,피크 직접분류,0.9935897435897436,0.15033947623666344,공통 OOF,1279,,,
249,피크 직접분류,0.9935897435897436,0.15048543689320387,공통 OOF,1279,,,
250,피크 직접분류,0.9935897435897436,0.15063168124392615,공통 OOF,1279,,,
251,피크 직접분류,0.9935897435897436,0.1507782101167315,공통 OOF,1279,,,
252,피크 직접분류,0.9935897435897436,0.15092502434274585,공통 OOF,1279,,,
253,피크 직접분류,0.9935897435897436,0.15107212475633527,공통 OOF,1279,,,
254,피크 직접분류,0.9935897435897436,0.15121951219512195,공통 OOF,1279,,,
255,피크 직접분류,0.9935897435897436,0.1513671875,공통 OOF,1279,,,
256,피크 직접분류,0.9935897435897436,0.15151515151515152,공통 OOF,1279,,,
257,피크 직접분류,0.9935897435897436,0.15166340508806261,공통 OOF,1279,,,
258,피크 직접분류,0.9935897435897436,0.15181194906953965,공통 OOF,1279,,,
259,피크 직접분류,0.9935897435897436,0.15196078431372548,공통 OOF,1279,,,
260,피크 직접분류,0.9935897435897436,0.1521099116781158,공통 OOF,1279,,,
261,피크 직접분류,0.9935897435897436,0.15225933202357564,공통 OOF,1279,,,
262,피크 직접분류,0.9935897435897436,0.15240904621435594,공통 OOF,1279,,,
263,피크 직접분류,0.9935897435897436,0.15255905511811024,공통 OOF,1279,,,
264,피크 직접분류,0.9935897435897436,0.15270935960591134,공통 OOF,1279,,,
265,피크 직접분류,0.9935897435897436,0.15285996055226825,공통 OOF,1279,,,
266,피크 직접분류,0.9935897435897436,0.15301085883514315,공통 OOF,1279,,,
267,피크 직접분류,0.9935897435897436,0.15316205533596838,공통 OOF,1279,,,
268,피크 직접분류,0.9935897435897436,0.1533135509396637,공통 OOF,1279,,,
269,피크 직접분류,0.9935897435897436,0.15346534653465346,공통 OOF,1279,,,
270,피크 직접분류,0.9935897435897436,0.15361744301288405,공통 OOF,1279,,,
271,피크 직접분류,0.9935897435897436,0.15376984126984128,공통 OOF,1279,,,
272,피크 직접분류,0.9935897435897436,0.15392254220456802,공통 OOF,1279,,,
273,피크 직접분류,0.9935897435897436,0.1540755467196819,공통 OOF,1279,,,
274,피크 직접분류,0.9935897435897436,0.15422885572139303,공통 OOF,1279,,,
275,피크 직접분류,0.9935897435897436,0.15438247011952191,공통 OOF,1279,,,
276,피크 직접분류,0.9935897435897436,0.15453639082751744,공통 OOF,1279,,,
277,피크 직접분류,0.9935897435897436,0.15469061876247506,공통 OOF,1279,,,
278,피크 직접분류,0.9935897435897436,0.15484515484515485,공통 OOF,1279,,,
279,피크 직접분류,0.9935897435897436,0.155,공통 OOF,1279,,,
280,피크 직접분류,0.9935897435897436,0.15515515515515516,공통 OOF,1279,,,
281,피크 직접분류,0.9935897435897436,0.15531062124248496,공통 OOF,1279,,,
282,피크 직접분류,0.9935897435897436,0.15546639919759278,공통 OOF,1279,,,
283,피크 직접분류,0.9935897435897436,0.15562248995983935,공통 OOF,1279,,,
284,피크 직접분류,0.9935897435897436,0.15577889447236182,공통 OOF,1279,,,
285,피크 직접분류,0.9935897435897436,0.15593561368209255,공통 OOF,1279,,,
286,피크 직접분류,0.9935897435897436,0.15609264853977844,공통 OOF,1279,,,
287,피크 직접분류,0.9935897435897436,0.15625,공통 OOF,1279,,,
288,피크 직접분류,0.9935897435897436,0.15640766902119072,공통 OOF,1279,,,
289,피크 직접분류,0.9935897435897436,0.15656565656565657,공통 OOF,1279,,,
290,피크 직접분류,0.9935897435897436,0.15672396359959556,공통 OOF,1279,,,
291,피크 직접분류,0.9935897435897436,0.15688259109311742,공통 OOF,1279,,,
292,피크 직접분류,0.9935897435897436,0.15704154002026344,공통 OOF,1279,,,
293,피크 직접분류,0.9935897435897436,0.15720081135902636,공통 OOF,1279,,,
294,피크 직접분류,0.9935897435897436,0.15736040609137056,공통 OOF,1279,,,
295,피크 직접분류,0.9935897435897436,0.15752032520325204,공통 OOF,1279,,,
296,피크 직접분류,0.9935897435897436,0.15768056968463887,공통 OOF,1279,,,
297,피크 직접분류,0.9935897435897436,0.15784114052953158,공통 OOF,1279,,,
298,피크 직접분류,0.9935897435897436,0.1580020387359837,공통 OOF,1279,,,
299,피크 직접분류,0.9935897435897436,0.15816326530612246,공통 OOF,1279,,,
300,피크 직접분류,0.9935897435897436,0.15832482124616956,공통 OOF,1279,,,
301,피크 직접분류,0.9935897435897436,0.15848670756646216,공통 OOF,1279,,,
302,피크 직접분류,0.9935897435897436,0.1586489252814739,공통 OOF,1279,,,
303,피크 직접분류,0.9935897435897436,0.15881147540983606,공통 OOF,1279,,,
304,피크 직접분류,0.9935897435897436,0.15897435897435896,공통 OOF,1279,,,
305,피크 직접분류,0.9935897435897436,0.1591375770020534,공통 OOF,1279,,,
306,피크 직접분류,0.9935897435897436,0.1593011305241521,공통 OOF,1279,,,
307,피크 직접분류,0.9935897435897436,0.15946502057613168,공통 OOF,1279,,,
308,피크 직접분류,0.9935897435897436,0.1596292481977343,공통 OOF,1279,,,
309,피크 직접분류,0.9935897435897436,0.15979381443298968,공통 OOF,1279,,,
310,피크 직접분류,0.9935897435897436,0.15995872033023736,공통 OOF,1279,,,
311,피크 직접분류,0.9935897435897436,0.16012396694214875,공통 OOF,1279,,,
312,피크 직접분류,0.9935897435897436,0.16028955532574973,공통 OOF,1279,,,
313,피크 직접분류,0.9935897435897436,0.16045548654244307,공통 OOF,1279,,,
314,피크 직접분류,0.9935897435897436,0.16062176165803108,공통 OOF,1279,,,
315,피크 직접분류,0.9935897435897436,0.1607883817427386,공통 OOF,1279,,,
316,피크 직접분류,0.9935897435897436,0.16095534787123572,공통 OOF,1279,,,
317,피크 직접분류,0.9935897435897436,0.16112266112266113,공통 OOF,1279,,,
318,피크 직접분류,0.9935897435897436,0.16129032258064516,공통 OOF,1279,,,
319,피크 직접분류,0.9935897435897436,0.16145833333333334,공통 OOF,1279,,,
320,피크 직접분류,0.9935897435897436,0.1616266944734098,공통 OOF,1279,,,
321,피크 직접분류,0.9935897435897436,0.1617954070981211,공통 OOF,1279,,,
322,피크 직접분류,0.9935897435897436,0.1619644723092999,공통 OOF,1279,,,
323,피크 직접분류,0.9935897435897436,0.16213389121338911,공통 OOF,1279,,,
324,피크 직접분류,0.9935897435897436,0.16230366492146597,공통 OOF,1279,,,
325,피크 직접분류,0.9935897435897436,0.16247379454926625,공통 OOF,1279,,,
326,피크 직접분류,0.9935897435897436,0.1626442812172088,공통 OOF,1279,,,
327,피크 직접분류,0.9935897435897436,0.16281512605042017,공통 OOF,1279,,,
328,피크 직접분류,0.9935897435897436,0.16298633017875921,공통 OOF,1279,,,
329,피크 직접분류,0.9935897435897436,0.1631578947368421,공통 OOF,1279,,,
330,피크 직접분류,0.9935897435897436,0.16332982086406744,공통 OOF,1279,,,
331,피크 직접분류,0.9935897435897436,0.16350210970464135,공통 OOF,1279,,,
332,피크 직접분류,0.9871794871794872,0.16261879619852165,공통 OOF,1279,,,
333,피크 직접분류,0.9871794871794872,0.16279069767441862,공통 OOF,1279,,,
334,피크 직접분류,0.9871794871794872,0.16296296296296298,공통 OOF,1279,,,
335,피크 직접분류,0.9871794871794872,0.163135593220339,공통 OOF,1279,,,
336,피크 직접분류,0.9871794871794872,0.1633085896076352,공통 OOF,1279,,,
337,피크 직접분류,0.9871794871794872,0.16348195329087048,공통 OOF,1279,,,
338,피크 직접분류,0.9871794871794872,0.16382978723404254,공통 OOF,1279,,,
339,피크 직접분류,0.9871794871794872,0.16400425985090522,공통 OOF,1279,,,
340,피크 직접분류,0.9871794871794872,0.16417910447761194,공통 OOF,1279,,,
341,피크 직접분류,0.9871794871794872,0.16435432230522945,공통 OOF,1279,,,
342,피크 직접분류,0.9871794871794872,0.16452991452991453,공통 OOF,1279,,,
343,피크 직접분류,0.9871794871794872,0.16470588235294117,공통 OOF,1279,,,
344,피크 직접분류,0.9871794871794872,0.16488222698072805,공통 OOF,1279,,,
345,피크 직접분류,0.9871794871794872,0.16505894962486603,공통 OOF,1279,,,
346,피크 직접분류,0.9871794871794872,0.16523605150214593,공통 OOF,1279,,,
347,피크 직접분류,0.9871794871794872,0.16541353383458646,공통 OOF,1279,,,
348,피크 직접분류,0.9871794871794872,0.16559139784946236,공통 OOF,1279,,,
349,피크 직접분류,0.9871794871794872,0.16576964477933262,공통 OOF,1279,,,
350,피크 직접분류,0.9871794871794872,0.16594827586206898,공통 OOF,1279,,,
351,피크 직접분류,0.9871794871794872,0.16612729234088458,공통 OOF,1279,,,
352,피크 직접분류,0.9871794871794872,0.16630669546436286,공통 OOF,1279,,,
353,피크 직접분류,0.9871794871794872,0.16648648648648648,공통 OOF,1279,,,
354,피크 직접분류,0.9871794871794872,0.16666666666666666,공통 OOF,1279,,,
355,피크 직접분류,0.9871794871794872,0.1668472372697725,공통 OOF,1279,,,
356,피크 직접분류,0.9871794871794872,0.16702819956616052,공통 OOF,1279,,,
357,피크 직접분류,0.9871794871794872,0.16720955483170466,공통 OOF,1279,,,
358,피크 직접분류,0.9871794871794872,0.1673913043478261,공통 OOF,1279,,,
359,피크 직접분류,0.9871794871794872,0.16757344940152338,공통 OOF,1279,,,
360,피크 직접분류,0.9871794871794872,0.16775599128540306,공통 OOF,1279,,,
361,피크 직접분류,0.9871794871794872,0.16793893129770993,공통 OOF,1279,,,
362,피크 직접분류,0.9871794871794872,0.16812227074235808,공통 OOF,1279,,,
363,피크 직접분류,0.9871794871794872,0.16830601092896175,공통 OOF,1279,,,
364,피크 직접분류,0.9871794871794872,0.16849015317286653,공통 OOF,1279,,,
365,피크 직접분류,0.9871794871794872,0.1686746987951807,공통 OOF,1279,,,
366,피크 직접분류,0.9871794871794872,0.16885964912280702,공통 OOF,1279,,,
367,피크 직접분류,0.9871794871794872,0.1690450054884742,공통 OOF,1279,,,
368,피크 직접분류,0.9871794871794872,0.16923076923076924,공통 OOF,1279,,,
369,피크 직접분류,0.9871794871794872,0.1694169416941694,공통 OOF,1279,,,
370,피크 직접분류,0.9871794871794872,0.1696035242290749,공통 OOF,1279,,,
371,피크 직접분류,0.9871794871794872,0.16979051819184124,공통 OOF,1279,,,
372,피크 직접분류,0.9871794871794872,0.16997792494481237,공통 OOF,1279,,,
373,피크 직접분류,0.9871794871794872,0.17016574585635358,공통 OOF,1279,,,
374,피크 직접분류,0.9871794871794872,0.17035398230088494,공통 OOF,1279,,,
375,피크 직접분류,0.9871794871794872,0.17054263565891473,공통 OOF,1279,,,
376,피크 직접분류,0.9871794871794872,0.17073170731707318,공통 OOF,1279,,,
377,피크 직접분류,0.9871794871794872,0.1709211986681465,공통 OOF,1279,,,
378,피크 직접분류,0.9871794871794872,0.1711111111111111,공통 OOF,1279,,,
379,피크 직접분류,0.9871794871794872,0.17130144605116795,공통 OOF,1279,,,
380,피크 직접분류,0.9871794871794872,0.1714922048997773,공통 OOF,1279,,,
381,피크 직접분류,0.9871794871794872,0.1716833890746934,공통 OOF,1279,,,
382,피크 직접분류,0.9871794871794872,0.171875,공통 OOF,1279,,,
383,피크 직접분류,0.9871794871794872,0.17206703910614526,공통 OOF,1279,,,
384,피크 직접분류,0.9871794871794872,0.17225950782997762,공통 OOF,1279,,,
385,피크 직접분류,0.9871794871794872,0.17245240761478164,공통 OOF,1279,,,
386,피크 직접분류,0.9871794871794872,0.1726457399103139,공통 OOF,1279,,,
387,피크 직접분류,0.9871794871794872,0.1728395061728395,공통 OOF,1279,,,
388,피크 직접분류,0.9871794871794872,0.17303370786516853,공통 OOF,1279,,,
389,피크 직접분류,0.9871794871794872,0.1732283464566929,공통 OOF,1279,,,
390,피크 직접분류,0.9871794871794872,0.17342342342342343,공통 OOF,1279,,,
391,피크 직접분류,0.9871794871794872,0.17361894024802707,공통 OOF,1279,,,
392,피크 직접분류,0.9871794871794872,0.17381489841986456,공통 OOF,1279,,,
393,피크 직접분류,0.9871794871794872,0.17401129943502824,공통 OOF,1279,,,
394,피크 직접분류,0.9871794871794872,0.17420814479638008,공통 OOF,1279,,,
395,피크 직접분류,0.9871794871794872,0.17440543601359004,공통 OOF,1279,,,
396,피크 직접분류,0.9871794871794872,0.1746031746031746,공통 OOF,1279,,,
397,피크 직접분류,0.9871794871794872,0.17480136208853575,공통 OOF,1279,,,
398,피크 직접분류,0.9871794871794872,0.175,공통 OOF,1279,,,
399,피크 직접분류,0.9871794871794872,0.1751990898748578,공통 OOF,1279,,,
400,피크 직접분류,0.9871794871794872,0.17539863325740318,공통 OOF,1279,,,
401,피크 직접분류,0.9871794871794872,0.17559863169897377,공통 OOF,1279,,,
402,피크 직접분류,0.9807692307692307,0.17465753424657535,공통 OOF,1279,,,
403,피크 직접분류,0.9807692307692307,0.17485714285714285,공통 OOF,1279,,,
404,피크 직접분류,0.9807692307692307,0.17505720823798626,공통 OOF,1279,,,
405,피크 직접분류,0.9807692307692307,0.17525773195876287,공통 OOF,1279,,,
406,피크 직접분류,0.9807692307692307,0.17545871559633028,공통 OOF,1279,,,
407,피크 직접분류,0.9807692307692307,0.1756601607347876,공통 OOF,1279,,,
408,피크 직접분류,0.9807692307692307,0.17586206896551723,공통 OOF,1279,,,
409,피크 직접분류,0.9807692307692307,0.1760644418872267,공통 OOF,1279,,,
410,피크 직접분류,0.9807692307692307,0.17626728110599077,공통 OOF,1279,,,
411,피크 직접분류,0.9807692307692307,0.17647058823529413,공통 OOF,1279,,,
412,피크 직접분류,0.9807692307692307,0.1766743648960739,공통 OOF,1279,,,
413,피크 직접분류,0.9807692307692307,0.176878612716763,공통 OOF,1279,,,
414,피크 직접분류,0.9807692307692307,0.17708333333333334,공통 OOF,1279,,,
415,피크 직접분류,0.9807692307692307,0.1772885283893395,공통 OOF,1279,,,
416,피크 직접분류,0.9807692307692307,0.17749419953596288,공통 OOF,1279,,,
417,피크 직접분류,0.9807692307692307,0.17770034843205576,공통 OOF,1279,,,
418,피크 직접분류,0.9807692307692307,0.17790697674418604,공통 OOF,1279,,,
419,피크 직접분류,0.9807692307692307,0.1781140861466822,공통 OOF,1279,,,
420,피크 직접분류,0.9807692307692307,0.17832167832167833,공통 OOF,1279,,,
421,피크 직접분류,0.9807692307692307,0.17852975495915985,공통 OOF,1279,,,
422,피크 직접분류,0.9807692307692307,0.17873831775700935,공통 OOF,1279,,,
423,피크 직접분류,0.9807692307692307,0.17894736842105263,공통 OOF,1279,,,
424,피크 직접분류,0.9807692307692307,0.1791569086651054,공통 OOF,1279,,,
425,피크 직접분류,0.9807692307692307,0.17936694021101993,공통 OOF,1279,,,
426,피크 직접분류,0.9807692307692307,0.1795774647887324,공통 OOF,1279,,,
427,피크 직접분류,0.9807692307692307,0.1797884841363102,공통 OOF,1279,,,
428,피크 직접분류,0.9807692307692307,0.18,공통 OOF,1279,,,
429,피크 직접분류,0.9807692307692307,0.18021201413427562,공통 OOF,1279,,,
430,피크 직접분류,0.9807692307692307,0.1804245283018868,공통 OOF,1279,,,
431,피크 직접분류,0.9807692307692307,0.1806375442739079,공통 OOF,1279,,,
432,피크 직접분류,0.9807692307692307,0.18085106382978725,공통 OOF,1279,,,
433,피크 직접분류,0.9807692307692307,0.18106508875739644,공통 OOF,1279,,,
434,피크 직접분류,0.9807692307692307,0.18127962085308058,공통 OOF,1279,,,
435,피크 직접분류,0.9807692307692307,0.18149466192170818,공통 OOF,1279,,,
436,피크 직접분류,0.9807692307692307,0.18171021377672208,공통 OOF,1279,,,
437,피크 직접분류,0.9807692307692307,0.18192627824019025,공통 OOF,1279,,,
438,피크 직접분류,0.9807692307692307,0.18214285714285713,공통 OOF,1279,,,
439,피크 직접분류,0.9807692307692307,0.18235995232419547,공통 OOF,1279,,,
440,피크 직접분류,0.9807692307692307,0.18257756563245822,공통 OOF,1279,,,
441,피크 직접분류,0.9807692307692307,0.1827956989247312,공통 OOF,1279,,,
442,피크 직접분류,0.9807692307692307,0.18301435406698566,공통 OOF,1279,,,
443,피크 직접분류,0.9807692307692307,0.18323353293413175,공통 OOF,1279,,,
444,피크 직접분류,0.9807692307692307,0.18345323741007194,공통 OOF,1279,,,
445,피크 직접분류,0.9807692307692307,0.1836734693877551,공통 OOF,1279,,,
446,피크 직접분류,0.9807692307692307,0.18389423076923078,공통 OOF,1279,,,
447,피크 직접분류,0.9807692307692307,0.18411552346570398,공통 OOF,1279,,,
448,피크 직접분류,0.9807692307692307,0.18433734939759036,공통 OOF,1279,,,
449,피크 직접분류,0.9807692307692307,0.18455971049457176,공통 OOF,1279,,,
450,피크 직접분류,0.9807692307692307,0.18478260869565216,공통 OOF,1279,,,
451,피크 직접분류,0.9807692307692307,0.18500604594921402,공통 OOF,1279,,,
452,피크 직접분류,0.9807692307692307,0.18523002421307505,공통 OOF,1279,,,
453,피크 직접분류,0.9807692307692307,0.18545454545454546,공통 OOF,1279,,,
454,피크 직접분류,0.9807692307692307,0.18567961165048544,공통 OOF,1279,,,
455,피크 직접분류,0.9807692307692307,0.1859052247873633,공통 OOF,1279,,,
456,피크 직접분류,0.9807692307692307,0.18613138686131386,공통 OOF,1279,,,
457,피크 직접분류,0.9807692307692307,0.18635809987819732,공통 OOF,1279,,,
458,피크 직접분류,0.9807692307692307,0.18658536585365854,공통 OOF,1279,,,
459,피크 직접분류,0.9807692307692307,0.18681318681318682,공통 OOF,1279,,,
460,피크 직접분류,0.9807692307692307,0.18704156479217604,공통 OOF,1279,,,
461,피크 직접분류,0.9807692307692307,0.18727050183598531,공통 OOF,1279,,,
462,피크 직접분류,0.9807692307692307,0.1875,공통 OOF,1279,,,
463,피크 직접분류,0.9807692307692307,0.18773006134969325,공통 OOF,1279,,,
464,피크 직접분류,0.9807692307692307,0.18796068796068796,공통 OOF,1279,,,
465,피크 직접분류,0.9807692307692307,0.1881918819188192,공통 OOF,1279,,,
466,피크 직접분류,0.9807692307692307,0.18842364532019704,공통 OOF,1279,,,
467,피크 직접분류,0.9807692307692307,0.18865598027127004,공통 OOF,1279,,,
468,피크 직접분류,0.9807692307692307,0.18888888888888888,공통 OOF,1279,,,
469,피크 직접분류,0.9807692307692307,0.18912237330037082,공통 OOF,1279,,,
470,피크 직접분류,0.9807692307692307,0.18935643564356436,공통 OOF,1279,,,
471,피크 직접분류,0.9807692307692307,0.1895910780669145,공통 OOF,1279,,,
472,피크 직접분류,0.9807692307692307,0.18982630272952852,공통 OOF,1279,,,
473,피크 직접분류,0.9807692307692307,0.19006211180124225,공통 OOF,1279,,,
474,피크 직접분류,0.9807692307692307,0.19029850746268656,공통 OOF,1279,,,
475,피크 직접분류,0.9807692307692307,0.19053549190535493,공통 OOF,1279,,,
476,피크 직접분류,0.9807692307692307,0.19077306733167082,공통 OOF,1279,,,
477,피크 직접분류,0.9807692307692307,0.19101123595505617,공통 OOF,1279,,,
478,피크 직접분류,0.9807692307692307,0.19125,공통 OOF,1279,,,
479,피크 직접분류,0.9807692307692307,0.19148936170212766,공통 OOF,1279,,,
480,피크 직접분류,0.9807692307692307,0.19172932330827067,공통 OOF,1279,,,
481,피크 직접분류,0.9807692307692307,0.191969887076537,공통 OOF,1279,,,
482,피크 직접분류,0.9807692307692307,0.1922110552763819,공통 OOF,1279,,,
483,피크 직접분류,0.9807692307692307,0.19245283018867926,공통 OOF,1279,,,
484,피크 직접분류,0.9807692307692307,0.19269521410579346,공통 OOF,1279,,,
485,피크 직접분류,0.9807692307692307,0.19293820933165196,공통 OOF,1279,,,
486,피크 직접분류,0.9807692307692307,0.19318181818181818,공통 OOF,1279,,,
487,피크 직접분류,0.9807692307692307,0.1934260429835651,공통 OOF,1279,,,
488,피크 직접분류,0.9807692307692307,0.19367088607594937,공통 OOF,1279,,,
489,피크 직접분류,0.9807692307692307,0.19391634980988592,공통 OOF,1279,,,
490,피크 직접분류,0.9807692307692307,0.19416243654822335,공통 OOF,1279,,,
491,피크 직접분류,0.9807692307692307,0.19440914866581957,공통 OOF,1279,,,
492,피크 직접분류,0.9807692307692307,0.1946564885496183,공통 OOF,1279,,,
493,피크 직접분류,0.9807692307692307,0.19490445859872613,공통 OOF,1279,,,
494,피크 직접분류,0.9807692307692307,0.1951530612244898,공통 OOF,1279,,,
495,피크 직접분류,0.9807692307692307,0.19540229885057472,공통 OOF,1279,,,
496,피크 직접분류,0.9807692307692307,0.1956521739130435,공통 OOF,1279,,,
497,피크 직접분류,0.9807692307692307,0.19590268886043533,공통 OOF,1279,,,
498,피크 직접분류,0.9807692307692307,0.19615384615384615,공통 OOF,1279,,,
499,피크 직접분류,0.9807692307692307,0.196405648267009,공통 OOF,1279,,,
500,피크 직접분류,0.9807692307692307,0.19665809768637532,공통 OOF,1279,,,
501,피크 직접분류,0.9807692307692307,0.1969111969111969,공통 OOF,1279,,,
502,피크 직접분류,0.9807692307692307,0.19716494845360824,공통 OOF,1279,,,
503,피크 직접분류,0.9807692307692307,0.19741935483870968,공통 OOF,1279,,,
504,피크 직접분류,0.9807692307692307,0.19767441860465115,공통 OOF,1279,,,
505,피크 직접분류,0.9807692307692307,0.1979301423027167,공통 OOF,1279,,,
506,피크 직접분류,0.9807692307692307,0.19818652849740934,공통 OOF,1279,,,
507,피크 직접분류,0.9807692307692307,0.19844357976653695,공통 OOF,1279,,,
508,피크 직접분류,0.9807692307692307,0.1987012987012987,공통 OOF,1279,,,
509,피크 직접분류,0.9807692307692307,0.19895968790637192,공통 OOF,1279,,,
510,피크 직접분류,0.9807692307692307,0.19921875,공통 OOF,1279,,,
511,피크 직접분류,0.9807692307692307,0.19947848761408082,공통 OOF,1279,,,
512,피크 직접분류,0.9807692307692307,0.19973890339425587,공통 OOF,1279,,,
513,피크 직접분류,0.9807692307692307,0.2,공통 OOF,1279,,,
514,피크 직접분류,0.9807692307692307,0.20026178010471204,공통 OOF,1279,,,
515,피크 직접분류,0.9807692307692307,0.20052424639580602,공통 OOF,1279,,,
516,피크 직접분류,0.9807692307692307,0.20078740157480315,공통 OOF,1279,,,
517,피크 직접분류,0.9807692307692307,0.20105124835742444,공통 OOF,1279,,,
518,피크 직접분류,0.9807692307692307,0.2013157894736842,공통 OOF,1279,,,
519,피크 직접분류,0.9807692307692307,0.2015810276679842,공통 OOF,1279,,,
520,피크 직접분류,0.9807692307692307,0.20184696569920843,공통 OOF,1279,,,
521,피크 직접분류,0.9807692307692307,0.202113606340819,공통 OOF,1279,,,
522,피크 직접분류,0.9807692307692307,0.20238095238095238,공통 OOF,1279,,,
523,피크 직접분류,0.9807692307692307,0.20264900662251656,공통 OOF,1279,,,
524,피크 직접분류,0.9807692307692307,0.20291777188328913,공통 OOF,1279,,,
525,피크 직접분류,0.9807692307692307,0.20318725099601595,공통 OOF,1279,,,
526,피크 직접분류,0.9807692307692307,0.20345744680851063,공통 OOF,1279,,,
527,피크 직접분류,0.9807692307692307,0.20372836218375498,공통 OOF,1279,,,
528,피크 직접분류,0.9807692307692307,0.204,공통 OOF,1279,,,
529,피크 직접분류,0.9807692307692307,0.20427236315086783,공통 OOF,1279,,,
530,피크 직접분류,0.9807692307692307,0.20454545454545456,공통 OOF,1279,,,
531,피크 직접분류,0.9807692307692307,0.20481927710843373,공통 OOF,1279,,,
532,피크 직접분류,0.9807692307692307,0.20509383378016086,공통 OOF,1279,,,
533,피크 직접분류,0.9807692307692307,0.20536912751677852,공통 OOF,1279,,,
534,피크 직접분류,0.9807692307692307,0.2056451612903226,공통 OOF,1279,,,
535,피크 직접분류,0.9807692307692307,0.20592193808882908,공통 OOF,1279,,,
536,피크 직접분류,0.9807692307692307,0.20619946091644206,공통 OOF,1279,,,
537,피크 직접분류,0.9807692307692307,0.20647773279352227,공통 OOF,1279,,,
538,피크 직접분류,0.9807692307692307,0.20675675675675675,공통 OOF,1279,,,
539,피크 직접분류,0.9807692307692307,0.2070365358592693,공통 OOF,1279,,,
540,피크 직접분류,0.9807692307692307,0.2073170731707317,공통 OOF,1279,,,
541,피크 직접분류,0.9807692307692307,0.20759837177747625,공통 OOF,1279,,,
542,피크 직접분류,0.9807692307692307,0.2078804347826087,공통 OOF,1279,,,
543,피크 직접분류,0.9807692307692307,0.20816326530612245,공통 OOF,1279,,,
544,피크 직접분류,0.9807692307692307,0.20844686648501362,공통 OOF,1279,,,
545,피크 직접분류,0.9807692307692307,0.208731241473397,공통 OOF,1279,,,
546,피크 직접분류,0.9807692307692307,0.20901639344262296,공통 OOF,1279,,,
547,피크 직접분류,0.9807692307692307,0.20930232558139536,공통 OOF,1279,,,
548,피크 직접분류,0.9807692307692307,0.2095890410958904,공통 OOF,1279,,,
549,피크 직접분류,0.9807692307692307,0.20987654320987653,공통 OOF,1279,,,
550,피크 직접분류,0.9807692307692307,0.21016483516483517,공통 OOF,1279,,,
551,피크 직접분류,0.9807692307692307,0.21045392022008252,공통 OOF,1279,,,
552,피크 직접분류,0.9807692307692307,0.21074380165289255,공통 OOF,1279,,,
553,피크 직접분류,0.9807692307692307,0.2110344827586207,공통 OOF,1279,,,
554,피크 직접분류,0.9807692307692307,0.21132596685082872,공통 OOF,1279,,,
555,피크 직접분류,0.9743589743589743,0.21023513139695713,공통 OOF,1279,,,
556,피크 직접분류,0.9743589743589743,0.21052631578947367,공통 OOF,1279,,,
557,피크 직접분류,0.9743589743589743,0.21081830790568654,공통 OOF,1279,,,
558,피크 직접분류,0.9743589743589743,0.2111111111111111,공통 OOF,1279,,,
559,피크 직접분류,0.9743589743589743,0.2114047287899861,공통 OOF,1279,,,
560,피크 직접분류,0.9743589743589743,0.2116991643454039,공통 OOF,1279,,,
561,피크 직접분류,0.9743589743589743,0.21199442119944212,공통 OOF,1279,,,
562,피크 직접분류,0.9743589743589743,0.2122905027932961,공통 OOF,1279,,,
563,피크 직접분류,0.9743589743589743,0.2125874125874126,공통 OOF,1279,,,
564,피크 직접분류,0.9743589743589743,0.21288515406162464,공통 OOF,1279,,,
565,피크 직접분류,0.9743589743589743,0.2131837307152875,공통 OOF,1279,,,
566,피크 직접분류,0.9743589743589743,0.21348314606741572,공통 OOF,1279,,,
567,피크 직접분류,0.9743589743589743,0.21378340365682139,공통 OOF,1279,,,
568,피크 직접분류,0.9743589743589743,0.2140845070422535,공통 OOF,1279,,,
569,피크 직접분류,0.9743589743589743,0.2143864598025388,공통 OOF,1279,,,
570,피크 직접분류,0.9743589743589743,0.21468926553672316,공통 OOF,1279,,,
571,피크 직접분류,0.9743589743589743,0.214992927864215,공통 OOF,1279,,,
572,피크 직접분류,0.9743589743589743,0.21529745042492918,공통 OOF,1279,,,
573,피크 직접분류,0.9743589743589743,0.21560283687943263,공통 OOF,1279,,,
574,피크 직접분류,0.9743589743589743,0.2159090909090909,공통 OOF,1279,,,
575,피크 직접분류,0.9743589743589743,0.21621621621621623,공통 OOF,1279,,,
576,피크 직접분류,0.9743589743589743,0.21652421652421652,공통 OOF,1279,,,
577,피크 직접분류,0.9743589743589743,0.21683309557774608,공통 OOF,1279,,,
578,피크 직접분류,0.9743589743589743,0.21714285714285714,공통 OOF,1279,,,
579,피크 직접분류,0.9743589743589743,0.21745350500715308,공통 OOF,1279,,,
580,피크 직접분류,0.9743589743589743,0.2177650429799427,공통 OOF,1279,,,
581,피크 직접분류,0.9743589743589743,0.21807747489239598,공통 OOF,1279,,,
582,피크 직접분류,0.9743589743589743,0.21839080459770116,공통 OOF,1279,,,
583,피크 직접분류,0.9743589743589743,0.218705035971223,공통 OOF,1279,,,
584,피크 직접분류,0.9743589743589743,0.21902017291066284,공통 OOF,1279,,,
585,피크 직접분류,0.9743589743589743,0.21933621933621933,공통 OOF,1279,,,
586,피크 직접분류,0.9743589743589743,0.21965317919075145,공통 OOF,1279,,,
587,피크 직접분류,0.9743589743589743,0.2199710564399421,공통 OOF,1279,,,
588,피크 직접분류,0.9743589743589743,0.22028985507246376,공통 OOF,1279,,,
589,피크 직접분류,0.9743589743589743,0.22060957910014514,공통 OOF,1279,,,
590,피크 직접분류,0.9743589743589743,0.22093023255813954,공통 OOF,1279,,,
591,피크 직접분류,0.9743589743589743,0.22125181950509462,공통 OOF,1279,,,
592,피크 직접분류,0.9743589743589743,0.22157434402332363,공통 OOF,1279,,,
593,피크 직접분류,0.9743589743589743,0.22189781021897811,공통 OOF,1279,,,
594,피크 직접분류,0.9743589743589743,0.2222222222222222,공통 OOF,1279,,,
595,피크 직접분류,0.9743589743589743,0.2225475841874085,공통 OOF,1279,,,
596,피크 직접분류,0.9743589743589743,0.22287390029325513,공통 OOF,1279,,,
597,피크 직접분류,0.9743589743589743,0.22320117474302498,공통 OOF,1279,,,
598,피크 직접분류,0.9743589743589743,0.2235294117647059,공통 OOF,1279,,,
599,피크 직접분류,0.9743589743589743,0.22385861561119294,공통 OOF,1279,,,
600,피크 직접분류,0.9743589743589743,0.22418879056047197,공통 OOF,1279,,,
601,피크 직접분류,0.9743589743589743,0.22451994091580502,공통 OOF,1279,,,
602,피크 직접분류,0.9743589743589743,0.22485207100591717,공통 OOF,1279,,,
603,피크 직접분류,0.9743589743589743,0.22518518518518518,공통 OOF,1279,,,
604,피크 직접분류,0.9743589743589743,0.22551928783382788,공통 OOF,1279,,,
605,피크 직접분류,0.9743589743589743,0.22585438335809807,공통 OOF,1279,,,
606,피크 직접분류,0.9743589743589743,0.2261904761904762,공통 OOF,1279,,,
607,피크 직접분류,0.9743589743589743,0.22652757078986588,공통 OOF,1279,,,
608,피크 직접분류,0.9743589743589743,0.22686567164179106,공통 OOF,1279,,,
609,피크 직접분류,0.9743589743589743,0.22720478325859492,공통 OOF,1279,,,
610,피크 직접분류,0.9743589743589743,0.2275449101796407,공통 OOF,1279,,,
611,피크 직접분류,0.9743589743589743,0.22788605697151423,공통 OOF,1279,,,
612,피크 직접분류,0.9743589743589743,0.22822822822822822,공통 OOF,1279,,,
613,피크 직접분류,0.9743589743589743,0.22857142857142856,공통 OOF,1279,,,
614,피크 직접분류,0.9743589743589743,0.2289156626506024,공통 OOF,1279,,,
615,피크 직접분류,0.9743589743589743,0.22926093514328807,공통 OOF,1279,,,
616,피크 직접분류,0.9743589743589743,0.229607250755287,공통 OOF,1279,,,
617,피크 직접분류,0.9743589743589743,0.22995461422087746,공통 OOF,1279,,,
618,피크 직접분류,0.9743589743589743,0.23030303030303031,공통 OOF,1279,,,
619,피크 직접분류,0.9743589743589743,0.2306525037936267,공통 OOF,1279,,,
620,피크 직접분류,0.9743589743589743,0.23100303951367782,공통 OOF,1279,,,
621,피크 직접분류,0.9743589743589743,0.2313546423135464,공통 OOF,1279,,,
622,피크 직접분류,0.9743589743589743,0.23170731707317074,공통 OOF,1279,,,
623,피크 직접분류,0.9743589743589743,0.23206106870229007,공통 OOF,1279,,,
624,피크 직접분류,0.9743589743589743,0.2324159021406728,공통 OOF,1279,,,
625,피크 직접분류,0.9743589743589743,0.2327718223583461,공통 OOF,1279,,,
626,피크 직접분류,0.9743589743589743,0.2331288343558282,공통 OOF,1279,,,
627,피크 직접분류,0.9743589743589743,0.23348694316436253,공통 OOF,1279,,,
628,피크 직접분류,0.9743589743589743,0.23384615384615384,공통 OOF,1279,,,
629,피크 직접분류,0.9743589743589743,0.23420647149460708,공통 OOF,1279,,,
630,피크 직접분류,0.9743589743589743,0.2345679012345679,공통 OOF,1279,,,
631,피크 직접분류,0.9743589743589743,0.23493044822256567,공통 OOF,1279,,,
632,피크 직접분류,0.9743589743589743,0.23529411764705882,공통 OOF,1279,,,
633,피크 직접분류,0.9743589743589743,0.23565891472868217,공통 OOF,1279,,,
634,피크 직접분류,0.9743589743589743,0.2360248447204969,공통 OOF,1279,,,
635,피크 직접분류,0.9743589743589743,0.2363919129082426,공통 OOF,1279,,,
636,피크 직접분류,0.9743589743589743,0.2367601246105919,공통 OOF,1279,,,
637,피크 직접분류,0.9743589743589743,0.23712948517940718,공통 OOF,1279,,,
638,피크 직접분류,0.9743589743589743,0.2375,공통 OOF,1279,,,
639,피크 직접분류,0.9743589743589743,0.2378716744913928,공통 OOF,1279,,,
640,피크 직접분류,0.9743589743589743,0.23824451410658307,공통 OOF,1279,,,
641,피크 직접분류,0.9743589743589743,0.23861852433281006,공통 OOF,1279,,,
642,피크 직접분류,0.9743589743589743,0.2389937106918239,공통 OOF,1279,,,
643,피크 직접분류,0.9743589743589743,0.23937007874015748,공통 OOF,1279,,,
644,피크 직접분류,0.9743589743589743,0.23974763406940064,공통 OOF,1279,,,
645,피크 직접분류,0.9743589743589743,0.2401263823064771,공통 OOF,1279,,,
646,피크 직접분류,0.9743589743589743,0.24050632911392406,공통 OOF,1279,,,
647,피크 직접분류,0.9743589743589743,0.24088748019017434,공통 OOF,1279,,,
648,피크 직접분류,0.9743589743589743,0.24126984126984127,공통 OOF,1279,,,
649,피크 직접분류,0.9743589743589743,0.24165341812400637,공통 OOF,1279,,,
650,피크 직접분류,0.9743589743589743,0.24203821656050956,공통 OOF,1279,,,
651,피크 직접분류,0.9743589743589743,0.24242424242424243,공통 OOF,1279,,,
652,피크 직접분류,0.9743589743589743,0.24281150159744408,공통 OOF,1279,,,
653,피크 직접분류,0.9743589743589743,0.2432,공통 OOF,1279,,,
654,피크 직접분류,0.9743589743589743,0.24358974358974358,공통 OOF,1279,,,
655,피크 직접분류,0.9743589743589743,0.24398073836276082,공통 OOF,1279,,,
656,피크 직접분류,0.9743589743589743,0.24437299035369775,공통 OOF,1279,,,
657,피크 직접분류,0.9743589743589743,0.24476650563607086,공통 OOF,1279,,,
658,피크 직접분류,0.9743589743589743,0.24516129032258063,공통 OOF,1279,,,
659,피크 직접분류,0.9743589743589743,0.2455573505654281,공통 OOF,1279,,,
660,피크 직접분류,0.9743589743589743,0.2459546925566343,공통 OOF,1279,,,
661,피크 직접분류,0.9743589743589743,0.24635332252836303,공통 OOF,1279,,,
662,피크 직접분류,0.9743589743589743,0.24675324675324675,공통 OOF,1279,,,
663,피크 직접분류,0.9743589743589743,0.24715447154471545,공통 OOF,1279,,,
664,피크 직접분류,0.9743589743589743,0.247557003257329,공통 OOF,1279,,,
665,피크 직접분류,0.9743589743589743,0.24796084828711257,공통 OOF,1279,,,
666,피크 직접분류,0.9743589743589743,0.24836601307189543,공통 OOF,1279,,,
667,피크 직접분류,0.9743589743589743,0.24877250409165302,공통 OOF,1279,,,
668,피크 직접분류,0.9743589743589743,0.24918032786885247,공통 OOF,1279,,,
669,피크 직접분류,0.9743589743589743,0.24958949096880131,공통 OOF,1279,,,
670,피크 직접분류,0.9743589743589743,0.25,공통 OOF,1279,,,
671,피크 직접분류,0.9743589743589743,0.2504118616144975,공통 OOF,1279,,,
672,피크 직접분류,0.9743589743589743,0.2508250825082508,공통 OOF,1279,,,
673,피크 직접분류,0.9743589743589743,0.2512396694214876,공통 OOF,1279,,,
674,피크 직접분류,0.9743589743589743,0.25165562913907286,공통 OOF,1279,,,
675,피크 직접분류,0.9743589743589743,0.25207296849087896,공통 OOF,1279,,,
676,피크 직접분류,0.9743589743589743,0.25249169435215946,공통 OOF,1279,,,
677,피크 직접분류,0.9743589743589743,0.2529118136439268,공통 OOF,1279,,,
678,피크 직접분류,0.9743589743589743,0.25333333333333335,공통 OOF,1279,,,
679,피크 직접분류,0.9743589743589743,0.25375626043405675,공통 OOF,1279,,,
680,피크 직접분류,0.9743589743589743,0.25418060200668896,공통 OOF,1279,,,
681,피크 직접분류,0.9743589743589743,0.254606365159129,공통 OOF,1279,,,
682,피크 직접분류,0.9743589743589743,0.2550335570469799,공통 OOF,1279,,,
683,피크 직접분류,0.9743589743589743,0.25546218487394956,공통 OOF,1279,,,
684,피크 직접분류,0.9743589743589743,0.2558922558922559,공통 OOF,1279,,,
685,피크 직접분류,0.9743589743589743,0.2563237774030354,공통 OOF,1279,,,
686,피크 직접분류,0.9743589743589743,0.25675675675675674,공통 OOF,1279,,,
687,피크 직접분류,0.9743589743589743,0.2571912013536379,공통 OOF,1279,,,
688,피크 직접분류,0.967948717948718,0.2559322033898305,공통 OOF,1279,,,
689,피크 직접분류,0.967948717948718,0.2563667232597623,공통 OOF,1279,,,
690,피크 직접분류,0.967948717948718,0.2568027210884354,공통 OOF,1279,,,
691,피크 직접분류,0.967948717948718,0.2572402044293015,공통 OOF,1279,,,
692,피크 직접분류,0.967948717948718,0.257679180887372,공통 OOF,1279,,,
693,피크 직접분류,0.967948717948718,0.25811965811965815,공통 OOF,1279,,,
694,피크 직접분류,0.967948717948718,0.2585616438356164,공통 OOF,1279,,,
695,피크 직접분류,0.967948717948718,0.25900514579759865,공통 OOF,1279,,,
696,피크 직접분류,0.967948717948718,0.25945017182130586,공통 OOF,1279,,,
697,피크 직접분류,0.967948717948718,0.25989672977624784,공통 OOF,1279,,,
698,피크 직접분류,0.967948717948718,0.2603448275862069,공통 OOF,1279,,,
699,피크 직접분류,0.967948717948718,0.2607944732297064,공통 OOF,1279,,,
700,피크 직접분류,0.967948717948718,0.26124567474048443,공통 OOF,1279,,,
701,피크 직접분류,0.967948717948718,0.2616984402079723,공통 OOF,1279,,,
702,피크 직접분류,0.967948717948718,0.2621527777777778,공통 OOF,1279,,,
703,피크 직접분류,0.967948717948718,0.26260869565217393,공통 OOF,1279,,,
704,피크 직접분류,0.967948717948718,0.26306620209059234,공통 OOF,1279,,,
705,피크 직접분류,0.967948717948718,0.26352530541012215,공통 OOF,1279,,,
706,피크 직접분류,0.967948717948718,0.263986013986014,공통 OOF,1279,,,
707,피크 직접분류,0.967948717948718,0.26444833625218916,공통 OOF,1279,,,
708,피크 직접분류,0.967948717948718,0.2649122807017544,공통 OOF,1279,,,
709,피크 직접분류,0.967948717948718,0.26537785588752194,공통 OOF,1279,,,
710,피크 직접분류,0.967948717948718,0.2658450704225352,공통 OOF,1279,,,
711,피크 직접분류,0.967948717948718,0.26631393298059963,공통 OOF,1279,,,
712,피크 직접분류,0.967948717948718,0.2667844522968198,공통 OOF,1279,,,
713,피크 직접분류,0.967948717948718,0.2672566371681416,공통 OOF,1279,,,
714,피크 직접분류,0.967948717948718,0.26773049645390073,공통 OOF,1279,,,
715,피크 직접분류,0.967948717948718,0.2682060390763766,공통 OOF,1279,,,
716,피크 직접분류,0.967948717948718,0.26868327402135234,공통 OOF,1279,,,
717,피크 직접분류,0.967948717948718,0.26916221033868093,공통 OOF,1279,,,
718,피크 직접분류,0.967948717948718,0.26964285714285713,공통 OOF,1279,,,
719,피크 직접분류,0.967948717948718,0.2701252236135957,공통 OOF,1279,,,
720,피크 직접분류,0.9615384615384616,0.26881720430107525,공통 OOF,1279,,,
721,피크 직접분류,0.9615384615384616,0.26929982046678635,공통 OOF,1279,,,
722,피크 직접분류,0.9615384615384616,0.2697841726618705,공통 OOF,1279,,,
723,피크 직접분류,0.9615384615384616,0.2702702702702703,공통 OOF,1279,,,
724,피크 직접분류,0.9615384615384616,0.27075812274368233,공통 OOF,1279,,,
725,피크 직접분류,0.9615384615384616,0.27124773960216997,공통 OOF,1279,,,
726,피크 직접분류,0.9615384615384616,0.2717391304347826,공통 OOF,1279,,,
727,피크 직접분류,0.9615384615384616,0.27223230490018147,공통 OOF,1279,,,
728,피크 직접분류,0.9615384615384616,0.2727272727272727,공통 OOF,1279,,,
729,피크 직접분류,0.9615384615384616,0.273224043715847,공통 OOF,1279,,,
730,피크 직접분류,0.9615384615384616,0.2737226277372263,공통 OOF,1279,,,
731,피크 직접분류,0.9615384615384616,0.2742230347349177,공통 OOF,1279,,,
732,피크 직접분류,0.9615384615384616,0.27472527472527475,공통 OOF,1279,,,
733,피크 직접분류,0.9615384615384616,0.27522935779816515,공통 OOF,1279,,,
734,피크 직접분류,0.9615384615384616,0.2757352941176471,공통 OOF,1279,,,
735,피크 직접분류,0.9615384615384616,0.27624309392265195,공통 OOF,1279,,,
736,피크 직접분류,0.9615384615384616,0.2767527675276753,공통 OOF,1279,,,
737,피크 직접분류,0.9615384615384616,0.27726432532347506,공통 OOF,1279,,,
738,피크 직접분류,0.9615384615384616,0.2777777777777778,공통 OOF,1279,,,
739,피크 직접분류,0.9615384615384616,0.2782931354359926,공통 OOF,1279,,,
740,피크 직접분류,0.9615384615384616,0.2788104089219331,공통 OOF,1279,,,
741,피크 직접분류,0.9615384615384616,0.27932960893854747,공통 OOF,1279,,,
742,피크 직접분류,0.9615384615384616,0.2798507462686567,공통 OOF,1279,,,
743,피크 직접분류,0.9551282051282052,0.27850467289719627,공통 OOF,1279,,,
744,피크 직접분류,0.9551282051282052,0.27902621722846443,공통 OOF,1279,,,
745,피크 직접분류,0.9551282051282052,0.2795497185741088,공통 OOF,1279,,,
746,피크 직접분류,0.9551282051282052,0.2800751879699248,공통 OOF,1279,,,
747,피크 직접분류,0.9551282051282052,0.2806026365348399,공통 OOF,1279,,,
748,피크 직접분류,0.9551282051282052,0.2811320754716981,공통 OOF,1279,,,
749,피크 직접분류,0.9551282051282052,0.28166351606805295,공통 OOF,1279,,,
750,피크 직접분류,0.9551282051282052,0.2821969696969697,공통 OOF,1279,,,
751,피크 직접분류,0.9551282051282052,0.2827324478178368,공통 OOF,1279,,,
752,피크 직접분류,0.9551282051282052,0.2832699619771863,공통 OOF,1279,,,
753,피크 직접분류,0.9551282051282052,0.2838095238095238,공통 OOF,1279,,,
754,피크 직접분류,0.9551282051282052,0.28435114503816794,공통 OOF,1279,,,
755,피크 직접분류,0.9551282051282052,0.28489483747609945,공통 OOF,1279,,,
756,피크 직접분류,0.9551282051282052,0.28544061302681994,공통 OOF,1279,,,
757,피크 직접분류,0.9551282051282052,0.28598848368522073,공통 OOF,1279,,,
758,피크 직접분류,0.9551282051282052,0.2865384615384615,공통 OOF,1279,,,
759,피크 직접분류,0.9551282051282052,0.28709055876685935,공통 OOF,1279,,,
760,피크 직접분류,0.9551282051282052,0.2876447876447876,공통 OOF,1279,,,
761,피크 직접분류,0.9551282051282052,0.28820116054158607,공통 OOF,1279,,,
762,피크 직접분류,0.9551282051282052,0.28875968992248063,공통 OOF,1279,,,
763,피크 직접분류,0.9551282051282052,0.28932038834951457,공통 OOF,1279,,,
764,피크 직접분류,0.9551282051282052,0.2898832684824903,공통 OOF,1279,,,
765,피크 직접분류,0.9551282051282052,0.290448343079922,공통 OOF,1279,,,
766,피크 직접분류,0.9551282051282052,0.291015625,공통 OOF,1279,,,
767,피크 직접분류,0.9551282051282052,0.29158512720156554,공통 OOF,1279,,,
768,피크 직접분류,0.9551282051282052,0.29215686274509806,공통 OOF,1279,,,
769,피크 직접분류,0.9551282051282052,0.29273084479371314,공통 OOF,1279,,,
770,피크 직접분류,0.9551282051282052,0.2933070866141732,공통 OOF,1279,,,
771,피크 직접분류,0.9551282051282052,0.2938856015779093,공통 OOF,1279,,,
772,피크 직접분류,0.9487179487179487,0.2924901185770751,공통 OOF,1279,,,
773,피크 직접분류,0.9487179487179487,0.29306930693069305,공통 OOF,1279,,,
774,피크 직접분류,0.9487179487179487,0.29365079365079366,공통 OOF,1279,,,
775,피크 직접분류,0.9487179487179487,0.294234592445328,공통 OOF,1279,,,
776,피크 직접분류,0.9487179487179487,0.2948207171314741,공통 OOF,1279,,,
777,피크 직접분류,0.9423076923076923,0.2934131736526946,공통 OOF,1279,,,
778,피크 직접분류,0.9423076923076923,0.294,공통 OOF,1279,,,
779,피크 직접분류,0.9423076923076923,0.29458917835671344,공통 OOF,1279,,,
780,피크 직접분류,0.9423076923076923,0.29518072289156627,공통 OOF,1279,,,
781,피크 직접분류,0.9423076923076923,0.29577464788732394,공통 OOF,1279,,,
782,피크 직접분류,0.9423076923076923,0.2963709677419355,공통 OOF,1279,,,
783,피크 직접분류,0.9423076923076923,0.296969696969697,공통 OOF,1279,,,
784,피크 직접분류,0.9423076923076923,0.2975708502024291,공통 OOF,1279,,,
785,피크 직접분류,0.9423076923076923,0.29817444219066935,공통 OOF,1279,,,
786,피크 직접분류,0.9423076923076923,0.29878048780487804,공통 OOF,1279,,,
787,피크 직접분류,0.9423076923076923,0.29938900203665986,공통 OOF,1279,,,
788,피크 직접분류,0.9423076923076923,0.3,공통 OOF,1279,,,
789,피크 직접분류,0.9423076923076923,0.3006134969325153,공통 OOF,1279,,,
790,피크 직접분류,0.9423076923076923,0.3012295081967213,공통 OOF,1279,,,
791,피크 직접분류,0.9423076923076923,0.30184804928131415,공통 OOF,1279,,,
792,피크 직접분류,0.9423076923076923,0.30246913580246915,공통 OOF,1279,,,
793,피크 직접분류,0.9423076923076923,0.3030927835051546,공통 OOF,1279,,,
794,피크 직접분류,0.9423076923076923,0.3037190082644628,공통 OOF,1279,,,
795,피크 직접분류,0.9423076923076923,0.30434782608695654,공통 OOF,1279,,,
796,피크 직접분류,0.9423076923076923,0.3049792531120332,공통 OOF,1279,,,
797,피크 직접분류,0.9423076923076923,0.30561330561330563,공통 OOF,1279,,,
798,피크 직접분류,0.9423076923076923,0.30625,공통 OOF,1279,,,
799,피크 직접분류,0.9423076923076923,0.3068893528183716,공통 OOF,1279,,,
800,피크 직접분류,0.9423076923076923,0.3075313807531381,공통 OOF,1279,,,
801,피크 직접분류,0.9423076923076923,0.3081761006289308,공통 OOF,1279,,,
802,피크 직접분류,0.9423076923076923,0.3088235294117647,공통 OOF,1279,,,
803,피크 직접분류,0.9423076923076923,0.3094736842105263,공통 OOF,1279,,,
804,피크 직접분류,0.9423076923076923,0.310126582278481,공통 OOF,1279,,,
805,피크 직접분류,0.9423076923076923,0.3107822410147992,공통 OOF,1279,,,
806,피크 직접분류,0.9423076923076923,0.3114406779661017,공통 OOF,1279,,,
807,피크 직접분류,0.9358974358974359,0.3099787685774947,공통 OOF,1279,,,
808,피크 직접분류,0.9358974358974359,0.31063829787234043,공통 OOF,1279,,,
809,피크 직접분류,0.9358974358974359,0.31130063965884863,공통 OOF,1279,,,
810,피크 직접분류,0.9358974358974359,0.31196581196581197,공통 OOF,1279,,,
811,피크 직접분류,0.9358974358974359,0.31263383297644537,공통 OOF,1279,,,
812,피크 직접분류,0.9294871794871795,0.3111587982832618,공통 OOF,1279,,,
813,피크 직접분류,0.9294871794871795,0.3118279569892473,공통 OOF,1279,,,
814,피크 직접분류,0.9294871794871795,0.3125,공통 OOF,1279,,,
815,피크 직접분류,0.9294871794871795,0.31317494600431967,공통 OOF,1279,,,
816,피크 직접분류,0.9294871794871795,0.31385281385281383,공통 OOF,1279,,,
817,피크 직접분류,0.9294871794871795,0.31453362255965295,공통 OOF,1279,,,
818,피크 직접분류,0.9294871794871795,0.31521739130434784,공통 OOF,1279,,,
819,피크 직접분류,0.9294871794871795,0.3159041394335512,공통 OOF,1279,,,
820,피크 직접분류,0.9230769230769231,0.314410480349345,공통 OOF,1279,,,
821,피크 직접분류,0.9230769230769231,0.3150984682713348,공통 OOF,1279,,,
822,피크 직접분류,0.9230769230769231,0.3157894736842105,공통 OOF,1279,,,
823,피크 직접분류,0.9166666666666666,0.3142857142857143,공통 OOF,1279,,,
824,피크 직접분류,0.9166666666666666,0.31497797356828194,공통 OOF,1279,,,
825,피크 직접분류,0.9166666666666666,0.31567328918322296,공통 OOF,1279,,,
826,피크 직접분류,0.9166666666666666,0.3163716814159292,공통 OOF,1279,,,
827,피크 직접분류,0.9166666666666666,0.3170731707317073,공통 OOF,1279,,,
828,피크 직접분류,0.9166666666666666,0.31777777777777777,공통 OOF,1279,,,
829,피크 직접분류,0.9166666666666666,0.3184855233853007,공통 OOF,1279,,,
830,피크 직접분류,0.9166666666666666,0.31919642857142855,공통 OOF,1279,,,
831,피크 직접분류,0.9166666666666666,0.319910514541387,공통 OOF,1279,,,
832,피크 직접분류,0.9166666666666666,0.32062780269058294,공통 OOF,1279,,,
833,피크 직접분류,0.9166666666666666,0.32134831460674157,공통 OOF,1279,,,
834,피크 직접분류,0.9166666666666666,0.32207207207207206,공통 OOF,1279,,,
835,피크 직접분류,0.9166666666666666,0.3227990970654628,공통 OOF,1279,,,
836,피크 직접분류,0.9166666666666666,0.3235294117647059,공통 OOF,1279,,,
837,피크 직접분류,0.9166666666666666,0.3242630385487528,공통 OOF,1279,,,
838,피크 직접분류,0.9166666666666666,0.325,공통 OOF,1279,,,
839,피크 직접분류,0.9166666666666666,0.32574031890660593,공통 OOF,1279,,,
840,피크 직접분류,0.9166666666666666,0.3264840182648402,공통 OOF,1279,,,
841,피크 직접분류,0.9166666666666666,0.32723112128146453,공통 OOF,1279,,,
842,피크 직접분류,0.9166666666666666,0.32798165137614677,공통 OOF,1279,,,
843,피크 직접분류,0.9166666666666666,0.32873563218390806,공통 OOF,1279,,,
844,피크 직접분류,0.9166666666666666,0.3294930875576037,공통 OOF,1279,,,
845,피크 직접분류,0.9166666666666666,0.3302540415704388,공통 OOF,1279,,,
846,피크 직접분류,0.9166666666666666,0.33101851851851855,공통 OOF,1279,,,
847,피크 직접분류,0.9166666666666666,0.33178654292343385,공통 OOF,1279,,,
848,피크 직접분류,0.9166666666666666,0.3325581395348837,공통 OOF,1279,,,
849,피크 직접분류,0.9166666666666666,0.3333333333333333,공통 OOF,1279,,,
850,피크 직접분류,0.9166666666666666,0.3341121495327103,공통 OOF,1279,,,
851,피크 직접분류,0.9166666666666666,0.33489461358313816,공통 OOF,1279,,,
852,피크 직접분류,0.9166666666666666,0.33568075117370894,공통 OOF,1279,,,
853,피크 직접분류,0.9166666666666666,0.33647058823529413,공통 OOF,1279,,,
854,피크 직접분류,0.9166666666666666,0.33726415094339623,공통 OOF,1279,,,
855,피크 직접분류,0.9166666666666666,0.3380614657210402,공통 OOF,1279,,,
856,피크 직접분류,0.9166666666666666,0.33886255924170616,공통 OOF,1279,,,
857,피크 직접분류,0.9166666666666666,0.33966745843230406,공통 OOF,1279,,,
858,피크 직접분류,0.9102564102564102,0.3380952380952381,공통 OOF,1279,,,
859,피크 직접분류,0.9102564102564102,0.33890214797136037,공통 OOF,1279,,,
860,피크 직접분류,0.9102564102564102,0.3397129186602871,공통 OOF,1279,,,
861,피크 직접분류,0.9102564102564102,0.3405275779376499,공통 OOF,1279,,,
862,피크 직접분류,0.9102564102564102,0.34134615384615385,공통 OOF,1279,,,
863,피크 직접분류,0.9102564102564102,0.3421686746987952,공통 OOF,1279,,,
864,피크 직접분류,0.9102564102564102,0.34299516908212563,공통 OOF,1279,,,
865,피크 직접분류,0.9102564102564102,0.34382566585956414,공통 OOF,1279,,,
866,피크 직접분류,0.9102564102564102,0.3446601941747573,공통 OOF,1279,,,
867,피크 직접분류,0.9102564102564102,0.34549878345498786,공통 OOF,1279,,,
868,피크 직접분류,0.9102564102564102,0.3463414634146341,공통 OOF,1279,,,
869,피크 직접분류,0.9102564102564102,0.3471882640586797,공통 OOF,1279,,,
870,피크 직접분류,0.9102564102564102,0.3480392156862745,공통 OOF,1279,,,
871,피크 직접분류,0.9102564102564102,0.3488943488943489,공통 OOF,1279,,,
872,피크 직접분류,0.9102564102564102,0.3497536945812808,공통 OOF,1279,,,
873,피크 직접분류,0.9102564102564102,0.3506172839506173,공통 OOF,1279,,,
874,피크 직접분류,0.9102564102564102,0.35148514851485146,공통 OOF,1279,,,
875,피크 직접분류,0.9102564102564102,0.3523573200992556,공통 OOF,1279,,,
876,피크 직접분류,0.9102564102564102,0.35323383084577115,공통 OOF,1279,,,
877,피크 직접분류,0.9102564102564102,0.3541147132169576,공통 OOF,1279,,,
878,피크 직접분류,0.9102564102564102,0.355,공통 OOF,1279,,,
879,피크 직접분류,0.9102564102564102,0.3558897243107769,공통 OOF,1279,,,
880,피크 직접분류,0.9102564102564102,0.35678391959798994,공통 OOF,1279,,,
881,피크 직접분류,0.9102564102564102,0.35768261964735515,공통 OOF,1279,,,
882,피크 직접분류,0.9102564102564102,0.35858585858585856,공통 OOF,1279,,,
883,피크 직접분류,0.9102564102564102,0.3594936708860759,공통 OOF,1279,,,
884,피크 직접분류,0.9102564102564102,0.3604060913705584,공통 OOF,1279,,,
885,피크 직접분류,0.9102564102564102,0.361323155216285,공통 OOF,1279,,,
886,피크 직접분류,0.9038461538461539,0.3596938775510204,공통 OOF,1279,,,
887,피크 직접분류,0.9038461538461539,0.36061381074168797,공통 OOF,1279,,,
888,피크 직접분류,0.9038461538461539,0.36153846153846153,공통 OOF,1279,,,
889,피크 직접분류,0.9038461538461539,0.36246786632390743,공통 OOF,1279,,,
890,피크 직접분류,0.9038461538461539,0.3634020618556701,공통 OOF,1279,,,
891,피크 직접분류,0.9038461538461539,0.3643410852713178,공통 OOF,1279,,,
892,피크 직접분류,0.9038461538461539,0.36528497409326427,공통 OOF,1279,,,
893,피크 직접분류,0.9038461538461539,0.36623376623376624,공통 OOF,1279,,,
894,피크 직접분류,0.9038461538461539,0.3671875,공통 OOF,1279,,,
895,피크 직접분류,0.9038461538461539,0.3681462140992167,공통 OOF,1279,,,
896,피크 직접분류,0.9038461538461539,0.36910994764397903,공통 OOF,1279,,,
897,피크 직접분류,0.9038461538461539,0.3700787401574803,공통 OOF,1279,,,
898,피크 직접분류,0.9038461538461539,0.37105263157894736,공통 OOF,1279,,,
899,피크 직접분류,0.9038461538461539,0.3720316622691293,공통 OOF,1279,,,
900,피크 직접분류,0.9038461538461539,0.373015873015873,공통 OOF,1279,,,
901,피크 직접분류,0.9038461538461539,0.3740053050397878,공통 OOF,1279,,,
902,피크 직접분류,0.9038461538461539,0.375,공통 OOF,1279,,,
903,피크 직접분류,0.9038461538461539,0.376,공통 OOF,1279,,,
904,피크 직접분류,0.9038461538461539,0.3770053475935829,공통 OOF,1279,,,
905,피크 직접분류,0.9038461538461539,0.3780160857908847,공통 OOF,1279,,,
906,피크 직접분류,0.9038461538461539,0.3790322580645161,공통 OOF,1279,,,
907,피크 직접분류,0.8974358974358975,0.37735849056603776,공통 OOF,1279,,,
908,피크 직접분류,0.8974358974358975,0.3783783783783784,공통 OOF,1279,,,
909,피크 직접분류,0.8974358974358975,0.3794037940379404,공통 OOF,1279,,,
910,피크 직접분류,0.8974358974358975,0.3804347826086957,공통 OOF,1279,,,
911,피크 직접분류,0.8974358974358975,0.3814713896457766,공통 OOF,1279,,,
912,피크 직접분류,0.8974358974358975,0.3825136612021858,공통 OOF,1279,,,
913,피크 직접분류,0.8974358974358975,0.3835616438356164,공통 OOF,1279,,,
914,피크 직접분류,0.8974358974358975,0.38461538461538464,공통 OOF,1279,,,
915,피크 직접분류,0.8974358974358975,0.3856749311294766,공통 OOF,1279,,,
916,피크 직접분류,0.8974358974358975,0.3867403314917127,공통 OOF,1279,,,
917,피크 직접분류,0.8974358974358975,0.3878116343490305,공통 OOF,1279,,,
918,피크 직접분류,0.8974358974358975,0.3888888888888889,공통 OOF,1279,,,
919,피크 직접분류,0.8974358974358975,0.38997214484679665,공통 OOF,1279,,,
920,피크 직접분류,0.8974358974358975,0.39106145251396646,공통 OOF,1279,,,
921,피크 직접분류,0.8974358974358975,0.39215686274509803,공통 OOF,1279,,,
922,피크 직접분류,0.8974358974358975,0.39325842696629215,공통 OOF,1279,,,
923,피크 직접분류,0.8974358974358975,0.39436619718309857,공통 OOF,1279,,,
924,피크 직접분류,0.8974358974358975,0.3954802259887006,공통 OOF,1279,,,
925,피크 직접분류,0.8974358974358975,0.39660056657223797,공통 OOF,1279,,,
926,피크 직접분류,0.8974358974358975,0.3977272727272727,공통 OOF,1279,,,
927,피크 직접분류,0.8974358974358975,0.39886039886039887,공통 OOF,1279,,,
928,피크 직접분류,0.8974358974358975,0.4,공통 OOF,1279,,,
929,피크 직접분류,0.8974358974358975,0.40114613180515757,공통 OOF,1279,,,
930,피크 직접분류,0.8974358974358975,0.40229885057471265,공통 OOF,1279,,,
931,피크 직접분류,0.8974358974358975,0.4034582132564842,공통 OOF,1279,,,
932,피크 직접분류,0.8974358974358975,0.4046242774566474,공통 OOF,1279,,,
933,피크 직접분류,0.8974358974358975,0.4057971014492754,공통 OOF,1279,,,
934,피크 직접분류,0.8974358974358975,0.4069767441860465,공통 OOF,1279,,,
935,피크 직접분류,0.8974358974358975,0.40816326530612246,공통 OOF,1279,,,
936,피크 직접분류,0.8974358974358975,0.4093567251461988,공통 OOF,1279,,,
937,피크 직접분류,0.8974358974358975,0.41055718475073316,공통 OOF,1279,,,
938,피크 직접분류,0.8974358974358975,0.4117647058823529,공통 OOF,1279,,,
939,피크 직접분류,0.8974358974358975,0.41297935103244837,공통 OOF,1279,,,
940,피크 직접분류,0.8910256410256411,0.41124260355029585,공통 OOF,1279,,,
941,피크 직접분류,0.8910256410256411,0.4124629080118694,공통 OOF,1279,,,
942,피크 직접분류,0.8910256410256411,0.41369047619047616,공통 OOF,1279,,,
943,피크 직접분류,0.8910256410256411,0.41492537313432837,공통 OOF,1279,,,
944,피크 직접분류,0.8910256410256411,0.4161676646706587,공통 OOF,1279,,,
945,피크 직접분류,0.8910256410256411,0.4174174174174174,공통 OOF,1279,,,
946,피크 직접분류,0.8910256410256411,0.4186746987951807,공통 OOF,1279,,,
947,피크 직접분류,0.8846153846153846,0.4169184290030212,공통 OOF,1279,,,
948,피크 직접분류,0.8846153846153846,0.41818181818181815,공통 OOF,1279,,,
949,피크 직접분류,0.8846153846153846,0.4194528875379939,공통 OOF,1279,,,
950,피크 직접분류,0.8846153846153846,0.42073170731707316,공통 OOF,1279,,,
951,피크 직접분류,0.8846153846153846,0.42201834862385323,공통 OOF,1279,,,
952,피크 직접분류,0.8782051282051282,0.42024539877300615,공통 OOF,1279,,,
953,피크 직접분류,0.8717948717948718,0.41846153846153844,공통 OOF,1279,,,
954,피크 직접분류,0.8717948717948718,0.41975308641975306,공통 OOF,1279,,,
955,피크 직접분류,0.8717948717948718,0.42105263157894735,공통 OOF,1279,,,
956,피크 직접분류,0.8653846153846154,0.4192546583850932,공통 OOF,1279,,,
957,피크 직접분류,0.8653846153846154,0.4205607476635514,공통 OOF,1279,,,
958,피크 직접분류,0.8653846153846154,0.421875,공통 OOF,1279,,,
959,피크 직접분류,0.8589743589743589,0.4200626959247649,공통 OOF,1279,,,
960,피크 직접분류,0.8589743589743589,0.42138364779874216,공통 OOF,1279,,,
961,피크 직접분류,0.8589743589743589,0.4227129337539432,공통 OOF,1279,,,
962,피크 직접분류,0.8589743589743589,0.4240506329113924,공통 OOF,1279,,,
963,피크 직접분류,0.8525641025641025,0.4222222222222222,공통 OOF,1279,,,
964,피크 직접분류,0.8525641025641025,0.42356687898089174,공통 OOF,1279,,,
965,피크 직접분류,0.8525641025641025,0.4249201277955272,공통 OOF,1279,,,
966,피크 직접분류,0.8525641025641025,0.42628205128205127,공통 OOF,1279,,,
967,피크 직접분류,0.8525641025641025,0.42765273311897106,공통 OOF,1279,,,
968,피크 직접분류,0.8461538461538461,0.4258064516129032,공통 OOF,1279,,,
969,피크 직접분류,0.8461538461538461,0.42718446601941745,공통 OOF,1279,,,
970,피크 직접분류,0.8461538461538461,0.42857142857142855,공통 OOF,1279,,,
971,피크 직접분류,0.8461538461538461,0.42996742671009774,공통 OOF,1279,,,
972,피크 직접분류,0.8461538461538461,0.43137254901960786,공통 OOF,1279,,,
973,피크 직접분류,0.8461538461538461,0.43278688524590164,공통 OOF,1279,,,
974,피크 직접분류,0.8461538461538461,0.4342105263157895,공통 OOF,1279,,,
975,피크 직접분류,0.8461538461538461,0.43564356435643564,공통 OOF,1279,,,
976,피크 직접분류,0.8461538461538461,0.4370860927152318,공통 OOF,1279,,,
977,피크 직접분류,0.8397435897435898,0.43521594684385384,공통 OOF,1279,,,
978,피크 직접분류,0.8397435897435898,0.43666666666666665,공통 OOF,1279,,,
979,피크 직접분류,0.8397435897435898,0.43812709030100333,공통 OOF,1279,,,
980,피크 직접분류,0.8397435897435898,0.4395973154362416,공통 OOF,1279,,,
981,피크 직접분류,0.8333333333333334,0.4377104377104377,공통 OOF,1279,,,
982,피크 직접분류,0.8333333333333334,0.4391891891891892,공통 OOF,1279,,,
983,피크 직접분류,0.8333333333333334,0.4406779661016949,공통 OOF,1279,,,
984,피크 직접분류,0.8269230769230769,0.4387755102040816,공통 OOF,1279,,,
985,피크 직접분류,0.8269230769230769,0.4402730375426621,공통 OOF,1279,,,
986,피크 직접분류,0.8269230769230769,0.4417808219178082,공통 OOF,1279,,,
987,피크 직접분류,0.8269230769230769,0.44329896907216493,공통 OOF,1279,,,
988,피크 직접분류,0.8269230769230769,0.44482758620689655,공통 OOF,1279,,,
989,피크 직접분류,0.8269230769230769,0.4463667820069204,공통 OOF,1279,,,
990,피크 직접분류,0.8269230769230769,0.4479166666666667,공통 OOF,1279,,,
991,피크 직접분류,0.8269230769230769,0.44947735191637633,공통 OOF,1279,,,
992,피크 직접분류,0.8269230769230769,0.45104895104895104,공통 OOF,1279,,,
993,피크 직접분류,0.8205128205128205,0.44912280701754387,공통 OOF,1279,,,
994,피크 직접분류,0.8205128205128205,0.4507042253521127,공통 OOF,1279,,,
995,피크 직접분류,0.8205128205128205,0.45229681978798586,공통 OOF,1279,,,
996,피크 직접분류,0.8205128205128205,0.45390070921985815,공통 OOF,1279,,,
997,피크 직접분류,0.8205128205128205,0.4555160142348754,공통 OOF,1279,,,
998,피크 직접분류,0.8205128205128205,0.45714285714285713,공통 OOF,1279,,,
999,피크 직접분류,0.8141025641025641,0.4551971326164875,공통 OOF,1279,,,
1000,피크 직접분류,0.8141025641025641,0.4568345323741007,공통 OOF,1279,,,
1001,피크 직접분류,0.8141025641025641,0.4584837545126354,공통 OOF,1279,,,
1002,피크 직접분류,0.8141025641025641,0.4601449275362319,공통 OOF,1279,,,
1003,피크 직접분류,0.8141025641025641,0.4618181818181818,공통 OOF,1279,,,
1004,피크 직접분류,0.8141025641025641,0.4635036496350365,공통 OOF,1279,,,
1005,피크 직접분류,0.8141025641025641,0.4652014652014652,공통 OOF,1279,,,
1006,피크 직접분류,0.8076923076923077,0.4632352941176471,공통 OOF,1279,,,
1007,피크 직접분류,0.8012820512820513,0.4612546125461255,공통 OOF,1279,,,
1008,피크 직접분류,0.8012820512820513,0.46296296296296297,공통 OOF,1279,,,
1009,피크 직접분류,0.8012820512820513,0.4646840148698885,공통 OOF,1279,,,
1010,피크 직접분류,0.8012820512820513,0.4664179104477612,공통 OOF,1279,,,
1011,피크 직접분류,0.8012820512820513,0.4681647940074906,공통 OOF,1279,,,
1012,피크 직접분류,0.8012820512820513,0.4699248120300752,공통 OOF,1279,,,
1013,피크 직접분류,0.8012820512820513,0.4716981132075472,공통 OOF,1279,,,
1014,피크 직접분류,0.7948717948717948,0.4696969696969697,공통 OOF,1279,,,
1015,피크 직접분류,0.7948717948717948,0.4714828897338403,공통 OOF,1279,,,
1016,피크 직접분류,0.7948717948717948,0.4732824427480916,공통 OOF,1279,,,
1017,피크 직접분류,0.7948717948717948,0.47509578544061304,공통 OOF,1279,,,
1018,피크 직접분류,0.7948717948717948,0.47692307692307695,공통 OOF,1279,,,
1019,피크 직접분류,0.7884615384615384,0.4749034749034749,공통 OOF,1279,,,
1020,피크 직접분류,0.7884615384615384,0.47674418604651164,공통 OOF,1279,,,
1021,피크 직접분류,0.7884615384615384,0.4785992217898833,공통 OOF,1279,,,
1022,피크 직접분류,0.7884615384615384,0.48046875,공통 OOF,1279,,,
1023,피크 직접분류,0.7884615384615384,0.4823529411764706,공통 OOF,1279,,,
1024,피크 직접분류,0.7884615384615384,0.484251968503937,공통 OOF,1279,,,
1025,피크 직접분류,0.7884615384615384,0.48616600790513836,공통 OOF,1279,,,
1026,피크 직접분류,0.7884615384615384,0.4880952380952381,공통 OOF,1279,,,
1027,피크 직접분류,0.7884615384615384,0.4900398406374502,공통 OOF,1279,,,
1028,피크 직접분류,0.782051282051282,0.488,공통 OOF,1279,,,
1029,피크 직접분류,0.782051282051282,0.4899598393574297,공통 OOF,1279,,,
1030,피크 직접분류,0.782051282051282,0.49193548387096775,공통 OOF,1279,,,
1031,피크 직접분류,0.782051282051282,0.4939271255060729,공통 OOF,1279,,,
1032,피크 직접분류,0.7756410256410257,0.491869918699187,공통 OOF,1279,,,
1033,피크 직접분류,0.7756410256410257,0.49387755102040815,공통 OOF,1279,,,
1034,피크 직접분류,0.7692307692307693,0.4918032786885246,공통 OOF,1279,,,
1035,피크 직접분류,0.7628205128205128,0.4897119341563786,공통 OOF,1279,,,
1036,피크 직접분류,0.7628205128205128,0.49173553719008267,공통 OOF,1279,,,
1037,피크 직접분류,0.7628205128205128,0.49377593360995853,공통 OOF,1279,,,
1038,피크 직접분류,0.7564102564102564,0.49166666666666664,공통 OOF,1279,,,
1039,피크 직접분류,0.75,0.4895397489539749,공통 OOF,1279,,,
1040,피크 직접분류,0.75,0.49159663865546216,공통 OOF,1279,,,
1041,피크 직접분류,0.7435897435897436,0.48945147679324896,공통 OOF,1279,,,
1042,피크 직접분류,0.7435897435897436,0.4915254237288136,공통 OOF,1279,,,
1043,피크 직접분류,0.7435897435897436,0.49361702127659574,공통 OOF,1279,,,
1044,피크 직접분류,0.7435897435897436,0.49572649572649574,공통 OOF,1279,,,
1045,피크 직접분류,0.7435897435897436,0.4978540772532189,공통 OOF,1279,,,
1046,피크 직접분류,0.7435897435897436,0.5,공통 OOF,1279,,,
1047,피크 직접분류,0.7371794871794872,0.49783549783549785,공통 OOF,1279,,,
1048,피크 직접분류,0.7371794871794872,0.5,공통 OOF,1279,,,
1049,피크 직접분류,0.7371794871794872,0.5021834061135371,공통 OOF,1279,,,
1050,피크 직접분류,0.7307692307692307,0.5,공통 OOF,1279,,,
1051,피크 직접분류,0.7307692307692307,0.5022026431718062,공통 OOF,1279,,,
1052,피크 직접분류,0.7243589743589743,0.5,공통 OOF,1279,,,
1053,피크 직접분류,0.7243589743589743,0.5022222222222222,공통 OOF,1279,,,
1054,피크 직접분류,0.717948717948718,0.5,공통 OOF,1279,,,
1055,피크 직접분류,0.717948717948718,0.5022421524663677,공통 OOF,1279,,,
1056,피크 직접분류,0.7115384615384616,0.5,공통 OOF,1279,,,
1057,피크 직접분류,0.7051282051282052,0.497737556561086,공통 OOF,1279,,,
1058,피크 직접분류,0.7051282051282052,0.5,공통 OOF,1279,,,
1059,피크 직접분류,0.7051282051282052,0.502283105022831,공통 OOF,1279,,,
1060,피크 직접분류,0.7051282051282052,0.5045871559633027,공통 OOF,1279,,,
1061,피크 직접분류,0.7051282051282052,0.5069124423963134,공통 OOF,1279,,,
1062,피크 직접분류,0.6987179487179487,0.5046296296296297,공통 OOF,1279,,,
1063,피크 직접분류,0.6923076923076923,0.5023255813953489,공통 OOF,1279,,,
1064,피크 직접분류,0.6858974358974359,0.5,공통 OOF,1279,,,
1065,피크 직접분류,0.6794871794871795,0.49765258215962443,공통 OOF,1279,,,
1066,피크 직접분류,0.6794871794871795,0.5,공통 OOF,1279,,,
1067,피크 직접분류,0.6794871794871795,0.5023696682464455,공통 OOF,1279,,,
1068,피크 직접분류,0.6730769230769231,0.5,공통 OOF,1279,,,
1069,피크 직접분류,0.6730769230769231,0.5023923444976076,공통 OOF,1279,,,
1070,피크 직접분류,0.6730769230769231,0.5048076923076923,공통 OOF,1279,,,
1071,피크 직접분류,0.6666666666666666,0.5024154589371981,공통 OOF,1279,,,
1072,피크 직접분류,0.6666666666666666,0.5048543689320388,공통 OOF,1279,,,
1073,피크 직접분류,0.6666666666666666,0.5073170731707317,공통 OOF,1279,,,
1074,피크 직접분류,0.6602564102564102,0.5049019607843137,공통 OOF,1279,,,
1075,피크 직접분류,0.6602564102564102,0.5073891625615764,공통 OOF,1279,,,
1076,피크 직접분류,0.6602564102564102,0.5099009900990099,공통 OOF,1279,,,
1077,피크 직접분류,0.6602564102564102,0.5124378109452736,공통 OOF,1279,,,
1078,피크 직접분류,0.6602564102564102,0.515,공통 OOF,1279,,,
1079,피크 직접분류,0.6602564102564102,0.5175879396984925,공통 OOF,1279,,,
1080,피크 직접분류,0.6602564102564102,0.5202020202020202,공통 OOF,1279,,,
1081,피크 직접분류,0.6538461538461539,0.5177664974619289,공통 OOF,1279,,,
1082,피크 직접분류,0.6538461538461539,0.5204081632653061,공통 OOF,1279,,,
1083,피크 직접분류,0.6538461538461539,0.5230769230769231,공통 OOF,1279,,,
1084,피크 직접분류,0.6538461538461539,0.5257731958762887,공통 OOF,1279,,,
1085,피크 직접분류,0.6538461538461539,0.5284974093264249,공통 OOF,1279,,,
1086,피크 직접분류,0.6474358974358975,0.5260416666666666,공통 OOF,1279,,,
1087,피크 직접분류,0.6474358974358975,0.5287958115183246,공통 OOF,1279,,,
1088,피크 직접분류,0.6410256410256411,0.5263157894736842,공통 OOF,1279,,,
1089,피크 직접분류,0.6346153846153846,0.5238095238095238,공통 OOF,1279,,,
1090,피크 직접분류,0.6346153846153846,0.526595744680851,공통 OOF,1279,,,
1091,피크 직접분류,0.6346153846153846,0.5294117647058824,공통 OOF,1279,,,
1092,피크 직접분류,0.6346153846153846,0.532258064516129,공통 OOF,1279,,,
1093,피크 직접분류,0.6282051282051282,0.5297297297297298,공통 OOF,1279,,,
1094,피크 직접분류,0.6217948717948718,0.5271739130434783,공통 OOF,1279,,,
1095,피크 직접분류,0.6217948717948718,0.5300546448087432,공통 OOF,1279,,,
1096,피크 직접분류,0.6153846153846154,0.5274725274725275,공통 OOF,1279,,,
1097,피크 직접분류,0.6153846153846154,0.5303867403314917,공통 OOF,1279,,,
1098,피크 직접분류,0.6153846153846154,0.5333333333333333,공통 OOF,1279,,,
1099,피크 직접분류,0.6153846153846154,0.5363128491620112,공통 OOF,1279,,,
1100,피크 직접분류,0.6153846153846154,0.5393258426966292,공통 OOF,1279,,,
1101,피크 직접분류,0.6089743589743589,0.536723163841808,공통 OOF,1279,,,
1102,피크 직접분류,0.6025641025641025,0.5340909090909091,공통 OOF,1279,,,
1103,피크 직접분류,0.5961538461538461,0.5314285714285715,공통 OOF,1279,,,
1104,피크 직접분류,0.5961538461538461,0.5344827586206896,공통 OOF,1279,,,
1105,피크 직접분류,0.5961538461538461,0.5375722543352601,공통 OOF,1279,,,
1106,피크 직접분류,0.5897435897435898,0.5348837209302325,공통 OOF,1279,,,
1107,피크 직접분류,0.5897435897435898,0.5380116959064327,공통 OOF,1279,,,
1108,피크 직접분류,0.5897435897435898,0.5411764705882353,공통 OOF,1279,,,
1109,피크 직접분류,0.5833333333333334,0.5384615384615384,공통 OOF,1279,,,
1110,피크 직접분류,0.5769230769230769,0.5357142857142857,공통 OOF,1279,,,
1111,피크 직접분류,0.5705128205128205,0.5329341317365269,공통 OOF,1279,,,
1112,피크 직접분류,0.5705128205128205,0.536144578313253,공통 OOF,1279,,,
1113,피크 직접분류,0.5641025641025641,0.5333333333333333,공통 OOF,1279,,,
1114,피크 직접분류,0.5576923076923077,0.5304878048780488,공통 OOF,1279,,,
1115,피크 직접분류,0.5576923076923077,0.5337423312883436,공통 OOF,1279,,,
1116,피크 직접분류,0.5576923076923077,0.5370370370370371,공통 OOF,1279,,,
1117,피크 직접분류,0.5576923076923077,0.5403726708074534,공통 OOF,1279,,,
1118,피크 직접분류,0.5576923076923077,0.54375,공통 OOF,1279,,,
1119,피크 직접분류,0.5576923076923077,0.5471698113207547,공통 OOF,1279,,,
1120,피크 직접분류,0.5512820512820513,0.5443037974683544,공통 OOF,1279,,,
1121,피크 직접분류,0.5512820512820513,0.5477707006369427,공통 OOF,1279,,,
1122,피크 직접분류,0.5448717948717948,0.5448717948717948,공통 OOF,1279,,,
1123,피크 직접분류,0.5384615384615384,0.5419354838709678,공통 OOF,1279,,,
1124,피크 직접분류,0.532051282051282,0.538961038961039,공통 OOF,1279,,,
1125,피크 직접분류,0.5256410256410257,0.5359477124183006,공통 OOF,1279,,,
1126,피크 직접분류,0.5256410256410257,0.5394736842105263,공통 OOF,1279,,,
1127,피크 직접분류,0.5256410256410257,0.543046357615894,공통 OOF,1279,,,
1128,피크 직접분류,0.5192307692307693,0.54,공통 OOF,1279,,,
1129,피크 직접분류,0.5192307692307693,0.5436241610738255,공통 OOF,1279,,,
1130,피크 직접분류,0.5128205128205128,0.5405405405405406,공통 OOF,1279,,,
1131,피크 직접분류,0.5128205128205128,0.54421768707483,공통 OOF,1279,,,
1132,피크 직접분류,0.5128205128205128,0.547945205479452,공통 OOF,1279,,,
1133,피크 직접분류,0.5128205128205128,0.5517241379310345,공통 OOF,1279,,,
1134,피크 직접분류,0.5064102564102564,0.5486111111111112,공통 OOF,1279,,,
1135,피크 직접분류,0.5064102564102564,0.5524475524475524,공통 OOF,1279,,,
1136,피크 직접분류,0.5,0.5492957746478874,공통 OOF,1279,,,
1137,피크 직접분류,0.4935897435897436,0.5460992907801419,공통 OOF,1279,,,
1138,피크 직접분류,0.4935897435897436,0.55,공통 OOF,1279,,,
1139,피크 직접분류,0.4935897435897436,0.5539568345323741,공통 OOF,1279,,,
1140,피크 직접분류,0.48717948717948717,0.5507246376811594,공통 OOF,1279,,,
1141,피크 직접분류,0.48717948717948717,0.5547445255474452,공통 OOF,1279,,,
1142,피크 직접분류,0.48717948717948717,0.5588235294117647,공통 OOF,1279,,,
1143,피크 직접분류,0.48717948717948717,0.562962962962963,공통 OOF,1279,,,
1144,피크 직접분류,0.48717948717948717,0.5671641791044776,공통 OOF,1279,,,
1145,피크 직접분류,0.48717948717948717,0.5714285714285714,공통 OOF,1279,,,
1146,피크 직접분류,0.4807692307692308,0.5681818181818182,공통 OOF,1279,,,
1147,피크 직접분류,0.4807692307692308,0.5725190839694656,공통 OOF,1279,,,
1148,피크 직접분류,0.4807692307692308,0.5769230769230769,공통 OOF,1279,,,
1149,피크 직접분류,0.47435897435897434,0.5736434108527132,공통 OOF,1279,,,
1150,피크 직접분류,0.46794871794871795,0.5703125,공통 OOF,1279,,,
1151,피크 직접분류,0.46153846153846156,0.5669291338582677,공통 OOF,1279,,,
1152,피크 직접분류,0.4551282051282051,0.5634920634920635,공통 OOF,1279,,,
1153,피크 직접분류,0.4551282051282051,0.568,공통 OOF,1279,,,
1154,피크 직접분류,0.44871794871794873,0.5645161290322581,공통 OOF,1279,,,
1155,피크 직접분류,0.44871794871794873,0.5691056910569106,공통 OOF,1279,,,
1156,피크 직접분류,0.4423076923076923,0.5655737704918032,공통 OOF,1279,,,
1157,피크 직접분류,0.4358974358974359,0.5619834710743802,공통 OOF,1279,,,
1158,피크 직접분류,0.42948717948717946,0.5583333333333333,공통 OOF,1279,,,
1159,피크 직접분류,0.42948717948717946,0.5630252100840336,공통 OOF,1279,,,
1160,피크 직접분류,0.42948717948717946,0.5677966101694916,공통 OOF,1279,,,
1161,피크 직접분류,0.42948717948717946,0.5726495726495726,공통 OOF,1279,,,
1162,피크 직접분류,0.4230769230769231,0.5689655172413793,공통 OOF,1279,,,
1163,피크 직접분류,0.4230769230769231,0.5739130434782609,공통 OOF,1279,,,
1164,피크 직접분류,0.4166666666666667,0.5701754385964912,공통 OOF,1279,,,
1165,피크 직접분류,0.4166666666666667,0.5752212389380531,공통 OOF,1279,,,
1166,피크 직접분류,0.41025641025641024,0.5714285714285714,공통 OOF,1279,,,
1167,피크 직접분류,0.40384615384615385,0.5675675675675675,공통 OOF,1279,,,
1168,피크 직접분류,0.3974358974358974,0.5636363636363636,공통 OOF,1279,,,
1169,피크 직접분류,0.3974358974358974,0.5688073394495413,공통 OOF,1279,,,
1170,피크 직접분류,0.391025641025641,0.5648148148148148,공통 OOF,1279,,,
1171,피크 직접분류,0.38461538461538464,0.5607476635514018,공통 OOF,1279,,,
1172,피크 직접분류,0.3782051282051282,0.5566037735849056,공통 OOF,1279,,,
1173,피크 직접분류,0.3782051282051282,0.5619047619047619,공통 OOF,1279,,,
1174,피크 직접분류,0.3782051282051282,0.5673076923076923,공통 OOF,1279,,,
1175,피크 직접분류,0.3782051282051282,0.5728155339805825,공통 OOF,1279,,,
1176,피크 직접분류,0.3782051282051282,0.5784313725490197,공통 OOF,1279,,,
1177,피크 직접분류,0.3717948717948718,0.5742574257425742,공통 OOF,1279,,,
1178,피크 직접분류,0.3717948717948718,0.58,공통 OOF,1279,,,
1179,피크 직접분류,0.3717948717948718,0.5858585858585859,공통 OOF,1279,,,
1180,피크 직접분류,0.3717948717948718,0.5918367346938775,공통 OOF,1279,,,
1181,피크 직접분류,0.3717948717948718,0.5979381443298969,공통 OOF,1279,,,
1182,피크 직접분류,0.36538461538461536,0.59375,공통 OOF,1279,,,
1183,피크 직접분류,0.36538461538461536,0.6,공통 OOF,1279,,,
1184,피크 직접분류,0.358974358974359,0.5957446808510638,공통 OOF,1279,,,
1185,피크 직접분류,0.358974358974359,0.6021505376344086,공통 OOF,1279,,,
1186,피크 직접분류,0.3525641025641026,0.5978260869565217,공통 OOF,1279,,,
1187,피크 직접분류,0.3525641025641026,0.6043956043956044,공통 OOF,1279,,,
1188,피크 직접분류,0.3525641025641026,0.6111111111111112,공통 OOF,1279,,,
1189,피크 직접분류,0.3525641025641026,0.6179775280898876,공통 OOF,1279,,,
1190,피크 직접분류,0.34615384615384615,0.6136363636363636,공통 OOF,1279,,,
1191,피크 직접분류,0.33974358974358976,0.6091954022988506,공통 OOF,1279,,,
1192,피크 직접분류,0.3333333333333333,0.6046511627906976,공통 OOF,1279,,,
1193,피크 직접분류,0.3333333333333333,0.611764705882353,공통 OOF,1279,,,
1194,피크 직접분류,0.3269230769230769,0.6071428571428571,공통 OOF,1279,,,
1195,피크 직접분류,0.32051282051282054,0.6024096385542169,공통 OOF,1279,,,
1196,피크 직접분류,0.32051282051282054,0.6097560975609756,공통 OOF,1279,,,
1197,피크 직접분류,0.3141025641025641,0.6049382716049383,공통 OOF,1279,,,
1198,피크 직접분류,0.3076923076923077,0.6,공통 OOF,1279,,,
1199,피크 직접분류,0.3076923076923077,0.6075949367088608,공통 OOF,1279,,,
1200,피크 직접분류,0.30128205128205127,0.6025641025641025,공통 OOF,1279,,,
1201,피크 직접분류,0.30128205128205127,0.6103896103896104,공통 OOF,1279,,,
1202,피크 직접분류,0.2948717948717949,0.6052631578947368,공통 OOF,1279,,,
1203,피크 직접분류,0.2948717948717949,0.6133333333333333,공통 OOF,1279,,,
1204,피크 직접분류,0.2948717948717949,0.6216216216216216,공통 OOF,1279,,,
1205,피크 직접분류,0.2948717948717949,0.6301369863013698,공통 OOF,1279,,,
1206,피크 직접분류,0.28846153846153844,0.625,공통 OOF,1279,,,
1207,피크 직접분류,0.28205128205128205,0.6197183098591549,공통 OOF,1279,,,
1208,피크 직접분류,0.27564102564102566,0.6142857142857143,공통 OOF,1279,,,
1209,피크 직접분류,0.27564102564102566,0.6231884057971014,공통 OOF,1279,,,
1210,피크 직접분류,0.2692307692307692,0.6176470588235294,공통 OOF,1279,,,
1211,피크 직접분류,0.2692307692307692,0.6268656716417911,공통 OOF,1279,,,
1212,피크 직접분류,0.2692307692307692,0.6363636363636364,공통 OOF,1279,,,
1213,피크 직접분류,0.26282051282051283,0.6307692307692307,공통 OOF,1279,,,
1214,피크 직접분류,0.2564102564102564,0.625,공통 OOF,1279,,,
1215,피크 직접분류,0.2564102564102564,0.6349206349206349,공통 OOF,1279,,,
1216,피크 직접분류,0.25,0.6290322580645161,공통 OOF,1279,,,
1217,피크 직접분류,0.24358974358974358,0.6229508196721312,공통 OOF,1279,,,
1218,피크 직접분류,0.24358974358974358,0.6333333333333333,공통 OOF,1279,,,
1219,피크 직접분류,0.23717948717948717,0.6271186440677966,공통 OOF,1279,,,
1220,피크 직접분류,0.23076923076923078,0.6206896551724138,공통 OOF,1279,,,
1221,피크 직접분류,0.22435897435897437,0.6140350877192983,공통 OOF,1279,,,
1222,피크 직접분류,0.22435897435897437,0.625,공통 OOF,1279,,,
1223,피크 직접분류,0.21794871794871795,0.6181818181818182,공통 OOF,1279,,,
1224,피크 직접분류,0.21153846153846154,0.6111111111111112,공통 OOF,1279,,,
1225,피크 직접분류,0.20512820512820512,0.6037735849056604,공통 OOF,1279,,,
1226,피크 직접분류,0.20512820512820512,0.6153846153846154,공통 OOF,1279,,,
1227,피크 직접분류,0.1987179487179487,0.6078431372549019,공통 OOF,1279,,,
1228,피크 직접분류,0.19230769230769232,0.6,공통 OOF,1279,,,
1229,피크 직접분류,0.19230769230769232,0.6122448979591837,공통 OOF,1279,,,
1230,피크 직접분류,0.19230769230769232,0.625,공통 OOF,1279,,,
1231,피크 직접분류,0.1858974358974359,0.6170212765957447,공통 OOF,1279,,,
1232,피크 직접분류,0.1794871794871795,0.6086956521739131,공통 OOF,1279,,,
1233,피크 직접분류,0.17307692307692307,0.6,공통 OOF,1279,,,
1234,피크 직접분류,0.16666666666666666,0.5909090909090909,공통 OOF,1279,,,
1235,피크 직접분류,0.16666666666666666,0.6046511627906976,공통 OOF,1279,,,
1236,피크 직접분류,0.16666666666666666,0.6190476190476191,공통 OOF,1279,,,
1237,피크 직접분류,0.16025641025641027,0.6097560975609756,공통 OOF,1279,,,
1238,피크 직접분류,0.15384615384615385,0.6,공통 OOF,1279,,,
1239,피크 직접분류,0.14743589743589744,0.5897435897435898,공통 OOF,1279,,,
1240,피크 직접분류,0.14743589743589744,0.6052631578947368,공통 OOF,1279,,,
1241,피크 직접분류,0.14743589743589744,0.6216216216216216,공통 OOF,1279,,,
1242,피크 직접분류,0.14102564102564102,0.6111111111111112,공통 OOF,1279,,,
1243,피크 직접분류,0.1346153846153846,0.6,공통 OOF,1279,,,
1244,피크 직접분류,0.1282051282051282,0.5882352941176471,공통 OOF,1279,,,
1245,피크 직접분류,0.1282051282051282,0.6060606060606061,공통 OOF,1279,,,
1246,피크 직접분류,0.1282051282051282,0.625,공통 OOF,1279,,,
1247,피크 직접분류,0.12179487179487179,0.6129032258064516,공통 OOF,1279,,,
1248,피크 직접분류,0.12179487179487179,0.6333333333333333,공통 OOF,1279,,,
1249,피크 직접분류,0.11538461538461539,0.6206896551724138,공통 OOF,1279,,,
1250,피크 직접분류,0.11538461538461539,0.6428571428571429,공통 OOF,1279,,,
1251,피크 직접분류,0.11538461538461539,0.6666666666666666,공통 OOF,1279,,,
1252,피크 직접분류,0.11538461538461539,0.6923076923076923,공통 OOF,1279,,,
1253,피크 직접분류,0.10897435897435898,0.68,공통 OOF,1279,,,
1254,피크 직접분류,0.10897435897435898,0.7083333333333334,공통 OOF,1279,,,
1255,피크 직접분류,0.10256410256410256,0.6956521739130435,공통 OOF,1279,,,
1256,피크 직접분류,0.09615384615384616,0.6818181818181818,공통 OOF,1279,,,
1257,피크 직접분류,0.09615384615384616,0.7142857142857143,공통 OOF,1279,,,
1258,피크 직접분류,0.08974358974358974,0.7,공통 OOF,1279,,,
1259,피크 직접분류,0.08974358974358974,0.7368421052631579,공통 OOF,1279,,,
1260,피크 직접분류,0.08333333333333333,0.7222222222222222,공통 OOF,1279,,,
1261,피크 직접분류,0.08333333333333333,0.7647058823529411,공통 OOF,1279,,,
1262,피크 직접분류,0.07692307692307693,0.75,공통 OOF,1279,,,
1263,피크 직접분류,0.07692307692307693,0.8,공통 OOF,1279,,,
1264,피크 직접분류,0.07051282051282051,0.7857142857142857,공통 OOF,1279,,,
1265,피크 직접분류,0.0641025641025641,0.7692307692307693,공통 OOF,1279,,,
1266,피크 직접분류,0.057692307692307696,0.75,공통 OOF,1279,,,
1267,피크 직접분류,0.05128205128205128,0.7272727272727273,공통 OOF,1279,,,
1268,피크 직접분류,0.04487179487179487,0.7,공통 OOF,1279,,,
1269,피크 직접분류,0.038461538461538464,0.6666666666666666,공통 OOF,1279,,,
1270,피크 직접분류,0.038461538461538464,0.75,공통 OOF,1279,,,
1271,피크 직접분류,0.03205128205128205,0.7142857142857143,공통 OOF,1279,,,
1272,피크 직접분류,0.03205128205128205,0.8333333333333334,공통 OOF,1279,,,
1273,피크 직접분류,0.03205128205128205,1.0,공통 OOF,1279,,,
1274,피크 직접분류,0.02564102564102564,1.0,공통 OOF,1279,,,
1275,피크 직접분류,0.019230769230769232,1.0,공통 OOF,1279,,,
1276,피크 직접분류,0.01282051282051282,1.0,공통 OOF,1279,,,
1277,피크 직접분류,0.00641025641025641,1.0,공통 OOF,1279,,,
1278,피크 직접분류,0.0,1.0,공통 OOF,1279,,,
1279,2단계 레짐(3분류),1.0,0.12197028928850664,공통 OOF,1279,,,
1280,2단계 레짐(3분류),1.0,0.12206572769953052,공통 OOF,1279,,,
1281,2단계 레짐(3분류),1.0,0.12216131558339859,공통 OOF,1279,,,
1282,2단계 레짐(3분류),1.0,0.12225705329153605,공통 OOF,1279,,,
1283,2단계 레짐(3분류),1.0,0.1223529411764706,공통 OOF,1279,,,
1284,2단계 레짐(3분류),1.0,0.12244897959183673,공통 OOF,1279,,,
1285,2단계 레짐(3분류),1.0,0.12254516889238021,공통 OOF,1279,,,
1286,2단계 레짐(3분류),1.0,0.12264150943396226,공통 OOF,1279,,,
1287,2단계 레짐(3분류),1.0,0.12273800157356413,공통 OOF,1279,,,
1288,2단계 레짐(3분류),1.0,0.12283464566929134,공통 OOF,1279,,,
1289,2단계 레짐(3분류),1.0,0.12293144208037825,공통 OOF,1279,,,
1290,2단계 레짐(3분류),1.0,0.12302839116719243,공통 OOF,1279,,,
1291,2단계 레짐(3분류),1.0,0.12312549329123915,공통 OOF,1279,,,
1292,2단계 레짐(3분류),1.0,0.12322274881516587,공통 OOF,1279,,,
1293,2단계 레짐(3분류),1.0,0.1233201581027668,공통 OOF,1279,,,
1294,2단계 레짐(3분류),1.0,0.12341772151898735,공통 OOF,1279,,,
1295,2단계 레짐(3분류),1.0,0.12351543942992874,공통 OOF,1279,,,
1296,2단계 레짐(3분류),1.0,0.12361331220285261,공통 OOF,1279,,,
1297,2단계 레짐(3분류),1.0,0.12371134020618557,공통 OOF,1279,,,
1298,2단계 레짐(3분류),1.0,0.12380952380952381,공통 OOF,1279,,,
1299,2단계 레짐(3분류),1.0,0.12390786338363781,공통 OOF,1279,,,
1300,2단계 레짐(3분류),1.0,0.12400635930047695,공통 OOF,1279,,,
1301,2단계 레짐(3분류),1.0,0.12410501193317422,공통 OOF,1279,,,
1302,2단계 레짐(3분류),1.0,0.12420382165605096,공통 OOF,1279,,,
1303,2단계 레짐(3분류),1.0,0.12430278884462151,공통 OOF,1279,,,
1304,2단계 레짐(3분류),1.0,0.12440191387559808,공통 OOF,1279,,,
1305,2단계 레짐(3분류),1.0,0.12450119712689545,공통 OOF,1279,,,
1306,2단계 레짐(3분류),1.0,0.12460063897763578,공통 OOF,1279,,,
1307,2단계 레짐(3분류),1.0,0.12470023980815348,공통 OOF,1279,,,
1308,2단계 레짐(3분류),1.0,0.1248,공통 OOF,1279,,,
1309,2단계 레짐(3분류),1.0,0.12489991993594876,공통 OOF,1279,,,
1310,2단계 레짐(3분류),1.0,0.125,공통 OOF,1279,,,
1311,2단계 레짐(3분류),1.0,0.12510024057738572,공통 OOF,1279,,,
1312,2단계 레짐(3분류),1.0,0.12520064205457465,공통 OOF,1279,,,
1313,2단계 레짐(3분류),1.0,0.12530120481927712,공통 OOF,1279,,,
1314,2단계 레짐(3분류),1.0,0.12540192926045016,공통 OOF,1279,,,
1315,2단계 레짐(3분류),1.0,0.1255028157683025,공통 OOF,1279,,,
1316,2단계 레짐(3분류),1.0,0.12560386473429952,공통 OOF,1279,,,
1317,2단계 레짐(3분류),1.0,0.12570507655116842,공통 OOF,1279,,,
1318,2단계 레짐(3분류),1.0,0.12580645161290321,공통 OOF,1279,,,
1319,2단계 레짐(3분류),1.0,0.12590799031476999,공통 OOF,1279,,,
1320,2단계 레짐(3분류),1.0,0.1260096930533118,공통 OOF,1279,,,
1321,2단계 레짐(3분류),1.0,0.12611156022635409,공통 OOF,1279,,,
1322,2단계 레짐(3분류),1.0,0.1262135922330097,공통 OOF,1279,,,
1323,2단계 레짐(3분류),1.0,0.12631578947368421,공통 OOF,1279,,,
1324,2단계 레짐(3분류),1.0,0.12641815235008103,공통 OOF,1279,,,
1325,2단계 레짐(3분류),1.0,0.12652068126520682,공통 OOF,1279,,,
1326,2단계 레짐(3분류),1.0,0.1266233766233766,공통 OOF,1279,,,
1327,2단계 레짐(3분류),1.0,0.12672623883021933,공통 OOF,1279,,,
1328,2단계 레짐(3분류),1.0,0.12682926829268293,공통 OOF,1279,,,
1329,2단계 레짐(3분류),1.0,0.12693246541903988,공통 OOF,1279,,,
1330,2단계 레짐(3분류),1.0,0.1270358306188925,공통 OOF,1279,,,
1331,2단계 레짐(3분류),1.0,0.1271393643031785,공통 OOF,1279,,,
1332,2단계 레짐(3분류),1.0,0.1272430668841762,공통 OOF,1279,,,
1333,2단계 레짐(3분류),1.0,0.1273469387755102,공통 OOF,1279,,,
1334,2단계 레짐(3분류),1.0,0.12745098039215685,공통 OOF,1279,,,
1335,2단계 레짐(3분류),1.0,0.12755519215044972,공통 OOF,1279,,,
1336,2단계 레짐(3분류),1.0,0.1276595744680851,공통 OOF,1279,,,
1337,2단계 레짐(3분류),1.0,0.12776412776412777,공통 OOF,1279,,,
1338,2단계 레짐(3분류),1.0,0.12786885245901639,공통 OOF,1279,,,
1339,2단계 레짐(3분류),1.0,0.1279737489745693,공통 OOF,1279,,,
1340,2단계 레짐(3분류),1.0,0.12807881773399016,공통 OOF,1279,,,
1341,2단계 레짐(3분류),1.0,0.12818405916187345,공통 OOF,1279,,,
1342,2단계 레짐(3분류),1.0,0.12828947368421054,공통 OOF,1279,,,
1343,2단계 레짐(3분류),1.0,0.12839506172839507,공통 OOF,1279,,,
1344,2단계 레짐(3분류),1.0,0.128500823723229,공통 OOF,1279,,,
1345,2단계 레짐(3분류),1.0,0.12860676009892827,공통 OOF,1279,,,
1346,2단계 레짐(3분류),1.0,0.12871287128712872,공통 OOF,1279,,,
1347,2단계 레짐(3분류),1.0,0.12881915772089184,공통 OOF,1279,,,
1348,2단계 레짐(3분류),1.0,0.12892561983471074,공통 OOF,1279,,,
1349,2단계 레짐(3분류),1.0,0.12903225806451613,공통 OOF,1279,,,
1350,2단계 레짐(3분류),1.0,0.1291390728476821,공통 OOF,1279,,,
1351,2단계 레짐(3분류),1.0,0.12924606462303231,공통 OOF,1279,,,
1352,2단계 레짐(3분류),1.0,0.12935323383084577,공통 OOF,1279,,,
1353,2단계 레짐(3분류),1.0,0.12946058091286308,공통 OOF,1279,,,
1354,2단계 레짐(3분류),1.0,0.12956810631229235,공통 OOF,1279,,,
1355,2단계 레짐(3분류),1.0,0.12967581047381546,공통 OOF,1279,,,
1356,2단계 레짐(3분류),1.0,0.129783693843594,공통 OOF,1279,,,
1357,2단계 레짐(3분류),1.0,0.1298917568692756,공통 OOF,1279,,,
1358,2단계 레짐(3분류),1.0,0.13,공통 OOF,1279,,,
1359,2단계 레짐(3분류),1.0,0.13010842368640535,공통 OOF,1279,,,
1360,2단계 레짐(3분류),1.0,0.1302170283806344,공통 OOF,1279,,,
1361,2단계 레짐(3분류),1.0,0.13032581453634084,공통 OOF,1279,,,
1362,2단계 레짐(3분류),1.0,0.13043478260869565,공통 OOF,1279,,,
1363,2단계 레짐(3분류),1.0,0.1305439330543933,공통 OOF,1279,,,
1364,2단계 레짐(3분류),1.0,0.1306532663316583,공통 OOF,1279,,,
1365,2단계 레짐(3분류),1.0,0.13076278290025148,공통 OOF,1279,,,
1366,2단계 레짐(3분류),1.0,0.13087248322147652,공통 OOF,1279,,,
1367,2단계 레짐(3분류),1.0,0.1309823677581864,공통 OOF,1279,,,
1368,2단계 레짐(3분류),1.0,0.13109243697478992,공통 OOF,1279,,,
1369,2단계 레짐(3분류),1.0,0.1312026913372582,공통 OOF,1279,,,
1370,2단계 레짐(3분류),1.0,0.13131313131313133,공통 OOF,1279,,,
1371,2단계 레짐(3분류),1.0,0.13142375737152484,공통 OOF,1279,,,
1372,2단계 레짐(3분류),1.0,0.1315345699831366,공통 OOF,1279,,,
1373,2단계 레짐(3분류),1.0,0.13164556962025317,공통 OOF,1279,,,
1374,2단계 레짐(3분류),1.0,0.13175675675675674,공통 OOF,1279,,,
1375,2단계 레짐(3분류),1.0,0.13186813186813187,공통 OOF,1279,,,
1376,2단계 레짐(3분류),1.0,0.1319796954314721,공통 OOF,1279,,,
1377,2단계 레짐(3분류),1.0,0.13209144792548688,공통 OOF,1279,,,
1378,2단계 레짐(3분류),1.0,0.13220338983050847,공통 OOF,1279,,,
1379,2단계 레짐(3분류),1.0,0.13231552162849872,공통 OOF,1279,,,
1380,2단계 레짐(3분류),1.0,0.13242784380305603,공통 OOF,1279,,,
1381,2단계 레짐(3분류),1.0,0.13254035683942225,공통 OOF,1279,,,
1382,2단계 레짐(3분류),1.0,0.1326530612244898,공통 OOF,1279,,,
1383,2단계 레짐(3분류),1.0,0.1327659574468085,공통 OOF,1279,,,
1384,2단계 레짐(3분류),1.0,0.13287904599659284,공통 OOF,1279,,,
1385,2단계 레짐(3분류),1.0,0.1329923273657289,공통 OOF,1279,,,
1386,2단계 레짐(3분류),1.0,0.13310580204778158,공통 OOF,1279,,,
1387,2단계 레짐(3분류),1.0,0.1332194705380017,공통 OOF,1279,,,
1388,2단계 레짐(3분류),1.0,0.13333333333333333,공통 OOF,1279,,,
1389,2단계 레짐(3분류),1.0,0.13344739093242086,공통 OOF,1279,,,
1390,2단계 레짐(3분류),1.0,0.13356164383561644,공통 OOF,1279,,,
1391,2단계 레짐(3분류),1.0,0.13367609254498714,공통 OOF,1279,,,
1392,2단계 레짐(3분류),1.0,0.13379073756432247,공통 OOF,1279,,,
1393,2단계 레짐(3분류),1.0,0.13390557939914163,공통 OOF,1279,,,
1394,2단계 레짐(3분류),1.0,0.13402061855670103,공통 OOF,1279,,,
1395,2단계 레짐(3분류),1.0,0.13413585554600171,공통 OOF,1279,,,
1396,2단계 레짐(3분류),1.0,0.1342512908777969,공통 OOF,1279,,,
1397,2단계 레짐(3분류),1.0,0.1343669250645995,공통 OOF,1279,,,
1398,2단계 레짐(3분류),1.0,0.13448275862068965,공통 OOF,1279,,,
1399,2단계 레짐(3분류),1.0,0.13459879206212252,공통 OOF,1279,,,
1400,2단계 레짐(3분류),1.0,0.13471502590673576,공통 OOF,1279,,,
1401,2단계 레짐(3분류),1.0,0.1348314606741573,공통 OOF,1279,,,
1402,2단계 레짐(3분류),1.0,0.13494809688581316,공통 OOF,1279,,,
1403,2단계 레짐(3분류),1.0,0.13506493506493505,공통 OOF,1279,,,
1404,2단계 레짐(3분류),1.0,0.13518197573656845,공통 OOF,1279,,,
1405,2단계 레짐(3분류),1.0,0.13529921942758022,공통 OOF,1279,,,
1406,2단계 레짐(3분류),1.0,0.13541666666666666,공통 OOF,1279,,,
1407,2단계 레짐(3분류),1.0,0.1355343179843614,공통 OOF,1279,,,
1408,2단계 레짐(3분류),1.0,0.1356521739130435,공통 OOF,1279,,,
1409,2단계 레짐(3분류),1.0,0.13577023498694518,공통 OOF,1279,,,
1410,2단계 레짐(3분류),1.0,0.13588850174216027,공통 OOF,1279,,,
1411,2단계 레짐(3분류),1.0,0.13600697471665213,공통 OOF,1279,,,
1412,2단계 레짐(3분류),1.0,0.13612565445026178,공통 OOF,1279,,,
1413,2단계 레짐(3분류),1.0,0.13624454148471615,공통 OOF,1279,,,
1414,2단계 레짐(3분류),1.0,0.13636363636363635,공통 OOF,1279,,,
1415,2단계 레짐(3분류),1.0,0.13648293963254593,공통 OOF,1279,,,
1416,2단계 레짐(3분류),1.0,0.13660245183887915,공통 OOF,1279,,,
1417,2단계 레짐(3분류),1.0,0.13672217353198948,공통 OOF,1279,,,
1418,2단계 레짐(3분류),1.0,0.1368421052631579,공통 OOF,1279,,,
1419,2단계 레짐(3분류),1.0,0.1369622475856014,공통 OOF,1279,,,
1420,2단계 레짐(3분류),1.0,0.13708260105448156,공통 OOF,1279,,,
1421,2단계 레짐(3분류),1.0,0.13720316622691292,공통 OOF,1279,,,
1422,2단계 레짐(3분류),1.0,0.13732394366197184,공통 OOF,1279,,,
1423,2단계 레짐(3분류),1.0,0.13744493392070484,공통 OOF,1279,,,
1424,2단계 레짐(3분류),1.0,0.13756613756613756,공통 OOF,1279,,,
1425,2단계 레짐(3분류),1.0,0.13768755516328332,공통 OOF,1279,,,
1426,2단계 레짐(3분류),1.0,0.13780918727915195,공통 OOF,1279,,,
1427,2단계 레짐(3분류),1.0,0.13793103448275862,공통 OOF,1279,,,
1428,2단계 레짐(3분류),1.0,0.13805309734513274,공통 OOF,1279,,,
1429,2단계 레짐(3분류),1.0,0.13817537643932684,공통 OOF,1279,,,
1430,2단계 레짐(3분류),1.0,0.13829787234042554,공통 OOF,1279,,,
1431,2단계 레짐(3분류),1.0,0.13842058562555457,공통 OOF,1279,,,
1432,2단계 레짐(3분류),1.0,0.13854351687388988,공통 OOF,1279,,,
1433,2단계 레짐(3분류),1.0,0.13866666666666666,공통 OOF,1279,,,
1434,2단계 레짐(3분류),1.0,0.1387900355871886,공통 OOF,1279,,,
1435,2단계 레짐(3분류),1.0,0.13891362422083706,공통 OOF,1279,,,
1436,2단계 레짐(3분류),1.0,0.13903743315508021,공통 OOF,1279,,,
1437,2단계 레짐(3분류),1.0,0.1391614629794826,공통 OOF,1279,,,
1438,2단계 레짐(3분류),1.0,0.1392857142857143,공통 OOF,1279,,,
1439,2단계 레짐(3분류),1.0,0.13941018766756033,공통 OOF,1279,,,
1440,2단계 레짐(3분류),1.0,0.13953488372093023,공통 OOF,1279,,,
1441,2단계 레짐(3분류),1.0,0.1396598030438675,공통 OOF,1279,,,
1442,2단계 레짐(3분류),1.0,0.13978494623655913,공통 OOF,1279,,,
1443,2단계 레짐(3분류),1.0,0.13991031390134528,공통 OOF,1279,,,
1444,2단계 레짐(3분류),1.0,0.1400359066427289,공통 OOF,1279,,,
1445,2단계 레짐(3분류),1.0,0.14016172506738545,공통 OOF,1279,,,
1446,2단계 레짐(3분류),1.0,0.14028776978417265,공통 OOF,1279,,,
1447,2단계 레짐(3분류),1.0,0.1404140414041404,공통 OOF,1279,,,
1448,2단계 레짐(3분류),1.0,0.14054054054054055,공통 OOF,1279,,,
1449,2단계 레짐(3분류),1.0,0.1406672678088368,공통 OOF,1279,,,
1450,2단계 레짐(3분류),1.0,0.1407942238267148,공통 OOF,1279,,,
1451,2단계 레짐(3분류),1.0,0.14092140921409213,공통 OOF,1279,,,
1452,2단계 레짐(3분류),1.0,0.1410488245931284,공통 OOF,1279,,,
1453,2단계 레짐(3분류),1.0,0.1411764705882353,공통 OOF,1279,,,
1454,2단계 레짐(3분류),1.0,0.14130434782608695,공통 OOF,1279,,,
1455,2단계 레짐(3분류),1.0,0.1414324569356301,공통 OOF,1279,,,
1456,2단계 레짐(3분류),1.0,0.14156079854809436,공통 OOF,1279,,,
1457,2단계 레짐(3분류),1.0,0.14168937329700274,공통 OOF,1279,,,
1458,2단계 레짐(3분류),1.0,0.14181818181818182,공통 OOF,1279,,,
1459,2단계 레짐(3분류),1.0,0.14194722474977253,공통 OOF,1279,,,
1460,2단계 레짐(3분류),1.0,0.14207650273224043,공통 OOF,1279,,,
1461,2단계 레짐(3분류),1.0,0.1422060164083865,공통 OOF,1279,,,
1462,2단계 레짐(3분류),1.0,0.14233576642335766,공통 OOF,1279,,,
1463,2단계 레짐(3분류),1.0,0.14246575342465753,공통 OOF,1279,,,
1464,2단계 레짐(3분류),1.0,0.1425959780621572,공통 OOF,1279,,,
1465,2단계 레짐(3분류),1.0,0.14272644098810613,공통 OOF,1279,,,
1466,2단계 레짐(3분류),1.0,0.14285714285714285,공통 OOF,1279,,,
1467,2단계 레짐(3분류),1.0,0.14298808432630614,공통 OOF,1279,,,
1468,2단계 레짐(3분류),1.0,0.14311926605504588,공통 OOF,1279,,,
1469,2단계 레짐(3분류),1.0,0.14325068870523416,공통 OOF,1279,,,
1470,2단계 레짐(3분류),1.0,0.14338235294117646,공통 OOF,1279,,,
1471,2단계 레짐(3분류),1.0,0.14351425942962281,공통 OOF,1279,,,
1472,2단계 레짐(3분류),1.0,0.143646408839779,공통 OOF,1279,,,
1473,2단계 레짐(3분류),1.0,0.14377880184331798,공통 OOF,1279,,,
1474,2단계 레짐(3분류),1.0,0.14391143911439114,공통 OOF,1279,,,
1475,2단계 레짐(3분류),1.0,0.1440443213296399,공통 OOF,1279,,,
1476,2단계 레짐(3분류),1.0,0.14417744916820702,공통 OOF,1279,,,
1477,2단계 레짐(3분류),1.0,0.14431082331174838,공통 OOF,1279,,,
1478,2단계 레짐(3분류),1.0,0.14444444444444443,공통 OOF,1279,,,
1479,2단계 레짐(3분류),1.0,0.14457831325301204,공통 OOF,1279,,,
1480,2단계 레짐(3분류),1.0,0.14471243042671614,공통 OOF,1279,,,
1481,2단계 레짐(3분류),1.0,0.14484679665738162,공통 OOF,1279,,,
1482,2단계 레짐(3분류),1.0,0.1449814126394052,공통 OOF,1279,,,
1483,2단계 레짐(3분류),1.0,0.14511627906976743,공통 OOF,1279,,,
1484,2단계 레짐(3분류),1.0,0.1452513966480447,공통 OOF,1279,,,
1485,2단계 레짐(3분류),1.0,0.14538676607642126,공통 OOF,1279,,,
1486,2단계 레짐(3분류),1.0,0.1455223880597015,공통 OOF,1279,,,
1487,2단계 레짐(3분류),1.0,0.14565826330532214,공통 OOF,1279,,,
1488,2단계 레짐(3분류),1.0,0.14579439252336449,공통 OOF,1279,,,
1489,2단계 레짐(3분류),1.0,0.14593077642656688,공통 OOF,1279,,,
1490,2단계 레짐(3분류),1.0,0.14606741573033707,공통 OOF,1279,,,
1491,2단계 레짐(3분류),1.0,0.14620431115276475,공통 OOF,1279,,,
1492,2단계 레짐(3분류),1.0,0.14634146341463414,공통 OOF,1279,,,
1493,2단계 레짐(3분류),1.0,0.14647887323943662,공통 OOF,1279,,,
1494,2단계 레짐(3분류),1.0,0.14661654135338345,공통 OOF,1279,,,
1495,2단계 레짐(3분류),1.0,0.14675446848541862,공통 OOF,1279,,,
1496,2단계 레짐(3분류),1.0,0.14689265536723164,공통 OOF,1279,,,
1497,2단계 레짐(3분류),1.0,0.1470311027332705,공통 OOF,1279,,,
1498,2단계 레짐(3분류),1.0,0.1471698113207547,공통 OOF,1279,,,
1499,2단계 레짐(3분류),1.0,0.14730878186968838,공통 OOF,1279,,,
1500,2단계 레짐(3분류),1.0,0.14744801512287334,공통 OOF,1279,,,
1501,2단계 레짐(3분류),1.0,0.14758751182592242,공통 OOF,1279,,,
1502,2단계 레짐(3분류),1.0,0.14772727272727273,공통 OOF,1279,,,
1503,2단계 레짐(3분류),1.0,0.14786729857819905,공통 OOF,1279,,,
1504,2단계 레짐(3분류),1.0,0.14800759013282733,공통 OOF,1279,,,
1505,2단계 레짐(3분류),1.0,0.14814814814814814,공통 OOF,1279,,,
1506,2단계 레짐(3분류),1.0,0.1482889733840304,공통 OOF,1279,,,
1507,2단계 레짐(3분류),1.0,0.14843006660323502,공통 OOF,1279,,,
1508,2단계 레짐(3분류),1.0,0.14857142857142858,공통 OOF,1279,,,
1509,2단계 레짐(3분류),1.0,0.14871306005719734,공통 OOF,1279,,,
1510,2단계 레짐(3분류),1.0,0.14885496183206107,공통 OOF,1279,,,
1511,2단계 레짐(3분류),1.0,0.1489971346704871,공통 OOF,1279,,,
1512,2단계 레짐(3분류),1.0,0.1491395793499044,공통 OOF,1279,,,
1513,2단계 레짐(3분류),1.0,0.1492822966507177,공통 OOF,1279,,,
1514,2단계 레짐(3분류),1.0,0.14942528735632185,공통 OOF,1279,,,
1515,2단계 레짐(3분류),1.0,0.14956855225311602,공통 OOF,1279,,,
1516,2단계 레짐(3분류),1.0,0.14971209213051823,공통 OOF,1279,,,
1517,2단계 레짐(3분류),1.0,0.14985590778097982,공통 OOF,1279,,,
1518,2단계 레짐(3분류),1.0,0.15,공통 OOF,1279,,,
1519,2단계 레짐(3분류),1.0,0.15014436958614052,공통 OOF,1279,,,
1520,2단계 레짐(3분류),1.0,0.15028901734104047,공통 OOF,1279,,,
1521,2단계 레짐(3분류),1.0,0.15043394406943106,공통 OOF,1279,,,
1522,2단계 레짐(3분류),1.0,0.15057915057915058,공통 OOF,1279,,,
1523,2단계 레짐(3분류),1.0,0.15072463768115943,공통 OOF,1279,,,
1524,2단계 레짐(3분류),1.0,0.15087040618955513,공통 OOF,1279,,,
1525,2단계 레짐(3분류),1.0,0.1510164569215876,공통 OOF,1279,,,
1526,2단계 레짐(3분류),1.0,0.1511627906976744,공통 OOF,1279,,,
1527,2단계 레짐(3분류),1.0,0.1513094083414161,공통 OOF,1279,,,
1528,2단계 레짐(3분류),1.0,0.15145631067961166,공통 OOF,1279,,,
1529,2단계 레짐(3분류),1.0,0.15160349854227406,공통 OOF,1279,,,
1530,2단계 레짐(3분류),1.0,0.1517509727626459,공통 OOF,1279,,,
1531,2단계 레짐(3분류),1.0,0.1518987341772152,공통 OOF,1279,,,
1532,2단계 레짐(3분류),1.0,0.15204678362573099,공통 OOF,1279,,,
1533,2단계 레짐(3분류),1.0,0.1521951219512195,공통 OOF,1279,,,
1534,2단계 레짐(3분류),1.0,0.15234375,공통 OOF,1279,,,
1535,2단계 레짐(3분류),1.0,0.15249266862170088,공통 OOF,1279,,,
1536,2단계 레짐(3분류),1.0,0.15264187866927592,공통 OOF,1279,,,
1537,2단계 레짐(3분류),1.0,0.15279138099902057,공통 OOF,1279,,,
1538,2단계 레짐(3분류),1.0,0.15294117647058825,공통 OOF,1279,,,
1539,2단계 레짐(3분류),1.0,0.15309126594700687,공통 OOF,1279,,,
1540,2단계 레짐(3분류),1.0,0.15324165029469547,공통 OOF,1279,,,
1541,2단계 레짐(3분류),1.0,0.15339233038348082,공통 OOF,1279,,,
1542,2단계 레짐(3분류),1.0,0.15354330708661418,공통 OOF,1279,,,
1543,2단계 레짐(3분류),1.0,0.15369458128078817,공통 OOF,1279,,,
1544,2단계 레짐(3분류),1.0,0.15384615384615385,공통 OOF,1279,,,
1545,2단계 레짐(3분류),1.0,0.1539980256663376,공통 OOF,1279,,,
1546,2단계 레짐(3분류),1.0,0.1541501976284585,공통 OOF,1279,,,
1547,2단계 레짐(3분류),1.0,0.1543026706231454,공통 OOF,1279,,,
1548,2단계 레짐(3분류),1.0,0.15445544554455445,공통 OOF,1279,,,
1549,2단계 레짐(3분류),1.0,0.15460852329038652,공통 OOF,1279,,,
1550,2단계 레짐(3분류),1.0,0.15476190476190477,공통 OOF,1279,,,
1551,2단계 레짐(3분류),1.0,0.15491559086395235,공통 OOF,1279,,,
1552,2단계 레짐(3분류),1.0,0.1550695825049702,공통 OOF,1279,,,
1553,2단계 레짐(3분류),1.0,0.15522388059701492,공통 OOF,1279,,,
1554,2단계 레짐(3분류),1.0,0.1553784860557769,공통 OOF,1279,,,
1555,2단계 레짐(3분류),1.0,0.15553339980059822,공통 OOF,1279,,,
1556,2단계 레짐(3분류),1.0,0.15568862275449102,공통 OOF,1279,,,
1557,2단계 레짐(3분류),1.0,0.15584415584415584,공통 OOF,1279,,,
1558,2단계 레짐(3분류),1.0,0.156,공통 OOF,1279,,,
1559,2단계 레짐(3분류),1.0,0.15615615615615616,공통 OOF,1279,,,
1560,2단계 레짐(3분류),1.0,0.156312625250501,공통 OOF,1279,,,
1561,2단계 레짐(3분류),1.0,0.15646940822467403,공통 OOF,1279,,,
1562,2단계 레짐(3분류),1.0,0.1566265060240964,공통 OOF,1279,,,
1563,2단계 레짐(3분류),1.0,0.15678391959798996,공통 OOF,1279,,,
1564,2단계 레짐(3분류),1.0,0.15694164989939638,공통 OOF,1279,,,
1565,2단계 레짐(3분류),1.0,0.15709969788519637,공통 OOF,1279,,,
1566,2단계 레짐(3분류),1.0,0.15725806451612903,공통 OOF,1279,,,
1567,2단계 레짐(3분류),1.0,0.1574167507568113,공통 OOF,1279,,,
1568,2단계 레짐(3분류),1.0,0.15757575757575756,공통 OOF,1279,,,
1569,2단계 레짐(3분류),1.0,0.1577350859453994,공통 OOF,1279,,,
1570,2단계 레짐(3분류),1.0,0.15789473684210525,공통 OOF,1279,,,
1571,2단계 레짐(3분류),1.0,0.1580547112462006,공통 OOF,1279,,,
1572,2단계 레짐(3분류),1.0,0.15821501014198783,공통 OOF,1279,,,
1573,2단계 레짐(3분류),1.0,0.15837563451776648,공통 OOF,1279,,,
1574,2단계 레짐(3분류),1.0,0.15853658536585366,공통 OOF,1279,,,
1575,2단계 레짐(3분류),1.0,0.15869786368260427,공통 OOF,1279,,,
1576,2단계 레짐(3분류),1.0,0.15885947046843177,공통 OOF,1279,,,
1577,2단계 레짐(3분류),1.0,0.15902140672782875,공통 OOF,1279,,,
1578,2단계 레짐(3분류),1.0,0.15918367346938775,공통 OOF,1279,,,
1579,2단계 레짐(3분류),1.0,0.15934627170582227,공통 OOF,1279,,,
1580,2단계 레짐(3분류),1.0,0.15950920245398773,공통 OOF,1279,,,
1581,2단계 레짐(3분류),1.0,0.15967246673490276,공통 OOF,1279,,,
1582,2단계 레짐(3분류),1.0,0.1598360655737705,공통 OOF,1279,,,
1583,2단계 레짐(3분류),1.0,0.16,공통 OOF,1279,,,
1584,2단계 레짐(3분류),1.0,0.1601642710472279,공통 OOF,1279,,,
1585,2단계 레짐(3분류),1.0,0.16032887975334018,공통 OOF,1279,,,
1586,2단계 레짐(3분류),1.0,0.16049382716049382,공통 OOF,1279,,,
1587,2단계 레짐(3분류),1.0,0.16082474226804125,공통 OOF,1279,,,
1588,2단계 레짐(3분류),1.0,0.1609907120743034,공통 OOF,1279,,,
1589,2단계 레짐(3분류),1.0,0.16115702479338842,공통 OOF,1279,,,
1590,2단계 레짐(3분류),1.0,0.16132368148914167,공통 OOF,1279,,,
1591,2단계 레짐(3분류),1.0,0.16149068322981366,공통 OOF,1279,,,
1592,2단계 레짐(3분류),1.0,0.1616580310880829,공통 OOF,1279,,,
1593,2단계 레짐(3분류),1.0,0.16182572614107885,공통 OOF,1279,,,
1594,2단계 레짐(3분류),1.0,0.16199376947040497,공통 OOF,1279,,,
1595,2단계 레짐(3분류),1.0,0.16216216216216217,공통 OOF,1279,,,
1596,2단계 레짐(3분류),1.0,0.16233090530697192,공통 OOF,1279,,,
1597,2단계 레짐(3분류),1.0,0.1625,공통 OOF,1279,,,
1598,2단계 레짐(3분류),1.0,0.16266944734098018,공통 OOF,1279,,,
1599,2단계 레짐(3분류),1.0,0.162839248434238,공통 OOF,1279,,,
1600,2단계 레짐(3분류),1.0,0.16300940438871472,공통 OOF,1279,,,
1601,2단계 레짐(3분류),1.0,0.16317991631799164,공통 OOF,1279,,,
1602,2단계 레짐(3분류),1.0,0.16335078534031414,공통 OOF,1279,,,
1603,2단계 레짐(3분류),1.0,0.16352201257861634,공통 OOF,1279,,,
1604,2단계 레짐(3분류),1.0,0.16369359916054566,공통 OOF,1279,,,
1605,2단계 레짐(3분류),1.0,0.1638655462184874,공통 OOF,1279,,,
1606,2단계 레짐(3분류),1.0,0.1640378548895899,공통 OOF,1279,,,
1607,2단계 레짐(3분류),1.0,0.16421052631578947,공통 OOF,1279,,,
1608,2단계 레짐(3분류),1.0,0.1643835616438356,공통 OOF,1279,,,
1609,2단계 레짐(3분류),1.0,0.16455696202531644,공통 OOF,1279,,,
1610,2단계 레짐(3분류),1.0,0.16473072861668428,공통 OOF,1279,,,
1611,2단계 레짐(3분류),1.0,0.1649048625792812,공통 OOF,1279,,,
1612,2단계 레짐(3분류),1.0,0.16507936507936508,공통 OOF,1279,,,
1613,2단계 레짐(3분류),1.0,0.1652542372881356,공통 OOF,1279,,,
1614,2단계 레짐(3분류),1.0,0.16542948038176034,공통 OOF,1279,,,
1615,2단계 레짐(3분류),1.0,0.16560509554140126,공통 OOF,1279,,,
1616,2단계 레짐(3분류),1.0,0.16578108395324123,공통 OOF,1279,,,
1617,2단계 레짐(3분류),1.0,0.16595744680851063,공통 OOF,1279,,,
1618,2단계 레짐(3분류),1.0,0.16613418530351437,공통 OOF,1279,,,
1619,2단계 레짐(3분류),1.0,0.16631130063965885,공통 OOF,1279,,,
1620,2단계 레짐(3분류),1.0,0.1664887940234792,공통 OOF,1279,,,
1621,2단계 레짐(3분류),1.0,0.16666666666666666,공통 OOF,1279,,,
1622,2단계 레짐(3분류),1.0,0.16684491978609625,공통 OOF,1279,,,
1623,2단계 레짐(3분류),1.0,0.1670235546038544,공통 OOF,1279,,,
1624,2단계 레짐(3분류),1.0,0.16720257234726688,공통 OOF,1279,,,
1625,2단계 레짐(3분류),1.0,0.16738197424892703,공통 OOF,1279,,,
1626,2단계 레짐(3분류),1.0,0.16756176154672395,공통 OOF,1279,,,
1627,2단계 레짐(3분류),1.0,0.16774193548387098,공통 OOF,1279,,,
1628,2단계 레짐(3분류),1.0,0.16792249730893433,공통 OOF,1279,,,
1629,2단계 레짐(3분류),1.0,0.16810344827586207,공통 OOF,1279,,,
1630,2단계 레짐(3분류),1.0,0.16828478964401294,공통 OOF,1279,,,
1631,2단계 레짐(3분류),1.0,0.16846652267818574,공통 OOF,1279,,,
1632,2단계 레짐(3분류),1.0,0.16864864864864865,공통 OOF,1279,,,
1633,2단계 레짐(3분류),1.0,0.16883116883116883,공통 OOF,1279,,,
1634,2단계 레짐(3분류),1.0,0.16901408450704225,공통 OOF,1279,,,
1635,2단계 레짐(3분류),1.0,0.16919739696312364,공통 OOF,1279,,,
1636,2단계 레짐(3분류),1.0,0.16938110749185667,공통 OOF,1279,,,
1637,2단계 레짐(3분류),1.0,0.16956521739130434,공통 OOF,1279,,,
1638,2단계 레짐(3분류),1.0,0.16974972796517954,공통 OOF,1279,,,
1639,2단계 레짐(3분류),1.0,0.16993464052287582,공통 OOF,1279,,,
1640,2단계 레짐(3분류),1.0,0.17011995637949837,공통 OOF,1279,,,
1641,2단계 레짐(3분류),1.0,0.1703056768558952,공통 OOF,1279,,,
1642,2단계 레짐(3분류),1.0,0.17049180327868851,공통 OOF,1279,,,
1643,2단계 레짐(3분류),1.0,0.17067833698030635,공통 OOF,1279,,,
1644,2단계 레짐(3분류),1.0,0.17086527929901424,공통 OOF,1279,,,
1645,2단계 레짐(3분류),1.0,0.17105263157894737,공통 OOF,1279,,,
1646,2단계 레짐(3분류),1.0,0.1712403951701427,공통 OOF,1279,,,
1647,2단계 레짐(3분류),1.0,0.17142857142857143,공통 OOF,1279,,,
1648,2단계 레짐(3분류),1.0,0.1716171617161716,공통 OOF,1279,,,
1649,2단계 레짐(3분류),1.0,0.17180616740088106,공통 OOF,1279,,,
1650,2단계 레짐(3분류),1.0,0.17199558985667035,공통 OOF,1279,,,
1651,2단계 레짐(3분류),1.0,0.17218543046357615,공통 OOF,1279,,,
1652,2단계 레짐(3분류),1.0,0.1723756906077348,공통 OOF,1279,,,
1653,2단계 레짐(3분류),1.0,0.17256637168141592,공통 OOF,1279,,,
1654,2단계 레짐(3분류),1.0,0.17275747508305647,공통 OOF,1279,,,
1655,2단계 레짐(3분류),1.0,0.1729490022172949,공통 OOF,1279,,,
1656,2단계 레짐(3분류),1.0,0.17314095449500555,공통 OOF,1279,,,
1657,2단계 레짐(3분류),1.0,0.17333333333333334,공통 OOF,1279,,,
1658,2단계 레짐(3분류),1.0,0.1735261401557286,공통 OOF,1279,,,
1659,2단계 레짐(3분류),1.0,0.17371937639198218,공통 OOF,1279,,,
1660,2단계 레짐(3분류),1.0,0.17391304347826086,공통 OOF,1279,,,
1661,2단계 레짐(3분류),1.0,0.17410714285714285,공통 OOF,1279,,,
1662,2단계 레짐(3분류),1.0,0.17430167597765364,공통 OOF,1279,,,
1663,2단계 레짐(3분류),1.0,0.174496644295302,공통 OOF,1279,,,
1664,2단계 레짐(3분류),1.0,0.17469204927211646,공통 OOF,1279,,,
1665,2단계 레짐(3분류),1.0,0.17488789237668162,공통 OOF,1279,,,
1666,2단계 레짐(3분류),1.0,0.1750841750841751,공통 OOF,1279,,,
1667,2단계 레짐(3분류),1.0,0.1752808988764045,공통 OOF,1279,,,
1668,2단계 레짐(3분류),1.0,0.17547806524184478,공통 OOF,1279,,,
1669,2단계 레짐(3분류),1.0,0.17567567567567569,공통 OOF,1279,,,
1670,2단계 레짐(3분류),1.0,0.17587373167981962,공통 OOF,1279,,,
1671,2단계 레짐(3분류),1.0,0.17607223476297967,공통 OOF,1279,,,
1672,2단계 레짐(3분류),1.0,0.17627118644067796,공통 OOF,1279,,,
1673,2단계 레짐(3분류),1.0,0.17647058823529413,공통 OOF,1279,,,
1674,2단계 레짐(3분류),1.0,0.17667044167610418,공통 OOF,1279,,,
1675,2단계 레짐(3분류),1.0,0.17687074829931973,공통 OOF,1279,,,
1676,2단계 레짐(3분류),1.0,0.17707150964812712,공통 OOF,1279,,,
1677,2단계 레짐(3분류),1.0,0.17727272727272728,공통 OOF,1279,,,
1678,2단계 레짐(3분류),1.0,0.17747440273037543,공통 OOF,1279,,,
1679,2단계 레짐(3분류),1.0,0.1776765375854214,공통 OOF,1279,,,
1680,2단계 레짐(3분류),1.0,0.17787913340935005,공통 OOF,1279,,,
1681,2단계 레짐(3분류),1.0,0.1780821917808219,공통 OOF,1279,,,
1682,2단계 레짐(3분류),1.0,0.1782857142857143,공통 OOF,1279,,,
1683,2단계 레짐(3분류),1.0,0.17848970251716248,공통 OOF,1279,,,
1684,2단계 레짐(3분류),1.0,0.17869415807560138,공통 OOF,1279,,,
1685,2단계 레짐(3분류),1.0,0.17889908256880735,공통 OOF,1279,,,
1686,2단계 레짐(3분류),1.0,0.1791044776119403,공통 OOF,1279,,,
1687,2단계 레짐(3분류),1.0,0.1793103448275862,공통 OOF,1279,,,
1688,2단계 레짐(3분류),1.0,0.17951668584579977,공통 OOF,1279,,,
1689,2단계 레짐(3분류),1.0,0.17972350230414746,공통 OOF,1279,,,
1690,2단계 레짐(3분류),1.0,0.17993079584775087,공통 OOF,1279,,,
1691,2단계 레짐(3분류),1.0,0.18013856812933027,공통 OOF,1279,,,
1692,2단계 레짐(3분류),1.0,0.18034682080924855,공통 OOF,1279,,,
1693,2단계 레짐(3분류),1.0,0.18055555555555555,공통 OOF,1279,,,
1694,2단계 레짐(3분류),1.0,0.18076477404403243,공통 OOF,1279,,,
1695,2단계 레짐(3분류),1.0,0.18097447795823665,공통 OOF,1279,,,
1696,2단계 레짐(3분류),1.0,0.18118466898954705,공통 OOF,1279,,,
1697,2단계 레짐(3분류),1.0,0.1813953488372093,공통 OOF,1279,,,
1698,2단계 레짐(3분류),1.0,0.18160651920838183,공통 OOF,1279,,,
1699,2단계 레짐(3분류),1.0,0.18181818181818182,공통 OOF,1279,,,
1700,2단계 레짐(3분류),1.0,0.18203033838973162,공통 OOF,1279,,,
1701,2단계 레짐(3분류),1.0,0.1822429906542056,공통 OOF,1279,,,
1702,2단계 레짐(3분류),1.0,0.1824561403508772,공통 OOF,1279,,,
1703,2단계 레짐(3분류),1.0,0.18266978922716628,공통 OOF,1279,,,
1704,2단계 레짐(3분류),1.0,0.182883939038687,공통 OOF,1279,,,
1705,2단계 레짐(3분류),1.0,0.18309859154929578,공통 OOF,1279,,,
1706,2단계 레짐(3분류),1.0,0.18331374853113983,공통 OOF,1279,,,
1707,2단계 레짐(3분류),1.0,0.18352941176470589,공통 OOF,1279,,,
1708,2단계 레짐(3분류),1.0,0.18374558303886926,공통 OOF,1279,,,
1709,2단계 레짐(3분류),1.0,0.18396226415094338,공통 OOF,1279,,,
1710,2단계 레짐(3분류),1.0,0.18417945690672963,공통 OOF,1279,,,
1711,2단계 레짐(3분류),1.0,0.18439716312056736,공통 OOF,1279,,,
1712,2단계 레짐(3분류),1.0,0.18461538461538463,공통 OOF,1279,,,
1713,2단계 레짐(3분류),1.0,0.1848341232227488,공통 OOF,1279,,,
1714,2단계 레짐(3분류),1.0,0.18505338078291814,공통 OOF,1279,,,
1715,2단계 레짐(3분류),1.0,0.18527315914489312,공통 OOF,1279,,,
1716,2단계 레짐(3분류),1.0,0.18549346016646848,공통 OOF,1279,,,
1717,2단계 레짐(3분류),1.0,0.18571428571428572,공통 OOF,1279,,,
1718,2단계 레짐(3분류),1.0,0.18593563766388557,공통 OOF,1279,,,
1719,2단계 레짐(3분류),1.0,0.18615751789976134,공통 OOF,1279,,,
1720,2단계 레짐(3분류),1.0,0.1863799283154122,공통 OOF,1279,,,
1721,2단계 레짐(3분류),1.0,0.18660287081339713,공통 OOF,1279,,,
1722,2단계 레짐(3분류),1.0,0.18682634730538922,공통 OOF,1279,,,
1723,2단계 레짐(3분류),1.0,0.18705035971223022,공통 OOF,1279,,,
1724,2단계 레짐(3분류),1.0,0.1872749099639856,공통 OOF,1279,,,
1725,2단계 레짐(3분류),1.0,0.1875,공통 OOF,1279,,,
1726,2단계 레짐(3분류),1.0,0.18772563176895307,공통 OOF,1279,,,
1727,2단계 레짐(3분류),1.0,0.18795180722891566,공통 OOF,1279,,,
1728,2단계 레짐(3분류),1.0,0.1881785283474065,공통 OOF,1279,,,
1729,2단계 레짐(3분류),1.0,0.18840579710144928,공통 OOF,1279,,,
1730,2단계 레짐(3분류),1.0,0.18863361547763,공통 OOF,1279,,,
1731,2단계 레짐(3분류),1.0,0.18886198547215496,공통 OOF,1279,,,
1732,2단계 레짐(3분류),1.0,0.1890909090909091,공통 OOF,1279,,,
1733,2단계 레짐(3분류),1.0,0.18932038834951456,공통 OOF,1279,,,
1734,2단계 레짐(3분류),1.0,0.18955042527339003,공통 OOF,1279,,,
1735,2단계 레짐(3분류),1.0,0.1897810218978102,공통 OOF,1279,,,
1736,2단계 레짐(3분류),1.0,0.1900121802679659,공통 OOF,1279,,,
1737,2단계 레짐(3분류),1.0,0.1902439024390244,공통 OOF,1279,,,
1738,2단계 레짐(3분류),1.0,0.19047619047619047,공통 OOF,1279,,,
1739,2단계 레짐(3분류),1.0,0.19070904645476772,공통 OOF,1279,,,
1740,2단계 레짐(3분류),1.0,0.1909424724602203,공통 OOF,1279,,,
1741,2단계 레짐(3분류),1.0,0.19117647058823528,공통 OOF,1279,,,
1742,2단계 레짐(3분류),1.0,0.19141104294478528,공통 OOF,1279,,,
1743,2단계 레짐(3분류),1.0,0.19164619164619165,공통 OOF,1279,,,
1744,2단계 레짐(3분류),1.0,0.1918819188191882,공통 OOF,1279,,,
1745,2단계 레짐(3분류),1.0,0.1921182266009852,공통 OOF,1279,,,
1746,2단계 레짐(3분류),1.0,0.19235511713933415,공통 OOF,1279,,,
1747,2단계 레짐(3분류),1.0,0.1925925925925926,공통 OOF,1279,,,
1748,2단계 레짐(3분류),1.0,0.19283065512978986,공통 OOF,1279,,,
1749,2단계 레짐(3분류),1.0,0.19306930693069307,공통 OOF,1279,,,
1750,2단계 레짐(3분류),1.0,0.19330855018587362,공통 OOF,1279,,,
1751,2단계 레짐(3분류),1.0,0.1935483870967742,공통 OOF,1279,,,
1752,2단계 레짐(3분류),1.0,0.1937888198757764,공통 OOF,1279,,,
1753,2단계 레짐(3분류),1.0,0.19402985074626866,공통 OOF,1279,,,
1754,2단계 레짐(3분류),1.0,0.19427148194271482,공통 OOF,1279,,,
1755,2단계 레짐(3분류),1.0,0.19451371571072318,공통 OOF,1279,,,
1756,2단계 레짐(3분류),1.0,0.1947565543071161,공통 OOF,1279,,,
1757,2단계 레짐(3분류),1.0,0.195,공통 OOF,1279,,,
1758,2단계 레짐(3분류),1.0,0.19524405506883605,공통 OOF,1279,,,
1759,2단계 레짐(3분류),1.0,0.19548872180451127,공통 OOF,1279,,,
1760,2단계 레짐(3분류),1.0,0.19573400250941028,공통 OOF,1279,,,
1761,2단계 레짐(3분류),1.0,0.19597989949748743,공통 OOF,1279,,,
1762,2단계 레짐(3분류),1.0,0.19622641509433963,공통 OOF,1279,,,
1763,2단계 레짐(3분류),1.0,0.1964735516372796,공통 OOF,1279,,,
1764,2단계 레짐(3분류),1.0,0.19672131147540983,공통 OOF,1279,,,
1765,2단계 레짐(3분류),1.0,0.19696969696969696,공통 OOF,1279,,,
1766,2단계 레짐(3분류),1.0,0.1972187104930468,공통 OOF,1279,,,
1767,2단계 레짐(3분류),1.0,0.19746835443037974,공통 OOF,1279,,,
1768,2단계 레짐(3분류),1.0,0.19771863117870722,공통 OOF,1279,,,
1769,2단계 레짐(3분류),1.0,0.19796954314720813,공통 OOF,1279,,,
1770,2단계 레짐(3분류),1.0,0.19822109275730623,공통 OOF,1279,,,
1771,2단계 레짐(3분류),1.0,0.1984732824427481,공통 OOF,1279,,,
1772,2단계 레짐(3분류),1.0,0.19872611464968154,공통 OOF,1279,,,
1773,2단계 레짐(3분류),1.0,0.1989795918367347,공통 OOF,1279,,,
1774,2단계 레짐(3분류),1.0,0.19923371647509577,공통 OOF,1279,,,
1775,2단계 레짐(3분류),1.0,0.19948849104859334,공통 OOF,1279,,,
1776,2단계 레짐(3분류),1.0,0.1997439180537772,공통 OOF,1279,,,
1777,2단계 레짐(3분류),1.0,0.2,공통 OOF,1279,,,
1778,2단계 레짐(3분류),1.0,0.20025673940949937,공통 OOF,1279,,,
1779,2단계 레짐(3분류),1.0,0.20051413881748073,공통 OOF,1279,,,
1780,2단계 레짐(3분류),1.0,0.20077220077220076,공통 OOF,1279,,,
1781,2단계 레짐(3분류),1.0,0.20103092783505155,공통 OOF,1279,,,
1782,2단계 레짐(3분류),1.0,0.20129032258064516,공통 OOF,1279,,,
1783,2단계 레짐(3분류),1.0,0.20155038759689922,공통 OOF,1279,,,
1784,2단계 레짐(3분류),1.0,0.2018111254851229,공통 OOF,1279,,,
1785,2단계 레짐(3분류),1.0,0.20207253886010362,공통 OOF,1279,,,
1786,2단계 레짐(3분류),1.0,0.20233463035019456,공통 OOF,1279,,,
1787,2단계 레짐(3분류),1.0,0.2025974025974026,공통 OOF,1279,,,
1788,2단계 레짐(3분류),1.0,0.20286085825747724,공통 OOF,1279,,,
1789,2단계 레짐(3분류),1.0,0.203125,공통 OOF,1279,,,
1790,2단계 레짐(3분류),1.0,0.2033898305084746,공통 OOF,1279,,,
1791,2단계 레짐(3분류),1.0,0.20365535248041775,공통 OOF,1279,,,
1792,2단계 레짐(3분류),1.0,0.20392156862745098,공통 OOF,1279,,,
1793,2단계 레짐(3분류),1.0,0.20418848167539266,공통 OOF,1279,,,
1794,2단계 레짐(3분류),1.0,0.20445609436435125,공통 OOF,1279,,,
1795,2단계 레짐(3분류),1.0,0.2047244094488189,공통 OOF,1279,,,
1796,2단계 레짐(3분류),1.0,0.2049934296977661,공통 OOF,1279,,,
1797,2단계 레짐(3분류),1.0,0.20526315789473684,공통 OOF,1279,,,
1798,2단계 레짐(3분류),1.0,0.20553359683794467,공통 OOF,1279,,,
1799,2단계 레짐(3분류),1.0,0.20580474934036938,공통 OOF,1279,,,
1800,2단계 레짐(3분류),1.0,0.20607661822985468,공통 OOF,1279,,,
1801,2단계 레짐(3분류),1.0,0.20634920634920634,공통 OOF,1279,,,
1802,2단계 레짐(3분류),1.0,0.20662251655629138,공통 OOF,1279,,,
1803,2단계 레짐(3분류),1.0,0.20689655172413793,공통 OOF,1279,,,
1804,2단계 레짐(3분류),1.0,0.20717131474103587,공통 OOF,1279,,,
1805,2단계 레짐(3분류),1.0,0.2074468085106383,공통 OOF,1279,,,
1806,2단계 레짐(3분류),1.0,0.20772303595206393,공통 OOF,1279,,,
1807,2단계 레짐(3분류),1.0,0.208,공통 OOF,1279,,,
1808,2단계 레짐(3분류),1.0,0.2082777036048064,공통 OOF,1279,,,
1809,2단계 레짐(3분류),1.0,0.20855614973262032,공통 OOF,1279,,,
1810,2단계 레짐(3분류),1.0,0.20883534136546184,공통 OOF,1279,,,
1811,2단계 레짐(3분류),1.0,0.20911528150134048,공통 OOF,1279,,,
1812,2단계 레짐(3분류),1.0,0.20939597315436242,공통 OOF,1279,,,
1813,2단계 레짐(3분류),1.0,0.20967741935483872,공통 OOF,1279,,,
1814,2단계 레짐(3분류),1.0,0.20995962314939434,공통 OOF,1279,,,
1815,2단계 레짐(3분류),1.0,0.21024258760107817,공통 OOF,1279,,,
1816,2단계 레짐(3분류),1.0,0.21052631578947367,공통 OOF,1279,,,
1817,2단계 레짐(3분류),1.0,0.21081081081081082,공통 OOF,1279,,,
1818,2단계 레짐(3분류),1.0,0.21109607577807848,공통 OOF,1279,,,
1819,2단계 레짐(3분류),1.0,0.21138211382113822,공통 OOF,1279,,,
1820,2단계 레짐(3분류),1.0,0.21166892808683854,공통 OOF,1279,,,
1821,2단계 레짐(3분류),1.0,0.21195652173913043,공통 OOF,1279,,,
1822,2단계 레짐(3분류),1.0,0.21224489795918366,공통 OOF,1279,,,
1823,2단계 레짐(3분류),1.0,0.2125340599455041,공통 OOF,1279,,,
1824,2단계 레짐(3분류),1.0,0.21282401091405184,공통 OOF,1279,,,
1825,2단계 레짐(3분류),1.0,0.21311475409836064,공통 OOF,1279,,,
1826,2단계 레짐(3분류),1.0,0.213406292749658,공통 OOF,1279,,,
1827,2단계 레짐(3분류),1.0,0.2136986301369863,공통 OOF,1279,,,
1828,2단계 레짐(3분류),1.0,0.2139917695473251,공통 OOF,1279,,,
1829,2단계 레짐(3분류),1.0,0.21428571428571427,공통 OOF,1279,,,
1830,2단계 레짐(3분류),1.0,0.21458046767537828,공통 OOF,1279,,,
1831,2단계 레짐(3분류),1.0,0.21487603305785125,공통 OOF,1279,,,
1832,2단계 레짐(3분류),1.0,0.21517241379310345,공통 OOF,1279,,,
1833,2단계 레짐(3분류),1.0,0.2154696132596685,공통 OOF,1279,,,
1834,2단계 레짐(3분류),1.0,0.2157676348547718,공통 OOF,1279,,,
1835,2단계 레짐(3분류),1.0,0.21606648199445982,공통 OOF,1279,,,
1836,2단계 레짐(3분류),1.0,0.21636615811373092,공통 OOF,1279,,,
1837,2단계 레짐(3분류),1.0,0.21666666666666667,공통 OOF,1279,,,
1838,2단계 레짐(3분류),1.0,0.21696801112656466,공통 OOF,1279,,,
1839,2단계 레짐(3분류),1.0,0.21727019498607242,공통 OOF,1279,,,
1840,2단계 레짐(3분류),1.0,0.2175732217573222,공통 OOF,1279,,,
1841,2단계 레짐(3분류),1.0,0.21787709497206703,공통 OOF,1279,,,
1842,2단계 레짐(3분류),1.0,0.21818181818181817,공통 OOF,1279,,,
1843,2단계 레짐(3분류),1.0,0.2184873949579832,공통 OOF,1279,,,
1844,2단계 레짐(3분류),1.0,0.2187938288920056,공통 OOF,1279,,,
1845,2단계 레짐(3분류),1.0,0.21910112359550563,공통 OOF,1279,,,
1846,2단계 레짐(3분류),1.0,0.21940928270042195,공통 OOF,1279,,,
1847,2단계 레짐(3분류),1.0,0.21971830985915494,공통 OOF,1279,,,
1848,2단계 레짐(3분류),1.0,0.22002820874471085,공통 OOF,1279,,,
1849,2단계 레짐(3분류),1.0,0.22033898305084745,공통 OOF,1279,,,
1850,2단계 레짐(3분류),1.0,0.22065063649222066,공통 OOF,1279,,,
1851,2단계 레짐(3분류),1.0,0.22096317280453256,공통 OOF,1279,,,
1852,2단계 레짐(3분류),1.0,0.22127659574468084,공통 OOF,1279,,,
1853,2단계 레짐(3분류),1.0,0.2215909090909091,공통 OOF,1279,,,
1854,2단계 레짐(3분류),1.0,0.22190611664295876,공통 OOF,1279,,,
1855,2단계 레짐(3분류),1.0,0.2222222222222222,공통 OOF,1279,,,
1856,2단계 레짐(3분류),1.0,0.2225392296718973,공통 OOF,1279,,,
1857,2단계 레짐(3분류),1.0,0.22285714285714286,공통 OOF,1279,,,
1858,2단계 레짐(3분류),1.0,0.22317596566523606,공통 OOF,1279,,,
1859,2단계 레짐(3분류),1.0,0.22349570200573066,공통 OOF,1279,,,
1860,2단계 레짐(3분류),1.0,0.22381635581061693,공통 OOF,1279,,,
1861,2단계 레짐(3분류),1.0,0.22413793103448276,공통 OOF,1279,,,
1862,2단계 레짐(3분류),1.0,0.22446043165467625,공통 OOF,1279,,,
1863,2단계 레짐(3분류),1.0,0.22478386167146974,공통 OOF,1279,,,
1864,2단계 레짐(3분류),1.0,0.22510822510822512,공통 OOF,1279,,,
1865,2단계 레짐(3분류),1.0,0.2254335260115607,공통 OOF,1279,,,
1866,2단계 레짐(3분류),1.0,0.22575976845151954,공통 OOF,1279,,,
1867,2단계 레짐(3분류),1.0,0.22608695652173913,공통 OOF,1279,,,
1868,2단계 레짐(3분류),1.0,0.22641509433962265,공통 OOF,1279,,,
1869,2단계 레짐(3분류),1.0,0.22674418604651161,공통 OOF,1279,,,
1870,2단계 레짐(3분류),1.0,0.22707423580786026,공통 OOF,1279,,,
1871,2단계 레짐(3분류),1.0,0.22740524781341107,공통 OOF,1279,,,
1872,2단계 레짐(3분류),1.0,0.22773722627737225,공통 OOF,1279,,,
1873,2단계 레짐(3분류),1.0,0.22807017543859648,공통 OOF,1279,,,
1874,2단계 레짐(3분류),1.0,0.22840409956076135,공통 OOF,1279,,,
1875,2단계 레짐(3분류),1.0,0.2287390029325513,공통 OOF,1279,,,
1876,2단계 레짐(3분류),1.0,0.2290748898678414,공통 OOF,1279,,,
1877,2단계 레짐(3분류),1.0,0.22941176470588234,공통 OOF,1279,,,
1878,2단계 레짐(3분류),1.0,0.22974963181148747,공통 OOF,1279,,,
1879,2단계 레짐(3분류),1.0,0.23008849557522124,공통 OOF,1279,,,
1880,2단계 레짐(3분류),1.0,0.23042836041358936,공통 OOF,1279,,,
1881,2단계 레짐(3분류),1.0,0.23076923076923078,공통 OOF,1279,,,
1882,2단계 레짐(3분류),1.0,0.2311111111111111,공통 OOF,1279,,,
1883,2단계 레짐(3분류),1.0,0.2314540059347181,공통 OOF,1279,,,
1884,2단계 레짐(3분류),1.0,0.23179791976225855,공통 OOF,1279,,,
1885,2단계 레짐(3분류),1.0,0.23214285714285715,공통 OOF,1279,,,
1886,2단계 레짐(3분류),1.0,0.23248882265275708,공통 OOF,1279,,,
1887,2단계 레짐(3분류),1.0,0.23283582089552238,공통 OOF,1279,,,
1888,2단계 레짐(3분류),1.0,0.23318385650224216,공통 OOF,1279,,,
1889,2단계 레짐(3분류),1.0,0.23353293413173654,공통 OOF,1279,,,
1890,2단계 레짐(3분류),1.0,0.23388305847076463,공통 OOF,1279,,,
1891,2단계 레짐(3분류),1.0,0.23423423423423423,공통 OOF,1279,,,
1892,2단계 레짐(3분류),1.0,0.23458646616541354,공통 OOF,1279,,,
1893,2단계 레짐(3분류),1.0,0.23493975903614459,공통 OOF,1279,,,
1894,2단계 레짐(3분류),1.0,0.23529411764705882,공통 OOF,1279,,,
1895,2단계 레짐(3분류),1.0,0.23564954682779457,공통 OOF,1279,,,
1896,2단계 레짐(3분류),1.0,0.23600605143721634,공통 OOF,1279,,,
1897,2단계 레짐(3분류),1.0,0.23636363636363636,공통 OOF,1279,,,
1898,2단계 레짐(3분류),1.0,0.23672230652503792,공통 OOF,1279,,,
1899,2단계 레짐(3분류),1.0,0.23708206686930092,공통 OOF,1279,,,
1900,2단계 레짐(3분류),1.0,0.2374429223744292,공통 OOF,1279,,,
1901,2단계 레짐(3분류),1.0,0.23780487804878048,공통 OOF,1279,,,
1902,2단계 레짐(3분류),1.0,0.2381679389312977,공통 OOF,1279,,,
1903,2단계 레짐(3분류),1.0,0.23853211009174313,공통 OOF,1279,,,
1904,2단계 레짐(3분류),1.0,0.23889739663093415,공통 OOF,1279,,,
1905,2단계 레짐(3분류),1.0,0.2392638036809816,공통 OOF,1279,,,
1906,2단계 레짐(3분류),1.0,0.23963133640552994,공통 OOF,1279,,,
1907,2단계 레짐(3분류),1.0,0.24,공통 OOF,1279,,,
1908,2단계 레짐(3분류),1.0,0.24036979969183359,공통 OOF,1279,,,
1909,2단계 레짐(3분류),1.0,0.24074074074074073,공통 OOF,1279,,,
1910,2단계 레짐(3분류),1.0,0.241112828438949,공통 OOF,1279,,,
1911,2단계 레짐(3분류),1.0,0.24148606811145512,공통 OOF,1279,,,
1912,2단계 레짐(3분류),1.0,0.24186046511627907,공통 OOF,1279,,,
1913,2단계 레짐(3분류),1.0,0.2422360248447205,공통 OOF,1279,,,
1914,2단계 레짐(3분류),1.0,0.24261275272161742,공통 OOF,1279,,,
1915,2단계 레짐(3분류),1.0,0.24299065420560748,공통 OOF,1279,,,
1916,2단계 레짐(3분류),1.0,0.24336973478939158,공통 OOF,1279,,,
1917,2단계 레짐(3분류),1.0,0.24375,공통 OOF,1279,,,
1918,2단계 레짐(3분류),1.0,0.24413145539906103,공통 OOF,1279,,,
1919,2단계 레짐(3분류),1.0,0.2445141065830721,공통 OOF,1279,,,
1920,2단계 레짐(3분류),1.0,0.24489795918367346,공통 OOF,1279,,,
1921,2단계 레짐(3분류),1.0,0.24528301886792453,공통 OOF,1279,,,
1922,2단계 레짐(3분류),1.0,0.24566929133858267,공통 OOF,1279,,,
1923,2단계 레짐(3분류),1.0,0.24605678233438485,공통 OOF,1279,,,
1924,2단계 레짐(3분류),1.0,0.24644549763033174,공통 OOF,1279,,,
1925,2단계 레짐(3분류),1.0,0.2468354430379747,공통 OOF,1279,,,
1926,2단계 레짐(3분류),1.0,0.24722662440570523,공통 OOF,1279,,,
1927,2단계 레짐(3분류),1.0,0.24761904761904763,공통 OOF,1279,,,
1928,2단계 레짐(3분류),1.0,0.2480127186009539,공통 OOF,1279,,,
1929,2단계 레짐(3분류),1.0,0.2484076433121019,공통 OOF,1279,,,
1930,2단계 레짐(3분류),1.0,0.24880382775119617,공통 OOF,1279,,,
1931,2단계 레짐(3분류),1.0,0.24920127795527156,공통 OOF,1279,,,
1932,2단계 레짐(3분류),1.0,0.2496,공통 OOF,1279,,,
1933,2단계 레짐(3분류),1.0,0.25,공통 OOF,1279,,,
1934,2단계 레짐(3분류),1.0,0.2504012841091493,공통 OOF,1279,,,
1935,2단계 레짐(3분류),1.0,0.2508038585209003,공통 OOF,1279,,,
1936,2단계 레짐(3분류),1.0,0.25120772946859904,공통 OOF,1279,,,
1937,2단계 레짐(3분류),1.0,0.25161290322580643,공통 OOF,1279,,,
1938,2단계 레짐(3분류),1.0,0.2520193861066236,공통 OOF,1279,,,
1939,2단계 레짐(3분류),1.0,0.2524271844660194,공통 OOF,1279,,,
1940,2단계 레짐(3분류),1.0,0.25283630470016205,공통 OOF,1279,,,
1941,2단계 레짐(3분류),1.0,0.2532467532467532,공통 OOF,1279,,,
1942,2단계 레짐(3분류),1.0,0.25365853658536586,공통 OOF,1279,,,
1943,2단계 레짐(3분류),1.0,0.254071661237785,공통 OOF,1279,,,
1944,2단계 레짐(3분류),1.0,0.2544861337683524,공통 OOF,1279,,,
1945,2단계 레짐(3분류),1.0,0.2549019607843137,공통 OOF,1279,,,
1946,2단계 레짐(3분류),1.0,0.2553191489361702,공통 OOF,1279,,,
1947,2단계 레짐(3분류),1.0,0.25573770491803277,공통 OOF,1279,,,
1948,2단계 레짐(3분류),1.0,0.2561576354679803,공통 OOF,1279,,,
1949,2단계 레짐(3분류),1.0,0.2565789473684211,공통 OOF,1279,,,
1950,2단계 레짐(3분류),1.0,0.257001647446458,공통 OOF,1279,,,
1951,2단계 레짐(3분류),1.0,0.25742574257425743,공통 OOF,1279,,,
1952,2단계 레짐(3분류),1.0,0.2578512396694215,공통 OOF,1279,,,
1953,2단계 레짐(3분류),1.0,0.2582781456953642,공통 OOF,1279,,,
1954,2단계 레짐(3분류),1.0,0.25870646766169153,공통 OOF,1279,,,
1955,2단계 레짐(3분류),1.0,0.2591362126245847,공통 OOF,1279,,,
1956,2단계 레짐(3분류),1.0,0.259567387687188,공통 OOF,1279,,,
1957,2단계 레짐(3분류),1.0,0.26,공통 OOF,1279,,,
1958,2단계 레짐(3분류),1.0,0.2604340567612688,공통 OOF,1279,,,
1959,2단계 레짐(3분류),1.0,0.2608695652173913,공통 OOF,1279,,,
1960,2단계 레짐(3분류),1.0,0.2613065326633166,공통 OOF,1279,,,
1961,2단계 레짐(3분류),1.0,0.26174496644295303,공통 OOF,1279,,,
1962,2단계 레짐(3분류),1.0,0.26218487394957984,공통 OOF,1279,,,
1963,2단계 레짐(3분류),1.0,0.26262626262626265,공통 OOF,1279,,,
1964,2단계 레짐(3분류),1.0,0.2630691399662732,공통 OOF,1279,,,
1965,2단계 레짐(3분류),1.0,0.2635135135135135,공통 OOF,1279,,,
1966,2단계 레짐(3분류),1.0,0.2639593908629442,공통 OOF,1279,,,
1967,2단계 레짐(3분류),1.0,0.26440677966101694,공통 OOF,1279,,,
1968,2단계 레짐(3분류),1.0,0.26485568760611206,공통 OOF,1279,,,
1969,2단계 레짐(3분류),1.0,0.2653061224489796,공통 OOF,1279,,,
1970,2단계 레짐(3분류),1.0,0.2657580919931857,공통 OOF,1279,,,
1971,2단계 레짐(3분류),1.0,0.26621160409556316,공통 OOF,1279,,,
1972,2단계 레짐(3분류),1.0,0.26666666666666666,공통 OOF,1279,,,
1973,2단계 레짐(3분류),1.0,0.2671232876712329,공통 OOF,1279,,,
1974,2단계 레짐(3분류),1.0,0.26758147512864494,공통 OOF,1279,,,
1975,2단계 레짐(3분류),1.0,0.26804123711340205,공통 OOF,1279,,,
1976,2단계 레짐(3분류),1.0,0.2685025817555938,공통 OOF,1279,,,
1977,2단계 레짐(3분류),1.0,0.2689655172413793,공통 OOF,1279,,,
1978,2단계 레짐(3분류),1.0,0.2694300518134715,공통 OOF,1279,,,
1979,2단계 레짐(3분류),1.0,0.2698961937716263,공통 OOF,1279,,,
1980,2단계 레짐(3분류),1.0,0.2703639514731369,공통 OOF,1279,,,
1981,2단계 레짐(3분류),1.0,0.2708333333333333,공통 OOF,1279,,,
1982,2단계 레짐(3분류),1.0,0.271304347826087,공통 OOF,1279,,,
1983,2단계 레짐(3분류),1.0,0.27177700348432055,공통 OOF,1279,,,
1984,2단계 레짐(3분류),1.0,0.27225130890052357,공통 OOF,1279,,,
1985,2단계 레짐(3분류),1.0,0.2727272727272727,공통 OOF,1279,,,
1986,2단계 레짐(3분류),1.0,0.2732049036777583,공통 OOF,1279,,,
1987,2단계 레짐(3분류),1.0,0.2736842105263158,공통 OOF,1279,,,
1988,2단계 레짐(3분류),1.0,0.2741652021089631,공통 OOF,1279,,,
1989,2단계 레짐(3분류),1.0,0.2746478873239437,공통 OOF,1279,,,
1990,2단계 레짐(3분류),1.0,0.2751322751322751,공통 OOF,1279,,,
1991,2단계 레짐(3분류),1.0,0.2756183745583039,공통 OOF,1279,,,
1992,2단계 레짐(3분류),1.0,0.2761061946902655,공통 OOF,1279,,,
1993,2단계 레짐(3분류),1.0,0.2765957446808511,공통 OOF,1279,,,
1994,2단계 레짐(3분류),1.0,0.27708703374777977,공통 OOF,1279,,,
1995,2단계 레짐(3분류),1.0,0.2775800711743772,공통 OOF,1279,,,
1996,2단계 레짐(3분류),1.0,0.27807486631016043,공통 OOF,1279,,,
1997,2단계 레짐(3분류),1.0,0.2785714285714286,공통 OOF,1279,,,
1998,2단계 레짐(3분류),1.0,0.27906976744186046,공통 OOF,1279,,,
1999,2단계 레짐(3분류),1.0,0.27956989247311825,공통 OOF,1279,,,
2000,2단계 레짐(3분류),1.0,0.2800718132854578,공통 OOF,1279,,,
2001,2단계 레짐(3분류),1.0,0.2805755395683453,공통 OOF,1279,,,
2002,2단계 레짐(3분류),1.0,0.2810810810810811,공통 OOF,1279,,,
2003,2단계 레짐(3분류),1.0,0.2815884476534296,공통 OOF,1279,,,
2004,2단계 레짐(3분류),1.0,0.2820976491862568,공통 OOF,1279,,,
2005,2단계 레짐(3분류),1.0,0.2826086956521739,공통 OOF,1279,,,
2006,2단계 레짐(3분류),1.0,0.2831215970961887,공통 OOF,1279,,,
2007,2단계 레짐(3분류),1.0,0.28363636363636363,공통 OOF,1279,,,
2008,2단계 레짐(3분류),1.0,0.28415300546448086,공통 OOF,1279,,,
2009,2단계 레짐(3분류),1.0,0.2846715328467153,공통 OOF,1279,,,
2010,2단계 레짐(3분류),1.0,0.2851919561243144,공통 OOF,1279,,,
2011,2단계 레짐(3분류),1.0,0.2857142857142857,공통 OOF,1279,,,
2012,2단계 레짐(3분류),1.0,0.28623853211009176,공통 OOF,1279,,,
2013,2단계 레짐(3분류),1.0,0.2867647058823529,공통 OOF,1279,,,
2014,2단계 레짐(3분류),1.0,0.287292817679558,공통 OOF,1279,,,
2015,2단계 레짐(3분류),1.0,0.2878228782287823,공통 OOF,1279,,,
2016,2단계 레짐(3분류),1.0,0.28835489833641403,공통 OOF,1279,,,
2017,2단계 레짐(3분류),1.0,0.28888888888888886,공통 OOF,1279,,,
2018,2단계 레짐(3분류),1.0,0.2894248608534323,공통 OOF,1279,,,
2019,2단계 레짐(3분류),1.0,0.2899628252788104,공통 OOF,1279,,,
2020,2단계 레짐(3분류),1.0,0.2905027932960894,공통 OOF,1279,,,
2021,2단계 레짐(3분류),1.0,0.291044776119403,공통 OOF,1279,,,
2022,2단계 레짐(3분류),1.0,0.29158878504672897,공통 OOF,1279,,,
2023,2단계 레짐(3분류),1.0,0.29213483146067415,공통 OOF,1279,,,
2024,2단계 레짐(3분류),1.0,0.2926829268292683,공통 OOF,1279,,,
2025,2단계 레짐(3분류),1.0,0.2932330827067669,공통 OOF,1279,,,
2026,2단계 레짐(3분류),1.0,0.2937853107344633,공통 OOF,1279,,,
2027,2단계 레짐(3분류),1.0,0.2943396226415094,공통 OOF,1279,,,
2028,2단계 레짐(3분류),1.0,0.2948960302457467,공통 OOF,1279,,,
2029,2단계 레짐(3분류),1.0,0.29545454545454547,공통 OOF,1279,,,
2030,2단계 레짐(3분류),1.0,0.29601518026565465,공통 OOF,1279,,,
2031,2단계 레짐(3분류),1.0,0.2965779467680608,공통 OOF,1279,,,
2032,2단계 레짐(3분류),1.0,0.29714285714285715,공통 OOF,1279,,,
2033,2단계 레짐(3분류),1.0,0.29770992366412213,공통 OOF,1279,,,
2034,2단계 레짐(3분류),1.0,0.2982791586998088,공통 OOF,1279,,,
2035,2단계 레짐(3분류),1.0,0.2988505747126437,공통 OOF,1279,,,
2036,2단계 레짐(3분류),1.0,0.29942418426103645,공통 OOF,1279,,,
2037,2단계 레짐(3분류),1.0,0.3,공통 OOF,1279,,,
2038,2단계 레짐(3분류),1.0,0.30057803468208094,공통 OOF,1279,,,
2039,2단계 레짐(3분류),1.0,0.30115830115830117,공통 OOF,1279,,,
2040,2단계 레짐(3분류),1.0,0.30174081237911027,공통 OOF,1279,,,
2041,2단계 레짐(3분류),1.0,0.3023255813953488,공통 OOF,1279,,,
2042,2단계 레짐(3분류),1.0,0.3029126213592233,공통 OOF,1279,,,
2043,2단계 레짐(3분류),1.0,0.3035019455252918,공통 OOF,1279,,,
2044,2단계 레짐(3분류),1.0,0.30409356725146197,공통 OOF,1279,,,
2045,2단계 레짐(3분류),1.0,0.3046875,공통 OOF,1279,,,
2046,2단계 레짐(3분류),1.0,0.30528375733855184,공통 OOF,1279,,,
2047,2단계 레짐(3분류),1.0,0.3058823529411765,공통 OOF,1279,,,
2048,2단계 레짐(3분류),1.0,0.30648330058939094,공통 OOF,1279,,,
2049,2단계 레짐(3분류),1.0,0.30708661417322836,공통 OOF,1279,,,
2050,2단계 레짐(3분류),1.0,0.3076923076923077,공통 OOF,1279,,,
2051,2단계 레짐(3분류),1.0,0.308300395256917,공통 OOF,1279,,,
2052,2단계 레짐(3분류),1.0,0.3089108910891089,공통 OOF,1279,,,
2053,2단계 레짐(3분류),1.0,0.30952380952380953,공통 OOF,1279,,,
2054,2단계 레짐(3분류),1.0,0.3101391650099404,공통 OOF,1279,,,
2055,2단계 레짐(3분류),1.0,0.3107569721115538,공통 OOF,1279,,,
2056,2단계 레짐(3분류),1.0,0.31137724550898205,공통 OOF,1279,,,
2057,2단계 레짐(3분류),1.0,0.312,공통 OOF,1279,,,
2058,2단계 레짐(3분류),1.0,0.312625250501002,공통 OOF,1279,,,
2059,2단계 레짐(3분류),1.0,0.3132530120481928,공통 OOF,1279,,,
2060,2단계 레짐(3분류),1.0,0.31388329979879276,공통 OOF,1279,,,
2061,2단계 레짐(3분류),1.0,0.31451612903225806,공통 OOF,1279,,,
2062,2단계 레짐(3분류),1.0,0.3151515151515151,공통 OOF,1279,,,
2063,2단계 레짐(3분류),1.0,0.3157894736842105,공통 OOF,1279,,,
2064,2단계 레짐(3분류),1.0,0.31643002028397565,공통 OOF,1279,,,
2065,2단계 레짐(3분류),1.0,0.3170731707317073,공통 OOF,1279,,,
2066,2단계 레짐(3분류),1.0,0.31771894093686354,공통 OOF,1279,,,
2067,2단계 레짐(3분류),1.0,0.3183673469387755,공통 OOF,1279,,,
2068,2단계 레짐(3분류),1.0,0.31901840490797545,공통 OOF,1279,,,
2069,2단계 레짐(3분류),1.0,0.319672131147541,공통 OOF,1279,,,
2070,2단계 레짐(3분류),1.0,0.3203285420944558,공통 OOF,1279,,,
2071,2단계 레짐(3분류),1.0,0.32098765432098764,공통 OOF,1279,,,
2072,2단계 레짐(3분류),1.0,0.3216494845360825,공통 OOF,1279,,,
2073,2단계 레짐(3분류),1.0,0.32231404958677684,공통 OOF,1279,,,
2074,2단계 레짐(3분류),1.0,0.32298136645962733,공통 OOF,1279,,,
2075,2단계 레짐(3분류),1.0,0.3236514522821577,공통 OOF,1279,,,
2076,2단계 레짐(3분류),1.0,0.32432432432432434,공통 OOF,1279,,,
2077,2단계 레짐(3분류),1.0,0.325,공통 OOF,1279,,,
2078,2단계 레짐(3분류),1.0,0.325678496868476,공통 OOF,1279,,,
2079,2단계 레짐(3분류),1.0,0.3263598326359833,공통 OOF,1279,,,
2080,2단계 레짐(3분류),1.0,0.3270440251572327,공통 OOF,1279,,,
2081,2단계 레짐(3분류),1.0,0.3277310924369748,공통 OOF,1279,,,
2082,2단계 레짐(3분류),1.0,0.32842105263157895,공통 OOF,1279,,,
2083,2단계 레짐(3분류),1.0,0.3291139240506329,공통 OOF,1279,,,
2084,2단계 레짐(3분류),1.0,0.3298097251585624,공통 OOF,1279,,,
2085,2단계 레짐(3분류),1.0,0.3305084745762712,공통 OOF,1279,,,
2086,2단계 레짐(3분류),1.0,0.33121019108280253,공통 OOF,1279,,,
2087,2단계 레짐(3분류),1.0,0.33191489361702126,공통 OOF,1279,,,
2088,2단계 레짐(3분류),1.0,0.3326226012793177,공통 OOF,1279,,,
2089,2단계 레짐(3분류),1.0,0.3333333333333333,공통 OOF,1279,,,
2090,2단계 레짐(3분류),1.0,0.3340471092077088,공통 OOF,1279,,,
2091,2단계 레짐(3분류),1.0,0.33476394849785407,공통 OOF,1279,,,
2092,2단계 레짐(3분류),1.0,0.33548387096774196,공통 OOF,1279,,,
2093,2단계 레짐(3분류),1.0,0.33620689655172414,공통 OOF,1279,,,
2094,2단계 레짐(3분류),1.0,0.3369330453563715,공통 OOF,1279,,,
2095,2단계 레짐(3분류),1.0,0.33766233766233766,공통 OOF,1279,,,
2096,2단계 레짐(3분류),1.0,0.3383947939262473,공통 OOF,1279,,,
2097,2단계 레짐(3분류),1.0,0.3391304347826087,공통 OOF,1279,,,
2098,2단계 레짐(3분류),1.0,0.33986928104575165,공통 OOF,1279,,,
2099,2단계 레짐(3분류),1.0,0.3406113537117904,공통 OOF,1279,,,
2100,2단계 레짐(3분류),1.0,0.3413566739606127,공통 OOF,1279,,,
2101,2단계 레짐(3분류),1.0,0.34210526315789475,공통 OOF,1279,,,
2102,2단계 레짐(3분류),1.0,0.34285714285714286,공통 OOF,1279,,,
2103,2단계 레짐(3분류),1.0,0.3436123348017621,공통 OOF,1279,,,
2104,2단계 레짐(3분류),1.0,0.3443708609271523,공통 OOF,1279,,,
2105,2단계 레짐(3분류),1.0,0.34513274336283184,공통 OOF,1279,,,
2106,2단계 레짐(3분류),1.0,0.3458980044345898,공통 OOF,1279,,,
2107,2단계 레짐(3분류),1.0,0.3466666666666667,공통 OOF,1279,,,
2108,2단계 레짐(3분류),1.0,0.34743875278396436,공통 OOF,1279,,,
2109,2단계 레짐(3분류),1.0,0.3482142857142857,공통 OOF,1279,,,
2110,2단계 레짐(3분류),1.0,0.348993288590604,공통 OOF,1279,,,
2111,2단계 레짐(3분류),1.0,0.34977578475336324,공통 OOF,1279,,,
2112,2단계 레짐(3분류),1.0,0.350561797752809,공통 OOF,1279,,,
2113,2단계 레짐(3분류),1.0,0.35135135135135137,공통 OOF,1279,,,
2114,2단계 레짐(3분류),1.0,0.35214446952595935,공통 OOF,1279,,,
2115,2단계 레짐(3분류),1.0,0.35294117647058826,공통 OOF,1279,,,
2116,2단계 레짐(3분류),1.0,0.35374149659863946,공통 OOF,1279,,,
2117,2단계 레짐(3분류),1.0,0.35454545454545455,공통 OOF,1279,,,
2118,2단계 레짐(3분류),1.0,0.3553530751708428,공통 OOF,1279,,,
2119,2단계 레짐(3분류),1.0,0.3561643835616438,공통 OOF,1279,,,
2120,2단계 레짐(3분류),1.0,0.35697940503432496,공통 OOF,1279,,,
2121,2단계 레짐(3분류),1.0,0.3577981651376147,공통 OOF,1279,,,
2122,2단계 레짐(3분류),1.0,0.3586206896551724,공통 OOF,1279,,,
2123,2단계 레짐(3분류),1.0,0.35944700460829493,공통 OOF,1279,,,
2124,2단계 레짐(3분류),1.0,0.36027713625866054,공통 OOF,1279,,,
2125,2단계 레짐(3분류),1.0,0.3611111111111111,공통 OOF,1279,,,
2126,2단계 레짐(3분류),1.0,0.3619489559164733,공통 OOF,1279,,,
2127,2단계 레짐(3분류),1.0,0.3627906976744186,공통 OOF,1279,,,
2128,2단계 레짐(3분류),1.0,0.36363636363636365,공통 OOF,1279,,,
2129,2단계 레짐(3분류),1.0,0.3644859813084112,공통 OOF,1279,,,
2130,2단계 레짐(3분류),1.0,0.36533957845433257,공통 OOF,1279,,,
2131,2단계 레짐(3분류),1.0,0.36619718309859156,공통 OOF,1279,,,
2132,2단계 레짐(3분류),1.0,0.36705882352941177,공통 OOF,1279,,,
2133,2단계 레짐(3분류),1.0,0.36792452830188677,공통 OOF,1279,,,
2134,2단계 레짐(3분류),1.0,0.36879432624113473,공통 OOF,1279,,,
2135,2단계 레짐(3분류),1.0,0.3696682464454976,공통 OOF,1279,,,
2136,2단계 레짐(3분류),1.0,0.37054631828978624,공통 OOF,1279,,,
2137,2단계 레짐(3분류),1.0,0.37142857142857144,공통 OOF,1279,,,
2138,2단계 레짐(3분류),1.0,0.3723150357995227,공통 OOF,1279,,,
2139,2단계 레짐(3분류),1.0,0.37320574162679426,공통 OOF,1279,,,
2140,2단계 레짐(3분류),1.0,0.37410071942446044,공통 OOF,1279,,,
2141,2단계 레짐(3분류),1.0,0.375,공통 OOF,1279,,,
2142,2단계 레짐(3분류),1.0,0.3759036144578313,공통 OOF,1279,,,
2143,2단계 레짐(3분류),1.0,0.37681159420289856,공통 OOF,1279,,,
2144,2단계 레짐(3분류),1.0,0.37772397094430993,공통 OOF,1279,,,
2145,2단계 레짐(3분류),1.0,0.3786407766990291,공통 OOF,1279,,,
2146,2단계 레짐(3분류),1.0,0.3795620437956204,공통 OOF,1279,,,
2147,2단계 레짐(3분류),1.0,0.3804878048780488,공통 OOF,1279,,,
2148,2단계 레짐(3분류),1.0,0.38141809290953543,공통 OOF,1279,,,
2149,2단계 레짐(3분류),1.0,0.38235294117647056,공통 OOF,1279,,,
2150,2단계 레짐(3분류),1.0,0.3832923832923833,공통 OOF,1279,,,
2151,2단계 레짐(3분류),1.0,0.3842364532019704,공통 OOF,1279,,,
2152,2단계 레짐(3분류),1.0,0.3851851851851852,공통 OOF,1279,,,
2153,2단계 레짐(3분류),1.0,0.38613861386138615,공통 OOF,1279,,,
2154,2단계 레짐(3분류),1.0,0.3870967741935484,공통 OOF,1279,,,
2155,2단계 레짐(3분류),1.0,0.3880597014925373,공통 OOF,1279,,,
2156,2단계 레짐(3분류),1.0,0.38902743142144636,공통 OOF,1279,,,
2157,2단계 레짐(3분류),1.0,0.39,공통 OOF,1279,,,
2158,2단계 레짐(3분류),1.0,0.39097744360902253,공통 OOF,1279,,,
2159,2단계 레짐(3분류),1.0,0.39195979899497485,공통 OOF,1279,,,
2160,2단계 레짐(3분류),1.0,0.3929471032745592,공통 OOF,1279,,,
2161,2단계 레짐(3분류),1.0,0.3939393939393939,공통 OOF,1279,,,
2162,2단계 레짐(3분류),1.0,0.3949367088607595,공통 OOF,1279,,,
2163,2단계 레짐(3분류),1.0,0.39593908629441626,공통 OOF,1279,,,
2164,2단계 레짐(3분류),0.9935897435897436,0.3944020356234097,공통 OOF,1279,,,
2165,2단계 레짐(3분류),0.9935897435897436,0.39540816326530615,공통 OOF,1279,,,
2166,2단계 레짐(3분류),0.9935897435897436,0.39641943734015345,공통 OOF,1279,,,
2167,2단계 레짐(3분류),0.9935897435897436,0.3974358974358974,공통 OOF,1279,,,
2168,2단계 레짐(3분류),0.9935897435897436,0.39845758354755784,공통 OOF,1279,,,
2169,2단계 레짐(3분류),0.9871794871794872,0.39690721649484534,공통 OOF,1279,,,
2170,2단계 레짐(3분류),0.9871794871794872,0.3979328165374677,공통 OOF,1279,,,
2171,2단계 레짐(3분류),0.9871794871794872,0.39896373056994816,공통 OOF,1279,,,
2172,2단계 레짐(3분류),0.9807692307692307,0.3974025974025974,공통 OOF,1279,,,
2173,2단계 레짐(3분류),0.9807692307692307,0.3984375,공통 OOF,1279,,,
2174,2단계 레짐(3분류),0.9807692307692307,0.39947780678851175,공통 OOF,1279,,,
2175,2단계 레짐(3분류),0.9807692307692307,0.4005235602094241,공통 OOF,1279,,,
2176,2단계 레짐(3분류),0.9807692307692307,0.4015748031496063,공통 OOF,1279,,,
2177,2단계 레짐(3분류),0.9807692307692307,0.4026315789473684,공통 OOF,1279,,,
2178,2단계 레짐(3분류),0.9807692307692307,0.40369393139841686,공통 OOF,1279,,,
2179,2단계 레짐(3분류),0.9807692307692307,0.40476190476190477,공통 OOF,1279,,,
2180,2단계 레짐(3분류),0.9807692307692307,0.40583554376657827,공통 OOF,1279,,,
2181,2단계 레짐(3분류),0.9807692307692307,0.40691489361702127,공통 OOF,1279,,,
2182,2단계 레짐(3분류),0.9807692307692307,0.408,공통 OOF,1279,,,
2183,2단계 레짐(3분류),0.9807692307692307,0.4090909090909091,공통 OOF,1279,,,
2184,2단계 레짐(3분류),0.9807692307692307,0.4101876675603217,공통 OOF,1279,,,
2185,2단계 레짐(3분류),0.9807692307692307,0.4112903225806452,공통 OOF,1279,,,
2186,2단계 레짐(3분류),0.9743589743589743,0.40970350404312667,공통 OOF,1279,,,
2187,2단계 레짐(3분류),0.9743589743589743,0.41081081081081083,공통 OOF,1279,,,
2188,2단계 레짐(3분류),0.9743589743589743,0.41192411924119243,공통 OOF,1279,,,
2189,2단계 레짐(3분류),0.967948717948718,0.41032608695652173,공통 OOF,1279,,,
2190,2단계 레짐(3분류),0.967948717948718,0.4114441416893733,공통 OOF,1279,,,
2191,2단계 레짐(3분류),0.967948717948718,0.412568306010929,공통 OOF,1279,,,
2192,2단계 레짐(3분류),0.967948717948718,0.4136986301369863,공통 OOF,1279,,,
2193,2단계 레짐(3분류),0.967948717948718,0.41483516483516486,공통 OOF,1279,,,
2194,2단계 레짐(3분류),0.967948717948718,0.41597796143250687,공통 OOF,1279,,,
2195,2단계 레짐(3분류),0.967948717948718,0.4171270718232044,공통 OOF,1279,,,
2196,2단계 레짐(3분류),0.967948717948718,0.4182825484764543,공통 OOF,1279,,,
2197,2단계 레짐(3분류),0.967948717948718,0.41944444444444445,공통 OOF,1279,,,
2198,2단계 레짐(3분류),0.967948717948718,0.4206128133704735,공통 OOF,1279,,,
2199,2단계 레짐(3분류),0.967948717948718,0.42178770949720673,공통 OOF,1279,,,
2200,2단계 레짐(3분류),0.967948717948718,0.42296918767507,공통 OOF,1279,,,
2201,2단계 레짐(3분류),0.967948717948718,0.4241573033707865,공통 OOF,1279,,,
2202,2단계 레짐(3분류),0.967948717948718,0.4253521126760563,공통 OOF,1279,,,
2203,2단계 레짐(3분류),0.967948717948718,0.4265536723163842,공통 OOF,1279,,,
2204,2단계 레짐(3분류),0.967948717948718,0.42776203966005666,공통 OOF,1279,,,
2205,2단계 레짐(3분류),0.967948717948718,0.4289772727272727,공통 OOF,1279,,,
2206,2단계 레짐(3분류),0.9615384615384616,0.42735042735042733,공통 OOF,1279,,,
2207,2단계 레짐(3분류),0.9615384615384616,0.42857142857142855,공통 OOF,1279,,,
2208,2단계 레짐(3분류),0.9615384615384616,0.4297994269340974,공통 OOF,1279,,,
2209,2단계 레짐(3분류),0.9615384615384616,0.43103448275862066,공통 OOF,1279,,,
2210,2단계 레짐(3분류),0.9615384615384616,0.4322766570605187,공통 OOF,1279,,,
2211,2단계 레짐(3분류),0.9615384615384616,0.43352601156069365,공통 OOF,1279,,,
2212,2단계 레짐(3분류),0.9615384615384616,0.43478260869565216,공통 OOF,1279,,,
2213,2단계 레짐(3분류),0.9615384615384616,0.436046511627907,공통 OOF,1279,,,
2214,2단계 레짐(3분류),0.9615384615384616,0.43731778425655976,공통 OOF,1279,,,
2215,2단계 레짐(3분류),0.9615384615384616,0.43859649122807015,공통 OOF,1279,,,
2216,2단계 레짐(3분류),0.9615384615384616,0.4398826979472141,공통 OOF,1279,,,
2217,2단계 레짐(3분류),0.9551282051282052,0.43823529411764706,공통 OOF,1279,,,
2218,2단계 레짐(3분류),0.9487179487179487,0.4365781710914454,공통 OOF,1279,,,
2219,2단계 레짐(3분류),0.9487179487179487,0.4378698224852071,공통 OOF,1279,,,
2220,2단계 레짐(3분류),0.9487179487179487,0.4391691394658754,공통 OOF,1279,,,
2221,2단계 레짐(3분류),0.9487179487179487,0.44047619047619047,공통 OOF,1279,,,
2222,2단계 레짐(3분류),0.9487179487179487,0.4417910447761194,공통 OOF,1279,,,
2223,2단계 레짐(3분류),0.9487179487179487,0.4431137724550898,공통 OOF,1279,,,
2224,2단계 레짐(3분류),0.9487179487179487,0.4444444444444444,공통 OOF,1279,,,
2225,2단계 레짐(3분류),0.9487179487179487,0.4457831325301205,공통 OOF,1279,,,
2226,2단계 레짐(3분류),0.9487179487179487,0.4471299093655589,공통 OOF,1279,,,
2227,2단계 레짐(3분류),0.9423076923076923,0.44545454545454544,공통 OOF,1279,,,
2228,2단계 레짐(3분류),0.9423076923076923,0.44680851063829785,공통 OOF,1279,,,
2229,2단계 레짐(3분류),0.9423076923076923,0.4481707317073171,공통 OOF,1279,,,
2230,2단계 레짐(3분류),0.9423076923076923,0.44954128440366975,공통 OOF,1279,,,
2231,2단계 레짐(3분류),0.9423076923076923,0.450920245398773,공통 OOF,1279,,,
2232,2단계 레짐(3분류),0.9423076923076923,0.4523076923076923,공통 OOF,1279,,,
2233,2단계 레짐(3분류),0.9358974358974359,0.4506172839506173,공통 OOF,1279,,,
2234,2단계 레짐(3분류),0.9358974358974359,0.4520123839009288,공통 OOF,1279,,,
2235,2단계 레짐(3분류),0.9358974358974359,0.453416149068323,공통 OOF,1279,,,
2236,2단계 레짐(3분류),0.9358974358974359,0.45482866043613707,공통 OOF,1279,,,
2237,2단계 레짐(3분류),0.9358974358974359,0.45625,공통 OOF,1279,,,
2238,2단계 레짐(3분류),0.9358974358974359,0.45768025078369906,공통 OOF,1279,,,
2239,2단계 레짐(3분류),0.9358974358974359,0.4591194968553459,공통 OOF,1279,,,
2240,2단계 레짐(3분류),0.9358974358974359,0.4605678233438486,공통 OOF,1279,,,
2241,2단계 레짐(3분류),0.9294871794871795,0.4588607594936709,공통 OOF,1279,,,
2242,2단계 레짐(3분류),0.9294871794871795,0.4603174603174603,공통 OOF,1279,,,
2243,2단계 레짐(3분류),0.9294871794871795,0.46178343949044587,공통 OOF,1279,,,
2244,2단계 레짐(3분류),0.9294871794871795,0.46325878594249204,공통 OOF,1279,,,
2245,2단계 레짐(3분류),0.9294871794871795,0.46474358974358976,공통 OOF,1279,,,
2246,2단계 레짐(3분류),0.9294871794871795,0.4662379421221865,공통 OOF,1279,,,
2247,2단계 레짐(3분류),0.9294871794871795,0.46774193548387094,공통 OOF,1279,,,
2248,2단계 레짐(3분류),0.9294871794871795,0.4692556634304207,공통 OOF,1279,,,
2249,2단계 레짐(3분류),0.9230769230769231,0.4675324675324675,공통 OOF,1279,,,
2250,2단계 레짐(3분류),0.9230769230769231,0.46905537459283386,공통 OOF,1279,,,
2251,2단계 레짐(3분류),0.9230769230769231,0.47058823529411764,공통 OOF,1279,,,
2252,2단계 레짐(3분류),0.9166666666666666,0.46885245901639344,공통 OOF,1279,,,
2253,2단계 레짐(3분류),0.9166666666666666,0.47039473684210525,공통 OOF,1279,,,
2254,2단계 레짐(3분류),0.9166666666666666,0.47194719471947194,공통 OOF,1279,,,
2255,2단계 레짐(3분류),0.9166666666666666,0.4735099337748344,공통 OOF,1279,,,
2256,2단계 레짐(3분류),0.9166666666666666,0.4750830564784053,공통 OOF,1279,,,
2257,2단계 레짐(3분류),0.9102564102564102,0.47333333333333333,공통 OOF,1279,,,
2258,2단계 레짐(3분류),0.9102564102564102,0.47491638795986624,공통 OOF,1279,,,
2259,2단계 레짐(3분류),0.9102564102564102,0.47651006711409394,공통 OOF,1279,,,
2260,2단계 레짐(3분류),0.9038461538461539,0.47474747474747475,공통 OOF,1279,,,
2261,2단계 레짐(3분류),0.9038461538461539,0.47635135135135137,공통 OOF,1279,,,
2262,2단계 레짐(3분류),0.8974358974358975,0.4745762711864407,공통 OOF,1279,,,
2263,2단계 레짐(3분류),0.8974358974358975,0.47619047619047616,공통 OOF,1279,,,
2264,2단계 레짐(3분류),0.8974358974358975,0.4778156996587031,공통 OOF,1279,,,
2265,2단계 레짐(3분류),0.8974358974358975,0.4794520547945205,공통 OOF,1279,,,
2266,2단계 레짐(3분류),0.8974358974358975,0.48109965635738833,공통 OOF,1279,,,
2267,2단계 레짐(3분류),0.8974358974358975,0.4827586206896552,공통 OOF,1279,,,
2268,2단계 레짐(3분류),0.8974358974358975,0.4844290657439446,공통 OOF,1279,,,
2269,2단계 레짐(3분류),0.8974358974358975,0.4861111111111111,공통 OOF,1279,,,
2270,2단계 레짐(3분류),0.8974358974358975,0.4878048780487805,공통 OOF,1279,,,
2271,2단계 레짐(3분류),0.8974358974358975,0.48951048951048953,공통 OOF,1279,,,
2272,2단계 레짐(3분류),0.8974358974358975,0.49122807017543857,공통 OOF,1279,,,
2273,2단계 레짐(3분류),0.8910256410256411,0.4894366197183099,공통 OOF,1279,,,
2274,2단계 레짐(3분류),0.8910256410256411,0.4911660777385159,공통 OOF,1279,,,
2275,2단계 레짐(3분류),0.8910256410256411,0.4929078014184397,공통 OOF,1279,,,
2276,2단계 레짐(3분류),0.8910256410256411,0.49466192170818507,공통 OOF,1279,,,
2277,2단계 레짐(3분류),0.8846153846153846,0.4928571428571429,공통 OOF,1279,,,
2278,2단계 레짐(3분류),0.8846153846153846,0.4946236559139785,공통 OOF,1279,,,
2279,2단계 레짐(3분류),0.8846153846153846,0.49640287769784175,공통 OOF,1279,,,
2280,2단계 레짐(3분류),0.8846153846153846,0.4981949458483754,공통 OOF,1279,,,
2281,2단계 레짐(3분류),0.8846153846153846,0.5,공통 OOF,1279,,,
2282,2단계 레짐(3분류),0.8846153846153846,0.5018181818181818,공통 OOF,1279,,,
2283,2단계 레짐(3분류),0.8846153846153846,0.5036496350364964,공통 OOF,1279,,,
2284,2단계 레짐(3분류),0.8782051282051282,0.5018315018315018,공통 OOF,1279,,,
2285,2단계 레짐(3분류),0.8782051282051282,0.5036764705882353,공통 OOF,1279,,,
2286,2단계 레짐(3분류),0.8782051282051282,0.5055350553505535,공통 OOF,1279,,,
2287,2단계 레짐(3분류),0.8782051282051282,0.5074074074074074,공통 OOF,1279,,,
2288,2단계 레짐(3분류),0.8782051282051282,0.5092936802973977,공통 OOF,1279,,,
2289,2단계 레짐(3분류),0.8782051282051282,0.5111940298507462,공통 OOF,1279,,,
2290,2단계 레짐(3분류),0.8782051282051282,0.5131086142322098,공통 OOF,1279,,,
2291,2단계 레짐(3분류),0.8782051282051282,0.5150375939849624,공통 OOF,1279,,,
2292,2단계 레짐(3분류),0.8782051282051282,0.5169811320754717,공통 OOF,1279,,,
2293,2단계 레짐(3분류),0.8782051282051282,0.5189393939393939,공통 OOF,1279,,,
2294,2단계 레짐(3분류),0.8782051282051282,0.5209125475285171,공통 OOF,1279,,,
2295,2단계 레짐(3분류),0.8717948717948718,0.5190839694656488,공통 OOF,1279,,,
2296,2단계 레짐(3분류),0.8717948717948718,0.5210727969348659,공통 OOF,1279,,,
2297,2단계 레짐(3분류),0.8717948717948718,0.5230769230769231,공통 OOF,1279,,,
2298,2단계 레짐(3분류),0.8653846153846154,0.5212355212355212,공통 OOF,1279,,,
2299,2단계 레짐(3분류),0.8653846153846154,0.5232558139534884,공통 OOF,1279,,,
2300,2단계 레짐(3분류),0.8589743589743589,0.5214007782101168,공통 OOF,1279,,,
2301,2단계 레짐(3분류),0.8525641025641025,0.51953125,공통 OOF,1279,,,
2302,2단계 레짐(3분류),0.8461538461538461,0.5176470588235295,공통 OOF,1279,,,
2303,2단계 레짐(3분류),0.8397435897435898,0.515748031496063,공통 OOF,1279,,,
2304,2단계 레짐(3분류),0.8333333333333334,0.5138339920948617,공통 OOF,1279,,,
2305,2단계 레짐(3분류),0.8333333333333334,0.5158730158730159,공통 OOF,1279,,,
2306,2단계 레짐(3분류),0.8333333333333334,0.5179282868525896,공통 OOF,1279,,,
2307,2단계 레짐(3분류),0.8333333333333334,0.52,공통 OOF,1279,,,
2308,2단계 레짐(3분류),0.8333333333333334,0.5220883534136547,공통 OOF,1279,,,
2309,2단계 레짐(3분류),0.8269230769230769,0.5201612903225806,공통 OOF,1279,,,
2310,2단계 레짐(3분류),0.8269230769230769,0.5222672064777328,공통 OOF,1279,,,
2311,2단계 레짐(3분류),0.8205128205128205,0.5203252032520326,공통 OOF,1279,,,
2312,2단계 레짐(3분류),0.8205128205128205,0.5224489795918368,공통 OOF,1279,,,
2313,2단계 레짐(3분류),0.8141025641025641,0.5204918032786885,공통 OOF,1279,,,
2314,2단계 레짐(3분류),0.8141025641025641,0.522633744855967,공통 OOF,1279,,,
2315,2단계 레짐(3분류),0.8076923076923077,0.5206611570247934,공통 OOF,1279,,,
2316,2단계 레짐(3분류),0.8076923076923077,0.5228215767634855,공통 OOF,1279,,,
2317,2단계 레짐(3분류),0.8076923076923077,0.525,공통 OOF,1279,,,
2318,2단계 레짐(3분류),0.8076923076923077,0.5271966527196653,공통 OOF,1279,,,
2319,2단계 레짐(3분류),0.8076923076923077,0.5294117647058824,공통 OOF,1279,,,
2320,2단계 레짐(3분류),0.8076923076923077,0.5316455696202531,공통 OOF,1279,,,
2321,2단계 레짐(3분류),0.8076923076923077,0.5338983050847458,공통 OOF,1279,,,
2322,2단계 레짐(3분류),0.8076923076923077,0.5361702127659574,공통 OOF,1279,,,
2323,2단계 레짐(3분류),0.8012820512820513,0.5341880341880342,공통 OOF,1279,,,
2324,2단계 레짐(3분류),0.8012820512820513,0.5364806866952789,공통 OOF,1279,,,
2325,2단계 레짐(3분류),0.8012820512820513,0.5387931034482759,공통 OOF,1279,,,
2326,2단계 레짐(3분류),0.7948717948717948,0.5367965367965368,공통 OOF,1279,,,
2327,2단계 레짐(3분류),0.7884615384615384,0.5347826086956522,공통 OOF,1279,,,
2328,2단계 레짐(3분류),0.7884615384615384,0.537117903930131,공통 OOF,1279,,,
2329,2단계 레짐(3분류),0.782051282051282,0.5350877192982456,공통 OOF,1279,,,
2330,2단계 레짐(3분류),0.782051282051282,0.5374449339207048,공통 OOF,1279,,,
2331,2단계 레짐(3분류),0.782051282051282,0.5398230088495575,공통 OOF,1279,,,
2332,2단계 레짐(3분류),0.782051282051282,0.5422222222222223,공통 OOF,1279,,,
2333,2단계 레짐(3분류),0.782051282051282,0.5446428571428571,공통 OOF,1279,,,
2334,2단계 레짐(3분류),0.782051282051282,0.547085201793722,공통 OOF,1279,,,
2335,2단계 레짐(3분류),0.782051282051282,0.5495495495495496,공통 OOF,1279,,,
2336,2단계 레짐(3분류),0.782051282051282,0.5520361990950227,공통 OOF,1279,,,
2337,2단계 레짐(3분류),0.7756410256410257,0.55,공통 OOF,1279,,,
2338,2단계 레짐(3분류),0.7756410256410257,0.5525114155251142,공통 OOF,1279,,,
2339,2단계 레짐(3분류),0.7756410256410257,0.555045871559633,공통 OOF,1279,,,
2340,2단계 레짐(3분류),0.7756410256410257,0.5576036866359447,공통 OOF,1279,,,
2341,2단계 레짐(3분류),0.7756410256410257,0.5601851851851852,공통 OOF,1279,,,
2342,2단계 레짐(3분류),0.7692307692307693,0.5581395348837209,공통 OOF,1279,,,
2343,2단계 레짐(3분류),0.7628205128205128,0.5560747663551402,공통 OOF,1279,,,
2344,2단계 레짐(3분류),0.7564102564102564,0.5539906103286385,공통 OOF,1279,,,
2345,2단계 레짐(3분류),0.7564102564102564,0.5566037735849056,공통 OOF,1279,,,
2346,2단계 레짐(3분류),0.7564102564102564,0.5592417061611374,공통 OOF,1279,,,
2347,2단계 레짐(3분류),0.75,0.5571428571428572,공통 OOF,1279,,,
2348,2단계 레짐(3분류),0.7435897435897436,0.5550239234449761,공통 OOF,1279,,,
2349,2단계 레짐(3분류),0.7371794871794872,0.5528846153846154,공통 OOF,1279,,,
2350,2단계 레짐(3분류),0.7307692307692307,0.5507246376811594,공통 OOF,1279,,,
2351,2단계 레짐(3분류),0.7243589743589743,0.5485436893203883,공통 OOF,1279,,,
2352,2단계 레짐(3분류),0.717948717948718,0.5463414634146342,공통 OOF,1279,,,
2353,2단계 레짐(3분류),0.717948717948718,0.5490196078431373,공통 OOF,1279,,,
2354,2단계 레짐(3분류),0.717948717948718,0.5517241379310345,공통 OOF,1279,,,
2355,2단계 레짐(3분류),0.7115384615384616,0.5495049504950495,공통 OOF,1279,,,
2356,2단계 레짐(3분류),0.7051282051282052,0.5472636815920398,공통 OOF,1279,,,
2357,2단계 레짐(3분류),0.6987179487179487,0.545,공통 OOF,1279,,,
2358,2단계 레짐(3분류),0.6987179487179487,0.5477386934673367,공통 OOF,1279,,,
2359,2단계 레짐(3분류),0.6923076923076923,0.5454545454545454,공통 OOF,1279,,,
2360,2단계 레짐(3분류),0.6923076923076923,0.5482233502538071,공통 OOF,1279,,,
2361,2단계 레짐(3분류),0.6923076923076923,0.5510204081632653,공통 OOF,1279,,,
2362,2단계 레짐(3분류),0.6923076923076923,0.5538461538461539,공통 OOF,1279,,,
2363,2단계 레짐(3분류),0.6923076923076923,0.5567010309278351,공통 OOF,1279,,,
2364,2단계 레짐(3분류),0.6923076923076923,0.5595854922279793,공통 OOF,1279,,,
2365,2단계 레짐(3분류),0.6858974358974359,0.5572916666666666,공통 OOF,1279,,,
2366,2단계 레짐(3분류),0.6794871794871795,0.5549738219895288,공통 OOF,1279,,,
2367,2단계 레짐(3분류),0.6730769230769231,0.5526315789473685,공통 OOF,1279,,,
2368,2단계 레짐(3분류),0.6730769230769231,0.5555555555555556,공통 OOF,1279,,,
2369,2단계 레짐(3분류),0.6666666666666666,0.5531914893617021,공통 OOF,1279,,,
2370,2단계 레짐(3분류),0.6666666666666666,0.5561497326203209,공통 OOF,1279,,,
2371,2단계 레짐(3분류),0.6666666666666666,0.5591397849462365,공통 OOF,1279,,,
2372,2단계 레짐(3분류),0.6602564102564102,0.5567567567567567,공통 OOF,1279,,,
2373,2단계 레짐(3분류),0.6538461538461539,0.5543478260869565,공통 OOF,1279,,,
2374,2단계 레짐(3분류),0.6474358974358975,0.5519125683060109,공통 OOF,1279,,,
2375,2단계 레짐(3분류),0.6410256410256411,0.5494505494505495,공통 OOF,1279,,,
2376,2단계 레짐(3분류),0.6346153846153846,0.5469613259668509,공통 OOF,1279,,,
2377,2단계 레짐(3분류),0.6346153846153846,0.55,공통 OOF,1279,,,
2378,2단계 레짐(3분류),0.6282051282051282,0.547486033519553,공통 OOF,1279,,,
2379,2단계 레짐(3분류),0.6217948717948718,0.5449438202247191,공통 OOF,1279,,,
2380,2단계 레짐(3분류),0.6153846153846154,0.5423728813559322,공통 OOF,1279,,,
2381,2단계 레짐(3분류),0.6089743589743589,0.5397727272727273,공통 OOF,1279,,,
2382,2단계 레짐(3분류),0.6025641025641025,0.5371428571428571,공통 OOF,1279,,,
2383,2단계 레짐(3분류),0.6025641025641025,0.5402298850574713,공통 OOF,1279,,,
2384,2단계 레짐(3분류),0.6025641025641025,0.5433526011560693,공통 OOF,1279,,,
2385,2단계 레짐(3분류),0.6025641025641025,0.5465116279069767,공통 OOF,1279,,,
2386,2단계 레짐(3분류),0.6025641025641025,0.5497076023391813,공통 OOF,1279,,,
2387,2단계 레짐(3분류),0.6025641025641025,0.5529411764705883,공통 OOF,1279,,,
2388,2단계 레짐(3분류),0.5961538461538461,0.5502958579881657,공통 OOF,1279,,,
2389,2단계 레짐(3분류),0.5897435897435898,0.5476190476190477,공통 OOF,1279,,,
2390,2단계 레짐(3분류),0.5833333333333334,0.5449101796407185,공통 OOF,1279,,,
2391,2단계 레짐(3분류),0.5769230769230769,0.5421686746987951,공통 OOF,1279,,,
2392,2단계 레짐(3분류),0.5705128205128205,0.5393939393939394,공통 OOF,1279,,,
2393,2단계 레짐(3분류),0.5641025641025641,0.5365853658536586,공통 OOF,1279,,,
2394,2단계 레짐(3분류),0.5641025641025641,0.5398773006134969,공통 OOF,1279,,,
2395,2단계 레짐(3분류),0.5641025641025641,0.5432098765432098,공통 OOF,1279,,,
2396,2단계 레짐(3분류),0.5576923076923077,0.5403726708074534,공통 OOF,1279,,,
2397,2단계 레짐(3분류),0.5576923076923077,0.54375,공통 OOF,1279,,,
2398,2단계 레짐(3분류),0.5512820512820513,0.5408805031446541,공통 OOF,1279,,,
2399,2단계 레짐(3분류),0.5512820512820513,0.5443037974683544,공통 OOF,1279,,,
2400,2단계 레짐(3분류),0.5512820512820513,0.5477707006369427,공통 OOF,1279,,,
2401,2단계 레짐(3분류),0.5448717948717948,0.5448717948717948,공통 OOF,1279,,,
2402,2단계 레짐(3분류),0.5384615384615384,0.5419354838709678,공통 OOF,1279,,,
2403,2단계 레짐(3분류),0.5384615384615384,0.5454545454545454,공통 OOF,1279,,,
2404,2단계 레짐(3분류),0.532051282051282,0.5424836601307189,공통 OOF,1279,,,
2405,2단계 레짐(3분류),0.5256410256410257,0.5394736842105263,공통 OOF,1279,,,
2406,2단계 레짐(3분류),0.5256410256410257,0.543046357615894,공통 OOF,1279,,,
2407,2단계 레짐(3분류),0.5192307692307693,0.54,공통 OOF,1279,,,
2408,2단계 레짐(3분류),0.5192307692307693,0.5436241610738255,공통 OOF,1279,,,
2409,2단계 레짐(3분류),0.5128205128205128,0.5405405405405406,공통 OOF,1279,,,
2410,2단계 레짐(3분류),0.5128205128205128,0.54421768707483,공통 OOF,1279,,,
2411,2단계 레짐(3분류),0.5064102564102564,0.541095890410959,공통 OOF,1279,,,
2412,2단계 레짐(3분류),0.5,0.5379310344827586,공통 OOF,1279,,,
2413,2단계 레짐(3분류),0.4935897435897436,0.5347222222222222,공통 OOF,1279,,,
2414,2단계 레짐(3분류),0.48717948717948717,0.5314685314685315,공통 OOF,1279,,,
2415,2단계 레짐(3분류),0.4807692307692308,0.528169014084507,공통 OOF,1279,,,
2416,2단계 레짐(3분류),0.4807692307692308,0.5319148936170213,공통 OOF,1279,,,
2417,2단계 레짐(3분류),0.47435897435897434,0.5285714285714286,공통 OOF,1279,,,
2418,2단계 레짐(3분류),0.47435897435897434,0.5323741007194245,공통 OOF,1279,,,
2419,2단계 레짐(3분류),0.46794871794871795,0.5289855072463768,공통 OOF,1279,,,
2420,2단계 레짐(3분류),0.46794871794871795,0.5328467153284672,공통 OOF,1279,,,
2421,2단계 레짐(3분류),0.46153846153846156,0.5294117647058824,공통 OOF,1279,,,
2422,2단계 레짐(3분류),0.4551282051282051,0.5259259259259259,공통 OOF,1279,,,
2423,2단계 레짐(3분류),0.44871794871794873,0.5223880597014925,공통 OOF,1279,,,
2424,2단계 레짐(3분류),0.44871794871794873,0.5263157894736842,공통 OOF,1279,,,
2425,2단계 레짐(3분류),0.4423076923076923,0.5227272727272727,공통 OOF,1279,,,
2426,2단계 레짐(3분류),0.4423076923076923,0.5267175572519084,공통 OOF,1279,,,
2427,2단계 레짐(3분류),0.4358974358974359,0.5230769230769231,공통 OOF,1279,,,
2428,2단계 레짐(3분류),0.4358974358974359,0.5271317829457365,공통 OOF,1279,,,
2429,2단계 레짐(3분류),0.4358974358974359,0.53125,공통 OOF,1279,,,
2430,2단계 레짐(3분류),0.42948717948717946,0.5275590551181102,공통 OOF,1279,,,
2431,2단계 레짐(3분류),0.4230769230769231,0.5238095238095238,공통 OOF,1279,,,
2432,2단계 레짐(3분류),0.4166666666666667,0.52,공통 OOF,1279,,,
2433,2단계 레짐(3분류),0.4166666666666667,0.5241935483870968,공통 OOF,1279,,,
2434,2단계 레짐(3분류),0.41025641025641024,0.5203252032520326,공통 OOF,1279,,,
2435,2단계 레짐(3분류),0.40384615384615385,0.5163934426229508,공통 OOF,1279,,,
2436,2단계 레짐(3분류),0.3974358974358974,0.512396694214876,공통 OOF,1279,,,
2437,2단계 레짐(3분류),0.3974358974358974,0.5166666666666667,공통 OOF,1279,,,
2438,2단계 레짐(3분류),0.391025641025641,0.5126050420168067,공통 OOF,1279,,,
2439,2단계 레짐(3분류),0.38461538461538464,0.5084745762711864,공통 OOF,1279,,,
2440,2단계 레짐(3분류),0.3782051282051282,0.5042735042735043,공통 OOF,1279,,,
2441,2단계 레짐(3분류),0.3782051282051282,0.5086206896551724,공통 OOF,1279,,,
2442,2단계 레짐(3분류),0.3717948717948718,0.5043478260869565,공통 OOF,1279,,,
2443,2단계 레짐(3분류),0.36538461538461536,0.5,공통 OOF,1279,,,
2444,2단계 레짐(3분류),0.358974358974359,0.49557522123893805,공통 OOF,1279,,,
2445,2단계 레짐(3분류),0.358974358974359,0.5,공통 OOF,1279,,,
2446,2단계 레짐(3분류),0.358974358974359,0.5045045045045045,공통 OOF,1279,,,
2447,2단계 레짐(3분류),0.3525641025641026,0.5,공통 OOF,1279,,,
2448,2단계 레짐(3분류),0.3525641025641026,0.5045871559633027,공통 OOF,1279,,,
2449,2단계 레짐(3분류),0.34615384615384615,0.5,공통 OOF,1279,,,
2450,2단계 레짐(3분류),0.33974358974358976,0.4953271028037383,공통 OOF,1279,,,
2451,2단계 레짐(3분류),0.3333333333333333,0.49056603773584906,공통 OOF,1279,,,
2452,2단계 레짐(3분류),0.3333333333333333,0.49523809523809526,공통 OOF,1279,,,
2453,2단계 레짐(3분류),0.3333333333333333,0.5,공통 OOF,1279,,,
2454,2단계 레짐(3분류),0.3333333333333333,0.5048543689320388,공통 OOF,1279,,,
2455,2단계 레짐(3분류),0.3333333333333333,0.5098039215686274,공통 OOF,1279,,,
2456,2단계 레짐(3분류),0.3333333333333333,0.5148514851485149,공통 OOF,1279,,,
2457,2단계 레짐(3분류),0.3269230769230769,0.51,공통 OOF,1279,,,
2458,2단계 레짐(3분류),0.3269230769230769,0.5151515151515151,공통 OOF,1279,,,
2459,2단계 레짐(3분류),0.32051282051282054,0.5102040816326531,공통 OOF,1279,,,
2460,2단계 레짐(3분류),0.3141025641025641,0.5051546391752577,공통 OOF,1279,,,
2461,2단계 레짐(3분류),0.3141025641025641,0.5104166666666666,공통 OOF,1279,,,
2462,2단계 레짐(3분류),0.3141025641025641,0.5157894736842106,공통 OOF,1279,,,
2463,2단계 레짐(3분류),0.3141025641025641,0.5212765957446809,공통 OOF,1279,,,
2464,2단계 레짐(3분류),0.3076923076923077,0.5161290322580645,공통 OOF,1279,,,
2465,2단계 레짐(3분류),0.3076923076923077,0.5217391304347826,공통 OOF,1279,,,
2466,2단계 레짐(3분류),0.30128205128205127,0.5164835164835165,공통 OOF,1279,,,
2467,2단계 레짐(3분류),0.30128205128205127,0.5222222222222223,공통 OOF,1279,,,
2468,2단계 레짐(3분류),0.2948717948717949,0.5168539325842697,공통 OOF,1279,,,
2469,2단계 레짐(3분류),0.2948717948717949,0.5227272727272727,공통 OOF,1279,,,
2470,2단계 레짐(3분류),0.2948717948717949,0.5287356321839081,공통 OOF,1279,,,
2471,2단계 레짐(3분류),0.2948717948717949,0.5348837209302325,공통 OOF,1279,,,
2472,2단계 레짐(3분류),0.2948717948717949,0.5411764705882353,공통 OOF,1279,,,
2473,2단계 레짐(3분류),0.28846153846153844,0.5357142857142857,공통 OOF,1279,,,
2474,2단계 레짐(3분류),0.28205128205128205,0.5301204819277109,공통 OOF,1279,,,
2475,2단계 레짐(3분류),0.27564102564102566,0.524390243902439,공통 OOF,1279,,,
2476,2단계 레짐(3분류),0.2692307692307692,0.5185185185185185,공통 OOF,1279,,,
2477,2단계 레짐(3분류),0.2692307692307692,0.525,공통 OOF,1279,,,
2478,2단계 레짐(3분류),0.26282051282051283,0.5189873417721519,공통 OOF,1279,,,
2479,2단계 레짐(3분류),0.2564102564102564,0.5128205128205128,공통 OOF,1279,,,
2480,2단계 레짐(3분류),0.2564102564102564,0.5194805194805194,공통 OOF,1279,,,
2481,2단계 레짐(3분류),0.25,0.5131578947368421,공통 OOF,1279,,,
2482,2단계 레짐(3분류),0.24358974358974358,0.5066666666666667,공통 OOF,1279,,,
2483,2단계 레짐(3분류),0.23717948717948717,0.5,공통 OOF,1279,,,
2484,2단계 레짐(3분류),0.23076923076923078,0.4931506849315068,공통 OOF,1279,,,
2485,2단계 레짐(3분류),0.23076923076923078,0.5,공통 OOF,1279,,,
2486,2단계 레짐(3분류),0.22435897435897437,0.49295774647887325,공통 OOF,1279,,,
2487,2단계 레짐(3분류),0.22435897435897437,0.5,공통 OOF,1279,,,
2488,2단계 레짐(3분류),0.21794871794871795,0.4927536231884058,공통 OOF,1279,,,
2489,2단계 레짐(3분류),0.21153846153846154,0.4852941176470588,공통 OOF,1279,,,
2490,2단계 레짐(3분류),0.20512820512820512,0.47761194029850745,공통 OOF,1279,,,
2491,2단계 레짐(3분류),0.1987179487179487,0.4696969696969697,공통 OOF,1279,,,
2492,2단계 레짐(3분류),0.19230769230769232,0.46153846153846156,공통 OOF,1279,,,
2493,2단계 레짐(3분류),0.1858974358974359,0.453125,공통 OOF,1279,,,
2494,2단계 레짐(3분류),0.1858974358974359,0.4603174603174603,공통 OOF,1279,,,
2495,2단계 레짐(3분류),0.1858974358974359,0.46774193548387094,공통 OOF,1279,,,
2496,2단계 레짐(3분류),0.1794871794871795,0.45901639344262296,공통 OOF,1279,,,
2497,2단계 레짐(3분류),0.1794871794871795,0.4666666666666667,공통 OOF,1279,,,
2498,2단계 레짐(3분류),0.17307692307692307,0.4576271186440678,공통 OOF,1279,,,
2499,2단계 레짐(3분류),0.16666666666666666,0.4482758620689655,공통 OOF,1279,,,
2500,2단계 레짐(3분류),0.16025641025641027,0.43859649122807015,공통 OOF,1279,,,
2501,2단계 레짐(3분류),0.16025641025641027,0.44642857142857145,공통 OOF,1279,,,
2502,2단계 레짐(3분류),0.15384615384615385,0.43636363636363634,공통 OOF,1279,,,
2503,2단계 레짐(3분류),0.14743589743589744,0.42592592592592593,공통 OOF,1279,,,
2504,2단계 레짐(3분류),0.14102564102564102,0.41509433962264153,공통 OOF,1279,,,
2505,2단계 레짐(3분류),0.14102564102564102,0.4230769230769231,공통 OOF,1279,,,
2506,2단계 레짐(3분류),0.1346153846153846,0.4117647058823529,공통 OOF,1279,,,
2507,2단계 레짐(3분류),0.1282051282051282,0.4,공통 OOF,1279,,,
2508,2단계 레짐(3분류),0.12179487179487179,0.3877551020408163,공통 OOF,1279,,,
2509,2단계 레짐(3분류),0.11538461538461539,0.375,공통 OOF,1279,,,
2510,2단계 레짐(3분류),0.11538461538461539,0.3829787234042553,공통 OOF,1279,,,
2511,2단계 레짐(3분류),0.10897435897435898,0.3695652173913043,공통 OOF,1279,,,
2512,2단계 레짐(3분류),0.10256410256410256,0.35555555555555557,공통 OOF,1279,,,
2513,2단계 레짐(3분류),0.10256410256410256,0.36363636363636365,공통 OOF,1279,,,
2514,2단계 레짐(3분류),0.10256410256410256,0.37209302325581395,공통 OOF,1279,,,
2515,2단계 레짐(3분류),0.10256410256410256,0.38095238095238093,공통 OOF,1279,,,
2516,2단계 레짐(3분류),0.10256410256410256,0.3902439024390244,공통 OOF,1279,,,
2517,2단계 레짐(3분류),0.09615384615384616,0.375,공통 OOF,1279,,,
2518,2단계 레짐(3분류),0.08974358974358974,0.358974358974359,공통 OOF,1279,,,
2519,2단계 레짐(3분류),0.08974358974358974,0.3684210526315789,공통 OOF,1279,,,
2520,2단계 레짐(3분류),0.08974358974358974,0.3783783783783784,공통 OOF,1279,,,
2521,2단계 레짐(3분류),0.08974358974358974,0.3888888888888889,공통 OOF,1279,,,
2522,2단계 레짐(3분류),0.08974358974358974,0.4,공통 OOF,1279,,,
2523,2단계 레짐(3분류),0.08974358974358974,0.4117647058823529,공통 OOF,1279,,,
2524,2단계 레짐(3분류),0.08333333333333333,0.3939393939393939,공통 OOF,1279,,,
2525,2단계 레짐(3분류),0.08333333333333333,0.40625,공통 OOF,1279,,,
2526,2단계 레짐(3분류),0.08333333333333333,0.41935483870967744,공통 OOF,1279,,,
2527,2단계 레짐(3분류),0.08333333333333333,0.43333333333333335,공통 OOF,1279,,,
2528,2단계 레짐(3분류),0.08333333333333333,0.4482758620689655,공통 OOF,1279,,,
2529,2단계 레짐(3분류),0.07692307692307693,0.42857142857142855,공통 OOF,1279,,,
2530,2단계 레짐(3분류),0.07692307692307693,0.4444444444444444,공통 OOF,1279,,,
2531,2단계 레짐(3분류),0.07692307692307693,0.46153846153846156,공통 OOF,1279,,,
2532,2단계 레짐(3분류),0.07051282051282051,0.44,공통 OOF,1279,,,
2533,2단계 레짐(3분류),0.0641025641025641,0.4166666666666667,공통 OOF,1279,,,
2534,2단계 레짐(3분류),0.0641025641025641,0.43478260869565216,공통 OOF,1279,,,
2535,2단계 레짐(3분류),0.0641025641025641,0.45454545454545453,공통 OOF,1279,,,
2536,2단계 레짐(3분류),0.057692307692307696,0.42857142857142855,공통 OOF,1279,,,
2537,2단계 레짐(3분류),0.057692307692307696,0.45,공통 OOF,1279,,,
2538,2단계 레짐(3분류),0.057692307692307696,0.47368421052631576,공통 OOF,1279,,,
2539,2단계 레짐(3분류),0.05128205128205128,0.4444444444444444,공통 OOF,1279,,,
2540,2단계 레짐(3분류),0.05128205128205128,0.47058823529411764,공통 OOF,1279,,,
2541,2단계 레짐(3분류),0.05128205128205128,0.5,공통 OOF,1279,,,
2542,2단계 레짐(3분류),0.04487179487179487,0.4666666666666667,공통 OOF,1279,,,
2543,2단계 레짐(3분류),0.04487179487179487,0.5,공통 OOF,1279,,,
2544,2단계 레짐(3분류),0.04487179487179487,0.5384615384615384,공통 OOF,1279,,,
2545,2단계 레짐(3분류),0.04487179487179487,0.5833333333333334,공통 OOF,1279,,,
2546,2단계 레짐(3분류),0.038461538461538464,0.5454545454545454,공통 OOF,1279,,,
2547,2단계 레짐(3분류),0.03205128205128205,0.5,공통 OOF,1279,,,
2548,2단계 레짐(3분류),0.02564102564102564,0.4444444444444444,공통 OOF,1279,,,
2549,2단계 레짐(3분류),0.02564102564102564,0.5,공통 OOF,1279,,,
2550,2단계 레짐(3분류),0.019230769230769232,0.42857142857142855,공통 OOF,1279,,,
2551,2단계 레짐(3분류),0.019230769230769232,0.5,공통 OOF,1279,,,
2552,2단계 레짐(3분류),0.01282051282051282,0.4,공통 OOF,1279,,,
2553,2단계 레짐(3분류),0.00641025641025641,0.25,공통 OOF,1279,,,
2554,2단계 레짐(3분류),0.0,0.0,공통 OOF,1279,,,
2555,2단계 레짐(3분류),0.0,0.0,공통 OOF,1279,,,
2556,2단계 레짐(3분류),0.0,0.0,공통 OOF,1279,,,
2557,2단계 레짐(3분류),0.0,1.0,공통 OOF,1279,,,
2558,달력규칙,1.0,0.37320574162679426,공통 OOF,1279,156.0,262.0,0.0
