v0,v1,v2,v3,v4,v5,v6,v7,v8,v9,v10,v11,v12,v13,v14,v15,v16,v17,v18,v19,v20,v21,v22,v23,v24,v25,v26,v27,v28,v29,v30,v31,v32,v33,v34,v35,v36,v37,v38,v39,v40,v41,v42,v43,v44
2021-07-07 02:00:00,105,23,110,110,23,118,133.08333333333334,180,32.909515825731511,193,1,101.42857142857143,190,56.502405378141376,206,10,2,2,7,0,0,0,0.49999999999999994,0.86602540378443871,0.97492791218182362,-0.22252093395631434,0,0,0,0,0,0,0,0,42,0.099056604000000006,-0.82926829268292679,297,23.600000000000001,98,0.29999999999999999,0,0,0
2021-07-07 03:00:00,105,24,112,116,25,120,133.08333333333334,180,32.909515825731511,193,1,101.42857142857143,190,56.502405378141376,206,10,3,2,7,0,0,0,0.70710678118654757,0.70710678118654757,0.97492791218182362,-0.22252093395631434,0,0,0,0,0,0,0,0,442,1.0045454549999999,0.8728813559322034,739,23.800000000000001,98,0.59999999999999998,0,0,0
2021-07-07 05:00:00,98,23,98,110,23,115,133.08333333333334,180,32.909515825731511,193,1,101.42857142857143,190,56.502405378141376,206,10,5,2,7,0,0,0,0.96592582628906831,0.25881904510252074,0.97492791218182362,-0.22252093395631434,0,0,0,0,0,0,0,0,387,1.0265251989999999,192.5,1216,24,98,0.40000000000000002,0,0,0
2021-07-07 06:00:00,98,22,114,105,23,118,133.08333333333334,180,32.909515825731511,193,1,101.42857142857143,190,56.502405378141376,206,10,6,2,7,0,0,0,1,6.123233995736766e-17,0.97492791218182362,-0.22252093395631434,0,0,0,0,0,0,0,0,38,0.093137255000000002,-0.45714285714285713,1254,24.199999999999999,98,0,0.40000000000000002,0.19999999999999929,0
2021-07-07 10:00:00,168,173,159,176,185,171,133.08333333333334,180,32.909515825731511,193,1,101.42857142857143,190,56.502405378141376,206,10,10,2,7,0,0,0,0.49999999999999994,-0.86602540378443871,0.97492791218182362,-0.22252093395631434,1,0,0,0,0,0,0,0,3638,5.2420749280000001,3.5934343434343434,9404,24.899999999999999,98,0.80000000000000004,1,0.89999999999999858,0
2021-07-07 12:00:00,110,104,108,132,116,119,133.08333333333334,180,32.909515825731511,193,1,101.42857142857143,190,56.502405378141376,206,10,12,2,7,0,0,0,1.2246467991473532e-16,-1,0.97492791218182362,-0.22252093395631434,1,0,0,0,0,0,0,0,0,0,0,10358,23.800000000000001,98,0.40000000000000002,21.399999999999999,0,0
2021-07-07 23:00:00,106,102,104,114,116,120,133.08333333333334,180,32.909515825731511,193,1,101.42857142857143,190,56.502405378141376,206,10,23,2,7,0,0,0,-0.25881904510252157,0.96592582628906809,0.97492791218182362,-0.22252093395631434,0,0,0,0,0,0,0,0,72,0.17183770900000001,-0.040000000000000001,19407,22.199999999999999,98,0.29999999999999999,38.799999999999997,0,0
2021-07-08 01:00:00,102,103,104,112,111,115,134.875,181,34.330000189972203,203,2,101.86904761904762,190,57.024373350118992,206,10,1,3,7,0,0,0,0.25881904510252074,0.96592582628906831,0.43388373911755823,-0.90096886790241903,0,0,0,0,0,0,0,0,703,1.775252525,139.59999999999999,945,21.899999999999999,98,0.59999999999999998,0,0,0
2021-07-08 03:00:00,110,105,107,115,116,112,134.875,181,34.330000189972203,203,2,101.86904761904762,190,57.024373350118992,206,10,3,3,7,0,0,0,0.70710678118654757,0.70710678118654757,0.43388373911755823,-0.90096886790241903,0,0,0,0,0,0,0,0,130,0.30952381000000001,-0.70588235294117652,1267,21.899999999999999,98,0.20000000000000001,0,0,0
2021-07-08 05:00:00,94,98,93,101,110,114,134.875,181,34.330000189972203,203,2,101.86904761904762,190,57.024373350118992,206,10,5,3,7,0,0,0,0.96592582628906831,0.25881904510252074,0.43388373911755823,-0.90096886790241903,0,0,0,0,0,0,0,0,314,0.81770833300000001,-0.18863049095607234,1789,22.300000000000001,98,0.40000000000000002,0,0,0
2021-07-08 06:00:00,102,98,110,106,105,115,134.875,181,34.330000189972203,203,2,101.86904761904762,190,57.024373350118992,206,10,6,3,7,0,0,0,1,6.123233995736766e-17,0.43388373911755823,-0.90096886790241903,0,0,0,0,0,0,0,0,58,0.13181818200000001,0.52631578947368418,1847,22.800000000000001,98,2.6000000000000001,0,0,0
2021-07-08 07:00:00,130,119,129,145,145,148,134.875,181,34.330000189972203,203,2,101.86904761904762,190,57.024373350118992,206,10,7,3,7,0,0,0,0.96592582628906831,-0.25881904510252063,0.43388373911755823,-0.90096886790241903,0,0,0,0,0,0,0,0,436,0.82264150899999999,-0.76394152680021654,2283,23.5,98,1.3999999999999999,0,0,0
2021-07-08 08:00:00,181,180,182,203,193,194,134.875,181,34.330000189972203,203,2,101.86904761904762,190,57.024373350118992,206,10,8,3,7,0,0,0,0.86602540378443871,-0.49999999999999978,0.43388373911755823,-0.90096886790241903,0,1,0,0,0,0,0,0,560,0.84337349399999995,-0.17037037037037037,2843,23.699999999999999,98,2.3999999999999999,0.10000000000000001,0,0
2021-07-08 15:00:00,158,158,164,176,173,197,134.875,181,34.330000189972203,203,2,101.86904761904762,190,57.024373350118992,206,10,15,3,7,0,0,0,-0.70710678118654713,-0.70710678118654791,0.43388373911755823,-0.90096886790241903,1,0,0,0,0,0,0,0,350,0.54517134,-0.71026490066225167,7957,24.600000000000001,93,1.7,0.90000000000000002,0.60000000000000142,0
2021-07-08 19:00:00,157,151,163,169,157,171,134.875,181,34.330000189972203,203,2,101.86904761904762,190,57.024373350118992,206,10,19,3,7,0,0,0,-0.96592582628906842,0.2588190451025203,0.43388373911755823,-0.90096886790241903,0,0,0,0,0,0,0,0,5585,9.5144804090000008,1.4062903920723826,19487,22.199999999999999,98,1,16.199999999999999,0,0
2021-07-08 20:00:00,117,134,142,127,138,147,134.875,181,34.330000189972203,203,2,101.86904761904762,190,57.024373350118992,206,10,20,3,7,0,0,0,-0.8660254037844386,0.50000000000000011,0.43388373911755823,-0.90096886790241903,0,0,0,0,0,0,0,0,26,0.050096338999999997,-0.83950617283950613,19513,22.199999999999999,98,0.40000000000000002,17.199999999999999,0,0
2021-07-08 23:00:00,105,106,108,110,114,124,134.875,181,34.330000189972203,203,2,101.86904761904762,190,57.024373350118992,206,10,23,3,7,0,0,0,-0.25881904510252157,0.96592582628906809,0.43388373911755823,-0.90096886790241903,0,0,0,0,0,0,0,0,0,0,-1,19519,21.899999999999999,98,0.40000000000000002,17.199999999999999,0,0
2021-07-09 00:00:00,73,76,68,78,89,69,136.33333333333334,190,34.456862340016563,201,5,101.5,190,56.718022988610265,203,9,0,4,7,0,0,0,0,1,-0.43388373911755801,-0.90096886790241915,0,0,0,0,0,0,0,0,0,0,-1,0,22,98,0.59999999999999998,0,0,0
2021-07-09 01:00:00,99,102,106,104,112,115,136.33333333333334,190,34.456862340016563,201,5,101.5,190,56.718022988610265,203,9,1,4,7,0,0,0,0.25881904510252074,0.96592582628906831,-0.43388373911755801,-0.90096886790241915,0,0,0,0,0,0,0,0,37,0.090686274999999997,-0.94736842105263153,37,22.100000000000001,98,0.69999999999999996,0,0,0
2021-07-09 03:00:00,105,110,108,115,115,115,136.33333333333334,190,34.456862340016563,201,5,101.5,190,56.718022988610265,203,9,3,4,7,0,0,0,0.70710678118654757,0.70710678118654757,-0.43388373911755801,-0.90096886790241915,0,0,0,0,0,0,0,0,0,0,-1,49,21.899999999999999,98,0.40000000000000002,2.5,0,0
2021-07-09 06:00:00,110,102,112,115,106,117,136.33333333333334,190,34.456862340016563,201,5,101.5,190,56.718022988610265,203,9,6,4,7,0,0,0,1,6.123233995736766e-17,-0.43388373911755801,-0.90096886790241915,0,0,0,0,0,0,0,0,0,0,-1,81,22.199999999999999,98,0.5,3.2000000000000002,0,0
2021-07-09 07:00:00,133,130,133,146,145,143,136.33333333333334,190,34.456862340016563,201,5,101.5,190,56.718022988610265,203,9,7,4,7,0,0,0,0.96592582628906831,-0.25881904510252063,-0.43388373911755801,-0.90096886790241915,0,0,0,0,0,0,0,0,536,0.97989031100000001,0.22935779816513763,617,22.300000000000001,98,1.1000000000000001,3.2999999999999998,0,0
2021-07-09 08:00:00,166,181,161,187,203,173,136.33333333333334,190,34.456862340016563,201,5,101.5,190,56.718022988610265,203,9,8,4,7,0,0,0,0.86602540378443871,-0.49999999999999978,-0.43388373911755801,-0.90096886790241915,0,1,0,0,0,0,0,0,564,0.81151079100000001,0.0071428571428571426,1181,22.699999999999999,98,0.69999999999999996,3.2999999999999998,0,0
2021-07-09 10:00:00,184,174,164,201,186,179,136.33333333333334,190,34.456862340016563,201,5,101.5,190,56.718022988610265,203,9,10,4,7,0,0,0,0.49999999999999994,-0.86602540378443871,-0.43388373911755801,-0.90096886790241915,1,0,0,0,0,0,0,0,1753,2.6804281350000001,14.651785714285714,3499,23.300000000000001,98,1.1000000000000001,3.2999999999999998,0,0
2021-07-09 11:00:00,190,178,179,192,183,186,136.33333333333334,190,34.456862340016563,201,5,101.5,190,56.718022988610265,203,9,11,4,7,0,0,0,0.25881904510252102,-0.9659258262890682,-0.43388373911755801,-0.90096886790241915,1,0,0,0,0,0,0,0,1082,1.584187408,0.92526690391459077,4581,24.699999999999999,96,0.10000000000000001,3.2999999999999998,0.69999999999999929,0
2021-07-09 15:00:00,161,158,143,184,176,160,136.33333333333334,190,34.456862340016563,201,5,101.5,190,56.718022988610265,203,9,15,4,7,0,0,0,-0.70710678118654713,-0.70710678118654791,-0.43388373911755801,-0.90096886790241915,1,0,0,0,0,0,0,0,774,1.1569506730000001,1.2114285714285715,8703,22.699999999999999,98,1.3999999999999999,4.7999999999999998,0,0
2021-07-09 17:00:00,128,138,147,155,179,175,136.33333333333334,190,34.456862340016563,201,5,101.5,190,56.718022988610265,203,9,17,4,7,0,0,0,-0.96592582628906831,-0.25881904510252063,-0.43388373911755801,-0.90096886790241915,1,0,0,0,0,0,0,0,955,1.66958042,10.104651162790697,11539,23.199999999999999,98,0.5,4.7999999999999998,0,0
2021-07-09 18:00:00,147,169,160,155,173,169,136.33333333333334,190,34.456862340016563,201,5,101.5,190,56.718022988610265,203,9,18,4,7,0,0,0,-1,-1.8369701987210297e-16,-0.43388373911755801,-0.90096886790241915,0,0,0,0,0,0,0,0,1186,1.7492625369999999,-0.66843723790886223,12725,23,98,1.2,4.7999999999999998,0,0
2021-07-09 19:00:00,147,157,136,153,169,149,136.33333333333334,190,34.456862340016563,201,5,101.5,190,56.718022988610265,203,9,19,4,7,0,0,0,-0.96592582628906842,0.2588190451025203,-0.43388373911755801,-0.90096886790241915,0,0,0,0,0,0,0,0,3718,6.9365671640000004,-0.3342882721575649,16443,23,98,0.29999999999999999,4.7999999999999998,0,0
2021-07-09 22:00:00,111,104,111,118,113,117,136.33333333333334,190,34.456862340016563,201,5,101.5,190,56.718022988610265,203,9,22,4,7,0,0,0,-0.50000000000000044,0.86602540378443837,-0.43388373911755801,-0.90096886790241915,0,0,0,0,0,0,0,0,45,0.110294118,0,16527,22.899999999999999,98,0.69999999999999996,4.7999999999999998,0,0
2021-07-10 00:00:00,73,73,67,78,78,76,131.5,181,34.302997714105551,192,3,101.4702380952381,190,56.970201854514819,203,11,0,5,7,1,0,0,0,1,-0.97492791218182362,-0.22252093395631459,0,0,0,0,0,0,0,0,0,0,0,0,22.300000000000001,98,0.29999999999999999,0,0,0
2021-07-10 04:00:00,104,106,104,106,109,112,131.5,181,34.302997714105551,192,3,101.4702380952381,190,56.970201854514819,203,11,4,5,7,1,0,0,0.8660254037844386,0.50000000000000011,-0.97492791218182362,-0.22252093395631459,0,0,0,0,0,0,0,0,30,0.075187970000000007,-0.0625,77,22,98,0.59999999999999998,0,0,0
2021-07-10 06:00:00,113,110,98,125,115,105,131.5,181,34.302997714105551,192,3,101.4702380952381,190,56.970201854514819,203,11,6,5,7,1,0,0,1,6.123233995736766e-17,-0.97492791218182362,-0.22252093395631459,0,0,0,0,0,0,0,0,120,0.297766749,0,197,22.399999999999999,98,1.2,0,0,0
2021-07-10 09:00:00,166,180,25,168,186,27,131.5,181,34.302997714105551,192,3,101.4702380952381,190,56.970201854514819,203,11,9,5,7,1,0,0,0.70710678118654757,-0.70710678118654746,-0.97492791218182362,-0.22252093395631459,1,0,0,0,0,0,0,0,0,0,-1,487,27.100000000000001,86,1.6000000000000001,0,3.1000000000000014,0
2021-07-10 11:00:00,171,190,23,176,192,23,131.5,181,34.302997714105551,192,3,101.4702380952381,190,56.970201854514819,203,11,11,5,7,1,0,0,0.25881904510252102,-0.9659258262890682,-0.97492791218182362,-0.22252093395631459,1,0,0,0,0,0,0,0,0,0,-1,487,28.399999999999999,75,1.3,0,4.3999999999999986,0
2021-07-10 14:00:00,181,184,22,192,200,23,131.5,181,34.302997714105551,192,3,101.4702380952381,190,56.970201854514819,203,11,14,5,7,1,0,0,-0.49999999999999972,-0.86602540378443882,-0.97492791218182362,-0.22252093395631459,1,0,0,0,0,0,0,0,0,0,-1,487,29.600000000000001,65,3.7999999999999998,0,5.6000000000000014,0
2021-07-10 16:00:00,171,174,23,176,186,26,131.5,181,34.302997714105551,192,3,101.4702380952381,190,56.970201854514819,203,11,16,5,7,1,0,0,-0.86602540378443849,-0.50000000000000044,-0.97492791218182362,-0.22252093395631459,1,0,0,0,0,0,0,0,0,0,-1,487,28.899999999999999,71,3.2999999999999998,0,4.8999999999999986,0
2021-07-11 00:00:00,65,73,22,70,78,23,46.208333333333336,101,32.111191556660216,106,0,101.58333333333333,190,56.676032453680214,203,11,0,6,7,0,1,0,0,1,-0.78183148246802991,0.62348980185873337,0,0,0,1,1,0,0,1,0,0,0,0,21.899999999999999,98,0.29999999999999999,0,0,0
2021-07-11 04:00:00,100,104,23,106,106,23,46.208333333333336,101,32.111191556660216,106,0,101.58333333333333,190,56.676032453680214,203,11,4,6,7,0,1,0,0.8660254037844386,0.50000000000000011,-0.78183148246802991,0.62348980185873337,0,0,0,1,1,0,0,1,0,0,-1,0,22.199999999999999,98,1.3,0,0,0
2021-07-11 05:00:00,83,98,24,97,105,27,46.208333333333336,101,32.111191556660216,106,0,101.58333333333333,190,56.676032453680214,203,11,5,6,7,0,1,0,0.96592582628906831,0.25881904510252074,-0.78183148246802991,0.62348980185873337,0,0,0,1,1,0,0,1,0,0,0,0,21.800000000000001,98,0.20000000000000001,0,0,0
2021-07-11 10:00:00,30,164,23,32,176,23,46.208333333333336,101,32.111191556660216,106,0,101.58333333333333,190,56.676032453680214,203,11,10,6,7,0,1,0,0.49999999999999994,-0.86602540378443871,-0.78183148246802991,0.62348980185873337,1,0,0,1,1,0,0,1,0,0,0,0,30.399999999999999,68,2.3999999999999999,0,6.3999999999999986,0
2021-07-11 11:00:00,29,171,26,31,176,28,46.208333333333336,101,32.111191556660216,106,0,101.58333333333333,190,56.676032453680214,203,11,11,6,7,0,1,0,0.25881904510252102,-0.9659258262890682,-0.78183148246802991,0.62348980185873337,1,0,0,1,1,0,0,1,0,0,0,0,30.800000000000001,61,3.1000000000000001,0,6.8000000000000007,0
2021-07-11 13:00:00,25,174,23,28,186,24,46.208333333333336,101,32.111191556660216,106,0,101.58333333333333,190,56.676032453680214,203,11,13,6,7,0,1,0,-0.25881904510252079,-0.96592582628906831,-0.78183148246802991,0.62348980185873337,1,0,1,1,1,0,0,1,0,0,0,0,31.800000000000001,57,3.8999999999999999,0,7.8000000000000007,0
2021-07-11 15:00:00,24,167,24,25,188,27,46.208333333333336,101,32.111191556660216,106,0,101.58333333333333,190,56.676032453680214,203,11,15,6,7,0,1,0,-0.70710678118654713,-0.70710678118654791,-0.78183148246802991,0.62348980185873337,1,0,0,1,1,0,0,1,0,0,0,0,28.300000000000001,77,1.5,0,4.3000000000000007,0
2021-07-11 17:00:00,23,143,22,23,165,22,46.208333333333336,101,32.111191556660216,106,0,101.58333333333333,190,56.676032453680214,203,11,17,6,7,0,1,0,-0.96592582628906831,-0.25881904510252063,-0.78183148246802991,0.62348980185873337,1,0,0,1,1,0,0,1,0,0,0,0,28.699999999999999,81,1.1000000000000001,0,4.6999999999999993,0
2021-07-12 00:00:00,23,65,25,23,70,28,23.541666666666668,26,1.178767472307612,28,0,101.61309523809524,190,56.634866389538956,203,11,0,0,7,0,0,0,0,1,0,1,0,0,0,0,0,1,1,1,0,0,0,0,23.600000000000001,95,1.1000000000000001,0,0,0
2021-07-12 03:00:00,23,97,24,24,106,25,23.541666666666668,26,1.178767472307612,28,0,101.61309523809524,190,56.634866389538956,203,11,3,0,7,0,0,0,0.70710678118654757,0.70710678118654757,0,1,0,0,0,0,0,1,1,1,0,0,0,0,23.5,98,2,0,0,0
2021-07-12 08:00:00,24,26,168,27,27,183,23.541666666666668,26,1.178767472307612,28,0,101.61309523809524,190,56.634866389538956,203,11,8,0,7,0,0,0,0.86602540378443871,-0.49999999999999978,0,1,0,1,0,0,0,1,1,1,522,0.70350404300000002,0,522,28.399999999999999,81,1.3,0,4.3999999999999986,0
2021-07-12 09:00:00,22,27,170,22,27,175,23.541666666666668,26,1.178767472307612,28,0,101.61309523809524,190,56.634866389538956,203,11,9,0,7,0,0,0,0.70710678118654757,-0.70710678118654746,0,1,1,0,0,0,0,1,1,1,498,0.65098039200000002,0,1020,30.300000000000001,72,1.1000000000000001,0,6.3000000000000007,0
2021-07-12 15:00:00,24,24,160,24,25,183,23.541666666666668,26,1.178767472307612,28,0,101.61309523809524,190,56.634866389538956,203,11,15,0,7,0,0,0,-0.70710678118654713,-0.70710678118654791,0,1,1,0,0,0,0,1,1,1,1018,1.5518292680000001,0,11039,30.600000000000001,70,2.2999999999999998,0,6.6000000000000014,0
2021-07-12 16:00:00,25,24,158,26,27,173,23.541666666666668,26,1.178767472307612,28,0,101.61309523809524,190,56.634866389538956,203,11,16,0,7,0,0,0,-0.86602540378443849,-0.50000000000000044,0,1,1,0,0,0,0,1,1,1,1233,1.774100719,0,12272,29.600000000000001,70,1.3999999999999999,0,5.6000000000000014,0
2021-07-12 18:00:00,23,22,158,26,22,163,23.541666666666668,26,1.178767472307612,28,0,101.61309523809524,190,56.634866389538956,203,11,18,0,7,0,0,0,-1,-1.8369701987210297e-16,0,1,0,0,0,0,0,1,1,1,1047,1.6671974519999999,0,13828,28,82,1.1000000000000001,0,4,0
2021-07-12 19:00:00,22,24,139,23,26,153,23.541666666666668,26,1.178767472307612,28,0,101.61309523809524,190,56.634866389538956,203,11,19,0,7,0,0,0,-0.96592582628906842,0.2588190451025203,0,1,0,0,0,0,0,1,1,1,2885,4.6012759169999997,0,16713,27,88,0.5,0,3,0
2021-07-12 20:00:00,23,22,120,23,23,130,23.541666666666668,26,1.178767472307612,28,0,101.61309523809524,190,56.634866389538956,203,11,20,0,7,0,0,0,-0.8660254037844386,0.50000000000000011,0,1,0,0,0,0,0,1,1,1,6,0.012024048000000001,0,16719,27,90,2,0,3,0
2021-07-12 21:00:00,25,22,117,28,23,124,23.541666666666668,26,1.178767472307612,28,0,101.61309523809524,190,56.634866389538956,203,11,21,0,7,0,0,0,-0.70710678118654768,0.70710678118654735,0,1,0,0,0,0,0,1,1,1,217,0.45397489499999999,0,16936,26.300000000000001,93,2,0,2.3000000000000007,0
2021-07-14 03:00:00,110,24,110,115,27,115,136.08333333333334,188,32.853980854243943,190,4,102.92857142857143,191,57.691993594372043,203,19,3,2,7,0,0,0,0.70710678118654757,0.70710678118654757,0.97492791218182362,-0.22252093395631434,0,0,0,0,0,0,0,0,111,0.27139364300000002,0,958,25.600000000000001,88,2.1000000000000001,0,1.6000000000000014,0
2021-07-14 11:00:00,139,186,178,167,188,183,136.08333333333334,188,32.853980854243943,190,4,102.92857142857143,191,57.691993594372043,203,19,11,2,7,0,0,0,0.25881904510252102,-0.9659258262890682,0.97492791218182362,-0.22252093395631434,1,0,0,0,0,0,0,0,1796,2.4237516870000002,0,7132,30.399999999999999,74,1.8999999999999999,0,6.3999999999999986,0
2021-07-14 12:00:00,123,115,112,129,134,131,136.08333333333334,188,32.853980854243943,190,4,102.92857142857143,191,57.691993594372043,203,19,12,2,7,0,0,0,1.2246467991473532e-16,-1,0.97492791218182362,-0.22252093395631434,1,0,0,0,0,0,0,0,88,0.221662469,0,7220,31.5,74,1.8999999999999999,0,7.5,0
2021-07-14 14:00:00,150,184,175,174,190,185,136.08333333333334,188,32.853980854243943,190,4,102.92857142857143,191,57.691993594372043,203,19,14,2,7,0,0,0,-0.49999999999999972,-0.86602540378443882,0.97492791218182362,-0.22252093395631434,1,0,0,0,0,0,0,0,1154,1.6230661040000001,0,9938,32.100000000000001,71,2,0,8.1000000000000014,0
2021-07-14 19:00:00,174,157,157,187,175,169,136.08333333333334,188,32.853980854243943,190,4,102.92857142857143,191,57.691993594372043,203,19,19,2,7,0,0,0,-0.96592582628906842,0.2588190451025203,0.97492791218182362,-0.22252093395631434,0,0,0,0,0,0,0,0,1793,3.2481884060000001,0,16806,27.600000000000001,88,0.29999999999999999,0,3.6000000000000014,0
2021-07-16 00:00:00,67,73,73,70,75,78,135.66666666666666,198,37.483522950139552,202,5,102.31547619047619,198,57.617688971414061,202,19,0,4,7,0,0,0,0,1,-0.43388373911755801,-0.90096886790241915,0,0,0,0,0,0,0,0,36,0.13793103400000001,0,36,23.899999999999999,98,1.5,0,0,0
2021-07-16 02:00:00,111,105,110,119,109,114,135.66666666666666,198,37.483522950139552,202,5,102.31547619047619,198,57.617688971414061,202,19,2,4,7,0,0,0,0.49999999999999994,0.86602540378443871,-0.43388373911755801,-0.90096886790241915,0,0,0,0,0,0,0,0,37,0.091358024999999995,0,147,23.800000000000001,98,0.29999999999999999,0,0,0
2021-07-16 03:00:00,109,102,99,111,114,109,135.66666666666666,198,37.483522950139552,202,5,102.31547619047619,198,57.617688971414061,202,19,3,4,7,0,0,0,0.70710678118654757,0.70710678118654757,-0.43388373911755801,-0.90096886790241915,0,0,0,0,0,0,0,0,175,0.41079812199999999,0,322,23.399999999999999,98,1.1000000000000001,0,0,0
2021-07-16 06:00:00,103,106,113,108,112,125,135.66666666666666,198,37.483522950139552,202,5,102.31547619047619,198,57.617688971414061,202,19,6,4,7,0,0,0,1,6.123233995736766e-17,-0.43388373911755801,-0.90096886790241915,0,0,0,0,0,0,0,0,304,0.71698113200000002,0,929,24.899999999999999,97,1.1000000000000001,0,0.89999999999999858,0
2021-07-16 10:00:00,108,175,164,110,185,176,135.66666666666666,198,37.483522950139552,202,5,102.31547619047619,198,57.617688971414061,202,19,10,4,7,0,0,0,0.49999999999999994,-0.86602540378443871,-0.43388373911755801,-0.90096886790241915,1,0,0,0,0,0,0,0,4118,6.1007407410000001,0,8028,29,76,3.2999999999999998,0,5,0
2021-07-16 16:00:00,184,154,171,193,156,176,135.66666666666666,198,37.483522950139552,202,5,102.31547619047619,198,57.617688971414061,202,19,16,4,7,0,0,0,-0.86602540378443849,-0.50000000000000044,-0.43388373911755801,-0.90096886790241915,1,0,0,0,0,0,0,0,2823,4.2837632780000003,0,18939,27,80,2.2000000000000002,0,3,0
2021-07-17 00:00:00,65,67,65,67,70,70,132.20833333333334,188,35.520941975693724,197,5,102.41666666666667,198,57.771220967328375,202,21,0,5,7,1,0,0,0,1,-0.97492791218182362,-0.22252093395631459,0,0,0,0,0,0,0,0,21,0.082677164999999997,-0.41666666666666669,21,24.600000000000001,95,1.1000000000000001,0,0.60000000000000142,0
2021-07-17 04:00:00,106,110,100,109,121,106,132.20833333333334,188,35.520941975693724,197,5,102.41666666666667,198,57.771220967328375,202,21,4,5,7,1,0,0,0.8660254037844386,0.50000000000000011,-0.97492791218182362,-0.22252093395631459,0,0,0,0,0,0,0,0,95,0.24675324700000001,-0.54976303317535546,780,23.899999999999999,98,1.3,0,0,0
2021-07-17 06:00:00,106,103,101,109,108,104,132.20833333333334,188,35.520941975693724,197,5,102.41666666666667,198,57.771220967328375,202,21,6,5,7,1,0,0,1,6.123233995736766e-17,-0.97492791218182362,-0.22252093395631459,0,0,0,0,0,0,0,0,30,0.088235294000000006,-0.90131578947368418,873,25.300000000000001,94,1.8,0,1.3000000000000007,0
2021-07-17 07:00:00,135,107,75,157,110,105,132.20833333333334,188,35.520941975693724,197,5,102.41666666666667,198,57.771220967328375,202,21,7,5,7,1,0,0,0.96592582628906831,-0.25881904510252063,-0.97492791218182362,-0.22252093395631459,0,0,0,0,0,0,0,0,994,4.340611354,0.76554174067495562,1867,25.5,87,1,0,1.5,0
2021-07-17 16:00:00,165,184,24,178,193,27,132.20833333333334,188,35.520941975693724,197,5,102.41666666666667,198,57.771220967328375,202,21,16,5,7,1,0,0,-0.86602540378443849,-0.50000000000000044,-0.97492791218182362,-0.22252093395631459,1,0,0,0,0,0,0,0,0,0,-1,1867,28.399999999999999,68,2.2999999999999998,0.59999999999999998,4.3999999999999986,0
2021-07-17 17:00:00,138,172,23,176,174,23,132.20833333333334,188,35.520941975693724,197,5,102.41666666666667,198,57.771220967328375,202,21,17,5,7,1,0,0,-0.96592582628906831,-0.25881904510252063,-0.97492791218182362,-0.22252093395631459,1,0,0,0,0,0,0,0,0,0,-1,1867,26.399999999999999,76,2.2999999999999998,0.59999999999999998,2.3999999999999986,0
2021-07-17 18:00:00,158,192,22,168,202,22,132.20833333333334,188,35.520941975693724,197,5,102.41666666666667,198,57.771220967328375,202,21,18,5,7,1,0,0,-1,-1.8369701987210297e-16,-0.97492791218182362,-0.22252093395631459,0,0,0,0,0,0,0,0,0,0,-1,1867,25.899999999999999,78,2.6000000000000001,0.59999999999999998,1.8999999999999986,0
2021-07-17 19:00:00,136,160,24,146,162,26,132.20833333333334,188,35.520941975693724,197,5,102.41666666666667,198,57.771220967328375,202,21,19,5,7,1,0,0,-0.96592582628906842,0.2588190451025203,-0.97492791218182362,-0.22252093395631459,0,0,0,0,0,0,0,0,0,0,-1,1867,25.300000000000001,84,0.69999999999999996,0.59999999999999998,1.3000000000000007,0
2021-07-17 21:00:00,114,187,22,120,190,23,132.20833333333334,188,35.520941975693724,197,5,102.41666666666667,198,57.771220967328375,202,21,21,5,7,1,0,0,-0.70710678118654768,0.70710678118654735,-0.97492791218182362,-0.22252093395631459,0,0,0,0,0,0,0,0,0,0,-1,1867,25.399999999999999,82,0.5,0.59999999999999998,1.3999999999999986,0
2021-07-17 23:00:00,101,187,22,118,193,23,132.20833333333334,188,35.520941975693724,197,5,102.41666666666667,198,57.771220967328375,202,21,23,5,7,1,0,0,-0.25881904510252157,0.96592582628906809,-0.97492791218182362,-0.22252093395631459,0,0,0,0,0,0,0,0,0,0,-1,1867,25,88,1,0.59999999999999998,1,0
2021-07-18 02:00:00,98,101,23,105,103,23,44,101,30.867176882504264,110,0,102.10119047619048,198,57.991393113297249,202,21,2,6,7,0,1,0,0.49999999999999994,0.86602540378443871,-0.78183148246802991,0.62348980185873337,0,0,0,1,1,0,0,1,0,0,-1,0,24.199999999999999,94,1.3999999999999999,0,0.19999999999999929,0
2021-07-18 04:00:00,96,106,23,103,109,24,44,101,30.867176882504264,110,0,102.10119047619048,198,57.991393113297249,202,21,4,6,7,0,1,0,0.8660254037844386,0.50000000000000011,-0.78183148246802991,0.62348980185873337,0,0,0,1,1,0,0,1,0,0,-1,0,23.600000000000001,97,1.3999999999999999,0,0,0
2021-07-18 05:00:00,84,88,24,108,107,27,44,101,30.867176882504264,110,0,102.10119047619048,198,57.991393113297249,202,21,5,6,7,0,1,0,0.96592582628906831,0.25881904510252074,-0.78183148246802991,0.62348980185873337,0,0,0,1,1,0,0,1,0,0,-1,0,23.5,98,1.3,0,0,0
2021-07-18 08:00:00,25,187,24,27,194,27,44,101,30.867176882504264,110,0,102.10119047619048,198,57.991393113297249,202,21,8,6,7,0,1,0,0.86602540378443871,-0.49999999999999978,-0.78183148246802991,0.62348980185873337,0,1,0,1,1,0,0,1,0,0,0,0,27.199999999999999,81,2.2000000000000002,0,3.1999999999999993,0
2021-07-18 11:00:00,24,188,25,27,197,28,44,101,30.867176882504264,110,0,102.10119047619048,198,57.991393113297249,202,21,11,6,7,0,1,0,0.25881904510252102,-0.9659258262890682,-0.78183148246802991,0.62348980185873337,1,0,0,1,1,0,0,1,0,0,0,0,28.100000000000001,76,1.8,0,4.1000000000000014,0
2021-07-18 15:00:00,25,158,24,28,189,24,44,101,30.867176882504264,110,0,102.10119047619048,198,57.991393113297249,202,21,15,6,7,0,1,0,-0.70710678118654713,-0.70710678118654791,-0.78183148246802991,0.62348980185873337,1,0,0,1,1,0,0,1,0,0,0,0,27.800000000000001,74,3.1000000000000001,0,3.8000000000000007,0
2021-07-18 17:00:00,22,138,24,23,176,26,44,101,30.867176882504264,110,0,102.10119047619048,198,57.991393113297249,202,21,17,6,7,0,1,0,-0.96592582628906831,-0.25881904510252063,-0.78183148246802991,0.62348980185873337,1,0,0,1,1,0,0,1,0,0,0,0,27.699999999999999,74,2.6000000000000001,0,3.6999999999999993,0
2021-07-18 21:00:00,24,114,25,24,120,28,44,101,30.867176882504264,110,0,102.10119047619048,198,57.991393113297249,202,21,21,6,7,0,1,0,-0.70710678118654768,0.70710678118654735,-0.78183148246802991,0.62348980185873337,0,0,0,1,1,0,0,1,0,0,0,0,24.699999999999999,93,2.1000000000000001,0,0.69999999999999929,0
2021-07-18 23:00:00,23,101,23,24,118,23,44,101,30.867176882504264,110,0,102.10119047619048,198,57.991393113297249,202,21,23,6,7,0,1,0,-0.25881904510252157,0.96592582628906809,-0.78183148246802991,0.62348980185873337,0,0,0,1,1,0,0,1,0,0,0,0,24.600000000000001,92,0.69999999999999996,0,0.60000000000000142,0
2021-07-19 00:00:00,23,64,25,24,66,26,23.625,25,0.92372120780551836,28,0,102.11309523809524,198,57.974537627450005,202,21,0,0,7,0,0,0,0,1,0,1,0,0,0,0,0,1,1,1,0,0,0,0,24.300000000000001,91,1.8999999999999999,0,0.30000000000000071,0
2021-07-19 02:00:00,23,98,23,24,105,23,23.625,25,0.92372120780551836,28,0,102.11309523809524,198,57.974537627450005,202,21,2,0,7,0,0,0,0.49999999999999994,0.86602540378443871,0,1,0,0,0,0,0,1,1,1,0,0,0,0,23.699999999999999,93,1.2,0,0,0
2021-07-19 03:00:00,23,94,24,24,102,27,23.625,25,0.92372120780551836,28,0,102.11309523809524,198,57.974537627450005,202,21,3,0,7,0,0,0,0.70710678118654757,0.70710678118654757,0,1,0,0,0,0,0,1,1,1,0,0,0,0,23.600000000000001,95,1,0,0,0
2021-07-19 04:00:00,25,96,22,28,103,23,23.625,25,0.92372120780551836,28,0,102.11309523809524,198,57.974537627450005,202,21,4,0,7,0,0,0,0.8660254037844386,0.50000000000000011,0,1,0,0,0,0,0,1,1,1,0,0,0,0,23.600000000000001,95,1.3,0,0,0
2021-07-19 07:00:00,25,57,65,28,88,123,23.625,25,0.92372120780551836,28,0,102.11309523809524,198,57.974537627450005,202,21,7,0,7,0,0,0,0.96592582628906831,-0.25881904510252063,0,1,0,0,0,0,0,1,1,1,0,0,0,0,25,91,2,0,1,0
2021-07-19 14:00:00,25,23,184,27,24,190,23.625,25,0.92372120780551836,28,0,102.11309523809524,198,57.974537627450005,202,21,14,0,7,0,0,0,-0.49999999999999972,-0.86602540378443882,0,1,1,0,0,0,0,1,1,1,2075,2.9143258429999999,0,6603,28.5,72,1.2,0,4.5,0
2021-07-19 16:00:00,23,23,174,23,24,177,23.625,25,0.92372120780551836,28,0,102.11309523809524,198,57.974537627450005,202,21,16,0,7,0,0,0,-0.86602540378443849,-0.50000000000000044,0,1,1,0,0,0,0,1,1,1,1495,2.0395634380000001,0,10351,29.5,67,1.3999999999999999,0,5.5,0
2021-07-19 19:00:00,23,23,157,23,23,175,23.625,25,0.92372120780551836,28,0,102.11309523809524,198,57.974537627450005,202,21,19,0,7,0,0,0,-0.96592582628906842,0.2588190451025203,0,1,0,0,0,0,0,1,1,1,1962,3.2537313430000001,0,13167,27.5,76,0.69999999999999996,0,3.5,0
2021-07-19 20:00:00,23,23,125,23,23,136,23.625,25,0.92372120780551836,28,0,102.11309523809524,198,57.974537627450005,202,21,20,0,7,0,0,0,-0.8660254037844386,0.50000000000000011,0,1,0,0,0,0,0,1,1,1,72,0.141453831,0,13239,26.300000000000001,84,0.69999999999999996,0,2.3000000000000007,0
2021-07-19 21:00:00,25,24,120,28,24,133,23.625,25,0.92372120780551836,28,0,102.11309523809524,198,57.974537627450005,202,21,21,0,7,0,0,0,-0.70710678118654768,0.70710678118654735,0,1,0,0,0,0,0,1,1,1,94,0.18951612900000001,0,13333,25.699999999999999,92,0,0,1.6999999999999993,0
2021-07-20 01:00:00,24,25,96,24,28,119,114.41666666666667,199,67.059945063235091,222,9,102.46428571428571,199,58.31464240863707,222,25,1,1,7,0,0,0,0.25881904510252074,0.96592582628906831,0.7818314824680298,0.62348980185873359,0,0,0,0,0,0,0,0,567,1.413965087,0,2151,25.699999999999999,93,0.20000000000000001,0,1.6999999999999993,0
2021-07-20 02:00:00,23,23,112,24,24,117,114.41666666666667,199,67.059945063235091,222,9,102.46428571428571,199,58.31464240863707,222,25,2,1,7,0,0,0,0.49999999999999994,0.86602540378443871,0.7818314824680298,0.62348980185873359,0,0,0,0,0,0,0,0,591,1.4309927360000001,0,2742,25.699999999999999,94,0.20000000000000001,0,1.6999999999999993,0
2021-07-20 06:00:00,23,23,123,23,23,125,114.41666666666667,199,67.059945063235091,222,9,102.46428571428571,199,58.31464240863707,222,25,6,1,7,0,0,0,1,6.123233995736766e-17,0.7818314824680298,0.62348980185873359,0,0,0,0,0,0,0,0,102,0.23181818200000001,0,4420,26.699999999999999,90,0.80000000000000004,0,2.6999999999999993,0
2021-07-20 09:00:00,179,23,112,185,23,118,114.41666666666667,199,67.059945063235091,222,9,102.46428571428571,199,58.31464240863707,222,25,9,1,7,0,0,0,0.70710678118654757,-0.70710678118654746,0.7818314824680298,0.62348980185873359,1,0,0,0,0,0,0,0,1828,2.3895424840000001,0.2774283717679944,8582,30.800000000000001,57,1.3999999999999999,0,6.8000000000000007,0
2021-07-20 10:00:00,185,23,124,209,23,138,114.41666666666667,199,67.059945063235091,222,9,102.46428571428571,199,58.31464240863707,222,25,10,1,7,0,0,0,0.49999999999999994,-0.86602540378443871,0.7818314824680298,0.62348980185873359,1,0,0,0,0,0,0,0,1282,1.7002652519999999,1.2570422535211268,9864,31.100000000000001,58,1.2,0,7.1000000000000014,0
2021-07-20 11:00:00,199,25,139,222,27,167,114.41666666666667,199,67.059945063235091,222,9,102.46428571428571,199,58.31464240863707,222,25,11,1,7,0,0,0,0.25881904510252102,-0.9659258262890682,0.7818314824680298,0.62348980185873359,1,0,0,0,0,0,0,0,1327,1.743758213,0.036718750000000001,11191,31.699999999999999,60,2.7999999999999998,0,7.6999999999999993,0
2021-07-20 13:00:00,178,23,107,193,23,112,114.41666666666667,199,67.059945063235091,222,9,102.46428571428571,199,58.31464240863707,222,25,13,1,7,0,0,0,-0.25881904510252079,-0.96592582628906831,0.7818314824680298,0.62348980185873359,1,0,1,0,0,0,0,0,1234,1.7355836849999999,0.91317829457364341,12425,30.100000000000001,60,3.7999999999999998,0,6.1000000000000014,0
2021-07-20 18:00:00,171,24,152,188,25,160,114.41666666666667,199,67.059945063235091,222,9,102.46428571428571,199,58.31464240863707,222,25,18,1,7,0,0,0,-1,-1.8369701987210297e-16,0.7818314824680298,0.62348980185873359,0,0,0,0,0,0,0,0,2031,2.9097421200000002,3.3677419354838709,18982,27.5,74,1.3,0,3.5,0
2021-07-20 21:00:00,124,25,174,129,28,179,114.41666666666667,199,67.059945063235091,222,9,102.46428571428571,199,58.31464240863707,222,25,21,1,7,0,0,0,-0.70710678118654768,0.70710678118654735,0.7818314824680298,0.62348980185873359,0,0,0,0,0,0,0,0,562,1.084942085,4.9787234042553195,23130,26.100000000000001,79,1.5,0,2.1000000000000014,0
2021-07-20 22:00:00,106,24,178,114,24,187,114.41666666666667,199,67.059945063235091,222,9,102.46428571428571,199,58.31464240863707,222,25,22,1,7,0,0,0,-0.50000000000000044,0.86602540378443837,0.7818314824680298,0.62348980185873359,0,0,0,0,0,0,0,0,235,0.524553571,2.3571428571428572,23365,25.899999999999999,79,1.3999999999999999,0,1.8999999999999986,0
2021-07-21 01:00:00,100,24,102,112,24,112,140.45833333333334,191,38.541879161184845,201,8,103.08928571428571,199,59.17059780833479,222,29,1,2,7,0,0,0,0.25881904510252074,0.96592582628906831,0.97492791218182362,-0.22252093395631434,0,0,0,0,0,0,0,0,270,0.63380281699999996,-0.52380952380952384,556,24.100000000000001,90,0.90000000000000002,0,0.10000000000000142,0
2021-07-21 02:00:00,103,23,105,106,24,109,140.45833333333334,191,38.541879161184845,201,8,103.08928571428571,199,59.17059780833479,222,29,2,2,7,0,0,0,0.49999999999999994,0.86602540378443871,0.97492791218182362,-0.22252093395631434,0,0,0,0,0,0,0,0,126,0.31658291500000002,-0.78680203045685282,682,24.300000000000001,89,1.3,0,0.30000000000000071,0
2021-07-21 03:00:00,105,23,102,116,24,114,140.45833333333334,191,38.541879161184845,201,8,103.08928571428571,199,59.17059780833479,222,29,3,2,7,0,0,0,0.70710678118654757,0.70710678118654757,0.97492791218182362,-0.22252093395631434,0,0,0,0,0,0,0,0,528,1.3004926109999999,0.34693877551020408,1210,23.199999999999999,95,1.3,0,0,0
2021-07-21 04:00:00,107,25,105,110,27,107,140.45833333333334,191,38.541879161184845,201,8,103.08928571428571,199,59.17059780833479,222,29,4,2,7,0,0,0,0.8660254037844386,0.50000000000000011,0.97492791218182362,-0.22252093395631434,0,0,0,0,0,0,0,0,158,0.37002341900000002,-0.80150753768844218,1368,23,98,0.90000000000000002,0,0,0
2021-07-21 06:00:00,110,23,106,117,23,112,140.45833333333334,191,38.541879161184845,201,8,103.08928571428571,199,59.17059780833479,222,29,6,2,7,0,0,0,1,6.123233995736766e-17,0.97492791218182362,-0.22252093395631434,0,0,0,0,0,0,0,0,56,0.13238770699999999,-0.45098039215686275,1611,24.699999999999999,92,1.7,0,0.69999999999999929,0
2021-07-21 08:00:00,188,188,179,201,200,186,140.45833333333334,191,38.541879161184845,201,8,103.08928571428571,199,59.17059780833479,222,29,8,2,7,0,0,0,0.86602540378443871,-0.49999999999999978,0.97492791218182362,-0.22252093395631434,0,1,0,0,0,0,0,0,933,1.2085492229999999,-0.25240384615384615,3386,28.300000000000001,75,1.8999999999999999,0,4.3000000000000007,0
2021-07-21 09:00:00,191,179,185,200,185,195,140.45833333333334,191,38.541879161184845,201,8,103.08928571428571,199,59.17059780833479,222,29,9,2,7,0,0,0,0.70710678118654757,-0.70710678118654746,0.97492791218182362,-0.22252093395631434,1,0,0,0,0,0,0,0,1013,1.2444717439999999,-0.44584245076586432,4399,29.100000000000001,72,2.7999999999999998,0,5.1000000000000014,0
2021-07-21 10:00:00,189,185,175,197,209,185,140.45833333333334,191,38.541879161184845,201,8,103.08928571428571,199,59.17059780833479,222,29,10,2,7,0,0,0,0.49999999999999994,-0.86602540378443871,0.97492791218182362,-0.22252093395631434,1,0,0,0,0,0,0,0,628,0.87587168800000004,-0.51014040561622465,5027,29.100000000000001,67,3.7999999999999998,0,5.1000000000000014,0
2021-07-21 11:00:00,190,199,185,192,222,193,140.45833333333334,191,38.541879161184845,201,8,103.08928571428571,199,59.17059780833479,222,29,11,2,7,0,0,0,0.25881904510252102,-0.9659258262890682,0.97492791218182362,-0.22252093395631434,1,0,0,0,0,0,0,0,1336,1.699745547,0.006782215523737754,6363,29.300000000000001,71,3,0,5.3000000000000007,0
2021-07-21 15:00:00,167,169,134,199,201,141,140.45833333333334,191,38.541879161184845,201,8,103.08928571428571,199,59.17059780833479,222,29,15,2,7,0,0,0,-0.70710678118654713,-0.70710678118654791,0.97492791218182362,-0.22252093395631434,1,0,0,0,0,0,0,0,4021,5.8786549709999996,8.5966587112171844,13355,28.899999999999999,77,2.8999999999999999,0,4.8999999999999986,0
2021-07-21 18:00:00,175,171,165,182,188,169,140.45833333333334,191,38.541879161184845,201,8,103.08928571428571,199,59.17059780833479,222,29,18,2,7,0,0,0,-1,-1.8369701987210297e-16,0.97492791218182362,-0.22252093395631434,0,0,0,0,0,0,0,0,972,1.497688752,-0.5214180206794683,15785,27,82,2.5,0,3,0
2021-07-21 20:00:00,127,127,112,132,136,120,140.45833333333334,191,38.541879161184845,201,8,103.08928571428571,199,59.17059780833479,222,29,20,2,7,0,0,0,-0.8660254037844386,0.50000000000000011,0.97492791218182362,-0.22252093395631434,0,0,0,0,0,0,0,0,0,0,-1,18907,26.300000000000001,85,2.7999999999999998,0,2.3000000000000007,0
2021-07-21 21:00:00,130,124,112,137,129,113,140.45833333333334,191,38.541879161184845,201,8,103.08928571428571,199,59.17059780833479,222,29,21,2,7,0,0,0,-0.70710678118654768,0.70710678118654735,0.97492791218182362,-0.22252093395631434,0,0,0,0,0,0,0,0,273,0.58333333300000001,-0.51423487544483981,19180,26.399999999999999,82,2.7000000000000002,0,2.3999999999999986,0
2021-07-21 22:00:00,112,106,110,121,114,115,140.45833333333334,191,38.541879161184845,201,8,103.08928571428571,199,59.17059780833479,222,29,22,2,7,0,0,0,-0.50000000000000044,0.86602540378443837,0.97492791218182362,-0.22252093395631434,0,0,0,0,0,0,0,0,275,0.66425120800000004,0.1702127659574468,19455,26,84,1.7,0,2,0
2021-07-21 23:00:00,109,110,104,117,120,112,140.45833333333334,191,38.541879161184845,201,8,103.08928571428571,199,59.17059780833479,222,29,23,2,7,0,0,0,-0.25881904510252157,0.96592582628906809,0.97492791218182362,-0.22252093395631434,0,0,0,0,0,0,0,0,6,0.014563107,-0.94444444444444442,19461,26.100000000000001,85,1.5,0,2.1000000000000014,0
2021-07-22 00:00:00,78,71,67,85,76,70,140.875,204,40.182531895902592,214,8,104.46428571428571,204,60.423346090564564,222,35,0,3,7,0,0,0,0,1,0.43388373911755823,-0.90096886790241903,0,0,0,0,0,0,0,0,222,0.78723404299999999,-0.22377622377622378,222,25.699999999999999,87,1.8,0,1.6999999999999993,0
2021-07-22 02:00:00,100,103,111,108,106,119,140.875,204,40.182531895902592,214,8,104.46428571428571,204,60.423346090564564,222,35,2,3,7,0,0,0,0.49999999999999994,0.86602540378443871,0.43388373911755823,-0.90096886790241903,0,0,0,0,0,0,0,0,23,0.055961071000000001,-0.81746031746031744,395,25.199999999999999,91,1.8,0,1.1999999999999993,0
2021-07-22 06:00:00,106,110,103,110,117,108,140.875,204,40.182531895902592,214,8,104.46428571428571,204,60.423346090564564,222,35,6,3,7,0,0,0,1,6.123233995736766e-17,0.43388373911755823,-0.90096886790241903,0,0,0,0,0,0,0,0,482,1.139479905,7.6071428571428568,1121,25.699999999999999,90,1.6000000000000001,0,1.6999999999999993,0
2021-07-22 07:00:00,128,133,107,149,148,110,140.875,204,40.182531895902592,214,8,104.46428571428571,204,60.423346090564564,222,35,7,3,7,0,0,0,0.96592582628906831,-0.25881904510252063,0.43388373911755823,-0.90096886790241903,0,0,0,0,0,0,0,0,1255,2.5770020530000002,0.49049881235154397,2376,27.100000000000001,84,1.8999999999999999,0,3.1000000000000014,0
2021-07-22 09:00:00,204,191,113,214,200,120,140.875,204,40.182531895902592,214,8,104.46428571428571,204,60.423346090564564,222,35,9,3,7,0,0,0,0.70710678118654757,-0.70710678118654746,0.43388373911755823,-0.90096886790241903,1,0,0,0,0,0,0,0,491,0.64099216699999995,-0.51530108588351431,3576,28.100000000000001,76,2.8999999999999999,0,4.1000000000000014,0
2021-07-22 11:00:00,197,190,134,206,192,168,140.875,204,40.182531895902592,214,8,104.46428571428571,204,60.423346090564564,222,35,11,3,7,0,0,0,0.25881904510252102,-0.9659258262890682,0.43388373911755823,-0.90096886790241903,1,0,0,0,0,0,0,0,691,0.92751677899999996,-0.48278443113772457,4946,29.5,73,3.1000000000000001,0,5.5,0
2021-07-22 13:00:00,189,178,122,204,194,130,140.875,204,40.182531895902592,214,8,104.46428571428571,204,60.423346090564564,222,35,13,3,7,0,0,0,-0.25881904510252079,-0.96592582628906831,0.43388373911755823,-0.90096886790241903,1,0,1,0,0,0,0,0,2297,3.3680351910000002,0.20198848770277342,7273,28.300000000000001,77,2.7999999999999998,0,4.3000000000000007,0
2021-07-22 15:00:00,171,167,152,199,199,159,140.875,204,40.182531895902592,214,8,104.46428571428571,204,60.423346090564564,222,35,15,3,7,0,0,0,-0.70710678118654713,-0.70710678118654791,0.43388373911755823,-0.90096886790241903,1,0,0,0,0,0,0,0,727,1.1116207950000001,-0.81919920417806513,8383,28.699999999999999,77,3.3999999999999999,0,4.6999999999999993,0
2021-07-22 16:00:00,182,185,184,189,201,193,140.875,204,40.182531895902592,214,8,104.46428571428571,204,60.423346090564564,222,35,16,3,7,0,0,0,-0.86602540378443849,-0.50000000000000044,0.43388373911755823,-0.90096886790241903,1,0,0,0,0,0,0,0,634,0.95915279899999994,-0.26705202312138726,9017,29.300000000000001,75,2.2000000000000002,0,5.3000000000000007,0
2021-07-22 19:00:00,162,170,160,174,176,162,140.875,204,40.182531895902592,214,8,104.46428571428571,204,60.423346090564564,222,35,19,3,7,0,0,0,-0.96592582628906842,0.2588190451025203,0.43388373911755823,-0.90096886790241903,0,0,0,0,0,0,0,0,4520,7.3495934959999998,0.44778987828315181,15081,26,90,2.6000000000000001,0,2,0
2021-07-22 20:00:00,131,127,155,138,132,166,140.875,204,40.182531895902592,214,8,104.46428571428571,204,60.423346090564564,222,35,20,3,7,0,0,0,-0.8660254037844386,0.50000000000000011,0.43388373911755823,-0.90096886790241903,0,0,0,0,0,0,0,0,368,0.69829222000000002,0,15449,25.5,92,1.2,0,1.5,0
2021-07-22 21:00:00,117,130,187,118,137,190,140.875,204,40.182531895902592,214,8,104.46428571428571,204,60.423346090564564,222,35,21,3,7,0,0,0,-0.70710678118654768,0.70710678118654735,0.43388373911755823,-0.90096886790241903,0,0,0,0,0,0,0,0,0,0,-1,15449,25.800000000000001,89,1.7,0,1.8000000000000007,0
2021-07-23 00:00:00,71,78,65,73,85,67,135.375,197,37.65727887373081,213,5,104.42261904761905,204,60.416666715829336,222,35,0,4,7,0,0,0,0,1,-0.43388373911755801,-0.90096886790241915,0,0,0,0,0,0,0,0,200,0.64308681700000003,-0.0990990990990991,200,24.899999999999999,94,1.2,0,0.89999999999999858,0
2021-07-23 03:00:00,100,102,107,105,111,114,135.375,197,37.65727887373081,213,5,104.42261904761905,204,60.416666715829336,222,35,3,4,7,0,0,0,0.70710678118654757,0.70710678118654757,-0.43388373911755801,-0.90096886790241915,0,0,0,0,0,0,0,0,102,0.25061425100000001,-0.37037037037037035,769,24.199999999999999,98,1.3,0,0.19999999999999929,0
2021-07-23 06:00:00,106,106,106,109,110,109,135.375,197,37.65727887373081,213,5,104.42261904761905,204,60.416666715829336,222,35,6,4,7,0,0,0,1,6.123233995736766e-17,-0.43388373911755801,-0.90096886790241915,0,0,0,0,0,0,0,0,0,0,-1,931,24.600000000000001,95,2,0,0.60000000000000142,0
2021-07-23 08:00:00,197,193,187,213,209,194,135.375,197,37.65727887373081,213,5,104.42261904761905,204,60.416666715829336,222,35,8,4,7,0,0,0,0.86602540378443871,-0.49999999999999978,-0.43388373911755801,-0.90096886790241915,0,1,0,0,0,0,0,0,999,1.311023622,0.40902679830747529,4317,26.800000000000001,85,1.8999999999999999,0,2.8000000000000007,0
2021-07-23 10:00:00,180,179,169,192,197,187,135.375,197,37.65727887373081,213,5,104.42261904761905,204,60.416666715829336,222,35,10,4,7,0,0,0,0.49999999999999994,-0.86602540378443871,-0.43388373911755801,-0.90096886790241915,1,0,0,0,0,0,0,0,1231,1.721678322,0.81296023564064801,7386,28.899999999999999,73,2.7000000000000002,0,4.8999999999999986,0
2021-07-23 14:00:00,182,199,166,189,203,181,135.375,197,37.65727887373081,213,5,104.42261904761905,204,60.416666715829336,222,35,14,4,7,0,0,0,-0.49999999999999972,-0.86602540378443882,-0.43388373911755801,-0.90096886790241915,1,0,0,0,0,0,0,0,1335,1.813858696,2.4856396866840731,11513,29.300000000000001,75,4.2999999999999998,0,5.3000000000000007,0
2021-07-23 15:00:00,164,171,158,182,199,189,135.375,197,37.65727887373081,213,5,104.42261904761905,204,60.416666715829336,222,35,15,4,7,0,0,0,-0.70710678118654713,-0.70710678118654791,-0.43388373911755801,-0.90096886790241915,1,0,0,0,0,0,0,0,923,1.3166904420000001,0.26960110041265473,12436,28.399999999999999,77,2.5,0,4.3999999999999986,0
2021-07-23 16:00:00,165,182,165,172,189,178,135.375,197,37.65727887373081,213,5,104.42261904761905,204,60.416666715829336,222,35,16,4,7,0,0,0,-0.86602540378443849,-0.50000000000000044,-0.43388373911755801,-0.90096886790241915,1,0,0,0,0,0,0,0,6161,8.1387054160000005,8.7176656151419554,18597,28.100000000000001,78,1.8999999999999999,0,4.1000000000000014,0
2021-07-23 18:00:00,164,162,158,169,168,168,135.375,197,37.65727887373081,213,5,104.42261904761905,204,60.416666715829336,222,35,18,4,7,0,0,0,-1,-1.8369701987210297e-16,-0.43388373911755801,-0.90096886790241915,0,0,0,0,0,0,0,0,1693,2.425501433,0.70665322580645162,20845,26.600000000000001,86,1.8,0,2.6000000000000014,0
2021-07-23 19:00:00,154,162,136,163,174,146,135.375,197,37.65727887373081,213,5,104.42261904761905,204,60.416666715829336,222,35,19,4,7,0,0,0,-0.96592582628906842,0.2588190451025203,-0.43388373911755801,-0.90096886790241915,0,0,0,0,0,0,0,0,2039,3.5276816609999999,-0.54889380530973453,22884,25.899999999999999,88,1.6000000000000001,0,1.8999999999999986,0
2021-07-23 22:00:00,115,104,102,122,114,112,135.375,197,37.65727887373081,213,5,104.42261904761905,204,60.416666715829336,222,35,22,4,7,0,0,0,-0.50000000000000044,0.86602540378443837,-0.43388373911755801,-0.90096886790241915,0,0,0,0,0,0,0,0,371,0.92749999999999999,0.37407407407407406,23380,25,94,0.90000000000000002,0,1,0
2021-07-24 01:00:00,105,99,101,111,106,110,136.04166666666666,191,39.511670446202267,206,8,104.9702380952381,204,61.023253209561744,222,38,1,5,7,1,0,0,0.25881904510252074,0.96592582628906831,-0.97492791218182362,-0.22252093395631459,0,0,0,0,0,0,0,0,501,1.3012987009999999,4.5054945054945055,501,24.600000000000001,91,1.1000000000000001,0,0.60000000000000142,0
2021-07-24 02:00:00,105,103,98,110,111,105,136.04166666666666,191,39.511670446202267,206,8,104.9702380952381,204,61.023253209561744,222,38,2,5,7,1,0,0,0.49999999999999994,0.86602540378443871,-0.97492791218182362,-0.22252093395631459,0,0,0,0,0,0,0,0,51,0.134210526,-0.86436170212765961,552,24.399999999999999,94,0.90000000000000002,0,0.39999999999999858,0
2021-07-24 03:00:00,102,100,94,109,105,102,136.04166666666666,191,39.511670446202267,206,8,104.9702380952381,204,61.023253209561744,222,38,3,5,7,1,0,0,0.70710678118654757,0.70710678118654757,-0.97492791218182362,-0.22252093395631459,0,0,0,0,0,0,0,0,42,0.112600536,-0.58823529411764708,594,24,96,0.80000000000000004,0,0,0
2021-07-24 05:00:00,89,86,84,99,103,108,136.04166666666666,191,39.511670446202267,206,8,104.9702380952381,204,61.023253209561744,222,38,5,5,7,1,0,0,0.96592582628906831,0.25881904510252074,-0.97492791218182362,-0.22252093395631459,0,0,0,0,0,0,0,0,62,0.19254658399999999,0,918,23.800000000000001,98,0.80000000000000004,0,0,0
2021-07-24 07:00:00,122,122,57,144,146,88,136.04166666666666,191,39.511670446202267,206,8,104.9702380952381,204,61.023253209561744,222,38,7,5,7,1,0,0,0.96592582628906831,-0.25881904510252063,-0.97492791218182362,-0.22252093395631459,0,0,0,0,0,0,0,0,482,1.9754098360000001,-0.79807289484708843,2319,25.800000000000001,90,0.59999999999999998,0,1.8000000000000007,0
2021-07-24 10:00:00,179,180,23,189,192,24,136.04166666666666,191,39.511670446202267,206,8,104.9702380952381,204,61.023253209561744,222,38,10,5,7,1,0,0,0.49999999999999994,-0.86602540378443871,-0.97492791218182362,-0.22252093395631459,1,0,0,0,0,0,0,0,0,0,-1,2319,28.800000000000001,74,2.5,0,4.8000000000000007,0
2021-07-24 11:00:00,188,186,24,199,192,27,136.04166666666666,191,39.511670446202267,206,8,104.9702380952381,204,61.023253209561744,222,38,11,5,7,1,0,0,0.25881904510252102,-0.9659258262890682,-0.97492791218182362,-0.22252093395631459,1,0,0,0,0,0,0,0,0,0,-1,2319,28.5,76,3.2000000000000002,0,4.5,0
2021-07-24 14:00:00,184,182,23,190,189,24,136.04166666666666,191,39.511670446202267,206,8,104.9702380952381,204,61.023253209561744,222,38,14,5,7,1,0,0,-0.49999999999999972,-0.86602540378443882,-0.97492791218182362,-0.22252093395631459,1,0,0,0,0,0,0,0,0,0,-1,2319,29.800000000000001,69,3,0,5.8000000000000007,0
2021-07-24 16:00:00,189,165,23,197,172,24,136.04166666666666,191,39.511670446202267,206,8,104.9702380952381,204,61.023253209561744,222,38,16,5,7,1,0,0,-0.86602540378443849,-0.50000000000000044,-0.97492791218182362,-0.22252093395631459,1,0,0,0,0,0,0,0,0,0,-1,2319,29.199999999999999,68,1.5,0,5.1999999999999993,0
2021-07-24 17:00:00,138,124,22,178,155,23,136.04166666666666,191,39.511670446202267,206,8,104.9702380952381,204,61.023253209561744,222,38,17,5,7,1,0,0,-0.96592582628906831,-0.25881904510252063,-0.97492791218182362,-0.22252093395631459,1,0,0,0,0,0,0,0,0,0,-1,2319,28.699999999999999,70,1.6000000000000001,0,4.6999999999999993,0
2021-07-24 20:00:00,111,132,23,115,138,23,136.04166666666666,191,39.511670446202267,206,8,104.9702380952381,204,61.023253209561744,222,38,20,5,7,1,0,0,-0.8660254037844386,0.50000000000000011,-0.97492791218182362,-0.22252093395631459,0,0,0,0,0,0,0,0,0,0,-1,2319,26.100000000000001,89,2.5,0,2.1000000000000014,0
2021-07-24 21:00:00,107,120,24,110,123,24,136.04166666666666,191,39.511670446202267,206,8,104.9702380952381,204,61.023253209561744,222,38,21,5,7,1,0,0,-0.70710678118654768,0.70710678118654735,-0.97492791218182362,-0.22252093395631459,0,0,0,0,0,0,0,0,0,0,-1,2319,26.199999999999999,90,2.7000000000000002,0,2.1999999999999993,0
2021-07-24 22:00:00,100,115,25,107,122,28,136.04166666666666,191,39.511670446202267,206,8,104.9702380952381,204,61.023253209561744,222,38,22,5,7,1,0,0,-0.50000000000000044,0.86602540378443837,-0.97492791218182362,-0.22252093395631459,0,0,0,0,0,0,0,0,0,0,-1,2319,26.100000000000001,91,1.3,0,2.1000000000000014,0
2021-07-25 06:00:00,95,103,23,98,105,23,45,97,30.465946777404231,104,0,105.11309523809524,204,60.852666442125688,222,38,6,6,7,0,1,0,1,6.123233995736766e-17,-0.78183148246802991,0.62348980185873337,0,0,0,1,1,0,0,1,0,0,-1,0,25.5,95,0.59999999999999998,0,1.5,0
2021-07-25 10:00:00,24,179,23,24,189,23,45,97,30.465946777404231,104,0,105.11309523809524,204,60.852666442125688,222,38,10,6,7,0,1,0,0.49999999999999994,-0.86602540378443871,-0.78183148246802991,0.62348980185873337,1,0,0,1,1,0,0,1,0,0,0,0,28.800000000000001,76,2.7000000000000002,0,4.8000000000000007,0
2021-07-25 14:00:00,24,184,25,24,190,27,45,97,30.465946777404231,104,0,105.11309523809524,204,60.852666442125688,222,38,14,6,7,0,1,0,-0.49999999999999972,-0.86602540378443882,-0.78183148246802991,0.62348980185873337,1,0,0,1,1,0,0,1,0,0,0,0,30.5,58,2.7999999999999998,0,6.5,0
2021-07-25 21:00:00,25,107,25,25,110,28,45,97,30.465946777404231,104,0,105.11309523809524,204,60.852666442125688,222,38,21,6,7,0,1,0,-0.70710678118654768,0.70710678118654735,-0.78183148246802991,0.62348980185873337,0,0,0,1,1,0,0,1,0,0,0,0,25,91,0.5,0,1,0
2021-07-26 01:00:00,25,96,24,26,101,24,24.541666666666668,26,0.88362724133399417,29,0,105.24404761904762,204,60.676771692630631,222,38,1,0,7,0,0,0,0.25881904510252074,0.96592582628906831,0,1,0,0,0,0,0,1,1,1,0,0,0,0,24.800000000000001,98,1.2,0,0.80000000000000071,0
2021-07-26 02:00:00,25,95,23,29,100,24,24.541666666666668,26,0.88362724133399417,29,0,105.24404761904762,204,60.676771692630631,222,38,2,0,7,0,0,0,0.49999999999999994,0.86602540378443871,0,1,0,0,0,0,0,1,1,1,0,0,0,0,24.600000000000001,98,1.6000000000000001,0,0.60000000000000142,0
2021-07-26 03:00:00,24,93,23,26,104,24,24.541666666666668,26,0.88362724133399417,29,0,105.24404761904762,204,60.676771692630631,222,38,3,0,7,0,0,0,0.70710678118654757,0.70710678118654757,0,1,0,0,0,0,0,1,1,1,0,0,0,0,24.5,98,1.5,0,0.5,0
2021-07-26 05:00:00,26,81,23,28,91,23,24.541666666666668,26,0.88362724133399417,29,0,105.24404761904762,204,60.676771692630631,222,38,5,0,7,0,0,0,0.96592582628906831,0.25881904510252074,0,1,0,0,0,0,0,1,1,1,0,0,0,0,24.699999999999999,98,1.1000000000000001,0,0.69999999999999929,0
2021-07-26 07:00:00,24,61,65,24,81,119,24.541666666666668,26,0.88362724133399417,29,0,105.24404761904762,204,60.676771692630631,222,38,7,0,7,0,0,0,0.96592582628906831,-0.25881904510252063,0,1,0,0,0,0,0,1,1,1,0,0,0,0,27.899999999999999,82,1.8999999999999999,0,3.8999999999999986,0
2021-07-26 12:00:00,26,23,117,28,24,134,24.541666666666668,26,0.88362724133399417,29,0,105.24404761904762,204,60.676771692630631,222,38,12,0,7,0,0,0,1.2246467991473532e-16,-1,0,1,1,0,0,0,0,1,1,1,0,0,0,6306,30.699999999999999,53,2.7000000000000002,0,6.6999999999999993,0
2021-07-26 14:00:00,24,24,178,25,24,190,24.541666666666668,26,0.88362724133399417,29,0,105.24404761904762,204,60.676771692630631,222,38,14,0,7,0,0,0,-0.49999999999999972,-0.86602540378443882,0,1,1,0,0,0,0,1,1,1,669,0.90161725100000001,0,8944,30.5,53,3,0,6.5,0
2021-07-26 15:00:00,25,26,169,25,28,201,24.541666666666668,26,0.88362724133399417,29,0,105.24404761904762,204,60.676771692630631,222,38,15,0,7,0,0,0,-0.70710678118654713,-0.70710678118654791,0,1,1,0,0,0,0,1,1,1,2463,3.90952381,0,11407,30.399999999999999,57,2.3999999999999999,0,6.3999999999999986,0
2021-07-26 16:00:00,26,24,183,29,25,187,24.541666666666668,26,0.88362724133399417,29,0,105.24404761904762,204,60.676771692630631,222,38,16,0,7,0,0,0,-0.86602540378443849,-0.50000000000000044,0,1,1,0,0,0,0,1,1,1,1238,1.8313609470000001,0,12645,29.300000000000001,62,2.6000000000000001,0,5.3000000000000007,0
2021-07-26 17:00:00,24,24,149,24,24,190,24.541666666666668,26,0.88362724133399417,29,0,105.24404761904762,204,60.676771692630631,222,38,17,0,7,0,0,0,-0.96592582628906831,-0.25881904510252063,0,1,1,0,0,0,0,1,1,1,6579,12.1160221,0,19224,28.300000000000001,65,2.8999999999999999,0,4.3000000000000007,0
2021-07-26 19:00:00,25,25,151,28,28,162,24.541666666666668,26,0.88362724133399417,29,0,105.24404761904762,204,60.676771692630631,222,38,19,0,7,0,0,0,-0.96592582628906842,0.2588190451025203,0,1,0,0,0,0,0,1,1,1,3479,5.5398089170000002,0,23823,26.399999999999999,81,1.3999999999999999,0,2.3999999999999986,0
2021-07-26 20:00:00,24,24,127,24,25,136,24.541666666666668,26,0.88362724133399417,29,0,105.24404761904762,204,60.676771692630631,222,38,20,0,7,0,0,0,-0.8660254037844386,0.50000000000000011,0,1,0,0,0,0,0,1,1,1,19,0.046798029999999997,0,23842,25.899999999999999,86,1.5,0,1.8999999999999986,0
2021-07-26 21:00:00,24,25,124,24,25,129,24.541666666666668,26,0.88362724133399417,29,0,105.24404761904762,204,60.676771692630631,222,38,21,0,7,0,0,0,-0.70710678118654768,0.70710678118654735,0,1,0,0,0,0,0,1,1,1,0,0,0,23842,25.600000000000001,87,1.3,0,1.6000000000000014,0
2021-07-26 22:00:00,24,26,106,24,28,114,24.541666666666668,26,0.88362724133399417,29,0,105.24404761904762,204,60.676771692630631,222,38,22,0,7,0,0,0,-0.50000000000000044,0.86602540378443837,0,1,0,0,0,0,0,1,1,1,132,0.30136986300000002,0,23974,24.899999999999999,90,1.3,0,0.89999999999999858,0
2021-07-27 00:00:00,24,24,71,24,24,76,111.66666666666667,198,66.016906047299912,217,5,104.85119047619048,204,60.466810798611725,217,34,0,1,7,0,0,0,0,1,0.7818314824680298,0.62348980185873359,0,0,0,0,0,0,0,0,89,0.327205882,0,89,24.800000000000001,94,1.8,0,0.80000000000000071,0
2021-07-27 03:00:00,25,24,105,27,26,116,111.66666666666667,198,66.016906047299912,217,5,104.85119047619048,204,60.466810798611725,217,34,3,1,7,0,0,0,0.70710678118654757,0.70710678118654757,0.7818314824680298,0.62348980185873359,0,0,0,0,0,0,0,0,74,0.175771971,0,230,23.5,98,0.59999999999999998,0,0,0
2021-07-27 06:00:00,26,24,110,27,24,117,111.66666666666667,198,66.016906047299912,217,5,104.85119047619048,204,60.466810798611725,217,34,6,1,7,0,0,0,1,6.123233995736766e-17,0.7818314824680298,0.62348980185873359,0,0,0,0,0,0,0,0,229,0.54394299300000004,0,497,24.899999999999999,98,0.90000000000000002,0,0.89999999999999858,0
2021-07-27 07:00:00,71,24,133,127,24,148,111.66666666666667,198,66.016906047299912,217,5,104.85119047619048,204,60.466810798611725,217,34,7,1,7,0,0,0,0.96592582628906831,-0.25881904510252063,0.7818314824680298,0.62348980185873359,0,0,0,0,0,0,0,0,1262,2.3588785049999998,0,1759,27.100000000000001,86,1.8999999999999999,0,3.1000000000000014,0
2021-07-27 10:00:00,185,24,189,207,24,197,111.66666666666667,198,66.016906047299912,217,5,104.85119047619048,204,60.466810798611725,217,34,10,1,7,0,0,0,0.49999999999999994,-0.86602540378443871,0.7818314824680298,0.62348980185873359,1,0,0,0,0,0,0,0,976,1.2961487380000001,-0.15056570931244562,5190,30,65,3.2999999999999998,0,6,0
2021-07-27 15:00:00,158,25,167,180,25,199,111.66666666666667,198,66.016906047299912,217,5,104.85119047619048,204,60.466810798611725,217,34,15,1,7,0,0,0,-0.70710678118654713,-0.70710678118654791,0.7818314824680298,0.62348980185873359,1,0,0,0,0,0,0,0,1224,1.7071129709999999,-0.50304506699147378,9715,29.199999999999999,73,3.7999999999999998,0,5.1999999999999993,0
2021-07-27 19:00:00,157,25,170,177,28,176,111.66666666666667,198,66.016906047299912,217,5,104.85119047619048,204,60.466810798611725,217,34,19,1,7,0,0,0,-0.96592582628906842,0.2588190451025203,0.7818314824680298,0.62348980185873359,0,0,0,0,0,0,0,0,3392,5.0251851849999998,-0.025007185972980742,20524,26.399999999999999,85,2.1000000000000001,0,2.3999999999999986,0
2021-07-27 21:00:00,110,24,130,116,24,137,111.66666666666667,198,66.016906047299912,217,5,104.85119047619048,204,60.466810798611725,217,34,21,1,7,0,0,0,-0.70710678118654768,0.70710678118654735,0.7818314824680298,0.62348980185873359,0,0,0,0,0,0,0,0,8,0.013937282,0,20534,25.600000000000001,87,1.3999999999999999,0,1.6000000000000014,0
2021-07-28 02:00:00,115,25,100,119,27,108,145.16666666666666,207,39.540476417998846,211,8,105.52380952380952,207,60.974516359548559,217,34,2,2,7,0,0,0,0.49999999999999994,0.86602540378443871,0.97492791218182362,-0.22252093395631434,0,0,0,0,0,0,0,0,4,0.0083857440000000005,0,1245,24.100000000000001,98,2.2000000000000002,0,0.10000000000000142,0
2021-07-28 05:00:00,89,24,94,106,24,111,145.16666666666666,207,39.540476417998846,211,8,105.52380952380952,207,60.974516359548559,217,34,5,2,7,0,0,0,0.96592582628906831,0.25881904510252074,0.97492791218182362,-0.22252093395631434,0,0,0,0,0,0,0,0,56,0.133333333,27,1786,23.600000000000001,98,1.1000000000000001,0,0,0
2021-07-28 06:00:00,105,26,106,111,27,110,145.16666666666666,207,39.540476417998846,211,8,105.52380952380952,207,60.974516359548559,217,34,6,2,7,0,0,0,1,6.123233995736766e-17,0.97492791218182362,-0.22252093395631434,0,0,0,0,0,0,0,0,52,0.105263158,-0.77292576419213976,1838,25.199999999999999,94,1.3,0,1.1999999999999993,0
2021-07-28 08:00:00,194,198,193,207,217,209,145.16666666666666,207,39.540476417998846,211,8,105.52380952380952,207,60.974516359548559,217,34,8,2,7,0,0,0,0.86602540378443871,-0.49999999999999978,0.97492791218182362,-0.22252093395631434,0,1,0,0,0,0,0,0,2013,2.5448798990000001,0.081095596133190118,5692,27.199999999999999,80,1.3,0,3.1999999999999993,0
2021-07-28 11:00:00,207,190,197,211,202,206,145.16666666666666,207,39.540476417998846,211,8,105.52380952380952,207,60.974516359548559,217,34,11,2,7,0,0,0,0.25881904510252102,-0.9659258262890682,0.97492791218182362,-0.22252093395631434,1,0,0,0,0,0,0,0,2429,2.926506024,1.8343057176196034,11434,31,65,3.1000000000000001,0,7,0
2021-07-28 15:00:00,179,158,171,201,180,199,145.16666666666666,207,39.540476417998846,211,8,105.52380952380952,207,60.974516359548559,217,34,15,2,7,0,0,0,-0.70710678118654713,-0.70710678118654791,0.97492791218182362,-0.22252093395631434,1,0,0,0,0,0,0,0,300,0.46511627900000002,-0.75490196078431371,14715,28.600000000000001,76,4.4000000000000004,0,4.6000000000000014,0
2021-07-28 21:00:00,144,110,117,148,116,118,145.16666666666666,207,39.540476417998846,211,8,105.52380952380952,207,60.974516359548559,217,34,21,2,7,0,0,0,-0.70710678118654768,0.70710678118654735,0.97492791218182362,-0.22252093395631434,0,0,0,0,0,0,0,0,21,0.047945204999999998,1.625,24060,25.899999999999999,87,0.80000000000000004,0,1.8999999999999986,0
2021-07-28 22:00:00,129,110,104,132,116,114,145.16666666666666,207,39.540476417998846,211,8,105.52380952380952,207,60.974516359548559,217,34,22,2,7,0,0,0,-0.50000000000000044,0.86602540378443837,0.97492791218182362,-0.22252093395631434,0,0,0,0,0,0,0,0,189,0.458737864,3.6097560975609757,24249,24.899999999999999,89,1.3,0,0.89999999999999858,0
2021-07-28 23:00:00,122,95,103,139,107,111,145.16666666666666,207,39.540476417998846,211,8,105.52380952380952,207,60.974516359548559,217,34,23,2,7,0,0,0,-0.25881904510252157,0.96592582628906809,0.97492791218182362,-0.22252093395631434,0,0,0,0,0,0,0,0,36,0.087804878000000003,-0.82089552238805974,24285,24.600000000000001,91,2,0,0.60000000000000142,0
2021-07-29 01:00:00,121,102,99,130,110,106,145.66666666666666,208,38.249372449147785,212,9,106.20833333333333,208,61.225200690571747,217,35,1,3,7,0,0,0,0.25881904510252074,0.96592582628906831,0.43388373911755823,-0.90096886790241903,0,0,0,0,0,0,0,0,313,0.70975056700000005,2.7710843373493974,313,23.5,95,1.8,0,0,0
2021-07-29 02:00:00,119,115,103,130,119,111,145.66666666666666,208,38.249372449147785,212,9,106.20833333333333,208,61.225200690571747,217,35,2,3,7,0,0,0,0.49999999999999994,0.86602540378443871,0.43388373911755823,-0.90096886790241903,0,0,0,0,0,0,0,0,206,0.46606334799999999,50.5,519,23.100000000000001,98,0.59999999999999998,0,0,0
2021-07-29 05:00:00,105,89,86,119,106,103,145.66666666666666,208,38.249372449147785,212,9,106.20833333333333,208,61.225200690571747,217,35,5,3,7,0,0,0,0.96592582628906831,0.25881904510252074,0.43388373911755823,-0.90096886790241903,0,0,0,0,0,0,0,0,156,0.41489361699999999,1.7857142857142858,824,23.800000000000001,98,1,0,0,0
2021-07-29 06:00:00,124,105,106,127,111,109,145.66666666666666,208,38.249372449147785,212,9,106.20833333333333,208,61.225200690571747,217,35,6,3,7,0,0,0,1,6.123233995736766e-17,0.43388373911755823,-0.90096886790241903,0,0,0,0,0,0,0,0,94,0.20215053799999999,0.80769230769230771,918,26,90,0.90000000000000002,0,2,0
2021-07-29 10:00:00,188,188,180,202,206,192,145.66666666666666,208,38.249372449147785,212,9,106.20833333333333,208,61.225200690571747,217,35,10,3,7,0,0,0,0.49999999999999994,-0.86602540378443871,0.43388373911755823,-0.90096886790241903,1,0,0,0,0,0,0,0,884,1.183400268,-0.14091350826044705,4817,30.5,65,1.5,0,6.5,0
2021-07-29 13:00:00,194,182,171,200,198,177,145.66666666666666,208,38.249372449147785,212,9,106.20833333333333,208,61.225200690571747,217,35,13,3,7,0,0,0,-0.25881904510252079,-0.96592582628906831,0.43388373911755823,-0.90096886790241903,1,0,1,0,0,0,0,0,1480,1.9295958280000001,-0.0053763440860215058,8094,31.600000000000001,60,2.7000000000000002,0,7.6000000000000014,0
2021-07-29 14:00:00,196,195,182,203,199,189,145.66666666666666,208,38.249372449147785,212,9,106.20833333333333,208,61.225200690571747,217,35,14,3,7,0,0,0,-0.49999999999999972,-0.86602540378443882,0.43388373911755823,-0.90096886790241903,1,0,0,0,0,0,0,0,3092,4.1281708950000002,1.58312447786132,11186,30.699999999999999,64,2.2000000000000002,0,6.6999999999999993,0
2021-07-29 17:00:00,147,159,124,190,184,155,145.66666666666666,208,38.249372449147785,212,9,106.20833333333333,208,61.225200690571747,217,35,17,3,7,0,0,0,-0.96592582628906831,-0.25881904510252063,0.43388373911755823,-0.90096886790241903,1,0,0,0,0,0,0,0,735,1.4216634429999999,0.077712609970674487,16761,29.899999999999999,59,1.8,0,5.8999999999999986,0
2021-07-29 23:00:00,103,122,107,116,139,114,145.66666666666666,208,38.249372449147785,212,9,106.20833333333333,208,61.225200690571747,217,35,23,3,7,0,0,0,-0.25881904510252157,0.96592582628906809,0.43388373911755823,-0.90096886790241903,0,0,0,0,0,0,0,0,174,0.38074398199999998,3.8333333333333335,25698,25.199999999999999,86,0.5,0,1.1999999999999993,0
2021-07-30 02:00:00,111,119,105,118,130,110,142.83333333333334,207,38.639545711015145,211,6,107.27380952380952,208,61.8726432327745,217,36,2,4,7,0,0,0,0.49999999999999994,0.86602540378443871,-0.43388373911755801,-0.90096886790241915,0,0,0,0,0,0,0,0,30,0.062893082000000003,-0.85436893203883491,276,24.699999999999999,88,0.69999999999999996,0,0.69999999999999929,0
2021-07-30 09:00:00,198,198,185,205,204,190,142.83333333333334,207,38.639545711015145,211,6,107.27380952380952,208,61.8726432327745,217,36,9,4,7,0,0,0,0.70710678118654757,-0.70710678118654746,-0.43388373911755801,-0.90096886790241915,1,0,0,0,0,0,0,0,2079,2.6216897860000001,0.76037256562235389,5827,30.5,58,1.3,0,6.5,0
2021-07-30 15:00:00,164,161,175,186,187,206,142.83333333333334,207,38.639545711015145,211,6,107.27380952380952,208,61.8726432327745,217,36,15,4,7,0,0,0,-0.70710678118654713,-0.70710678118654791,-0.43388373911755801,-0.90096886790241915,1,0,0,0,0,0,0,0,790,1.2248062019999999,-0.63827838827838823,11113,33.200000000000003,52,2,0,9.2000000000000028,0
2021-07-30 18:00:00,174,183,175,180,190,176,142.83333333333334,207,38.639545711015145,211,6,107.27380952380952,208,61.8726432327745,217,36,18,4,7,0,0,0,-1,-1.8369701987210297e-16,-0.43388373911755801,-0.90096886790241915,0,0,0,0,0,0,0,0,0,0,-1,12688,29.300000000000001,72,1.2,0,5.3000000000000007,0
2021-07-30 19:00:00,169,151,145,181,175,165,142.83333333333334,207,38.639545711015145,211,6,107.27380952380952,208,61.8726432327745,217,36,19,4,7,0,0,0,-0.96592582628906842,0.2588190451025203,-0.43388373911755801,-0.90096886790241915,0,0,0,0,0,0,0,0,0,0,-1,12688,28.699999999999999,70,1.1000000000000001,0,4.6999999999999993,0
2021-07-30 22:00:00,122,103,100,130,109,107,142.83333333333334,207,38.639545711015145,211,6,107.27380952380952,208,61.8726432327745,217,36,22,4,7,0,0,0,-0.50000000000000044,0.86602540378443837,-0.43388373911755801,-0.90096886790241915,0,0,0,0,0,0,0,0,0,0,-1,12688,26.699999999999999,82,2.2000000000000002,0,2.6999999999999993,0
2021-07-30 23:00:00,114,103,102,127,116,111,142.83333333333334,207,38.639545711015145,211,6,107.27380952380952,208,61.8726432327745,217,36,23,4,7,0,0,0,-0.25881904510252157,0.96592582628906809,-0.43388373911755801,-0.90096886790241915,0,0,0,0,0,0,0,0,0,0,-1,12688,26.199999999999999,81,2.2999999999999998,0,2.1999999999999993,0
2021-07-31 00:00:00,88,68,68,91,70,72,145.66666666666666,208,38.249372449147778,212,9,108.64880952380952,208,62.495618038574278,217,37,0,5,7,1,0,0,0,1,-0.97492791218182362,-0.22252093395631459,0,0,0,1,1,0,0,1,0,0,-1,0,25.100000000000001,86,1,0,1.1000000000000014,0
2021-07-31 01:00:00,121,110,96,130,118,101,145.66666666666666,208,38.249372449147778,212,9,108.64880952380952,208,62.495618038574278,217,37,1,5,7,1,0,0,0.25881904510252074,0.96592582628906831,-0.97492791218182362,-0.22252093395631459,0,0,0,1,1,0,0,1,0,0,-1,0,25.399999999999999,82,1.3999999999999999,0,1.3999999999999986,0
2021-07-31 04:00:00,119,111,97,123,116,100,145.66666666666666,208,38.249372449147778,212,9,108.64880952380952,208,62.495618038574278,217,37,4,5,7,1,0,0,0.8660254037844386,0.50000000000000011,-0.97492791218182362,-0.22252093395631459,0,0,0,1,1,0,0,1,0,0,-1,0,23.899999999999999,92,1.1000000000000001,0,0,0
2021-07-31 05:00:00,105,94,81,119,119,91,145.66666666666666,208,38.249372449147778,212,9,108.64880952380952,208,62.495618038574278,217,37,5,5,7,1,0,0,0.96592582628906831,0.25881904510252074,-0.97492791218182362,-0.22252093395631459,0,0,0,1,1,0,0,1,0,0,-1,0,23.600000000000001,94,0.29999999999999999,0,0,0
2021-07-31 06:00:00,124,116,95,127,121,98,145.66666666666666,208,38.249372449147778,212,9,108.64880952380952,208,62.495618038574278,217,37,6,5,7,1,0,0,1,6.123233995736766e-17,-0.97492791218182362,-0.22252093395631459,0,0,0,1,1,0,0,1,0,0,-1,0,26.399999999999999,84,0.59999999999999998,0,2.3999999999999986,0
2021-07-31 07:00:00,156,141,61,174,159,81,145.66666666666666,208,38.249372449147778,212,9,108.64880952380952,208,62.495618038574278,217,37,7,5,7,1,0,0,0.96592582628906831,-0.25881904510252063,-0.97492791218182362,-0.22252093395631459,0,0,0,1,1,0,0,1,0,0,-1,0,28.300000000000001,77,1.6000000000000001,0,4.3000000000000007,0
2021-07-31 08:00:00,198,192,25,204,204,28,145.66666666666666,208,38.249372449147778,212,9,108.64880952380952,208,62.495618038574278,217,37,8,5,7,1,0,0,0.86602540378443871,-0.49999999999999978,-0.97492791218182362,-0.22252093395631459,0,1,0,1,1,0,0,1,0,0,-1,0,29.800000000000001,73,1.2,0,5.8000000000000007,0
2021-07-31 10:00:00,188,187,24,202,203,24,145.66666666666666,208,38.249372449147778,212,9,108.64880952380952,208,62.495618038574278,217,37,10,5,7,1,0,0,0.49999999999999994,-0.86602540378443871,-0.97492791218182362,-0.22252093395631459,1,0,0,1,1,0,0,1,0,0,-1,0,32.399999999999999,68,2.7999999999999998,0,8.3999999999999986,0
2021-07-31 13:00:00,194,192,24,200,206,24,145.66666666666666,208,38.249372449147778,212,9,108.64880952380952,208,62.495618038574278,217,37,13,5,7,1,0,0,-0.25881904510252079,-0.96592582628906831,-0.97492791218182362,-0.22252093395631459,1,0,1,1,1,0,0,1,0,0,-1,0,32.100000000000001,71,2.3999999999999999,0,8.1000000000000014,0
2021-07-31 15:00:00,161,164,26,187,186,28,145.66666666666666,208,38.249372449147778,212,9,108.64880952380952,208,62.495618038574278,217,37,15,5,7,1,0,0,-0.70710678118654713,-0.70710678118654791,-0.97492791218182362,-0.22252093395631459,1,0,0,1,1,0,0,1,0,0,-1,0,29.5,83,1.6000000000000001,0,5.5,0
2021-07-31 17:00:00,147,129,24,190,152,24,145.66666666666666,208,38.249372449147778,212,9,108.64880952380952,208,62.495618038574278,217,37,17,5,7,1,0,0,-0.96592582628906831,-0.25881904510252063,-0.97492791218182362,-0.22252093395631459,1,0,0,1,1,0,0,1,0,0,0,0,28.5,86,1.7,0,4.5,0
2021-07-31 20:00:00,107,128,24,113,134,25,145.66666666666666,208,38.249372449147778,212,9,108.64880952380952,208,62.495618038574278,217,37,20,5,7,1,0,0,-0.8660254037844386,0.50000000000000011,-0.97492791218182362,-0.22252093395631459,0,0,0,1,1,0,0,1,0,0,0,0,27.600000000000001,92,0.80000000000000004,0,3.6000000000000014,0
2021-07-31 21:00:00,110,126,25,115,131,25,145.66666666666666,208,38.249372449147778,212,9,108.64880952380952,208,62.495618038574278,217,37,21,5,7,1,0,0,-0.70710678118654768,0.70710678118654735,-0.97492791218182362,-0.22252093395631459,0,0,0,1,1,0,0,1,0,0,0,0,27.600000000000001,93,1.5,0,3.6000000000000014,0
2021-07-31 23:00:00,103,114,24,116,127,24,145.66666666666666,208,38.249372449147778,212,9,108.64880952380952,208,62.495618038574278,217,37,23,5,7,1,0,0,-0.25881904510252157,0.96592582628906809,-0.97492791218182362,-0.22252093395631459,0,0,0,1,1,0,0,1,0,0,0,0,27.600000000000001,94,1,0,3.6000000000000014,0
2021-08-01 01:00:00,21,121,25,21,130,26,21.541666666666668,23,0.88362724133132353,28,0,105.29761904761905,208,65.382848519505885,217,37,1,6,8,0,1,0,0.25881904510252074,0.96592582628906831,-0.78183148246802991,0.62348980185873337,0,0,0,1,2,0,1,0,0,0,0,0,27.199999999999999,94,1.7,0,3.1999999999999993,0
2021-08-01 02:00:00,21,119,25,21,130,29,21.541666666666668,23,0.88362724133132353,28,0,105.29761904761905,208,65.382848519505885,217,37,2,6,8,0,1,0,0.49999999999999994,0.86602540378443871,-0.78183148246802991,0.62348980185873337,0,0,0,1,2,0,1,0,0,0,0,0,25.5,93,2.1000000000000001,0,1.5,0
2021-08-01 06:00:00,21,124,24,21,127,24,21.541666666666668,23,0.88362724133132353,28,0,105.29761904761905,208,65.382848519505885,217,37,6,6,8,0,1,0,1,6.123233995736766e-17,-0.78183148246802991,0.62348980185873337,0,0,0,1,2,0,1,0,0,0,0,0,26,98,0.59999999999999998,0.20000000000000001,2,0
2021-08-01 08:00:00,21,198,24,21,204,24,21.541666666666668,23,0.88362724133132353,28,0,105.29761904761905,208,65.382848519505885,217,37,8,6,8,0,1,0,0.86602540378443871,-0.49999999999999978,-0.78183148246802991,0.62348980185873337,0,1,0,1,2,0,1,0,0,0,0,0,29.199999999999999,82,1.3999999999999999,0.20000000000000001,5.1999999999999993,0
2021-08-01 09:00:00,21,198,26,21,204,29,21.541666666666668,23,0.88362724133132353,28,0,105.29761904761905,208,65.382848519505885,217,37,9,6,8,0,1,0,0.70710678118654757,-0.70710678118654746,-0.78183148246802991,0.62348980185873337,1,0,0,1,2,0,1,0,0,0,0,0,31,74,1.5,0.20000000000000001,7,0
2021-08-01 14:00:00,22,196,24,25,203,25,21.541666666666668,23,0.88362724133132353,28,0,105.29761904761905,208,65.382848519505885,217,37,14,6,8,0,1,0,-0.49999999999999972,-0.86602540378443882,-0.78183148246802991,0.62348980185873337,1,0,0,1,2,0,1,0,0,0,0,0,28.699999999999999,87,2.1000000000000001,0.20000000000000001,4.6999999999999993,0
2021-08-01 15:00:00,22,161,25,23,187,25,21.541666666666668,23,0.88362724133132353,28,0,105.29761904761905,208,65.382848519505885,217,37,15,6,8,0,1,0,-0.70710678118654713,-0.70710678118654791,-0.78183148246802991,0.62348980185873337,1,0,0,1,2,0,1,0,0,0,0,0,28.699999999999999,89,1.2,0.20000000000000001,4.6999999999999993,0
2021-08-01 20:00:00,21,107,24,21,113,24,21.541666666666668,23,0.88362724133132353,28,0,105.29761904761905,208,65.382848519505885,217,37,20,6,8,0,1,0,-0.8660254037844386,0.50000000000000011,-0.78183148246802991,0.62348980185873337,0,0,0,1,2,0,1,0,0,0,0,0,26.699999999999999,98,1.5,20.199999999999999,2.6999999999999993,0
2021-08-01 21:00:00,23,110,24,25,115,24,21.541666666666668,23,0.88362724133132353,28,0,105.29761904761905,208,65.382848519505885,217,37,21,6,8,0,1,0,-0.70710678118654768,0.70710678118654735,-0.78183148246802991,0.62348980185873337,0,0,0,1,2,0,1,0,0,0,0,0,25.899999999999999,98,1.5,20.199999999999999,1.8999999999999986,0
2021-08-01 23:00:00,21,103,26,21,116,28,21.541666666666668,23,0.88362724133132353,28,0,105.29761904761905,208,65.382848519505885,217,37,23,6,8,0,1,0,-0.25881904510252157,0.96592582628906809,-0.78183148246802991,0.62348980185873337,0,0,0,1,2,0,1,0,0,0,0,0,26.300000000000001,98,1.3999999999999999,20.199999999999999,2.3000000000000007,0
2021-08-02 03:00:00,21,21,25,21,21,27,21.583333333333332,23,0.97430763236891016,28,0,104.875,208,65.914223656503069,217,37,3,0,8,0,0,0,0.70710678118654757,0.70710678118654757,0,1,0,0,0,1,3,0,1,0,0,0,0,0,25.5,98,0.90000000000000002,0,1.5,0
2021-08-02 05:00:00,22,20,24,24,21,24,21.583333333333332,23,0.97430763236891016,28,0,104.875,208,65.914223656503069,217,37,5,0,8,0,0,0,0.96592582628906831,0.25881904510252074,0,1,0,0,0,1,3,0,1,0,0,0,0,0,25.399999999999999,98,1.3999999999999999,0,1.3999999999999986,0
2021-08-02 06:00:00,20,21,26,21,21,27,21.583333333333332,23,0.97430763236891016,28,0,104.875,208,65.914223656503069,217,37,6,0,8,0,0,0,1,6.123233995736766e-17,0,1,0,0,0,1,3,0,1,0,0,0,0,0,26.300000000000001,98,0.69999999999999996,0,2.3000000000000007,0
2021-08-02 07:00:00,20,22,71,21,23,127,21.583333333333332,23,0.97430763236891016,28,0,104.875,208,65.914223656503069,217,37,7,0,8,0,0,0,0.96592582628906831,-0.25881904510252063,0,1,0,0,0,1,3,0,1,0,0,0,0,0,26.699999999999999,98,1.3999999999999999,0,2.6999999999999993,0
2021-08-02 08:00:00,23,21,198,28,21,217,21.583333333333332,23,0.97430763236891016,28,0,104.875,208,65.914223656503069,217,37,8,0,8,0,0,0,0.86602540378443871,-0.49999999999999978,0,1,0,1,0,1,3,0,1,0,0,0,0,0,28.399999999999999,95,1.3,0,4.3999999999999986,0
2021-08-02 09:00:00,22,21,184,24,21,189,21.583333333333332,23,0.97430763236891016,28,0,104.875,208,65.914223656503069,217,37,9,0,8,0,0,0,0.70710678118654757,-0.70710678118654746,0,1,1,0,0,1,3,0,1,0,0,0,0,0,28.5,90,0.90000000000000002,0,4.5,0
2021-08-02 12:00:00,23,21,113,25,21,130,21.583333333333332,23,0.97430763236891016,28,0,104.875,208,65.914223656503069,217,37,12,0,8,0,0,0,1.2246467991473532e-16,-1,0,1,1,0,0,1,3,0,1,0,0,0,0,0,27.300000000000001,94,2,16.699999999999999,3.3000000000000007,0
2021-08-02 13:00:00,21,21,169,21,21,180,21.583333333333332,23,0.97430763236891016,28,0,104.875,208,65.914223656503069,217,37,13,0,8,0,0,0,-0.25881904510252079,-0.96592582628906831,0,1,1,0,1,1,3,0,1,0,0,0,0,0,29.899999999999999,86,0.59999999999999998,16.699999999999999,5.8999999999999986,0
2021-08-02 14:00:00,21,22,186,21,25,199,21.583333333333332,23,0.97430763236891016,28,0,104.875,208,65.914223656503069,217,37,14,0,8,0,0,0,-0.49999999999999972,-0.86602540378443882,0,1,1,0,0,1,3,0,1,0,0,0,0,0,31.300000000000001,70,1.5,16.699999999999999,7.3000000000000007,0
2021-08-02 15:00:00,22,22,158,23,23,180,21.583333333333332,23,0.97430763236891016,28,0,104.875,208,65.914223656503069,217,37,15,0,8,0,0,0,-0.70710678118654713,-0.70710678118654791,0,1,1,0,0,1,3,0,1,0,0,0,0,0,32,66,3.1000000000000001,16.699999999999999,8,0
2021-08-02 18:00:00,20,23,175,21,28,186,21.583333333333332,23,0.97430763236891016,28,0,104.875,208,65.914223656503069,217,37,18,0,8,0,0,0,-1,-1.8369701987210297e-16,0,1,0,0,0,1,3,0,1,0,0,0,0,0,29.300000000000001,78,1.3,16.699999999999999,5.3000000000000007,0
2021-08-02 20:00:00,23,21,102,26,21,103,21.583333333333332,23,0.97430763236891016,28,0,104.875,208,65.914223656503069,217,37,20,0,8,0,0,0,-0.8660254037844386,0.50000000000000011,0,1,0,0,0,1,3,0,1,0,0,0,0,0,27.600000000000001,82,1.1000000000000001,16.699999999999999,3.6000000000000014,0
2021-08-02 22:00:00,22,21,110,23,21,116,21.583333333333332,23,0.97430763236891016,28,0,104.875,208,65.914223656503069,217,37,22,0,8,0,0,0,-0.50000000000000044,0.86602540378443837,0,1,0,0,0,1,3,0,1,0,0,0,0,0,26.699999999999999,81,1.2,16.699999999999999,2.6999999999999993,0
2021-08-03 02:00:00,21,21,115,21,21,119,21.458333333333332,23,0.7210600088796556,26,0,91.988095238095241,208,67.607885669745528,212,32,2,1,8,0,0,0,0.49999999999999994,0.86602540378443871,0.7818314824680298,0.62348980185873359,0,0,0,1,4,0,1,0,0,0,0,0,23.899999999999999,96,0.20000000000000001,0,0,0
2021-08-03 05:00:00,21,22,89,21,24,106,21.458333333333332,23,0.7210600088796556,26,0,91.988095238095241,208,67.607885669745528,212,32,5,1,8,0,0,0,0.96592582628906831,0.25881904510252074,0.7818314824680298,0.62348980185873359,0,0,0,1,4,0,1,0,0,0,0,0,24.100000000000001,94,1.1000000000000001,0,0.10000000000000142,0
2021-08-03 13:00:00,22,21,182,23,21,198,21.458333333333332,23,0.7210600088796556,26,0,91.988095238095241,208,67.607885669745528,212,32,13,1,8,0,0,0,-0.25881904510252079,-0.96592582628906831,0.7818314824680298,0.62348980185873359,1,0,1,1,4,0,1,0,0,0,0,0,29.899999999999999,74,1,0,5.8999999999999986,0
2021-08-03 14:00:00,23,21,195,25,21,199,21.458333333333332,23,0.7210600088796556,26,0,91.988095238095241,208,67.607885669745528,212,32,14,1,8,0,0,0,-0.49999999999999972,-0.86602540378443882,0.7818314824680298,0.62348980185873359,1,0,0,1,4,0,1,0,0,0,0,0,28.399999999999999,84,1.3,0.69999999999999996,4.3999999999999986,0
2021-08-03 15:00:00,21,22,179,21,23,201,21.458333333333332,23,0.7210600088796556,26,0,91.988095238095241,208,67.607885669745528,212,32,15,1,8,0,0,0,-0.70710678118654713,-0.70710678118654791,0.7818314824680298,0.62348980185873359,1,0,0,1,4,0,1,0,0,0,0,0,29.5,76,2.6000000000000001,0.69999999999999996,5.5,0
2021-08-03 17:00:00,22,21,159,24,21,184,21.458333333333332,23,0.7210600088796556,26,0,91.988095238095241,208,67.607885669745528,212,32,17,1,8,0,0,0,-0.96592582628906831,-0.25881904510252063,0.7818314824680298,0.62348980185873359,1,0,0,1,4,0,1,0,0,0,0,0,29,76,1.3,0.69999999999999996,5,0
2021-08-03 18:00:00,22,20,169,26,21,174,21.458333333333332,23,0.7210600088796556,26,0,91.988095238095241,208,67.607885669745528,212,32,18,1,8,0,0,0,-1,-1.8369701987210297e-16,0.7818314824680298,0.62348980185873359,0,0,0,1,4,0,1,0,0,0,0,0,28.100000000000001,83,1.2,0.69999999999999996,4.1000000000000014,0
2021-08-03 21:00:00,22,22,144,24,22,148,21.458333333333332,23,0.7210600088796556,26,0,91.988095238095241,208,67.607885669745528,212,32,21,1,8,0,0,0,-0.70710678118654768,0.70710678118654735,0.7818314824680298,0.62348980185873359,0,0,0,1,4,0,1,0,0,0,0,0,27.300000000000001,85,1,0.69999999999999996,3.3000000000000007,0
2021-08-03 22:00:00,22,22,129,24,23,132,21.458333333333332,23,0.7210600088796556,26,0,91.988095238095241,208,67.607885669745528,212,32,22,1,8,0,0,0,-0.50000000000000044,0.86602540378443837,0.7818314824680298,0.62348980185873359,0,0,0,1,4,0,1,0,0,0,0,0,25.899999999999999,92,0.40000000000000002,0.69999999999999996,1.8999999999999986,0
2021-08-04 00:00:00,21,21,88,22,23,91,21.625,23,0.87538811278169515,26,0,74.339285714285708,208,65.934537518739688,212,24,0,2,8,0,0,0,0,1,0.97492791218182362,-0.22252093395631434,0,0,0,1,5,0,1,0,0,0,0,0,25.899999999999999,93,0.90000000000000002,0,1.8999999999999986,0
2021-08-04 02:00:00,21,21,119,21,21,130,21.625,23,0.87538811278169515,26,0,74.339285714285708,208,65.934537518739688,212,24,2,2,8,0,0,0,0.49999999999999994,0.86602540378443871,0.97492791218182362,-0.22252093395631434,0,0,0,1,5,0,1,0,0,0,0,0,24.300000000000001,93,0.59999999999999998,0,0.30000000000000071,0
2021-08-04 04:00:00,21,21,119,21,21,123,21.625,23,0.87538811278169515,26,0,74.339285714285708,208,65.934537518739688,212,24,4,2,8,0,0,0,0.8660254037844386,0.50000000000000011,0.97492791218182362,-0.22252093395631434,0,0,0,1,5,0,1,0,0,0,0,0,24.100000000000001,98,0.29999999999999999,0,0.10000000000000142,0
2021-08-04 05:00:00,22,21,105,24,21,119,21.625,23,0.87538811278169515,26,0,74.339285714285708,208,65.934537518739688,212,24,5,2,8,0,0,0,0.96592582628906831,0.25881904510252074,0.97492791218182362,-0.22252093395631434,0,0,0,1,5,0,1,0,0,0,0,0,24.300000000000001,92,1,0,0.30000000000000071,0
2021-08-04 07:00:00,20,21,156,21,24,174,21.625,23,0.87538811278169515,26,0,74.339285714285708,208,65.934537518739688,212,24,7,2,8,0,0,0,0.96592582628906831,-0.25881904510252063,0.97492791218182362,-0.22252093395631434,0,0,0,1,5,0,1,0,0,0,0,0,28,79,0.69999999999999996,0,4,0
2021-08-04 10:00:00,21,22,188,21,25,202,21.625,23,0.87538811278169515,26,0,74.339285714285708,208,65.934537518739688,212,24,10,2,8,0,0,0,0.49999999999999994,-0.86602540378443871,0.97492791218182362,-0.22252093395631434,1,0,0,1,5,0,1,0,0,0,0,0,32.299999999999997,53,1.7,0,8.2999999999999972,0
2021-08-04 12:00:00,23,21,121,25,21,145,21.625,23,0.87538811278169515,26,0,74.339285714285708,208,65.934537518739688,212,24,12,2,8,0,0,0,1.2246467991473532e-16,-1,0.97492791218182362,-0.22252093395631434,1,0,0,1,5,0,1,0,0,0,0,0,32,67,2.2999999999999998,0,8,0
2021-08-04 19:00:00,23,21,151,25,21,175,21.625,23,0.87538811278169515,26,0,74.339285714285708,208,65.934537518739688,212,24,19,2,8,0,0,0,-0.96592582628906842,0.2588190451025203,0.97492791218182362,-0.22252093395631434,0,0,0,1,5,0,1,0,0,0,0,0,28.300000000000001,79,1.3,0,4.3000000000000007,0
2021-08-04 20:00:00,21,22,107,22,24,113,21.625,23,0.87538811278169515,26,0,74.339285714285708,208,65.934537518739688,212,24,20,2,8,0,0,0,-0.8660254037844386,0.50000000000000011,0.97492791218182362,-0.22252093395631434,0,0,0,1,5,0,1,0,0,0,0,0,27.600000000000001,87,0.40000000000000002,0,3.6000000000000014,0
2021-08-05 01:00:00,21,23,110,21,26,118,21.375,23,0.82422559185014332,26,0,56.583333333333336,208,59.167519883645959,212,15,1,3,8,0,0,0,0.25881904510252074,0.96592582628906831,0.43388373911755823,-0.90096886790241903,0,0,0,1,6,0,1,0,0,0,0,0,25.600000000000001,89,1.7,0,1.6000000000000014,0
2021-08-05 02:00:00,20,21,111,21,21,118,21.375,23,0.82422559185014332,26,0,56.583333333333336,208,59.167519883645959,212,15,2,3,8,0,0,0,0.49999999999999994,0.86602540378443871,0.43388373911755823,-0.90096886790241903,0,0,0,1,6,0,1,0,0,0,0,0,25.100000000000001,90,1.2,0,1.1000000000000014,0
2021-08-05 03:00:00,22,21,110,25,22,117,21.375,23,0.82422559185014332,26,0,56.583333333333336,208,59.167519883645959,212,15,3,3,8,0,0,0,0.70710678118654757,0.70710678118654757,0.43388373911755823,-0.90096886790241903,0,0,0,1,6,0,1,0,0,0,0,0,24.899999999999999,93,1,0,0.89999999999999858,0
2021-08-05 13:00:00,22,21,192,25,21,206,21.375,23,0.82422559185014332,26,0,56.583333333333336,208,59.167519883645959,212,15,13,3,8,0,0,0,-0.25881904510252079,-0.96592582628906831,0.43388373911755823,-0.90096886790241903,1,0,1,1,6,0,1,0,0,0,0,0,32.299999999999997,63,2.5,0,8.2999999999999972,0
2021-08-05 18:00:00,21,22,174,22,24,180,21.375,23,0.82422559185014332,26,0,56.583333333333336,208,59.167519883645959,212,15,18,3,8,0,0,0,-1,-1.8369701987210297e-16,0.43388373911755823,-0.90096886790241903,0,0,0,1,6,0,1,0,0,0,0,0,30,62,1.3999999999999999,0,6,0
2021-08-05 19:00:00,21,23,169,21,25,181,21.375,23,0.82422559185014332,26,0,56.583333333333336,208,59.167519883645959,212,15,19,3,8,0,0,0,-0.96592582628906842,0.2588190451025203,0.43388373911755823,-0.90096886790241903,0,0,0,1,6,0,1,0,0,0,0,0,29.5,68,1.2,0,5.5,0
2021-08-05 20:00:00,21,21,128,21,22,134,21.375,23,0.82422559185014332,26,0,56.583333333333336,208,59.167519883645959,212,15,20,3,8,0,0,0,-0.8660254037844386,0.50000000000000011,0.43388373911755823,-0.90096886790241903,0,0,0,1,6,0,1,0,0,0,0,0,29,68,0.90000000000000002,0,5,0
2021-08-05 22:00:00,21,21,122,21,21,130,21.375,23,0.82422559185014332,26,0,56.583333333333336,208,59.167519883645959,212,15,22,3,8,0,0,0,-0.50000000000000044,0.86602540378443837,0.43388373911755823,-0.90096886790241903,0,0,0,1,6,0,1,0,0,0,0,0,26.800000000000001,84,0.29999999999999999,0,2.8000000000000007,0
2021-08-06 00:00:00,21,21,88,21,21,91,21.541666666666668,23,0.72106000887957333,26,0,39.25595238095238,208,45.832158913849078,212,9,0,4,8,0,0,0,0,1,-0.43388373911755801,-0.90096886790241915,0,0,0,1,7,0,1,0,0,0,0,0,25.600000000000001,86,0.80000000000000004,0,1.6000000000000014,0
2021-08-06 01:00:00,22,21,121,25,21,130,21.541666666666668,23,0.72106000887957333,26,0,39.25595238095238,208,45.832158913849078,212,9,1,4,8,0,0,0,0.25881904510252074,0.96592582628906831,-0.43388373911755801,-0.90096886790241915,0,0,0,1,7,0,1,0,0,0,0,0,25.600000000000001,86,1.1000000000000001,0,1.6000000000000014,0
2021-08-06 04:00:00,22,21,119,25,21,123,21.541666666666668,23,0.72106000887957333,26,0,39.25595238095238,208,45.832158913849078,212,9,4,4,8,0,0,0,0.8660254037844386,0.50000000000000011,-0.43388373911755801,-0.90096886790241915,0,0,0,1,7,0,1,0,0,0,0,0,24.800000000000001,95,1.1000000000000001,0,0.80000000000000071,0
2021-08-06 05:00:00,21,21,105,22,21,119,21.541666666666668,23,0.72106000887957333,26,0,39.25595238095238,208,45.832158913849078,212,9,5,4,8,0,0,0,0.96592582628906831,0.25881904510252074,-0.43388373911755801,-0.90096886790241915,0,0,0,1,7,0,1,0,0,0,0,0,24.899999999999999,96,1.1000000000000001,0,0.89999999999999858,0
2021-08-06 07:00:00,20,20,156,20,21,174,21.541666666666668,23,0.72106000887957333,26,0,39.25595238095238,208,45.832158913849078,212,9,7,4,8,0,0,0,0.96592582628906831,-0.25881904510252063,-0.43388373911755801,-0.90096886790241915,0,0,0,1,7,0,1,0,0,0,0,0,28.5,78,2.1000000000000001,0,4.5,0
2021-08-06 08:00:00,22,21,198,24,23,204,21.541666666666668,23,0.72106000887957333,26,0,39.25595238095238,208,45.832158913849078,212,9,8,4,8,0,0,0,0.86602540378443871,-0.49999999999999978,-0.43388373911755801,-0.90096886790241915,0,1,0,1,7,0,1,0,0,0,0,0,30.699999999999999,69,1.5,0,6.6999999999999993,0
2021-08-06 10:00:00,21,22,188,21,25,202,21.541666666666668,23,0.72106000887957333,26,0,39.25595238095238,208,45.832158913849078,212,9,10,4,8,0,0,0,0.49999999999999994,-0.86602540378443871,-0.43388373911755801,-0.90096886790241915,1,0,0,1,7,0,1,0,0,0,0,0,32.700000000000003,60,2.1000000000000001,0,8.7000000000000028,0
2021-08-06 23:00:00,23,21,103,26,22,116,21.541666666666668,23,0.72106000887957333,26,0,39.25595238095238,208,45.832158913849078,212,9,23,4,8,0,0,0,-0.25881904510252157,0.96592582628906809,-0.43388373911755801,-0.90096886790241915,0,0,0,1,7,0,1,0,0,0,0,0,26.699999999999999,92,1.8999999999999999,0,2.6999999999999993,0
2021-08-07 05:00:00,21,21,20,21,22,21,21.875,24,1.2958965337788382,27,0,21.571428571428573,24,0.91279283594439764,28,0,5,5,8,1,0,0,0.96592582628906831,0.25881904510252074,-0.97492791218182362,-0.22252093395631459,0,0,0,1,8,0,1,0,0,0,0,0,26.100000000000001,98,1.7,0,2.1000000000000014,0
2021-08-07 08:00:00,20,22,21,21,24,21,21.875,24,1.2958965337788382,27,0,21.571428571428573,24,0.91279283594439764,28,0,8,5,8,1,0,0,0.86602540378443871,-0.49999999999999978,-0.97492791218182362,-0.22252093395631459,0,1,0,1,8,0,1,0,0,0,0,0,30.199999999999999,81,1.3,0,6.1999999999999993,0
2021-08-07 09:00:00,21,21,21,21,21,21,21.875,24,1.2958965337788382,27,0,21.571428571428573,24,0.91279283594439764,28,0,9,5,8,1,0,0,0.70710678118654757,-0.70710678118654746,-0.97492791218182362,-0.22252093395631459,1,0,0,1,8,0,1,0,0,0,0,0,30.600000000000001,77,0.90000000000000002,0,6.6000000000000014,0
2021-08-07 11:00:00,24,22,23,25,25,26,21.875,24,1.2958965337788382,27,0,21.571428571428573,24,0.91279283594439764,28,0,11,5,8,1,0,0,0.25881904510252102,-0.9659258262890682,-0.97492791218182362,-0.22252093395631459,1,0,0,1,8,0,1,0,0,0,0,0,33.399999999999999,52,2.1000000000000001,0,9.3999999999999986,0
2021-08-07 12:00:00,24,22,21,24,24,21,21.875,24,1.2958965337788382,27,0,21.571428571428573,24,0.91279283594439764,28,0,12,5,8,1,0,0,1.2246467991473532e-16,-1,-0.97492791218182362,-0.22252093395631459,1,0,0,1,8,0,1,0,0,0,0,0,32.899999999999999,55,2.1000000000000001,0,8.8999999999999986,0
2021-08-07 14:00:00,24,21,22,27,22,25,21.875,24,1.2958965337788382,27,0,21.571428571428573,24,0.91279283594439764,28,0,14,5,8,1,0,0,-0.49999999999999972,-0.86602540378443882,-0.97492791218182362,-0.22252093395631459,1,0,0,1,8,0,1,0,0,0,0,0,32.299999999999997,66,2.5,0,8.2999999999999972,0
2021-08-07 15:00:00,22,23,22,22,25,23,21.875,24,1.2958965337788382,27,0,21.571428571428573,24,0.91279283594439764,28,0,15,5,8,1,0,0,-0.70710678118654713,-0.70710678118654791,-0.97492791218182362,-0.22252093395631459,1,0,0,1,8,0,1,0,0,0,0,0,31.600000000000001,68,1.8999999999999999,0,7.6000000000000014,0
2021-08-07 16:00:00,22,22,21,22,22,21,21.875,24,1.2958965337788382,27,0,21.571428571428573,24,0.91279283594439764,28,0,16,5,8,1,0,0,-0.86602540378443849,-0.50000000000000044,-0.97492791218182362,-0.22252093395631459,1,0,0,1,8,0,1,0,0,0,0,0,31.399999999999999,65,2.1000000000000001,0,7.3999999999999986,0
2021-08-07 17:00:00,23,22,21,25,22,21,21.875,24,1.2958965337788382,27,0,21.571428571428573,24,0.91279283594439764,28,0,17,5,8,1,0,0,-0.96592582628906831,-0.25881904510252063,-0.97492791218182362,-0.22252093395631459,1,0,0,1,8,0,1,0,0,0,0,0,29.699999999999999,76,3,0,5.6999999999999993,0
2021-08-07 18:00:00,22,21,23,22,21,28,21.875,24,1.2958965337788382,27,0,21.571428571428573,24,0.91279283594439764,28,0,18,5,8,1,0,0,-1,-1.8369701987210297e-16,-0.97492791218182362,-0.22252093395631459,0,0,0,1,8,0,1,0,0,0,0,0,28.600000000000001,86,3.1000000000000001,0,4.6000000000000014,0
2021-08-07 22:00:00,21,22,21,21,23,21,21.875,24,1.2958965337788382,27,0,21.571428571428573,24,0.91279283594439764,28,0,22,5,8,1,0,0,-0.50000000000000044,0.86602540378443837,-0.97492791218182362,-0.22252093395631459,0,0,0,1,8,0,1,0,0,0,0,0,26.800000000000001,95,1.3,0.29999999999999999,2.8000000000000007,0
2021-08-08 00:00:00,22,21,21,24,21,21,21.666666666666668,24,0.86811473238227443,26,0,21.589285714285715,24,0.9112100078327201,28,0,0,6,8,0,1,0,0,1,-0.78183148246802991,0.62348980185873337,0,0,0,1,9,0,1,0,0,0,0,0,25.100000000000001,98,1.6000000000000001,1.1000000000000001,1.1000000000000014,0
2021-08-08 01:00:00,22,21,23,25,21,26,21.666666666666668,24,0.86811473238227443,26,0,21.589285714285715,24,0.9112100078327201,28,0,1,6,8,0,1,0,0.25881904510252074,0.96592582628906831,-0.78183148246802991,0.62348980185873337,0,0,0,1,9,0,1,0,0,0,0,0,24.100000000000001,98,1.5,5.2000000000000002,0.10000000000000142,0
2021-08-08 02:00:00,21,20,21,21,21,21,21.666666666666668,24,0.86811473238227443,26,0,21.589285714285715,24,0.9112100078327201,28,0,2,6,8,0,1,0,0.49999999999999994,0.86602540378443871,-0.78183148246802991,0.62348980185873337,0,0,0,1,9,0,1,0,0,0,0,0,23.899999999999999,98,2.6000000000000001,7.2999999999999998,0,0
2021-08-08 04:00:00,21,22,22,21,23,25,21.666666666666668,24,0.86811473238227443,26,0,21.589285714285715,24,0.9112100078327201,28,0,4,6,8,0,1,0,0.8660254037844386,0.50000000000000011,-0.78183148246802991,0.62348980185873337,0,0,0,1,9,0,1,0,0,0,0,0,23.199999999999999,98,0.29999999999999999,7.9000000000000004,0,0
2021-08-08 10:00:00,21,24,21,21,25,21,21.666666666666668,24,0.86811473238227443,26,0,21.589285714285715,24,0.9112100078327201,28,0,10,6,8,0,1,0,0.49999999999999994,-0.86602540378443871,-0.78183148246802991,0.62348980185873337,1,0,0,1,9,0,1,0,0,0,0,0,28,84,2.1000000000000001,7.9000000000000004,4,0
2021-08-08 11:00:00,21,24,21,21,25,21,21.666666666666668,24,0.86811473238227443,26,0,21.589285714285715,24,0.9112100078327201,28,0,11,6,8,0,1,0,0.25881904510252102,-0.9659258262890682,-0.78183148246802991,0.62348980185873337,1,0,0,1,9,0,1,0,0,0,0,0,27.199999999999999,89,1.8,8,3.1999999999999993,0
2021-08-08 16:00:00,24,22,23,25,22,25,21.666666666666668,24,0.86811473238227443,26,0,21.589285714285715,24,0.9112100078327201,28,0,16,6,8,0,1,0,-0.86602540378443849,-0.50000000000000044,-0.78183148246802991,0.62348980185873337,1,0,0,1,9,0,1,0,0,0,0,0,24.199999999999999,98,1.3999999999999999,24.600000000000001,0.19999999999999929,0
2021-08-08 17:00:00,21,23,21,21,25,21,21.666666666666668,24,0.86811473238227443,26,0,21.589285714285715,24,0.9112100078327201,28,0,17,6,8,0,1,0,-0.96592582628906831,-0.25881904510252063,-0.78183148246802991,0.62348980185873337,1,0,0,1,9,0,1,0,0,0,0,0,24.800000000000001,98,2,24.800000000000001,0.80000000000000071,0
2021-08-08 21:00:00,22,23,22,22,26,22,21.666666666666668,24,0.86811473238227443,26,0,21.589285714285715,24,0.9112100078327201,28,0,21,6,8,0,1,0,-0.70710678118654768,0.70710678118654735,-0.78183148246802991,0.62348980185873337,0,0,0,1,9,0,1,0,0,0,0,0,22.699999999999999,98,2.3999999999999999,29.5,0,0
2021-08-08 23:00:00,23,21,22,25,21,24,21.666666666666668,24,0.86811473238227443,26,0,21.589285714285715,24,0.9112100078327201,28,0,23,6,8,0,1,0,-0.25881904510252157,0.96592582628906809,-0.78183148246802991,0.62348980185873337,0,0,0,1,9,0,1,0,0,0,0,0,23.100000000000001,98,2.7999999999999998,37.200000000000003,0,0
2021-08-09 10:00:00,23,21,22,25,21,25,21.375,23,0.64689895736763325,26,0,21.55952380952381,24,0.87344305247321385,27,0,10,0,8,0,0,0,0.49999999999999994,-0.86602540378443871,0,1,1,0,0,0,0,1,1,1,408,0.56121045400000003,0,1940,26.5,75,2.6000000000000001,9.6999999999999993,2.5,0
2021-08-09 11:00:00,21,21,21,21,21,21,21.375,23,0.64689895736763325,26,0,21.55952380952381,24,0.87344305247321385,27,0,11,0,8,0,0,0,0.25881904510252102,-0.9659258262890682,0,1,1,0,0,0,0,1,1,1,1431,1.910547397,0,3371,26.5,76,1.8,9.6999999999999993,2.5,0
2021-08-09 12:00:00,21,23,21,21,26,21,21.375,23,0.64689895736763325,26,0,21.55952380952381,24,0.87344305247321385,27,0,12,0,8,0,0,0,1.2246467991473532e-16,-1,0,1,1,0,0,0,0,1,1,1,120,0.23210831700000001,0,3491,28.199999999999999,69,3.1000000000000001,9.6999999999999993,4.1999999999999993,0
2021-08-09 15:00:00,21,21,21,21,22,21,21.375,23,0.64689895736763325,26,0,21.55952380952381,24,0.87344305247321385,27,0,15,0,8,0,0,0,-0.70710678118654713,-0.70710678118654791,0,1,1,0,0,0,0,1,1,1,1087,1.632132132,0,15900,28.699999999999999,69,3.5,9.6999999999999993,4.6999999999999993,0
2021-08-09 18:00:00,22,21,22,24,21,26,21.375,23,0.64689895736763325,26,0,21.55952380952381,24,0.87344305247321385,27,0,18,0,8,0,0,0,-1,-1.8369701987210297e-16,0,1,0,0,0,0,0,1,1,1,0,0,0,20436,26.100000000000001,79,1.3999999999999999,9.6999999999999993,2.1000000000000014,0
2021-08-09 21:00:00,22,22,22,26,22,24,21.375,23,0.64689895736763325,26,0,21.55952380952381,24,0.87344305247321385,27,0,21,0,8,0,0,0,-0.70710678118654768,0.70710678118654735,0,1,0,0,0,0,0,1,1,1,114,0.24728850299999999,0,20586,23.300000000000001,94,2.2000000000000002,9.8000000000000007,0,0
2021-08-09 23:00:00,21,23,21,21,25,21,21.375,23,0.64689895736763325,26,0,21.55952380952381,24,0.87344305247321385,27,0,23,0,8,0,0,0,-0.25881904510252157,0.96592582628906809,0,1,0,0,0,0,0,1,1,1,40,0.10230179,0,20689,22,98,0.69999999999999996,19.800000000000001,0,0
2021-08-10 02:00:00,20,21,21,21,21,21,107.66666666666667,193,66.857191520217683,215,7,33.875,193,39.105903730598506,215,7,2,1,8,0,0,0,0.49999999999999994,0.86602540378443871,0.7818314824680298,0.62348980185873359,0,0,0,0,0,0,0,0,435,1.138743455,0,465,21.899999999999999,98,1.3,0.29999999999999999,0,0
2021-08-10 03:00:00,22,23,21,23,24,22,107.66666666666667,193,66.857191520217683,215,7,33.875,193,39.105903730598506,215,7,3,1,8,0,0,0,0.70710678118654757,0.70710678118654757,0.7818314824680298,0.62348980185873359,0,0,0,0,0,0,0,0,18,0.046153845999999998,0,483,22,98,0.59999999999999998,0.29999999999999999,0,0
2021-08-10 04:00:00,21,21,21,22,21,21,107.66666666666667,193,66.857191520217683,215,7,33.875,193,39.105903730598506,215,7,4,1,8,0,0,0,0.8660254037844386,0.50000000000000011,0.7818314824680298,0.62348980185873359,0,0,0,0,0,0,0,0,88,0.217283951,0,571,22,98,2.2999999999999998,0.29999999999999999,0,0
2021-08-10 06:00:00,20,21,21,20,23,21,107.66666666666667,193,66.857191520217683,215,7,33.875,193,39.105903730598506,215,7,6,1,8,0,0,0,1,6.123233995736766e-17,0.7818314824680298,0.62348980185873359,0,0,0,0,0,0,0,0,194,0.48621553899999997,0,775,21.800000000000001,98,1.8,0.29999999999999999,0,0
2021-08-10 12:00:00,129,21,23,144,21,25,107.66666666666667,193,66.857191520217683,215,7,33.875,193,39.105903730598506,215,7,12,1,8,0,0,0,1.2246467991473532e-16,-1,0.7818314824680298,0.62348980185873359,1,0,0,0,0,0,0,0,0,0,-1,7302,26.899999999999999,81,1.7,1.6000000000000001,2.8999999999999986,0
2021-08-10 13:00:00,182,21,21,200,23,21,107.66666666666667,193,66.857191520217683,215,7,33.875,193,39.105903730598506,215,7,13,1,8,0,0,0,-0.25881904510252079,-0.96592582628906831,0.7818314824680298,0.62348980185873359,1,0,1,0,0,0,0,0,1199,1.6537931029999999,-0.84159069890342186,8501,26.5,77,1.8999999999999999,1.6000000000000001,2.5,0
2021-08-10 15:00:00,167,21,23,183,21,26,107.66666666666667,193,66.857191520217683,215,7,33.875,193,39.105903730598506,215,7,15,1,8,0,0,0,-0.70710678118654713,-0.70710678118654791,0.7818314824680298,0.62348980185873359,1,0,0,0,0,0,0,0,687,1.1098546039999999,-0.36798528058877644,10881,25.399999999999999,87,2.2999999999999998,1.6000000000000001,1.3999999999999986,0
2021-08-10 17:00:00,146,22,21,169,25,21,107.66666666666667,193,66.857191520217683,215,7,33.875,193,39.105903730598506,215,7,17,1,8,0,0,0,-0.96592582628906831,-0.25881904510252063,0.7818314824680298,0.62348980185873359,1,0,0,0,0,0,0,0,518,1.0318725099999999,-0.83397435897435901,12061,24.899999999999999,89,1.2,1.7,0.89999999999999858,0
2021-08-10 19:00:00,93,21,23,95,21,25,107.66666666666667,193,66.857191520217683,215,7,33.875,193,39.105903730598506,215,7,19,1,8,0,0,0,-0.96592582628906842,0.2588190451025203,0.7818314824680298,0.62348980185873359,0,0,0,0,0,0,0,0,1764,2.826923077,0,17158,24.100000000000001,97,0.5,1.7,0.10000000000000142,0
2021-08-10 20:00:00,109,21,21,113,22,22,107.66666666666667,193,66.857191520217683,215,7,33.875,193,39.105903730598506,215,7,20,1,8,0,0,0,-0.8660254037844386,0.50000000000000011,0.7818314824680298,0.62348980185873359,0,0,0,0,0,0,0,0,113,0.218992248,2.1388888888888888,17271,23.899999999999999,97,1.1000000000000001,1.7,0,0
2021-08-11 04:00:00,101,21,21,103,22,21,132.875,185,37.195502883851802,195,5,49.767857142857146,193,53.409498495234068,215,12,4,2,8,0,0,0,0.8660254037844386,0.50000000000000011,0.97492791218182362,-0.22252093395631434,0,0,0,0,0,0,0,0,78,0.17528089899999999,-0.11363636363636363,193,22.699999999999999,98,1.5,0,0,0
2021-08-11 11:00:00,185,187,21,191,192,21,132.875,185,37.195502883851802,195,5,49.767857142857146,193,53.409498495234068,215,12,11,2,8,0,0,0,0.25881904510252102,-0.9659258262890682,0.97492791218182362,-0.22252093395631434,1,0,0,0,0,0,0,0,1856,2.5217391299999998,0.30612244897959184,9263,27.600000000000001,79,1.6000000000000001,0,3.6000000000000014,0
2021-08-11 15:00:00,155,167,22,181,183,24,132.875,185,37.195502883851802,195,5,49.767857142857146,193,53.409498495234068,215,12,15,2,8,0,0,0,-0.70710678118654713,-0.70710678118654791,0.97492791218182362,-0.22252093395631434,1,0,0,0,0,0,0,0,1734,2.8379705400000002,1.5240174672489082,12663,28.699999999999999,73,2.6000000000000001,0,4.6999999999999993,0
2021-08-11 16:00:00,169,184,21,182,191,22,132.875,185,37.195502883851802,195,5,49.767857142857146,193,53.409498495234068,215,12,16,2,8,0,0,0,-0.86602540378443849,-0.50000000000000044,0.97492791218182362,-0.22252093395631434,1,0,0,0,0,0,0,0,330,0.45392021999999999,-0.50151057401812693,12993,27,76,2.2000000000000002,0,3,0
2021-08-11 19:00:00,156,93,21,163,95,21,132.875,185,37.195502883851802,195,5,49.767857142857146,193,53.409498495234068,215,12,19,2,8,0,0,0,-0.96592582628906842,0.2588190451025203,0.97492791218182362,-0.22252093395631434,0,0,0,0,0,0,0,0,3724,6.1963394340000004,1.1111111111111112,19388,24.399999999999999,88,1.8999999999999999,0,0.39999999999999858,0
2021-08-11 20:00:00,129,109,21,135,113,21,132.875,185,37.195502883851802,195,5,49.767857142857146,193,53.409498495234068,215,12,20,2,8,0,0,0,-0.8660254037844386,0.50000000000000011,0.97492791218182362,-0.22252093395631434,0,0,0,0,0,0,0,0,6,0.012024048000000001,-0.94690265486725667,19394,23.899999999999999,87,1.2,0,0,0
2021-08-11 21:00:00,123,115,23,127,119,26,132.875,185,37.195502883851802,195,5,49.767857142857146,193,53.409498495234068,215,12,21,2,8,0,0,0,-0.70710678118654768,0.70710678118654735,0.97492791218182362,-0.22252093395631434,0,0,0,0,0,0,0,0,69,0.15935334900000001,-0.53691275167785235,19463,23.100000000000001,88,0.69999999999999996,0,0,0
2021-08-11 22:00:00,106,109,21,114,112,21,132.875,185,37.195502883851802,195,5,49.767857142857146,193,53.409498495234068,215,12,22,2,8,0,0,0,-0.50000000000000044,0.86602540378443837,0.97492791218182362,-0.22252093395631434,0,0,0,0,0,0,0,0,98,0.222727273,18.600000000000001,19561,23.199999999999999,91,1.2,0,0,0
2021-08-12 00:00:00,77,68,21,83,71,21,139,203,37.914090532011656,218,8,66.571428571428569,203,61.602314622173402,218,20,0,3,8,0,0,0,0,1,0.43388373911755823,-0.90096886790241903,0,0,0,0,0,0,0,0,0,0,0,0,21.899999999999999,96,1.2,0,0,0
2021-08-12 02:00:00,109,96,21,114,97,21,139,203,37.914090532011656,218,8,66.571428571428569,203,61.602314622173402,218,20,2,3,8,0,0,0,0.49999999999999994,0.86602540378443871,0.43388373911755823,-0.90096886790241903,0,0,0,0,0,0,0,0,108,0.251162791,0.96363636363636362,247,21.399999999999999,98,1.1000000000000001,0,0,0
2021-08-12 04:00:00,111,101,22,116,103,25,139,203,37.914090532011656,218,8,66.571428571428569,203,61.602314622173402,218,20,4,3,8,0,0,0,0.8660254037844386,0.50000000000000011,0.43388373911755823,-0.90096886790241903,0,0,0,0,0,0,0,0,108,0.25174825200000001,0.38461538461538464,546,21.399999999999999,98,0.5,0,0,0
2021-08-12 07:00:00,132,128,20,150,138,20,139,203,37.914090532011656,218,8,66.571428571428569,203,61.602314622173402,218,20,7,3,8,0,0,0,0.96592582628906831,-0.25881904510252063,0.43388373911755823,-0.90096886790241903,0,0,0,0,0,0,0,0,702,1.352601156,0.33206831119544594,2007,23.600000000000001,95,1.1000000000000001,0,0,0
2021-08-12 09:00:00,179,185,21,189,193,21,139,203,37.914090532011656,218,8,66.571428571428569,203,61.602314622173402,218,20,9,3,8,0,0,0,0.70710678118654757,-0.70710678118654746,0.43388373911755823,-0.90096886790241903,1,0,0,0,0,0,0,0,1195,1.655124654,0.35028248587570621,4452,28.100000000000001,74,1.6000000000000001,0,4.1000000000000014,0
2021-08-12 10:00:00,183,175,21,192,192,21,139,203,37.914090532011656,218,8,66.571428571428569,203,61.602314622173402,218,20,10,3,8,0,0,0,0.49999999999999994,-0.86602540378443871,0.43388373911755823,-0.90096886790241903,1,0,0,0,0,0,0,0,990,1.400282885,-0.75555555555555554,5442,28.800000000000001,66,2.7999999999999998,0,4.8000000000000007,0
2021-08-12 18:00:00,180,165,21,194,168,21,139,203,37.914090532011656,218,8,66.571428571428569,203,61.602314622173402,218,20,18,3,8,0,0,0,-1,-1.8369701987210297e-16,0.43388373911755823,-0.90096886790241903,0,0,0,0,0,0,0,0,1081,1.575801749,-0.55330578512396689,18433,25.800000000000001,85,1.2,0,1.8000000000000007,0
2021-08-12 23:00:00,99,99,23,109,109,26,139,203,37.914090532011656,218,8,66.571428571428569,203,61.602314622173402,218,20,23,3,8,0,0,0,-0.25881904510252157,0.96592582628906809,0.43388373911755823,-0.90096886790241903,0,0,0,0,0,0,0,0,100,0.242718447,2.8461538461538463,22339,23.899999999999999,98,0.90000000000000002,1.3999999999999999,0,0
2021-08-13 02:00:00,108,109,20,110,114,21,137.45833333333334,188,35.336862347691863,199,6,83.13095238095238,203,64.199964512442762,218,26,2,4,8,0,0,0,0.49999999999999994,0.86602540378443871,-0.43388373911755801,-0.90096886790241915,0,0,0,0,0,0,0,0,100,0.22321428600000001,-0.07407407407407407,282,23.699999999999999,98,1.2,0,0,0
2021-08-13 04:00:00,107,111,22,114,116,23,137.45833333333334,188,35.336862347691863,199,6,83.13095238095238,203,64.199964512442762,218,26,4,4,8,0,0,0,0.8660254037844386,0.50000000000000011,-0.43388373911755801,-0.90096886790241915,0,0,0,0,0,0,0,0,97,0.221461187,-0.10185185185185185,569,23.399999999999999,98,1.1000000000000001,0.20000000000000001,0,0
2021-08-13 05:00:00,89,92,21,103,105,21,137.45833333333334,188,35.336862347691863,199,6,83.13095238095238,203,64.199964512442762,218,26,5,4,8,0,0,0,0.96592582628906831,0.25881904510252074,-0.43388373911755801,-0.90096886790241915,0,0,0,0,0,0,0,0,0,0,-1,569,23.100000000000001,98,1.8999999999999999,0.20000000000000001,0,0
2021-08-13 08:00:00,187,203,20,196,218,21,137.45833333333334,188,35.336862347691863,199,6,83.13095238095238,203,64.199964512442762,218,26,8,4,8,0,0,0,0.86602540378443871,-0.49999999999999978,-0.43388373911755801,-0.90096886790241915,0,1,0,0,0,0,0,0,1107,1.4137931029999999,-0.1144,2859,24.899999999999999,92,2.7999999999999998,0.20000000000000001,0.89999999999999858,0
2021-08-13 09:00:00,181,179,21,189,189,21,137.45833333333334,188,35.336862347691863,199,6,83.13095238095238,203,64.199964512442762,218,26,9,4,8,0,0,0,0.70710678118654757,-0.70710678118654746,-0.43388373911755801,-0.90096886790241915,1,0,0,0,0,0,0,0,1246,1.6591211720000001,0.042677824267782424,4105,25.699999999999999,88,1.7,0.20000000000000001,1.6999999999999993,0
2021-08-13 10:00:00,177,183,24,186,192,25,137.45833333333334,188,35.336862347691863,199,6,83.13095238095238,203,64.199964512442762,218,26,10,4,8,0,0,0,0.49999999999999994,-0.86602540378443871,-0.43388373911755801,-0.90096886790241915,1,0,0,0,0,0,0,0,1023,1.3937329700000001,0.033333333333333333,5128,23.600000000000001,96,1.3999999999999999,3.5,0,0
2021-08-13 11:00:00,188,184,24,199,192,25,137.45833333333334,188,35.336862347691863,199,6,83.13095238095238,203,64.199964512442762,218,26,11,4,8,0,0,0,0.25881904510252102,-0.9659258262890682,-0.43388373911755801,-0.90096886790241915,1,0,0,0,0,0,0,0,1809,2.3103448279999999,0.68279069767441858,6937,25.100000000000001,91,2,3.5,1.1000000000000014,0
2021-08-13 12:00:00,120,113,24,133,132,24,137.45833333333334,188,35.336862347691863,199,6,83.13095238095238,203,64.199964512442762,218,26,12,4,8,0,0,0,1.2246467991473532e-16,-1,-0.43388373911755801,-0.90096886790241915,1,0,0,0,0,0,0,0,30,0.067873302999999996,-0.6470588235294118,6967,25.699999999999999,87,2.2999999999999998,3.5,1.6999999999999993,0
2021-08-13 15:00:00,165,153,22,197,177,22,137.45833333333334,188,35.336862347691863,199,6,83.13095238095238,203,64.199964512442762,218,26,15,4,8,0,0,0,-0.70710678118654713,-0.70710678118654791,-0.43388373911755801,-0.90096886790241915,1,0,0,0,0,0,0,0,1316,1.97005988,0.71354166666666663,11188,26.199999999999999,81,3.2999999999999998,3.5,2.1999999999999993,0
2021-08-13 21:00:00,112,108,23,114,115,26,137.45833333333334,188,35.336862347691863,199,6,83.13095238095238,203,64.199964512442762,218,26,21,4,8,0,0,0,-0.70710678118654768,0.70710678118654735,-0.43388373911755801,-0.90096886790241915,0,0,0,0,0,0,0,0,55,0.12195122,0,16797,24.600000000000001,89,1.2,3.5,0.60000000000000142,0
2021-08-14 03:00:00,116,104,21,120,110,21,139.41666666666666,196,39.352273749751404,207,7,99.922619047619051,203,62.984742665731076,218,33,3,5,8,1,0,0,0.70710678118654757,0.70710678118654757,-0.97492791218182362,-0.22252093395631459,0,0,0,0,0,0,0,0,61,0.16804407699999999,-0.67894736842105263,359,23.300000000000001,98,1.8,0.59999999999999998,0,0
2021-08-14 04:00:00,110,107,21,116,114,21,139.41666666666666,196,39.352273749751404,207,7,99.922619047619051,203,62.984742665731076,218,33,4,5,8,1,0,0,0.8660254037844386,0.50000000000000011,-0.97492791218182362,-0.22252093395631459,0,0,0,0,0,0,0,0,40,0.10230179,-0.58762886597938147,399,23.199999999999999,97,2,1,0,0
2021-08-14 05:00:00,88,89,22,108,103,24,139.41666666666666,196,39.352273749751404,207,7,99.922619047619051,203,62.984742665731076,218,33,5,5,8,1,0,0,0.96592582628906831,0.25881904510252074,-0.97492791218182362,-0.22252093395631459,0,0,0,0,0,0,0,0,198,0.594594595,0,597,23.199999999999999,97,1.7,1.1000000000000001,0,0
2021-08-14 08:00:00,196,187,22,207,196,25,139.41666666666666,196,39.352273749751404,207,7,99.922619047619051,203,62.984742665731076,218,33,8,5,8,1,0,0,0.86602540378443871,-0.49999999999999978,-0.97492791218182362,-0.22252093395631459,0,1,0,0,0,0,0,0,0,0,-1,1529,22.199999999999999,98,2,16.100000000000001,0,0
2021-08-14 09:00:00,188,181,22,191,189,24,139.41666666666666,196,39.352273749751404,207,7,99.922619047619051,203,62.984742665731076,218,33,9,5,8,1,0,0,0.70710678118654757,-0.70710678118654746,-0.97492791218182362,-0.22252093395631459,1,0,0,0,0,0,0,0,0,0,-1,1529,22.100000000000001,98,2,20.100000000000001,0,0
2021-08-14 10:00:00,184,177,21,201,186,21,139.41666666666666,196,39.352273749751404,207,7,99.922619047619051,203,62.984742665731076,218,33,10,5,8,1,0,0,0.49999999999999994,-0.86602540378443871,-0.97492791218182362,-0.22252093395631459,1,0,0,0,0,0,0,0,0,0,-1,1529,22.899999999999999,98,2.7999999999999998,23.699999999999999,0,0
2021-08-14 22:00:00,109,116,21,118,122,21,139.41666666666666,196,39.352273749751404,207,7,99.922619047619051,203,62.984742665731076,218,33,22,5,8,1,0,0,-0.50000000000000044,0.86602540378443837,-0.97492791218182362,-0.22252093395631459,0,0,0,0,0,0,0,0,0,0,-1,1529,22.5,93,2.2999999999999998,26.5,0,0
2021-08-15 00:00:00,62,72,21,67,79,21,42.958333333333336,107,31.781152695690164,108,0,102.96428571428571,203,60.687862715075525,218,33,0,6,8,0,1,1,0,1,-0.78183148246802991,0.62348980185873337,0,0,0,1,1,0,0,1,0,0,0,0,22.199999999999999,94,2.5,0,0,0
2021-08-15 01:00:00,97,100,21,106,105,21,42.958333333333336,107,31.781152695690164,108,0,102.96428571428571,203,60.687862715075525,218,33,1,6,8,0,1,1,0.25881904510252074,0.96592582628906831,-0.78183148246802991,0.62348980185873337,0,0,0,1,1,0,0,1,0,0,-1,0,22.300000000000001,92,2.2000000000000002,0,0,0
2021-08-15 02:00:00,107,112,21,108,117,21,42.958333333333336,107,31.781152695690164,108,0,102.96428571428571,203,60.687862715075525,218,33,2,6,8,0,1,1,0.49999999999999994,0.86602540378443871,-0.78183148246802991,0.62348980185873337,0,0,0,1,1,0,0,1,0,0,-1,0,22.5,91,2.5,0,0,0
2021-08-15 05:00:00,83,88,21,91,108,21,42.958333333333336,107,31.781152695690164,108,0,102.96428571428571,203,60.687862715075525,218,33,5,6,8,0,1,1,0.96592582628906831,0.25881904510252074,-0.78183148246802991,0.62348980185873337,0,0,0,1,1,0,0,1,0,0,-1,0,21.800000000000001,90,2.2000000000000002,0,0,0
2021-08-15 06:00:00,86,110,21,91,116,23,42.958333333333336,107,31.781152695690164,108,0,102.96428571428571,203,60.687862715075525,218,33,6,6,8,0,1,1,1,6.123233995736766e-17,-0.78183148246802991,0.62348980185873337,0,0,0,1,1,0,0,1,0,0,-1,0,22.399999999999999,86,2.7999999999999998,0,0,0
2021-08-15 10:00:00,21,184,23,21,201,25,42.958333333333336,107,31.781152695690164,108,0,102.96428571428571,203,60.687862715075525,218,33,10,6,8,0,1,1,0.49999999999999994,-0.86602540378443871,-0.78183148246802991,0.62348980185873337,1,0,0,1,1,0,0,1,0,0,0,0,24.899999999999999,82,3.3999999999999999,0,0.89999999999999858,0
2021-08-15 11:00:00,23,196,21,26,204,21,42.958333333333336,107,31.781152695690164,108,0,102.96428571428571,203,60.687862715075525,218,33,11,6,8,0,1,1,0.25881904510252102,-0.9659258262890682,-0.78183148246802991,0.62348980185873337,1,0,0,1,1,0,0,1,0,0,0,0,23.899999999999999,96,1.3,0.40000000000000002,0,0
2021-08-15 16:00:00,22,183,21,22,186,21,42.958333333333336,107,31.781152695690164,108,0,102.96428571428571,203,60.687862715075525,218,33,16,6,8,0,1,1,-0.86602540378443849,-0.50000000000000044,-0.78183148246802991,0.62348980185873337,1,0,0,1,1,0,0,1,0,0,0,0,22.899999999999999,98,1.8999999999999999,1.5,0,0
2021-08-15 17:00:00,21,149,22,22,176,25,42.958333333333336,107,31.781152695690164,108,0,102.96428571428571,203,60.687862715075525,218,33,17,6,8,0,1,1,-0.96592582628906831,-0.25881904510252063,-0.78183148246802991,0.62348980185873337,1,0,0,1,1,0,0,1,0,0,0,0,23.300000000000001,95,2.2999999999999998,1.5,0,0
2021-08-15 18:00:00,22,174,22,24,177,24,42.958333333333336,107,31.781152695690164,108,0,102.96428571428571,203,60.687862715075525,218,33,18,6,8,0,1,1,-1,-1.8369701987210297e-16,-0.78183148246802991,0.62348980185873337,0,0,0,1,1,0,0,1,0,0,0,0,23,90,2.5,0,0,0
2021-08-15 21:00:00,22,113,22,23,119,26,42.958333333333336,107,31.781152695690164,108,0,102.96428571428571,203,60.687862715075525,218,33,21,6,8,0,1,1,-0.70710678118654768,0.70710678118654735,-0.78183148246802991,0.62348980185873337,0,0,0,1,1,0,0,1,0,0,0,0,22.5,91,1.3999999999999999,0,0,0
2021-08-15 22:00:00,23,109,21,25,118,22,42.958333333333336,107,31.781152695690164,108,0,102.96428571428571,203,60.687862715075525,218,33,22,6,8,0,1,1,-0.50000000000000044,0.86602540378443837,-0.78183148246802991,0.62348980185873337,0,0,0,1,1,0,0,1,0,0,0,0,22.600000000000001,90,1.8,0,0,0
2021-08-16 00:00:00,22,62,21,22,67,21,22.166666666666668,23,0.76138698771078805,28,0,103.07738095238095,203,60.535533883501671,218,33,0,0,8,0,0,1,0,1,0,1,0,0,0,0,0,1,1,1,0,0,0,0,22,93,1.7,0,0,0
2021-08-16 02:00:00,22,107,20,24,108,21,22.166666666666668,23,0.76138698771078805,28,0,103.07738095238095,203,60.535533883501671,218,33,2,0,8,0,0,1,0.49999999999999994,0.86602540378443871,0,1,0,0,0,0,0,1,1,1,0,0,0,0,21.600000000000001,91,1.8,0,0,0
2021-08-16 10:00:00,21,21,182,21,21,201,22.166666666666668,23,0.76138698771078805,28,0,103.07738095238095,203,60.535533883501671,218,33,10,0,8,0,0,1,0.49999999999999994,-0.86602540378443871,0,1,1,0,0,0,0,1,1,1,1720,2.9913043479999999,0,2955,25.5,74,3.5,0.29999999999999999,1.5,0
2021-08-16 12:00:00,23,22,129,26,23,144,22.166666666666668,23,0.76138698771078805,28,0,103.07738095238095,203,60.535533883501671,218,33,12,0,8,0,0,1,1.2246467991473532e-16,-1,0,1,1,0,0,0,0,1,1,1,0,0,0,4427,26.300000000000001,67,2.8999999999999999,0.29999999999999999,2.3000000000000007,0
2021-08-16 20:00:00,22,22,109,22,22,113,22.166666666666668,23,0.76138698771078805,28,0,103.07738095238095,203,60.535533883501671,218,33,20,0,8,0,0,1,-0.8660254037844386,0.50000000000000011,0,1,0,0,0,0,0,1,1,1,130,0.33078880399999999,0,9879,23,85,2.5,0.29999999999999999,0,0
2021-08-16 21:00:00,22,22,115,22,23,119,22.166666666666668,23,0.76138698771078805,28,0,103.07738095238095,203,60.535533883501671,218,33,21,0,8,0,0,1,-0.70710678118654768,0.70710678118654735,0,1,0,0,0,0,0,1,1,1,138,0.308724832,0,10017,23.199999999999999,85,2.8999999999999999,0.29999999999999999,0,0
2021-08-16 22:00:00,23,23,109,24,25,112,22.166666666666668,23,0.76138698771078805,28,0,103.07738095238095,203,60.535533883501671,218,33,22,0,8,0,0,1,-0.50000000000000044,0.86602540378443837,0,1,0,0,0,0,0,1,1,1,35,0.091863517000000006,0,10052,23,88,2.3999999999999999,0.29999999999999999,0,0
2021-08-16 23:00:00,23,22,98,25,22,108,22.166666666666668,23,0.76138698771078805,28,0,103.07738095238095,203,60.535533883501671,218,33,23,0,8,0,0,1,-0.25881904510252157,0.96592582628906809,0,1,0,0,0,0,0,1,1,1,186,0.48691099500000001,0,10238,23.199999999999999,86,2.2000000000000002,0.29999999999999999,0,0
2021-08-17 01:00:00,21,23,99,23,28,104,91.541666666666671,183,53.752232848803075,190,1,100.77380952380952,203,58.801574623601574,218,27,1,1,8,0,0,0,0.25881904510252074,0.96592582628906831,0.7818314824680298,0.62348980185873359,0,0,0,0,0,0,0,0,267,0.69350649399999997,0,408,22.899999999999999,89,2.2000000000000002,0,0,0
2021-08-17 02:00:00,23,22,96,26,24,97,91.541666666666671,183,53.752232848803075,190,1,100.77380952380952,203,58.801574623601574,218,27,2,1,8,0,0,0,0.49999999999999994,0.86602540378443871,0.7818314824680298,0.62348980185873359,0,0,0,0,0,0,0,0,238,0.60559796399999999,0,646,22.5,96,1.8999999999999999,0.10000000000000001,0,0
2021-08-17 03:00:00,21,21,98,21,22,104,91.541666666666671,183,53.752232848803075,190,1,100.77380952380952,203,58.801574623601574,218,27,3,1,8,0,0,0,0.70710678118654757,0.70710678118654757,0.7818314824680298,0.62348980185873359,0,0,0,0,0,0,0,0,127,0.344173442,0,773,23.100000000000001,92,2.3999999999999999,0.10000000000000001,0,0
2021-08-17 05:00:00,22,23,85,22,25,99,91.541666666666671,183,53.752232848803075,190,1,100.77380952380952,203,58.801574623601574,218,27,5,1,8,0,0,0,0.96592582628906831,0.25881904510252074,0.7818314824680298,0.62348980185873359,0,0,0,0,0,0,0,0,86,0.25146198800000003,0,895,22.899999999999999,90,2.8999999999999999,0.29999999999999999,0,0
2021-08-17 07:00:00,60,21,128,122,21,138,91.541666666666671,183,53.752232848803075,190,1,100.77380952380952,203,58.801574623601574,218,27,7,1,8,0,0,0,0.96592582628906831,-0.25881904510252063,0.7818314824680298,0.62348980185873359,0,0,0,0,0,0,0,0,1761,3.536144578,64.222222222222229,2946,21.899999999999999,98,1.2,4.4000000000000004,0,0
2021-08-17 09:00:00,183,23,185,190,24,193,91.541666666666671,183,53.752232848803075,190,1,100.77380952380952,203,58.801574623601574,218,27,9,1,8,0,0,0,0.70710678118654757,-0.70710678118654746,0.7818314824680298,0.62348980185873359,1,0,0,0,0,0,0,0,1618,2.4854070660000001,1.5202492211838006,5494,21.399999999999999,98,3.2000000000000002,7.0999999999999996,0,0
2021-08-17 13:00:00,153,22,181,157,22,190,91.541666666666671,183,53.752232848803075,190,1,100.77380952380952,203,58.801574623601574,218,27,13,1,8,0,0,0,-0.25881904510252079,-0.96592582628906831,0.7818314824680298,0.62348980185873359,1,0,1,0,0,0,0,0,2870,4.4290123460000004,1.0441595441595442,10690,22.199999999999999,98,2.2000000000000002,32.799999999999997,0,0
2021-08-17 14:00:00,146,22,170,153,22,180,91.541666666666671,183,53.752232848803075,190,1,100.77380952380952,203,58.801574623601574,218,27,14,1,8,0,0,0,-0.49999999999999972,-0.86602540378443882,0.7818314824680298,0.62348980185873359,1,0,0,0,0,0,0,0,1412,2.1959564540000001,-0.2275711159737418,12102,22.699999999999999,93,3.7999999999999998,32.899999999999999,0,0
2021-08-17 16:00:00,116,23,169,125,25,182,91.541666666666671,183,53.752232848803075,190,1,100.77380952380952,203,58.801574623601574,218,27,16,1,8,0,0,0,-0.86602540378443849,-0.50000000000000044,0.7818314824680298,0.62348980185873359,1,0,0,0,0,0,0,0,3108,5.111842105,1.0859060402684564,23123,23.5,83,3.6000000000000001,32.899999999999999,0,0
2021-08-17 22:00:00,95,23,106,102,24,114,91.541666666666671,183,53.752232848803075,190,1,100.77380952380952,203,58.801574623601574,218,27,22,1,8,0,0,0,-0.50000000000000044,0.86602540378443837,0.7818314824680298,0.62348980185873359,0,0,0,0,0,0,0,0,58,0.132118451,0.65714285714285714,29152,21.5,95,2.5,32.899999999999999,0,0
2021-08-18 04:00:00,93,22,111,98,22,116,124.58333333333333,169,30.031746487699941,173,0,99.589285714285708,203,57.647735787304747,218,22,4,2,8,0,0,0,0.8660254037844386,0.50000000000000011,0.97492791218182362,-0.22252093395631434,0,0,0,0,0,0,0,0,455,1.197368421,11.638888888888889,1320,21.699999999999999,91,0.90000000000000002,0,0,0
2021-08-18 07:00:00,125,60,132,146,122,150,124.58333333333333,169,30.031746487699941,173,0,99.589285714285708,203,57.647735787304747,218,22,7,2,8,0,0,0,0.96592582628906831,-0.25881904510252063,0.97492791218182362,-0.22252093395631434,0,0,0,0,0,0,0,0,1144,2.2971887550000001,-0.35036910846110164,2696,22.800000000000001,90,2.2000000000000002,0,0,0
2021-08-18 10:00:00,153,144,183,165,157,192,124.58333333333333,169,30.031746487699941,173,0,99.589285714285708,203,57.647735787304747,218,22,10,2,8,0,0,0,0.49999999999999994,-0.86602540378443871,0.97492791218182362,-0.22252093395631434,1,0,0,0,0,0,0,0,1429,2.2468553459999998,0.20896785109983079,6318,23.199999999999999,92,1.7,0.5,0,0
2021-08-18 13:00:00,162,153,183,164,157,205,124.58333333333333,169,30.031746487699941,173,0,99.589285714285708,203,57.647735787304747,218,22,13,2,8,0,0,0,-0.25881904510252079,-0.96592582628906831,0.97492791218182362,-0.22252093395631434,1,0,1,0,0,0,0,0,565,0.82481751800000003,-0.80313588850174211,9988,24.300000000000001,82,3.1000000000000001,0.59999999999999998,0.30000000000000071,0
2021-08-18 16:00:00,152,116,182,158,125,187,124.58333333333333,169,30.031746487699941,173,0,99.589285714285708,203,57.647735787304747,218,22,16,2,8,0,0,0,-0.86602540378443849,-0.50000000000000044,0.97492791218182362,-0.22252093395631434,1,0,0,0,0,0,0,0,1933,2.9199395770000001,-0.37805662805662804,15275,23.5,90,2.3999999999999999,0.69999999999999996,0,0
2021-08-18 17:00:00,113,100,151,135,105,177,124.58333333333333,169,30.031746487699941,173,0,99.589285714285708,203,57.647735787304747,218,22,17,2,8,0,0,0,-0.96592582628906831,-0.25881904510252063,0.97492791218182362,-0.22252093395631434,1,0,0,0,0,0,0,0,558,0.99111900500000005,0.033333333333333333,15833,23.199999999999999,83,2.3999999999999999,0.69999999999999996,0,0
2021-08-18 19:00:00,138,89,150,143,95,163,124.58333333333333,169,30.031746487699941,173,0,99.589285714285708,203,57.647735787304747,218,22,19,2,8,0,0,0,-0.96592582628906842,0.2588190451025203,0.97492791218182362,-0.22252093395631434,0,0,0,0,0,0,0,0,2203,3.8446771380000002,-0.38566648075850529,19669,22.399999999999999,89,2.1000000000000001,0.69999999999999996,0,0
2021-08-18 23:00:00,104,96,99,118,102,109,124.58333333333333,169,30.031746487699941,173,0,99.589285714285708,203,57.647735787304747,218,22,23,2,8,0,0,0,-0.25881904510252157,0.96592582628906809,0.97492791218182362,-0.22252093395631434,0,0,0,0,0,0,0,0,136,0.32535885199999998,0.070866141732283464,20063,22.699999999999999,91,2.7999999999999998,1.6000000000000001,0,0
2021-08-19 03:00:00,91,92,104,101,99,110,129.58333333333334,179,34.752437095231102,188,1,98.24404761904762,196,56.532063608663663,207,15,3,3,8,0,0,0,0.70710678118654757,0.70710678118654757,0.43388373911755823,-0.90096886790241903,0,0,0,0,0,0,0,0,60,0.13793103400000001,-0.75708502024291502,371,22.699999999999999,82,2.8999999999999999,0,0,0
2021-08-19 07:00:00,125,125,130,146,146,149,129.58333333333334,179,34.752437095231102,188,1,98.24404761904762,196,56.532063608663663,207,15,7,3,8,0,0,0,0.96592582628906831,-0.25881904510252063,0.43388373911755823,-0.90096886790241903,0,0,0,0,0,0,0,0,745,1.514227642,-0.3487762237762238,2088,23.300000000000001,82,3.2999999999999998,0,0,0
2021-08-19 12:00:00,102,110,120,120,134,133,129.58333333333334,179,34.752437095231102,188,1,98.24404761904762,196,56.532063608663663,207,15,12,3,8,0,0,0,1.2246467991473532e-16,-1,0.43388373911755823,-0.90096886790241903,1,0,0,0,0,0,0,0,380,0.90692124100000004,-0.62561576354679804,8221,25.300000000000001,78,3,0,1.3000000000000007,0
2021-08-19 13:00:00,171,162,170,177,164,191,129.58333333333334,179,34.752437095231102,188,1,98.24404761904762,196,56.532063608663663,207,15,13,3,8,0,0,0,-0.25881904510252079,-0.96592582628906831,0.43388373911755823,-0.90096886790241903,1,0,1,0,0,0,0,0,2129,3.1728763039999999,2.7681415929203541,10350,25.399999999999999,77,2.7000000000000002,0,1.3999999999999986,0
2021-08-19 14:00:00,179,161,184,185,164,193,129.58333333333334,179,34.752437095231102,188,1,98.24404761904762,196,56.532063608663663,207,15,14,3,8,0,0,0,-0.49999999999999972,-0.86602540378443882,0.43388373911755823,-0.90096886790241903,1,0,0,0,0,0,0,0,2843,4.0614285710000004,0.51869658119658124,13193,25.699999999999999,79,2.1000000000000001,0,1.6999999999999993,0
2021-08-19 17:00:00,141,113,135,186,135,160,129.58333333333334,179,34.752437095231102,188,1,98.24404761904762,196,56.532063608663663,207,15,17,3,8,0,0,0,-0.96592582628906831,-0.25881904510252063,0.43388373911755823,-0.90096886790241903,1,0,0,0,0,0,0,0,510,0.98455598499999997,-0.086021505376344093,17072,24.100000000000001,85,1.3999999999999999,0,0.10000000000000142,0
2021-08-19 18:00:00,164,149,172,174,158,177,129.58333333333334,179,34.752437095231102,188,1,98.24404761904762,196,56.532063608663663,207,15,18,3,8,0,0,0,-1,-1.8369701987210297e-16,0.43388373911755823,-0.90096886790241903,0,0,0,0,0,0,0,0,3195,5.2463054189999996,0.95652173913043481,20267,23.300000000000001,84,1.8,0,0,0
2021-08-19 19:00:00,143,138,161,158,143,182,129.58333333333334,179,34.752437095231102,188,1,98.24404761904762,196,56.532063608663663,207,15,19,3,8,0,0,0,-0.96592582628906842,0.2588190451025203,0.43388373911755823,-0.90096886790241903,0,0,0,0,0,0,0,0,5336,9.0902896080000009,1.422151611438947,25603,22.399999999999999,91,0.59999999999999998,0,0,0
2021-08-19 20:00:00,120,120,125,124,128,127,129.58333333333334,179,34.752437095231102,188,1,98.24404761904762,196,56.532063608663663,207,15,20,3,8,0,0,0,-0.8660254037844386,0.50000000000000011,0.43388373911755823,-0.90096886790241903,0,0,0,0,0,0,0,0,8,0.015594541999999999,-0.92000000000000004,25611,22,95,0.90000000000000002,0,0,0
2021-08-19 23:00:00,105,104,103,112,118,118,129.58333333333334,179,34.752437095231102,188,1,98.24404761904762,196,56.532063608663663,207,15,23,3,8,0,0,0,-0.25881904510252157,0.96592582628906809,0.43388373911755823,-0.90096886790241903,0,0,0,0,0,0,0,0,205,0.46697038699999999,0.50735294117647056,25976,21.600000000000001,96,0.20000000000000001,0,0,0
2021-08-20 00:00:00,71,65,72,77,66,79,132.95833333333334,177,31.951701549120642,188,1,97.601190476190482,196,55.823625144939946,207,10,0,4,8,0,0,0,0,1,-0.43388373911755801,-0.90096886790241915,0,0,0,0,0,0,0,0,338,1.1575342470000001,5.3773584905660377,338,21.699999999999999,97,1.3,0,0,0
2021-08-20 01:00:00,102,95,100,114,105,105,132.95833333333334,177,31.951701549120642,188,1,97.601190476190482,196,55.823625144939946,207,10,1,4,8,0,0,0,0.25881904510252074,0.96592582628906831,-0.43388373911755801,-0.90096886790241915,0,0,0,0,0,0,0,0,47,0.11662531,-0.44705882352941179,385,21,98,1.5,0,0,0
2021-08-20 07:00:00,123,125,136,143,146,166,132.95833333333334,177,31.951701549120642,188,1,97.601190476190482,196,55.823625144939946,207,10,7,4,8,0,0,0,0.96592582628906831,-0.25881904510252063,-0.43388373911755801,-0.90096886790241915,0,0,0,0,0,0,0,0,793,1.561023622,0.064429530201342289,2289,24.100000000000001,88,0.69999999999999996,0,0.10000000000000142,0
2021-08-20 15:00:00,170,170,167,185,184,195,132.95833333333334,177,31.951701549120642,188,1,97.601190476190482,196,55.823625144939946,207,10,15,4,8,0,0,0,-0.70710678118654713,-0.70710678118654791,-0.43388373911755801,-0.90096886790241915,1,0,0,0,0,0,0,0,1383,2.1745283020000001,2.9627507163323781,19989,27,71,2.6000000000000001,2.2999999999999998,3,0
2021-08-20 18:00:00,152,164,174,161,174,177,132.95833333333334,177,31.951701549120642,188,1,97.601190476190482,196,55.823625144939946,207,10,18,4,8,0,0,0,-1,-1.8369701987210297e-16,-0.43388373911755801,-0.90096886790241915,0,0,0,0,0,0,0,0,909,1.4684975769999999,-0.71549295774647892,22954,25.199999999999999,86,1.3999999999999999,2.2999999999999998,1.1999999999999993,0
2021-08-20 21:00:00,121,115,113,123,123,119,132.95833333333334,177,31.951701549120642,188,1,97.601190476190482,196,55.823625144939946,207,10,21,4,8,0,0,0,-0.70710678118654768,0.70710678118654735,-0.43388373911755801,-0.90096886790241915,0,0,0,0,0,0,0,0,100,0.21141649000000001,-0.24242424242424243,24718,24.300000000000001,93,1.5,2.2999999999999998,0.30000000000000071,0
2021-08-21 02:00:00,107,109,107,110,116,108,130.45833333333334,187,33.074328895445198,193,1,96.321428571428569,187,54.367932762953309,193,4,2,5,8,1,0,0,0.49999999999999994,0.86602540378443871,-0.97492791218182362,-0.22252093395631459,0,0,0,0,0,0,0,0,38,0.091127098000000004,-0.050000000000000003,668,23.899999999999999,97,1.3,0.80000000000000004,0,0
2021-08-21 03:00:00,102,109,91,107,119,98,130.45833333333334,187,33.074328895445198,193,1,96.321428571428569,187,54.367932762953309,193,4,3,5,8,1,0,0,0.70710678118654757,0.70710678118654757,-0.97492791218182362,-0.22252093395631459,0,0,0,0,0,0,0,0,1064,2.8449197860000002,0.98137802607076352,1732,23.899999999999999,98,2.1000000000000001,1.8,0,0
2021-08-21 04:00:00,99,104,98,106,108,100,130.45833333333334,187,33.074328895445198,193,1,96.321428571428569,187,54.367932762953309,193,4,4,5,8,1,0,0,0.8660254037844386,0.50000000000000011,-0.97492791218182362,-0.22252093395631459,0,0,0,0,0,0,0,0,156,0.37410071900000003,-0.27777777777777779,1888,24.600000000000001,98,1.3,2,0.60000000000000142,0
2021-08-21 05:00:00,88,88,83,104,106,91,130.45833333333334,187,33.074328895445198,193,1,96.321428571428569,187,54.367932762953309,193,4,5,5,8,1,0,0,0.96592582628906831,0.25881904510252074,-0.97492791218182362,-0.22252093395631459,0,0,0,0,0,0,0,0,30,0.079365079000000005,-0.90131578947368418,1918,24.699999999999999,98,2.1000000000000001,2.1000000000000001,0.69999999999999929,0
2021-08-21 07:00:00,127,123,53,146,143,75,130.45833333333334,187,33.074328895445198,193,1,96.321428571428569,187,54.367932762953309,193,4,7,5,8,1,0,0,0.96592582628906831,-0.25881904510252063,-0.97492791218182362,-0.22252093395631459,0,0,0,0,0,0,0,0,1354,4.9416058390000002,0.7074401008827238,3794,24.5,98,2.7999999999999998,4.2000000000000002,0.5,0
2021-08-21 09:00:00,165,174,22,175,182,23,130.45833333333334,187,33.074328895445198,193,1,96.321428571428569,187,54.367932762953309,193,4,9,5,8,1,0,0,0.70710678118654757,-0.70710678118654746,-0.97492791218182362,-0.22252093395631459,1,0,0,0,0,0,0,0,0,0,-1,3794,23.899999999999999,98,2.6000000000000001,9.8000000000000007,0,0
2021-08-21 11:00:00,187,177,23,193,188,26,130.45833333333334,187,33.074328895445198,193,1,96.321428571428569,187,54.367932762953309,193,4,11,5,8,1,0,0,0.25881904510252102,-0.9659258262890682,-0.97492791218182362,-0.22252093395631459,1,0,0,0,0,0,0,0,0,0,-1,3794,24.199999999999999,98,4.0999999999999996,25.5,0.19999999999999929,0
2021-08-21 13:00:00,177,168,21,180,172,21,130.45833333333334,187,33.074328895445198,193,1,96.321428571428569,187,54.367932762953309,193,4,13,5,8,1,0,0,-0.25881904510252079,-0.96592582628906831,-0.97492791218182362,-0.22252093395631459,1,0,1,0,0,0,0,0,0,0,-1,3794,22.899999999999999,98,2.3999999999999999,68.400000000000006,0,0
2021-08-21 14:00:00,175,175,22,184,184,22,130.45833333333334,187,33.074328895445198,193,1,96.321428571428569,187,54.367932762953309,193,4,14,5,8,1,0,0,-0.49999999999999972,-0.86602540378443882,-0.97492791218182362,-0.22252093395631459,1,0,0,0,0,0,0,0,0,0,-1,3794,22.699999999999999,98,2.6000000000000001,91.900000000000006,0,0
2021-08-21 15:00:00,159,170,23,176,185,26,130.45833333333334,187,33.074328895445198,193,1,96.321428571428569,187,54.367932762953309,193,4,15,5,8,1,0,0,-0.70710678118654713,-0.70710678118654791,-0.97492791218182362,-0.22252093395631459,1,0,0,0,0,0,0,0,0,0,-1,3794,21.199999999999999,98,1.3,116.09999999999999,0,0
2021-08-21 21:00:00,118,121,22,121,123,23,130.45833333333334,187,33.074328895445198,193,1,96.321428571428569,187,54.367932762953309,193,4,21,5,8,1,0,0,-0.70710678118654768,0.70710678118654735,-0.97492791218182362,-0.22252093395631459,0,0,0,0,0,0,0,0,0,0,-1,3794,23.5,98,3.7999999999999998,122.40000000000001,0,0
2021-08-21 22:00:00,106,116,23,113,125,25,130.45833333333334,187,33.074328895445198,193,1,96.321428571428569,187,54.367932762953309,193,4,22,5,8,1,0,0,-0.50000000000000044,0.86602540378443837,-0.97492791218182362,-0.22252093395631459,0,0,0,0,0,0,0,0,0,0,-1,3794,23.899999999999999,96,2.8999999999999999,122.40000000000001,0,0
2021-08-21 23:00:00,98,110,22,106,117,22,130.45833333333334,187,33.074328895445198,193,1,96.321428571428569,187,54.367932762953309,193,4,23,5,8,1,0,0,-0.25881904510252157,0.96592582628906809,-0.97492791218182362,-0.22252093395631459,0,0,0,0,0,0,0,0,0,0,-1,3794,24.100000000000001,98,2.7999999999999998,122.40000000000001,0.10000000000000142,0
2021-08-22 02:00:00,104,107,22,109,110,24,45.041666666666664,104,33.875063506011863,110,0,96.61904761904762,187,54.252990151740882,193,4,2,6,8,0,1,0,0.49999999999999994,0.86602540378443871,-0.78183148246802991,0.62348980185873337,0,0,0,1,1,0,0,1,0,0,-1,0,24.800000000000001,98,2.2999999999999998,0.5,0.80000000000000071,0
2021-08-22 07:00:00,69,127,21,94,146,21,45.041666666666664,104,33.875063506011863,110,0,96.61904761904762,187,54.252990151740882,193,4,7,6,8,0,1,0,0.96592582628906831,-0.25881904510252063,-0.78183148246802991,0.62348980185873337,0,0,0,1,1,0,0,1,0,0,-1,0,25.399999999999999,94,0.90000000000000002,0.5,1.3999999999999986,0
2021-08-22 10:00:00,21,157,21,22,168,21,45.041666666666664,104,33.875063506011863,110,0,96.61904761904762,187,54.252990151740882,193,4,10,6,8,0,1,0,0.49999999999999994,-0.86602540378443871,-0.78183148246802991,0.62348980185873337,1,0,0,1,1,0,0,1,0,0,0,0,28.199999999999999,70,2.3999999999999999,0.5,4.1999999999999993,0
2021-08-22 11:00:00,23,187,22,26,193,22,45.041666666666664,104,33.875063506011863,110,0,96.61904761904762,187,54.252990151740882,193,4,11,6,8,0,1,0,0.25881904510252102,-0.9659258262890682,-0.78183148246802991,0.62348980185873337,1,0,0,1,1,0,0,1,0,0,0,0,28.300000000000001,64,3,0.5,4.3000000000000007,0
2021-08-22 12:00:00,22,111,23,22,134,26,45.041666666666664,104,33.875063506011863,110,0,96.61904761904762,187,54.252990151740882,193,4,12,6,8,0,1,0,1.2246467991473532e-16,-1,-0.78183148246802991,0.62348980185873337,1,0,0,1,1,0,0,1,0,0,0,0,29.100000000000001,62,2.5,0.5,5.1000000000000014,0
2021-08-22 16:00:00,22,171,23,22,177,25,45.041666666666664,104,33.875063506011863,110,0,96.61904761904762,187,54.252990151740882,193,4,16,6,8,0,1,0,-0.86602540378443849,-0.50000000000000044,-0.78183148246802991,0.62348980185873337,1,0,0,1,1,0,0,1,0,0,0,0,29.600000000000001,56,3.3999999999999999,0.5,5.6000000000000014,0
2021-08-22 22:00:00,25,106,23,27,113,24,45.041666666666664,104,33.875063506011863,110,0,96.61904761904762,187,54.252990151740882,193,4,22,6,8,0,1,0,-0.50000000000000044,0.86602540378443837,-0.78183148246802991,0.62348980185873337,0,0,0,1,1,0,0,1,0,0,0,0,25.100000000000001,86,1.3,0.5,1.1000000000000014,0
2021-08-22 23:00:00,22,98,23,23,106,25,45.041666666666664,104,33.875063506011863,110,0,96.61904761904762,187,54.252990151740882,193,4,23,6,8,0,1,0,-0.25881904510252157,0.96592582628906809,-0.78183148246802991,0.62348980185873337,0,0,0,1,1,0,0,1,0,0,0,0,24.199999999999999,92,0.59999999999999998,0.5,0.19999999999999929,0
2021-08-23 04:00:00,22,104,22,22,107,22,22.833333333333332,25,0.9168313423260116,27,0,96.714285714285708,187,54.122188533930313,193,4,4,0,8,0,0,0,0.8660254037844386,0.50000000000000011,0,1,0,0,0,0,0,1,1,1,0,0,0,0,23.300000000000001,96,0.20000000000000001,0,0,0
2021-08-23 10:00:00,22,21,144,22,22,157,22.833333333333332,25,0.9168313423260116,27,0,96.714285714285708,187,54.122188533930313,193,4,10,0,8,0,0,0,0.49999999999999994,-0.86602540378443871,0,1,1,0,0,0,0,1,1,1,884,1.30191458,0,2748,26,89,0.90000000000000002,0.20000000000000001,2,0
2021-08-23 11:00:00,22,23,155,23,26,157,22.833333333333332,25,0.9168313423260116,27,0,96.714285714285708,187,54.122188533930313,193,4,11,0,8,0,0,0,0.25881904510252102,-0.9659258262890682,0,1,1,0,0,0,0,1,1,1,1300,1.763907734,0,4048,26.300000000000001,90,0.69999999999999996,0.5,2.3000000000000007,0
2021-08-23 12:00:00,23,22,97,24,22,107,22.833333333333332,25,0.9168313423260116,27,0,96.714285714285708,187,54.122188533930313,193,4,12,0,8,0,0,0,1.2246467991473532e-16,-1,0,1,1,0,0,0,0,1,1,1,333,0.72077922100000003,0,4381,24.699999999999999,98,1.8,1.8,0.69999999999999929,0
2021-08-23 17:00:00,22,22,100,22,22,105,22.833333333333332,25,0.9168313423260116,27,0,96.714285714285708,187,54.122188533930313,193,4,17,0,8,0,0,0,-0.96592582628906831,-0.25881904510252063,0,1,1,0,0,0,0,1,1,1,362,0.63620386600000001,0,14480,22.300000000000001,98,1,11.1,0,0
2021-08-23 18:00:00,22,25,92,22,27,94,22.833333333333332,25,0.9168313423260116,27,0,96.714285714285708,187,54.122188533930313,193,4,18,0,8,0,0,0,-1,-1.8369701987210297e-16,0,1,0,0,0,0,0,1,1,1,651,1.0449438200000001,0,15131,21.899999999999999,98,1,12.4,0,0
2021-08-23 19:00:00,22,21,89,22,21,95,22.833333333333332,25,0.9168313423260116,27,0,96.714285714285708,187,54.122188533930313,193,4,19,0,8,0,0,0,-0.96592582628906842,0.2588190451025203,0,1,0,0,0,0,0,1,1,1,1052,2.0466926070000002,0,16183,21.600000000000001,98,1.2,12.4,0,0
2021-08-23 21:00:00,22,23,112,23,23,116,22.833333333333332,25,0.9168313423260116,27,0,96.714285714285708,187,54.122188533930313,193,4,21,0,8,0,0,0,-0.70710678118654768,0.70710678118654735,0,1,0,0,0,0,0,1,1,1,222,0.5,0,16413,21.800000000000001,96,1.6000000000000001,14.699999999999999,0,0
2021-08-23 22:00:00,23,25,95,24,27,102,22.833333333333332,25,0.9168313423260116,27,0,96.714285714285708,187,54.122188533930313,193,4,22,0,8,0,0,0,-0.50000000000000044,0.86602540378443837,0,1,0,0,0,0,0,1,1,1,14,0.032110092,0,16427,21.899999999999999,98,2.3999999999999999,20.899999999999999,0,0
2021-08-23 23:00:00,23,22,96,26,23,102,22.833333333333332,25,0.9168313423260116,27,0,96.714285714285708,187,54.122188533930313,193,4,23,0,8,0,0,0,-0.25881904510252157,0.96592582628906809,0,1,0,0,0,0,0,1,1,1,153,0.39947780700000002,0,16580,23.399999999999999,98,3.7000000000000002,35.100000000000001,0,0
2021-08-24 02:00:00,23,24,98,23,27,101,108.66666666666667,184,64.885629591892496,196,5,99.160714285714292,187,55.872966517902732,196,8,2,1,8,0,0,0,0.49999999999999994,0.86602540378443871,0.7818314824680298,0.62348980185873359,0,0,0,0,0,0,0,0,127,0.28929385000000002,0,236,24.399999999999999,98,3.2000000000000002,93,0.39999999999999858,0
2021-08-24 09:00:00,180,24,163,187,27,170,108.66666666666667,184,64.885629591892496,196,5,99.160714285714292,187,55.872966517902732,196,8,9,1,8,0,0,0,0.70710678118654757,-0.70710678118654746,0.7818314824680298,0.62348980185873359,1,0,0,0,0,0,0,0,516,0.71369294599999999,-0.53303167420814479,4098,24.5,98,0,95.5,0.5,0
2021-08-24 10:00:00,170,22,153,182,22,165,108.66666666666667,184,64.885629591892496,196,5,99.160714285714292,187,55.872966517902732,196,8,10,1,8,0,0,0,0.49999999999999994,-0.86602540378443871,0.7818314824680298,0.62348980185873359,1,0,0,0,0,0,0,0,1007,1.474377745,0.13914027149321267,5105,25,98,0.59999999999999998,99.5,1,0
2021-08-24 12:00:00,116,23,110,136,24,134,108.66666666666667,184,64.885629591892496,196,5,99.160714285714292,187,55.872966517902732,196,8,12,1,8,0,0,0,1.2246467991473532e-16,-1,0.7818314824680298,0.62348980185873359,1,0,0,0,0,0,0,0,164,0.357298475,-0.5075075075075075,6170,26.600000000000001,98,2.1000000000000001,105.2,2.6000000000000014,0
2021-08-24 14:00:00,184,23,161,190,23,164,108.66666666666667,184,64.885629591892496,196,5,99.160714285714292,187,55.872966517902732,196,8,14,1,8,0,0,0,-0.49999999999999972,-0.86602540378443882,0.7818314824680298,0.62348980185873359,1,0,0,0,0,0,0,0,510,0.68640646000000005,-0.88823142669296518,8920,27.899999999999999,98,2.7000000000000002,108,3.8999999999999986,0
2021-08-24 16:00:00,172,25,152,177,27,158,108.66666666666667,184,64.885629591892496,196,5,99.160714285714292,187,55.872966517902732,196,8,16,1,8,0,0,0,-0.86602540378443849,-0.50000000000000044,0.7818314824680298,0.62348980185873359,1,0,0,0,0,0,0,0,2281,3.103401361,-0.16812545587162656,12738,28.100000000000001,88,2.7000000000000002,108,4.1000000000000014,0
2021-08-25 00:00:00,65,23,65,67,25,66,136.33333333333334,187,36.449687380620198,201,6,100.83928571428571,187,57.301109326309287,201,14,0,2,8,0,0,0,0,1,0.97492791218182362,-0.22252093395631434,0,0,0,0,0,0,0,0,0,0,0,0,25.399999999999999,92,0.40000000000000002,0,1.3999999999999986,0
2021-08-25 03:00:00,105,24,91,115,27,101,136.33333333333334,187,36.449687380620198,201,6,100.83928571428571,187,57.301109326309287,201,14,3,2,8,0,0,0,0.70710678118654757,0.70710678118654757,0.97492791218182362,-0.22252093395631434,0,0,0,0,0,0,0,0,28,0.071065989999999996,1.3333333333333333,311,24.800000000000001,93,0.59999999999999998,0,0.80000000000000071,0
2021-08-25 05:00:00,88,22,83,106,22,98,136.33333333333334,187,36.449687380620198,201,6,100.83928571428571,187,57.301109326309287,201,14,5,2,8,0,0,0,0.96592582628906831,0.25881904510252074,0.97492791218182362,-0.22252093395631434,0,0,0,0,0,0,0,0,46,0.12602739700000001,0.21052631578947367,420,24.199999999999999,98,0.59999999999999998,0,0.19999999999999929,0
2021-08-25 07:00:00,131,58,125,145,92,146,136.33333333333334,187,36.449687380620198,201,6,100.83928571428571,187,57.301109326309287,201,14,7,2,8,0,0,0,0.96592582628906831,-0.25881904510252063,0.97492791218182362,-0.22252093395631434,0,0,0,0,0,0,0,0,506,0.91171171200000001,-0.13207547169811321,1249,25.199999999999999,98,0.59999999999999998,0.10000000000000001,1.1999999999999993,0
2021-08-25 08:00:00,187,167,163,196,181,174,136.33333333333334,187,36.449687380620198,201,6,100.83928571428571,187,57.301109326309287,201,14,8,2,8,0,0,0,0.86602540378443871,-0.49999999999999978,0.97492791218182362,-0.22252093395631434,0,1,0,0,0,0,0,0,470,0.67723342900000005,-0.8208158597026306,1719,25.600000000000001,95,0.20000000000000001,0.10000000000000001,1.6000000000000014,0
2021-08-25 09:00:00,181,180,169,190,187,172,136.33333333333334,187,36.449687380620198,201,6,100.83928571428571,187,57.301109326309287,201,14,9,2,8,0,0,0,0.70710678118654757,-0.70710678118654746,0.97492791218182362,-0.22252093395631434,1,0,0,0,0,0,0,0,2173,3.1769005849999998,3.2112403100775193,3892,25.600000000000001,95,0.29999999999999999,0.29999999999999999,1.6000000000000014,0
2021-08-25 10:00:00,171,170,159,181,182,176,136.33333333333334,187,36.449687380620198,201,6,100.83928571428571,187,57.301109326309287,201,14,10,2,8,0,0,0,0.49999999999999994,-0.86602540378443871,0.97492791218182362,-0.22252093395631434,1,0,0,0,0,0,0,0,1134,1.6016949149999999,0.12611717974180736,5026,25.800000000000001,97,0.80000000000000004,1.5,1.8000000000000007,0
2021-08-25 11:00:00,183,184,173,188,191,183,136.33333333333334,187,36.449687380620198,201,6,100.83928571428571,187,57.301109326309287,201,14,11,2,8,0,0,0,0.25881904510252102,-0.9659258262890682,0.97492791218182362,-0.22252093395631434,1,0,0,0,0,0,0,0,1409,2.0361271680000002,0.56381798002219752,6435,26.300000000000001,93,1.8,1.5,2.3000000000000007,0
2021-08-25 13:00:00,174,184,171,180,193,177,136.33333333333334,187,36.449687380620198,201,6,100.83928571428571,187,57.301109326309287,201,14,13,2,8,0,0,0,-0.25881904510252079,-0.96592582628906831,0.97492791218182362,-0.22252093395631434,1,0,1,0,0,0,0,0,1825,2.6258992810000001,-0.18526785714285715,8422,26,97,1.3,5.4000000000000004,2,0
2021-08-25 14:00:00,186,184,179,190,190,185,136.33333333333334,187,36.449687380620198,201,6,100.83928571428571,187,57.301109326309287,201,14,14,2,8,0,0,0,-0.49999999999999972,-0.86602540378443882,0.97492791218182362,-0.22252093395631434,1,0,0,0,0,0,0,0,2166,3.059322034,3.2470588235294118,10588,26,94,1,5.4000000000000004,2,0
2021-08-25 17:00:00,139,142,141,157,177,186,136.33333333333334,187,36.449687380620198,201,6,100.83928571428571,187,57.301109326309287,201,14,17,2,8,0,0,0,-0.96592582628906831,-0.25881904510252063,0.97492791218182362,-0.22252093395631434,1,0,0,0,0,0,0,0,5718,9.8247422679999996,6.1744040150564619,19250,25,98,0.90000000000000002,5.4000000000000004,1,0
2021-08-25 19:00:00,150,129,143,164,137,158,136.33333333333334,187,36.449687380620198,201,6,100.83928571428571,187,57.301109326309287,201,14,19,2,8,0,0,0,-0.96592582628906842,0.2588190451025203,0.97492791218182362,-0.22252093395631434,0,0,0,0,0,0,0,0,1345,2.4190647479999998,-0.23666288308740069,21779,24.5,94,1.3999999999999999,5.4000000000000004,0.5,0
2021-08-25 20:00:00,121,112,120,125,118,124,136.33333333333334,187,36.449687380620198,201,6,100.83928571428571,187,57.301109326309287,201,14,20,2,8,0,0,0,-0.8660254037844386,0.50000000000000011,0.97492791218182362,-0.22252093395631434,0,0,0,0,0,0,0,0,67,0.150900901,0,21846,24.699999999999999,97,0.80000000000000004,5.4000000000000004,0.69999999999999929,0
2021-08-26 06:00:00,104,109,109,108,115,119,134.08333333333334,177,33.063728539406355,189,1,101.48214285714286,187,57.509277899156842,201,14,6,3,8,0,0,0,1,6.123233995736766e-17,0.43388373911755823,-0.90096886790241903,0,0,0,0,0,0,0,0,393,0.94019138800000002,0.21671826625386997,1374,25.300000000000001,98,0.69999999999999996,0,1.3000000000000007,0
2021-08-26 15:00:00,169,175,170,180,201,185,134.08333333333334,177,33.063728539406355,189,1,101.48214285714286,187,57.509277899156842,201,14,15,3,8,0,0,0,-0.70710678118654713,-0.70710678118654791,0.43388373911755823,-0.90096886790241903,1,0,0,0,0,0,0,0,2034,2.7120000000000002,0.13885778275475924,11536,30.300000000000001,60,2.2999999999999998,0,6.3000000000000007,0
2021-08-26 19:00:00,139,150,147,152,164,153,134.08333333333334,177,33.063728539406355,189,1,101.48214285714286,187,57.509277899156842,201,14,19,3,8,0,0,0,-0.96592582628906842,0.2588190451025203,0.43388373911755823,-0.90096886790241903,0,0,0,0,0,0,0,0,4012,6.4192,1.9828996282527882,19358,26.300000000000001,80,0.29999999999999999,0,2.3000000000000007,0
2021-08-26 22:00:00,110,113,116,114,120,125,134.08333333333334,177,33.063728539406355,189,1,101.48214285714286,187,57.509277899156842,201,14,22,3,8,0,0,0,-0.50000000000000044,0.86602540378443837,0.43388373911755823,-0.90096886790241903,0,0,0,0,0,0,0,0,123,0.27702702699999998,0.20588235294117646,19694,25.300000000000001,79,0.80000000000000004,0,1.3000000000000007,0
2021-08-26 23:00:00,105,99,110,119,107,117,134.08333333333334,177,33.063728539406355,189,1,101.48214285714286,187,57.509277899156842,201,14,23,3,8,0,0,0,-0.25881904510252157,0.96592582628906809,0.43388373911755823,-0.90096886790241903,0,0,0,0,0,0,0,0,370,0.88516746400000001,22.125,20064,24.699999999999999,81,1.2,0,0.69999999999999929,0
2021-08-27 00:00:00,72,77,73,73,81,80,138.45833333333334,195,38.029712830509631,202,7,102.26785714285714,195,58.475489846139133,202,20,0,4,8,0,0,0,0,1,-0.43388373911755801,-0.90096886790241915,0,0,0,0,0,0,0,0,0,0,-1,0,23.199999999999999,96,1.2,0,0,0
2021-08-27 02:00:00,115,109,107,118,115,110,138.45833333333334,195,38.029712830509631,202,7,102.26785714285714,195,58.475489846139133,202,20,2,4,8,0,0,0,0.49999999999999994,0.86602540378443871,-0.43388373911755801,-0.90096886790241915,0,0,0,0,0,0,0,0,1024,2.301123596,2.6967509025270759,1067,22.600000000000001,94,1.6000000000000001,0,0,0
2021-08-27 07:00:00,134,139,127,147,162,146,138.45833333333334,195,38.029712830509631,202,7,102.26785714285714,195,58.475489846139133,202,20,7,4,8,0,0,0,0.96592582628906831,-0.25881904510252063,-0.43388373911755801,-0.90096886790241915,0,0,0,0,0,0,0,0,698,1.398797595,-0.64765270065623426,2654,25.5,86,0.80000000000000004,0,1.5,0
2021-08-27 09:00:00,195,171,165,199,181,175,138.45833333333334,195,38.029712830509631,202,7,102.26785714285714,195,58.475489846139133,202,20,9,4,8,0,0,0,0.70710678118654757,-0.70710678118654746,-0.43388373911755801,-0.90096886790241915,1,0,0,0,0,0,0,0,1321,1.8790896159999999,0.04097714736012608,4238,26,81,0.69999999999999996,0,2,0
2021-08-27 10:00:00,180,177,157,193,189,168,138.45833333333334,195,38.029712830509631,202,7,102.26785714285714,195,58.475489846139133,202,20,10,4,8,0,0,0,0.49999999999999994,-0.86602540378443871,-0.43388373911755801,-0.90096886790241915,1,0,0,0,0,0,0,0,1056,1.5621301780000001,2.6923076923076925,5294,27.800000000000001,71,1.2,0,3.8000000000000007,0
2021-08-27 11:00:00,188,173,187,194,184,193,138.45833333333334,195,38.029712830509631,202,7,102.26785714285714,195,58.475489846139133,202,20,11,4,8,0,0,0,0.25881904510252102,-0.9659258262890682,-0.43388373911755801,-0.90096886790241915,1,0,0,0,0,0,0,0,2214,3.1719197710000002,0.55368421052631578,7508,28,76,1.7,0,4,0
2021-08-27 12:00:00,111,110,111,127,121,134,138.45833333333334,195,38.029712830509631,202,7,102.26785714285714,195,58.475489846139133,202,20,12,4,8,0,0,0,1.2246467991473532e-16,-1,-0.43388373911755801,-0.90096886790241915,1,0,0,0,0,0,0,0,326,0.76705882400000003,7.8108108108108105,7834,30,72,3.2000000000000002,0,6,0
2021-08-27 15:00:00,188,169,159,202,180,176,138.45833333333334,195,38.029712830509631,202,7,102.26785714285714,195,58.475489846139133,202,20,15,4,8,0,0,0,-0.70710678118654713,-0.70710678118654791,-0.43388373911755801,-0.90096886790241915,1,0,0,0,0,0,0,0,4309,6.6702786380000001,1.1184857423795478,17549,30.399999999999999,61,5.2000000000000002,0,6.3999999999999986,0
2021-08-27 16:00:00,173,162,171,186,172,177,138.45833333333334,195,38.029712830509631,202,7,102.26785714285714,195,58.475489846139133,202,20,16,4,8,0,0,0,-0.86602540378443849,-0.50000000000000044,-0.43388373911755801,-0.90096886790241915,1,0,0,0,0,0,0,0,3764,6.0224000000000002,4.8356589147286826,21313,30,63,5.2000000000000002,0,6,0
2021-08-27 18:00:00,162,167,155,167,172,158,138.45833333333334,195,38.029712830509631,202,7,102.26785714285714,195,58.475489846139133,202,20,18,4,8,0,0,0,-1,-1.8369701987210297e-16,-0.43388373911755801,-0.90096886790241915,0,0,0,0,0,0,0,0,672,1.1748251750000001,-0.76536312849162014,23039,28.100000000000001,72,4.0999999999999996,0,4.1000000000000014,0
2021-08-27 20:00:00,116,111,114,121,124,125,138.45833333333334,195,38.029712830509631,202,7,102.26785714285714,195,58.475489846139133,202,20,20,4,8,0,0,0,-0.8660254037844386,0.50000000000000011,-0.43388373911755801,-0.90096886790241915,0,0,0,0,0,0,0,0,518,1.1990740740000001,1.5517241379310345,25200,23.899999999999999,90,2.7999999999999998,0,0,0
2021-08-27 23:00:00,105,105,98,113,119,106,138.45833333333334,195,38.029712830509631,202,7,102.26785714285714,195,58.475489846139133,202,20,23,4,8,0,0,0,-0.25881904510252157,0.96592582628906809,-0.43388373911755801,-0.90096886790241915,0,0,0,0,0,0,0,0,270,0.660146699,-0.27027027027027029,25769,22.800000000000001,98,0.5,0.29999999999999999,0,0
2021-08-28 06:00:00,101,105,99,103,111,103,128.95833333333334,181,33.258512041106542,190,1,102.05357142857143,195,58.388258491613456,202,20,6,5,8,1,0,0,1,6.123233995736766e-17,-0.97492791218182362,-0.22252093395631459,0,0,0,0,0,0,0,0,332,0.846938776,0.75661375661375663,1257,22.5,92,1.8,0.20000000000000001,0,0
2021-08-28 07:00:00,125,134,69,135,147,94,128.95833333333334,181,33.258512041106542,190,1,102.05357142857143,195,58.388258491613456,202,20,7,5,8,1,0,0,0.96592582628906831,-0.25881904510252063,-0.97492791218182362,-0.22252093395631459,0,0,0,0,0,0,0,0,542,2.0452830190000002,-0.22349570200573066,1799,23,87,2.1000000000000001,0.20000000000000001,0,0
2021-08-28 11:00:00,175,188,23,182,194,26,128.95833333333334,181,33.258512041106542,190,1,102.05357142857143,195,58.388258491613456,202,20,11,5,8,1,0,0,0.25881904510252102,-0.9659258262890682,-0.97492791218182362,-0.22252093395631459,1,0,0,0,0,0,0,0,0,0,-1,1799,28.600000000000001,54,2.3999999999999999,0.20000000000000001,4.6000000000000014,0
2021-08-28 13:00:00,173,183,21,179,199,21,128.95833333333334,181,33.258512041106542,190,1,102.05357142857143,195,58.388258491613456,202,20,13,5,8,1,0,0,-0.25881904510252079,-0.96592582628906831,-0.97492791218182362,-0.22252093395631459,1,0,1,0,0,0,0,0,0,0,-1,1799,30.300000000000001,51,1.6000000000000001,0.20000000000000001,6.3000000000000007,0
2021-08-28 14:00:00,165,185,23,169,190,26,128.95833333333334,181,33.258512041106542,190,1,102.05357142857143,195,58.388258491613456,202,20,14,5,8,1,0,0,-0.49999999999999972,-0.86602540378443882,-0.97492791218182362,-0.22252093395631459,1,0,0,0,0,0,0,0,0,0,-1,1799,29.399999999999999,49,1.8,0.20000000000000001,5.3999999999999986,0
2021-08-29 11:00:00,37,175,22,39,182,23,51.708333333333336,111,31.833096212791489,119,0,103.00595238095238,195,57.331841799452597,202,20,11,6,8,0,1,0,0.25881904510252102,-0.9659258262890682,-0.78183148246802991,0.62348980185873337,1,0,0,1,1,0,0,1,0,0,0,0,27,79,1.5,0,3,0
2021-08-29 14:00:00,38,165,23,41,169,23,51.708333333333336,111,31.833096212791489,119,0,103.00595238095238,195,57.331841799452597,202,20,14,6,8,0,1,0,-0.49999999999999972,-0.86602540378443882,-0.78183148246802991,0.62348980185873337,1,0,0,1,1,0,0,1,0,0,0,0,26.300000000000001,81,0.90000000000000002,0,2.3000000000000007,0
2021-08-29 16:00:00,46,156,25,52,161,27,51.708333333333336,111,31.833096212791489,119,0,103.00595238095238,195,57.331841799452597,202,20,16,6,8,0,1,0,-0.86602540378443849,-0.50000000000000044,-0.78183148246802991,0.62348980185873337,1,0,0,1,1,0,0,1,0,0,0,0,25.300000000000001,91,1.3,0.20000000000000001,1.3000000000000007,0
2021-08-29 19:00:00,22,127,22,47,138,22,51.708333333333336,111,31.833096212791489,119,0,103.00595238095238,195,57.331841799452597,202,20,19,6,8,0,1,0,-0.96592582628906842,0.2588190451025203,-0.78183148246802991,0.62348980185873337,0,0,0,1,1,0,0,1,0,0,0,0,23.899999999999999,95,1.1000000000000001,0.20000000000000001,0,0
2021-08-29 20:00:00,22,108,24,47,111,26,51.708333333333336,111,31.833096212791489,119,0,103.00595238095238,195,57.331841799452597,202,20,20,6,8,0,1,0,-0.8660254037844386,0.50000000000000011,-0.78183148246802991,0.62348980185873337,0,0,0,1,1,0,0,1,0,0,0,0,23.800000000000001,97,0.69999999999999996,0.20000000000000001,0,0
2021-08-29 22:00:00,22,96,23,47,105,24,51.708333333333336,111,31.833096212791489,119,0,103.00595238095238,195,57.331841799452597,202,20,22,6,8,0,1,0,-0.50000000000000044,0.86602540378443837,-0.78183148246802991,0.62348980185873337,0,0,0,1,1,0,0,1,0,0,0,0,24,94,1.1000000000000001,0.20000000000000001,0,0
2021-08-30 00:00:00,22,72,23,47,75,25,21.583333333333332,26,1.6659418714204195,47,0,102.82738095238095,195,57.58648762662429,202,20,0,0,8,0,0,0,0,1,0,1,0,0,0,0,0,1,1,1,0,0,0,0,23.899999999999999,93,1,0,0,0
2021-08-30 02:00:00,22,111,23,47,119,23,21.583333333333332,26,1.6659418714204195,47,0,102.82738095238095,195,57.58648762662429,202,20,2,0,8,0,0,0,0.49999999999999994,0.86602540378443871,0,1,0,0,0,0,0,1,1,1,0,0,0,0,23.600000000000001,88,1.6000000000000001,0,0,0
2021-08-30 05:00:00,22,87,22,47,107,22,21.583333333333332,26,1.6659418714204195,47,0,102.82738095238095,195,57.58648762662429,202,20,5,0,8,0,0,0,0.96592582628906831,0.25881904510252074,0,1,0,0,0,0,0,1,1,1,0,0,0,0,22.800000000000001,89,1,0,0,0
2021-08-30 08:00:00,22,35,167,47,36,181,21.583333333333332,26,1.6659418714204195,47,0,102.82738095238095,195,57.58648762662429,202,20,8,0,8,0,0,0,0.86602540378443871,-0.49999999999999978,0,1,0,1,0,0,0,1,1,1,879,1.315868263,0,879,25.5,77,1.5,0,1.5,0
2021-08-30 09:00:00,22,36,180,47,36,187,21.583333333333332,26,1.6659418714204195,47,0,102.82738095238095,195,57.58648762662429,202,20,9,0,8,0,0,0,0.70710678118654757,-0.70710678118654746,0,1,1,0,0,0,0,1,1,1,1343,1.9779086889999999,0,2222,26.399999999999999,69,1.8999999999999999,0,2.3999999999999986,0
2021-08-30 13:00:00,19,38,184,19,41,193,21.583333333333332,26,1.6659418714204195,47,0,102.82738095238095,195,57.58648762662429,202,20,13,0,8,0,0,0,-0.25881904510252079,-0.96592582628906831,0,1,1,0,1,0,0,1,1,1,383,0.55830903799999998,0,4663,28.5,58,2.3999999999999999,0,4.5,0
2021-08-30 14:00:00,22,38,184,22,41,190,21.583333333333332,26,1.6659418714204195,47,0,102.82738095238095,195,57.58648762662429,202,20,14,0,8,0,0,0,-0.49999999999999972,-0.86602540378443882,0,1,1,0,0,0,0,1,1,1,1151,1.685212299,0,5814,28.100000000000001,54,3.5,0,4.1000000000000014,0
2021-08-30 20:00:00,20,22,112,20,47,118,21.583333333333332,26,1.6659418714204195,47,0,102.82738095238095,195,57.58648762662429,202,20,20,0,8,0,0,0,-0.8660254037844386,0.50000000000000011,0,1,0,0,0,0,0,1,1,1,13,0.025490196,0,10053,23.800000000000001,84,0.5,0,0,0
2021-08-30 23:00:00,20,22,96,21,47,107,21.583333333333332,26,1.6659418714204195,47,0,102.82738095238095,195,57.58648762662429,202,20,23,0,8,0,0,0,-0.25881904510252157,0.96592582628906809,0,1,0,0,0,0,0,1,1,1,151,0.35866983400000002,0,10719,23.300000000000001,89,0.80000000000000004,0,0,0
2021-08-31 01:00:00,21,22,105,23,47,111,107.95833333333333,172,63.781201514762195,186,0,102.72619047619048,195,57.406492818634526,202,15,1,1,8,0,0,0,0.25881904510252074,0.96592582628906831,0.7818314824680298,0.62348980185873359,0,0,0,0,0,0,0,0,353,0.83058823500000001,0,557,22.899999999999999,94,0.59999999999999998,0,0,0
2021-08-31 09:00:00,170,22,181,180,47,190,107.95833333333333,172,63.781201514762195,186,0,102.72619047619048,195,57.406492818634526,202,15,9,1,8,0,0,0,0.70710678118654757,-0.70710678118654746,0.7818314824680298,0.62348980185873359,1,0,0,0,0,0,0,0,942,1.3955555559999999,-0.29858525688756515,4469,22.5,98,2.3999999999999999,0.80000000000000004,0,0
2021-08-31 11:00:00,171,17,183,180,41,188,107.95833333333333,172,63.781201514762195,186,0,102.72619047619048,195,57.406492818634526,202,15,11,1,8,0,0,0,0.25881904510252102,-0.9659258262890682,0.7818314824680298,0.62348980185873359,1,0,0,0,0,0,0,0,1255,1.9044006069999999,0.63838120104438645,6750,25.600000000000001,81,1.1000000000000001,1,1.6000000000000014,0
2021-08-31 13:00:00,172,19,174,177,19,180,107.95833333333333,172,63.781201514762195,186,0,102.72619047619048,195,57.406492818634526,202,15,13,1,8,0,0,0,-0.25881904510252079,-0.96592582628906831,0.7818314824680298,0.62348980185873359,1,0,1,0,0,0,0,0,710,1.0215827340000001,0.85378590078328986,7654,26.100000000000001,69,1.8999999999999999,1,2.1000000000000014,0
2021-08-31 14:00:00,171,22,186,174,22,190,107.95833333333333,172,63.781201514762195,186,0,102.72619047619048,195,57.406492818634526,202,15,14,1,8,0,0,0,-0.49999999999999972,-0.86602540378443882,0.7818314824680298,0.62348980185873359,1,0,0,0,0,0,0,0,1198,1.645604396,0.040834057341442222,8852,25.300000000000001,78,1.5,1,1.3000000000000007,0
2021-08-31 15:00:00,160,21,175,177,21,201,107.95833333333333,172,63.781201514762195,186,0,102.72619047619048,195,57.406492818634526,202,15,15,1,8,0,0,0,-0.70710678118654713,-0.70710678118654791,0.7818314824680298,0.62348980185873359,1,0,0,0,0,0,0,0,1803,2.8664546899999999,0.13753943217665615,10655,25.100000000000001,79,1.3,1,1.1000000000000014,0
2021-08-31 17:00:00,140,26,139,172,26,157,107.95833333333333,172,63.781201514762195,186,0,102.72619047619048,195,57.406492818634526,202,15,17,1,8,0,0,0,-0.96592582628906831,-0.25881904510252063,0.7818314824680298,0.62348980185873359,1,0,0,0,0,0,0,0,350,0.69860279400000003,1.5,13169,24.5,84,1,1,0.5,0
2021-08-31 19:00:00,144,21,150,162,21,164,107.95833333333333,172,63.781201514762195,186,0,102.72619047619048,195,57.406492818634526,202,15,19,1,8,0,0,0,-0.96592582628906842,0.2588190451025203,0.7818314824680298,0.62348980185873359,0,0,0,0,0,0,0,0,1381,2.3406779659999999,0.66989117291414757,15579,24.300000000000001,87,0.5,1,0.30000000000000071,0
2021-08-31 20:00:00,128,20,121,132,20,125,107.95833333333333,172,63.781201514762195,186,0,102.72619047619048,195,57.406492818634526,202,15,20,1,8,0,0,0,-0.8660254037844386,0.50000000000000011,0.7818314824680298,0.62348980185873359,0,0,0,0,0,0,0,0,179,0.30390492400000002,12.76923076923077,15758,24.100000000000001,86,1.6000000000000001,1,0.10000000000000142,0
2021-08-31 21:00:00,129,20,121,135,21,123,107.95833333333333,172,63.781201514762195,186,0,102.72619047619048,195,57.406492818634526,202,15,21,1,8,0,0,0,-0.70710678118654768,0.70710678118654735,0.7818314824680298,0.62348980185873359,0,0,0,0,0,0,0,0,133,0.25478927200000001,1.462962962962963,15891,23.699999999999999,91,1.3,1,0,0
