v0,v1,v2,v3,v4,v5,v6,v7,v8,v9,v10,v11,v12,v13,v14,v15,v16,v17,v18,v19
2021-07-07 00:00:00,2,76,89,0,67.273490324776674,69.208023489393,,0,250,23.600000000000001,4,0,0,0,0,0,206,8.7265096752233262,0
2021-07-07 01:00:00,2,102,112,0,105.21060469429253,113.39284918429104,,1,5,23.899999999999999,-0.98847926267281105,0,0,0,0,0,206,3.2106046942925275,0
2021-07-07 02:00:00,2,106,107,0,107.51427053837222,114.97387823781958,,2,42,23.600000000000001,-0.82926829268292679,0,0,0,0,0,206,1.5142705383722159,0
2021-07-07 03:00:00,2,110,115,0,109.15537426286431,116.95058990984938,,3,442,23.800000000000001,0.8728813559322034,0,0,0,0,0,206,0.84462573713568645,0
2021-07-07 04:00:00,2,106,108,0,105.47554059103688,114.64965597835106,,4,90,23.899999999999999,-0.65648854961832059,0,0,0,0,0,206,0.52445940896312493,0
2021-07-07 05:00:00,2,94,101,0,95.813715530952777,112.42554606919212,,5,387,24,192.5,0,0,0,0,0,206,1.813715530952777,0
2021-07-07 06:00:00,2,102,106,0,109.46352270979702,117.23838971531583,,6,38,24.199999999999999,-0.45714285714285713,0,0,0,0,0,206,7.4635227097970187,0
2021-07-07 07:00:00,2,130,145,0,135.61055631520509,157.07366382058004,,7,1847,25.399999999999999,-0.095051445369916707,0,0,0,0,0,206,5.6105563152050877,0
2021-07-07 08:00:00,2,181,203,1,173.40492194993791,179.34239576481923,,8,675,25,1.1565495207667731,0,0,0,1,0,206,7.5950780500620851,1
2021-07-07 09:00:00,2,178,187,1,177.42514662648969,178.13308032517915,,9,1990,25.5,1.7111716621253406,1,0,0,0,0,206,0.57485337351030807,1
2021-07-07 10:00:00,2,174,186,0,173.89472497067095,183.03703321916214,,10,3638,24.899999999999999,3.5934343434343434,1,0,0,0,0,206,0.10527502932905008,1
2021-07-07 11:00:00,2,178,183,0,171.8542700739458,176.36025869695246,,11,954,23.300000000000001,0.67957746478873238,1,0,0,0,0,206,6.1457299260542015,1
2021-07-07 12:00:00,2,112,131,0,105.99372458345668,122.29452104429043,,12,0,23.800000000000001,0,1,0,0,0,0,206,6.0062754165433176,0
2021-07-07 13:00:00,2,173,185,0,167.08610197542856,175.27269157356957,,13,320,23.800000000000001,-0.85630893578805567,1,0,0,0,1,206,5.9138980245714379,1
2021-07-07 14:00:00,2,175,185,0,174.58559521728051,174.51384962506236,,14,1323,24.199999999999999,1.0416666666666667,1,0,0,0,0,206,0.41440478271948678,1
2021-07-07 15:00:00,2,158,176,0,163.2881402892049,174.43971155014668,,15,1208,23.399999999999999,-0.050314465408805034,1,0,0,0,0,206,5.2881402892049039,1
2021-07-07 16:00:00,2,177,181,0,171.50420421377746,179.54250223416483,,16,1579,23.600000000000001,0.60304568527918778,1,0,0,0,0,206,5.4957957862225442,1
2021-07-07 17:00:00,2,138,179,0,144.23843887765577,170.95747587271427,,17,175,23.399999999999999,0.41129032258064518,1,0,0,0,0,206,6.2384388776557671,0
2021-07-07 18:00:00,2,169,173,0,162.12797823309057,168.05160220101624,,18,1717,23.399999999999999,0.32076923076923075,0,0,0,0,0,206,6.8720217669094268,0
2021-07-07 19:00:00,2,157,169,0,152.58255407994076,161.220351533372,,19,2321,22.699999999999999,-0.40118679050567596,0,0,0,0,0,206,4.4174459200592366,0
2021-07-07 20:00:00,2,117,127,0,118.0218452516505,122.37376303720472,,20,162,22.5,15.199999999999999,0,0,0,0,0,206,1.0218452516505039,0
2021-07-07 21:00:00,2,115,120,0,116.46475061782873,122.18178723977344,,21,68,22.399999999999999,-0.59036144578313254,0,0,0,0,0,206,1.4647506178287273,0
2021-07-07 22:00:00,2,104,113,0,110.55177674712056,119.92381881223143,,22,104,22.300000000000001,-0.30666666666666664,0,0,0,0,0,206,6.5517767471205559,0
2021-07-07 23:00:00,2,105,110,0,106.42720708345658,119.22229064632073,,23,72,22.199999999999999,-0.040000000000000001,0,0,0,0,0,206,1.4272070834565795,0
2021-07-08 00:00:00,2,73,78,0,70.92044668533488,72.466785286269982,,0,242,22,-0.032000000000000001,0,0,0,0,0,206,2.0795533146651195,0
2021-07-08 01:00:00,2,99,104,0,104.42795358624724,116.24461866649681,,1,703,21.899999999999999,139.59999999999999,0,0,0,0,0,206,5.4279535862472414,0
2021-07-08 02:00:00,2,104,110,0,110.10386082007957,119.95971584531844,,2,192,21.899999999999999,3.5714285714285716,0,0,0,0,0,206,6.103860820079575,0
2021-07-08 03:00:00,2,105,115,0,109.36184867571006,118.44982836257392,,3,130,21.899999999999999,-0.70588235294117652,0,0,0,0,0,206,4.3618486757100641,0
2021-07-08 04:00:00,2,106,109,0,106.51979117907644,118.39728080397994,,4,208,22.100000000000001,1.3111111111111111,0,0,0,0,0,206,0.51979117907643513,0
2021-07-08 05:00:00,2,96,107,0,94.481814643059622,113.37333880340094,,5,314,22.300000000000001,-0.18863049095607234,0,0,0,0,0,206,1.5181853569403785,0
2021-07-08 06:00:00,2,110,115,0,106.12011823895037,114.41575995840714,,6,58,22.800000000000001,0.52631578947368418,0,0,0,0,0,206,3.8798817610496315,0
2021-07-08 07:00:00,2,133,146,0,127.85018169353486,153.83312227986329,,7,436,23.5,-0.76394152680021654,0,0,0,0,0,206,5.1498183064651357,0
2021-07-08 08:00:00,2,166,187,1,175.3742472964901,186.87138614618505,,8,560,23.699999999999999,-0.17037037037037037,0,0,0,1,0,206,9.3742472964900969,1
2021-07-08 09:00:00,2,180,186,0,178.55284673680933,185.73987056054159,,9,516,24.800000000000001,-0.74070351758793973,1,0,0,0,0,206,1.4471532631906712,1
2021-07-08 10:00:00,2,184,201,1,172.61214973847393,181.97492311845258,,10,112,26,-0.96921385376580538,1,0,0,0,0,206,11.387850261526069,1
2021-07-08 11:00:00,2,190,192,1,177.44081459369087,185.53289974891669,,11,562,26.800000000000001,-0.41090146750524109,1,0,0,0,0,206,12.559185406309126,1
2021-07-08 12:00:00,2,120,131,0,109.25697682761876,118.93414694437418,,12,0,25.5,0,1,0,0,0,0,206,10.743023172381243,0
2021-07-08 13:00:00,2,186,201,1,180.91175204812893,184.70789289897894,,13,2140,24.100000000000001,5.6875,1,0,0,0,1,206,5.0882479518710682,1
2021-07-08 14:00:00,2,184,200,1,180.96740219173606,183.81630793890844,,14,1434,23.399999999999999,0.08390022675736962,1,0,0,0,0,206,3.0325978082639438,1
2021-07-08 15:00:00,2,161,184,0,157.33330682434104,174.18507793898101,,15,350,24.600000000000001,-0.71026490066225167,1,0,0,0,0,206,3.6666931756589634,1
2021-07-08 16:00:00,2,174,186,0,165.5646242978747,174.39122618212295,,16,2282,24.600000000000001,0.44521849271690944,1,0,0,0,0,206,8.4353757021252989,1
2021-07-08 17:00:00,2,128,155,0,136.66640088963831,164.96254352212844,,17,86,23.199999999999999,-0.50857142857142856,1,0,0,0,0,206,8.6664008896383109,0
2021-07-08 18:00:00,2,147,155,0,160.49486203503781,162.65667434866384,,18,3577,22.699999999999999,1.083284799068142,0,0,0,0,0,206,13.494862035037812,0
2021-07-08 19:00:00,2,147,153,0,155.54986360109712,163.31859068896392,,19,5585,22.199999999999999,1.4062903920723826,0,0,0,0,0,206,8.5498636010971154,0
2021-07-08 20:00:00,2,130,132,0,138.81653551048339,142.15549482806267,,20,26,22.199999999999999,-0.83950617283950613,0,0,0,0,0,206,8.8165355104833907,0
2021-07-08 21:00:00,2,125,128,0,133.99107760017893,131.24564784557907,,21,6,22,-0.91176470588235292,0,0,0,0,0,206,8.9910776001789259,0
2021-07-08 22:00:00,2,111,118,0,112.5654238958678,119.75764607694005,,22,0,21.899999999999999,-1,0,0,0,0,0,206,1.5654238958677951,0
2021-07-08 23:00:00,2,113,119,0,105.00520715647212,120.21813301978469,,23,0,21.899999999999999,-1,0,0,0,0,0,206,7.9947928435278754,0
2021-07-09 00:00:00,2,73,78,0,71.03990082681392,74.401616661169612,,0,0,22,-1,0,0,0,0,0,203,1.9600991731860802,0
2021-07-09 01:00:00,2,102,105,0,104.28221082927632,116.7563341620324,,1,37,22.100000000000001,-0.94736842105263153,0,0,0,0,0,203,2.2822108292763232,0
2021-07-09 02:00:00,2,110,114,0,109.06207477086902,119.58266920582105,,2,12,21.899999999999999,-0.9375,0,0,0,0,0,203,0.93792522913098253,0
2021-07-09 03:00:00,2,99,109,0,108.89233379793569,118.4378128232764,,3,0,21.899999999999999,-1,0,0,0,0,0,203,9.8923337979356916,0
2021-07-09 04:00:00,2,104,106,0,108.19345689257575,117.3128737875023,,4,32,21.899999999999999,-0.84615384615384615,0,0,0,0,0,203,4.1934568925757532,0
2021-07-09 05:00:00,2,98,105,0,98.115159502576176,114.32531508267724,,5,0,22,-1,0,0,0,0,0,203,0.11515950257617646,0
2021-07-09 06:00:00,2,113,125,0,112.02355106411768,120.25332853120757,,6,0,22.199999999999999,-1,0,0,0,0,0,203,0.97644893588231696,0
2021-07-09 07:00:00,2,137,156,0,130.07202494790477,154.19386886506891,,7,536,22.300000000000001,0.22935779816513763,0,0,0,0,0,203,6.9279750520952348,0
2021-07-09 08:00:00,2,174,188,1,174.71200442517122,186.47526463215939,,8,564,22.699999999999999,0.0071428571428571426,0,0,0,1,0,203,0.71200442517121587,1
2021-07-09 09:00:00,2,166,168,0,179.4161108446184,183.79159975619217,,9,565,22.699999999999999,0.094961240310077522,1,0,0,0,0,203,13.416110844618402,1
2021-07-09 10:00:00,2,164,176,0,175.9133629524714,187.43431266813113,,10,1753,23.300000000000001,14.651785714285714,1,0,0,0,0,203,11.913362952471402,1
2021-07-09 11:00:00,2,171,176,0,170.9271897450125,181.85196535279175,,11,1082,24.699999999999999,0.92526690391459077,1,0,0,0,0,203,0.072810254987501821,1
2021-07-09 12:00:00,2,100,112,0,115.54331067080199,119.43460281060877,,12,0,24.699999999999999,0,1,0,0,0,0,203,15.543310670801986,0
2021-07-09 13:00:00,2,174,186,0,176.09873104127308,186.95197125911517,,13,1119,24,-0.47710280373831776,1,0,0,0,1,203,2.0987310412730835,1
2021-07-09 14:00:00,2,181,192,1,175.70874342962634,180.37666408790463,,14,2229,22.600000000000001,0.55439330543933052,1,0,0,0,0,203,5.2912565703736618,1
2021-07-09 15:00:00,2,167,188,1,161.82626117509523,173.96047333897297,,15,774,22.699999999999999,1.2114285714285715,1,0,0,0,0,203,5.173738824904774,1
2021-07-09 16:00:00,2,171,176,0,170.64881774116287,180.95360647964384,,16,1881,22.899999999999999,-0.1757230499561788,1,0,0,0,0,203,0.35118225883712739,1
2021-07-09 17:00:00,2,143,165,0,140.89024995842851,170.10351384727707,,17,955,23.199999999999999,10.104651162790697,1,0,0,0,0,203,2.1097500415714876,0
2021-07-09 18:00:00,2,170,174,0,156.91890245474406,165.99520887653142,,18,1186,23,-0.66843723790886223,0,0,0,0,0,203,13.081097545255943,0
2021-07-09 19:00:00,2,134,140,0,142.99524638469558,154.89078885151505,,19,3718,23,-0.3342882721575649,0,0,0,0,0,203,8.9952463846955766,0
2021-07-09 20:00:00,2,104,111,0,118.02036860127924,122.93307757189601,,20,36,22.899999999999999,0.38461538461538464,0,0,0,0,0,203,14.020368601279245,0
2021-07-09 21:00:00,2,103,109,0,117.05057031776317,117.94709864690685,,21,3,22.899999999999999,-0.5,0,0,0,0,0,203,14.050570317763174,0
2021-07-09 22:00:00,2,102,111,0,112.43710320706549,119.73466618006883,,22,45,22.899999999999999,0,0,0,0,0,0,203,10.437103207065491,0
2021-07-09 23:00:00,2,96,106,0,108.69603013878576,120.00710223165849,,23,0,22.699999999999999,0,0,0,0,0,0,203,12.696030138785758,0
2021-07-10 00:00:00,2,65,70,0,69.318855087641651,70.892573119742707,,0,0,22.300000000000001,0,0,0,0,0,0,203,4.3188550876416514,0
2021-07-10 01:00:00,2,97,102,0,106.48309905046554,115.03779018005042,,1,6,22.100000000000001,-0.83783783783783783,0,0,0,0,0,203,9.4830990504655404,0
2021-07-10 02:00:00,2,97,100,0,110.47690742838428,117.19959105335248,,2,41,22.5,2.4166666666666665,0,0,0,0,0,203,13.47690742838428,0
2021-07-10 03:00:00,2,97,106,0,103.81400664761945,115.12801039200677,,3,0,22.199999999999999,0,0,0,0,0,0,203,6.8140066476194505,0
2021-07-10 04:00:00,2,100,106,0,106.00033873492808,114.80252117825536,,4,30,22,-0.0625,0,0,0,0,0,203,6.0003387349280786,0
2021-07-10 05:00:00,2,83,97,0,91.396910817801725,110.42702870497463,,5,0,21.800000000000001,0,0,0,0,0,0,203,8.3969108178017251,0
2021-07-10 06:00:00,2,101,104,0,107.24590829270581,116.84405408407949,,6,120,22.399999999999999,0,0,0,0,0,0,203,6.2459082927058063,0
2021-07-10 07:00:00,2,75,105,0,131.15722202323153,153.29635339725309,,7,290,24.399999999999999,-0.45895522388059701,0,0,0,0,0,203,56.157222023231526,0
2021-07-10 08:00:00,2,26,27,0,23.033077464524439,25.329831014423931,,8,0,26.300000000000001,-1,0,0,0,1,0,203,2.9669225354755611,0
2021-07-10 09:00:00,2,27,27,0,22.880266204466608,23.910835123817453,,9,0,27.100000000000001,-1,1,0,0,0,0,203,4.1197337955333921,0
2021-07-10 10:00:00,2,30,32,0,23.199609188014563,24.832649501818576,,10,0,27.899999999999999,-1,1,0,0,0,0,203,6.8003908119854373,0
2021-07-10 11:00:00,2,29,31,0,23.453864272363639,25.270355640712832,,11,0,28.399999999999999,-1,1,0,0,0,0,203,5.5461357276363614,0
2021-07-10 12:00:00,2,26,26,0,23.124832548165831,24.876533383837277,,12,0,29.5,0,1,0,0,0,0,203,2.8751674518341694,0
2021-07-10 13:00:00,2,25,28,0,23.294807769791937,25.495434609647631,,13,0,30,-1,1,0,0,0,1,203,1.7051922302080627,0
2021-07-10 14:00:00,2,23,23,0,23.245366223396072,25.854054213505485,,14,0,29.600000000000001,-1,1,0,0,0,0,203,0.24536622339607206,0
2021-07-10 15:00:00,2,24,25,0,23.069341788499017,25.131948530466467,,15,0,28.800000000000001,-1,1,0,0,0,0,203,0.93065821150098316,0
2021-07-10 16:00:00,2,24,27,0,23.043952688697644,25.367505870922866,,16,0,28.899999999999999,-1,1,0,0,0,0,203,0.95604731130235621,0
2021-07-10 17:00:00,2,23,23,0,23.27746863590799,25.02654576361417,,17,0,28.399999999999999,-1,1,0,0,0,0,203,0.27746863590799009,0
2021-07-10 18:00:00,2,22,22,0,22.962288582628851,25.185860023888321,,18,0,27.600000000000001,-1,0,0,0,0,0,203,0.96228858262885097,0
2021-07-10 19:00:00,2,24,26,0,23.066724581328899,23.744827096281092,,19,0,25.699999999999999,-1,0,0,0,0,0,203,0.93327541867110142,0
2021-07-10 20:00:00,2,22,23,0,23.359101912179323,25.520366700029463,,20,0,21.600000000000001,-1,0,0,0,0,0,203,1.3591019121793231,0
2021-07-10 21:00:00,2,22,23,0,23.631895966980402,25.66894601369043,,21,0,21.5,-1,0,0,0,0,0,203,1.6318959669804016,0
2021-07-10 22:00:00,2,25,26,0,23.152035249175782,23.977862959552578,,22,0,21.600000000000001,-1,0,0,0,0,0,203,1.8479647508242181,0
2021-07-10 23:00:00,2,22,23,0,23.388179117874031,25.561992722772253,,23,0,21.5,0,0,0,0,0,0,203,1.3881791178740315,0
2021-07-11 00:00:00,2,23,23,0,23.031627987602601,23.018231937500129,,0,0,21.899999999999999,0,0,1,0,0,0,203,0.031627987602600882,0
2021-07-11 01:00:00,2,26,27,0,22.729398315717713,23.062760481932781,,1,0,21.600000000000001,-1,0,1,0,0,0,203,3.2706016842822869,0
2021-07-11 02:00:00,2,23,23,0,23.170308246890595,24.285787044016026,,2,0,21.800000000000001,-1,0,1,0,0,0,203,0.17030824689059543,0
2021-07-11 03:00:00,2,23,24,0,23.398299132179879,23.938081173746575,,3,0,21.800000000000001,0,0,1,0,0,0,203,0.39829913217987922,0
2021-07-11 04:00:00,2,23,24,0,23.649255162998273,25.062513687981735,,4,0,22.199999999999999,-1,0,1,0,0,0,203,0.64925516299827279,0
2021-07-11 05:00:00,2,24,27,0,22.547018718641155,22.429227061605182,,5,0,21.800000000000001,0,0,1,0,0,0,203,1.452981281358845,0
2021-07-11 06:00:00,2,22,22,0,23.329520249546267,24.359640204803863,,6,0,23.600000000000001,-1,0,1,0,0,0,203,1.3295202495462668,0
2021-07-11 07:00:00,2,22,22,0,22.847591074743089,23.923105351204029,,7,0,25.800000000000001,-1,0,1,0,0,0,203,0.84759107474308948,0
2021-07-11 08:00:00,2,24,27,0,22.939929167551888,26.197302978439033,,8,0,27.300000000000001,0,0,1,0,1,0,203,1.0600708324481118,0
2021-07-11 09:00:00,2,22,22,0,22.764460190592004,24.215437531827305,,9,0,29,0,1,1,0,0,0,203,0.7644601905920041,0
2021-07-11 10:00:00,2,23,23,0,22.858513234525013,24.208967586690065,,10,0,30.399999999999999,0,1,1,0,0,0,203,0.14148676547498695,0
2021-07-11 11:00:00,2,25,28,0,23.946344084021124,25.825399682354707,,11,0,30.800000000000001,0,1,1,0,0,0,203,1.0536559159788759,0
2021-07-11 12:00:00,2,23,24,0,23.434026565255525,24.234948729481275,,12,0,31.199999999999999,0,1,1,0,0,0,203,0.4340265652555253,0
2021-07-11 13:00:00,2,24,24,0,23.578225810309934,24.977060609874542,,13,0,31.800000000000001,0,1,1,0,0,1,203,0.42177418969006553,0
2021-07-11 14:00:00,2,26,28,0,23.542449056838947,25.150925732834569,,14,0,31.300000000000001,0,1,1,0,0,0,203,2.4575509431610527,0
2021-07-11 15:00:00,2,24,24,0,23.226315023588988,25.286693309794416,,15,0,28.300000000000001,0,1,1,0,0,0,203,0.77368497641101186,0
2021-07-11 16:00:00,2,25,26,0,23.220417817248599,25.244465344929285,,16,0,28.600000000000001,0,1,1,0,0,0,203,1.7795821827514011,0
2021-07-11 17:00:00,2,24,26,0,23.193711696636345,24.432294783175369,,17,0,28.699999999999999,0,1,1,0,0,0,203,0.80628830336365453,0
2021-07-11 18:00:00,2,23,26,0,23.363136943445163,24.325174681131813,,18,0,27.699999999999999,0,0,1,0,0,0,203,0.36313694344516279,0
2021-07-11 19:00:00,2,22,23,0,23.681844866625795,25.292879637716325,,19,0,26.600000000000001,0,0,1,0,0,0,203,1.681844866625795,0
2021-07-11 20:00:00,2,23,23,0,23.169015238105612,24.819957880427193,,20,0,26.699999999999999,0,0,1,0,0,0,203,0.16901523810561159,0
2021-07-11 21:00:00,2,25,28,0,23.434849141795478,25.41737583330589,,21,0,26.600000000000001,0,0,1,0,0,0,203,1.5651508582045217,0
2021-07-11 22:00:00,2,23,24,0,23.328643687326746,24.576507781281887,,22,0,25.199999999999999,0,0,1,0,0,0,203,0.3286436873267462,0
2021-07-11 23:00:00,2,23,23,0,23.356860888692193,24.240303048260181,,23,0,24.5,0,0,1,0,0,0,203,0.3568608886921929,0
2021-07-12 00:00:00,2,25,26,0,23.474462468413158,25.060926912819948,,0,0,23.600000000000001,0,0,0,1,0,0,203,1.525537531586842,0
2021-07-12 01:00:00,2,23,23,0,23.424097481718736,23.847264268444118,,1,0,23.699999999999999,0,0,0,1,0,0,203,0.42409748171873574,0
2021-07-12 02:00:00,2,23,23,0,23.200053765242668,23.419031498927922,,2,0,23.5,0,0,0,1,0,0,203,0.20005376524266794,0
2021-07-12 03:00:00,2,24,27,0,22.932311096813009,23.579967323716428,,3,0,23.5,0,0,0,1,0,0,203,1.0676889031869905,0
2021-07-12 04:00:00,2,22,23,0,23.030573420784776,24.191591671019729,,4,0,23.800000000000001,0,0,0,1,0,0,203,1.0305734207847763,0
2021-07-12 05:00:00,2,23,23,0,23.316917337141732,23.967751644295181,,5,0,23.800000000000001,0,0,0,1,0,0,203,0.31691733714173154,0
2021-07-12 06:00:00,2,24,25,0,22.780751894223435,22.585855671207938,,6,0,25.899999999999999,0,0,0,1,0,0,203,1.2192481057765647,0
2021-07-12 07:00:00,2,65,123,0,58.463897422042145,96.445023338821997,,7,0,25.5,0,0,0,1,0,0,203,6.5361025779578554,0
2021-07-12 08:00:00,2,186,198,1,180.69720273536709,194.02575989038115,,8,522,28.399999999999999,0,0,0,1,1,0,203,5.3027972646329147,1
2021-07-12 09:00:00,2,191,195,1,176.2171279362482,181.99520600061683,,9,498,30.300000000000001,0,1,0,1,0,0,203,14.782872063751796,1
2021-07-12 10:00:00,2,175,186,0,179.84475845884245,183.89474699682341,,10,1883,31.600000000000001,0,1,0,1,0,0,203,4.844758458842449,1
2021-07-12 11:00:00,2,186,188,1,182.70271196424133,185.76068456101927,,11,1127,31.800000000000001,0,1,0,1,0,0,203,3.2972880357586689,1
2021-07-12 12:00:00,2,115,134,0,112.8716586924003,124.53850790370373,,12,194,32,0,1,0,1,0,0,203,2.1283413075996975,0
2021-07-12 13:00:00,2,167,178,0,178.22295915852649,186.3796728939474,,13,676,31.800000000000001,0,1,0,1,0,1,203,11.222959158526493,1
2021-07-12 14:00:00,2,184,190,1,173.86867909331735,177.1853191304244,,14,5121,31.399999999999999,0,1,0,1,0,0,203,10.131320906682646,1
2021-07-12 15:00:00,2,164,188,1,168.10241378635297,177.85130611907704,,15,1018,30.600000000000001,0,1,0,1,0,0,203,4.1024137863529688,1
2021-07-12 16:00:00,2,174,177,0,167.01627766410516,175.89949892446197,,16,1233,29.600000000000001,0,1,0,1,0,0,203,6.9837223358948393,1
2021-07-12 17:00:00,2,138,173,0,139.01203235450666,154.45655123669636,,17,509,29.699999999999999,0,1,0,1,0,0,203,1.0120323545066583,0
2021-07-12 18:00:00,2,157,164,0,160.82354056159977,170.14615782003381,,18,1047,28,0,0,0,1,0,0,203,3.8235405615997706,0
2021-07-12 19:00:00,2,157,175,0,147.61630797512777,159.19054348395971,,19,2885,27,0,0,0,1,0,0,203,9.3836920248722322,0
2021-07-12 20:00:00,2,125,136,0,124.28110273525925,130.94416539131143,,20,6,27,0,0,0,1,0,0,203,0.71889726474074678,0
2021-07-12 21:00:00,2,120,133,0,124.24111685269153,128.09715981567999,,21,217,26.300000000000001,0,0,0,1,0,0,203,4.2411168526915333,0
2021-07-12 22:00:00,2,116,125,0,108.9144396985761,117.79710628700751,,22,28,25.800000000000001,0,0,0,1,0,0,203,7.0855603014238966,0
2021-07-12 23:00:00,2,103,115,0,105.96417434246506,116.46100223547194,,23,79,25.300000000000001,0,0,0,1,0,0,203,2.9641743424650571,0
2021-07-14 00:00:00,2,73,75,0,70.891464823706315,73.895984610821955,,0,327,26.300000000000001,0,0,0,0,0,0,203,2.1085351762936853,0
2021-07-14 01:00:00,2,102,112,0,103.27037961125713,115.23396570354339,,1,166,26.100000000000001,0,0,0,0,0,0,203,1.2703796112571268,0
2021-07-14 02:00:00,2,105,109,0,112.87691417700754,119.80641563826832,,2,354,25.699999999999999,0,0,0,0,0,0,203,7.876914177007535,0
2021-07-14 03:00:00,2,102,114,0,110.49188471149077,115.52756476116873,,3,111,25.600000000000001,0,0,0,0,0,0,203,8.4918847114907692,0
2021-07-14 04:00:00,2,105,107,0,105.99721899646732,117.24523771762253,,4,66,24.300000000000001,0,0,0,0,0,0,203,0.99721899646732481,0
2021-07-14 05:00:00,2,89,115,0,136.49633448130686,139.54812357635055,,5,0,25.300000000000001,0,0,0,0,0,0,203,47.49633448130686,0
2021-07-14 06:00:00,2,106,112,0,117.2526636574481,120.86922528881783,,6,45,27.399999999999999,0,0,0,0,0,0,203,11.252663657448096,0
2021-07-14 07:00:00,2,132,154,0,130.84655665837323,156.71501576118391,,7,582,28.899999999999999,0,0,0,0,0,0,203,1.1534433416267689,0
2021-07-14 08:00:00,2,179,186,0,169.93340765942537,189.42104894182057,,8,530,29.399999999999999,0,0,0,0,1,0,203,9.0665923405746298,1
2021-07-14 09:00:00,2,185,195,1,170.154040697434,181.53991373563323,,9,1304,30.199999999999999,0,1,0,0,0,0,203,14.845959302566001,1
2021-07-14 10:00:00,2,175,185,0,168.85419786624519,182.55122792049752,,10,1851,30.399999999999999,0,1,0,0,0,0,203,6.1458021337548132,1
2021-07-14 11:00:00,2,185,193,1,166.37715031483512,181.56495843238264,,11,1796,30.399999999999999,0,1,0,0,0,0,203,18.62284968516488,1
2021-07-14 12:00:00,2,99,110,0,114.88512817696179,115.36481049142998,,12,88,31.5,0,1,0,0,0,0,203,15.885128176961786,0
2021-07-14 13:00:00,2,166,179,0,170.60000296123394,183.02350009388644,,13,1564,31.399999999999999,0,1,0,0,0,1,203,4.6000029612339404,1
2021-07-14 14:00:00,2,178,186,0,166.6124481826667,179.59432684966362,,14,1154,32.100000000000001,0,1,0,0,0,0,203,11.387551817333303,1
2021-07-14 15:00:00,2,134,141,0,161.04246747859696,174.13201538954959,,15,587,30.899999999999999,0,1,0,0,0,0,203,27.042467478596961,1
2021-07-14 16:00:00,2,154,156,0,162.99844920863734,175.56089675900665,,16,1732,30.300000000000001,0,1,0,0,0,0,203,8.9984492086373393,1
2021-07-14 17:00:00,2,140,179,0,132.75229989593601,161.29437778227253,,17,2473,29.600000000000001,0,1,0,0,0,0,203,7.2477001040639948,0
2021-07-14 18:00:00,2,165,169,0,154.93226039341033,169.36278141564355,,18,283,28.199999999999999,0,0,0,0,0,0,203,10.067739606589669,0
2021-07-14 19:00:00,2,138,148,0,158.25162275812065,169.29530715113754,,19,1793,27.600000000000001,0,0,0,0,0,0,203,20.251622758120646,0
2021-07-14 20:00:00,2,112,120,0,136.90674408324713,143.44214335852064,,20,268,27.800000000000001,0,0,0,0,0,0,203,24.906744083247133,0
2021-07-14 21:00:00,2,112,113,0,135.11808756800835,142.39697953098204,,21,58,27.199999999999999,0,0,0,0,0,0,203,23.118087568008349,0
2021-07-14 22:00:00,2,110,115,0,142.049822787339,139.57633690564762,,22,51,27.100000000000001,0,0,0,0,0,0,203,32.049822787338996,0
2021-07-14 23:00:00,2,104,112,0,140.74588538904007,138.13548661378914,,23,70,26.300000000000001,0,0,0,0,0,0,203,36.745885389040069,0
2021-07-16 00:00:00,2,65,67,0,70.753683068310679,74.759091514289764,,0,36,23.899999999999999,0,0,0,0,0,0,202,5.7536830683106786,0
2021-07-16 01:00:00,2,96,100,0,100.39374984715144,114.57435702958851,,1,74,24.399999999999999,0,0,0,0,0,0,202,4.3937498471514402,0
2021-07-16 02:00:00,2,101,103,0,108.72156260925755,114.85181869565569,,2,37,23.800000000000001,0,0,0,0,0,0,202,7.7215626092575462,0
2021-07-16 03:00:00,2,107,114,0,106.31454703159376,114.99558234025893,,3,175,23.399999999999999,0,0,0,0,0,0,202,0.68545296840623848,0
2021-07-16 04:00:00,2,106,109,0,108.90509928246772,119.131436094908,,4,211,23.100000000000001,0,0,0,0,0,0,202,2.9050992824677166,0
2021-07-16 05:00:00,2,88,107,0,94.032693567453521,114.20844819535205,,5,92,23.300000000000001,0,0,0,0,0,0,202,6.0326935674535207,0
2021-07-16 06:00:00,2,106,109,0,105.67783143338471,115.48887264199665,,6,304,24.899999999999999,0,0,0,0,0,0,202,0.32216856661528936,0
2021-07-16 07:00:00,2,135,157,0,134.42361612648145,155.50439927375891,,7,563,27,0,0,0,0,0,0,202,0.57638387351855158,0
2021-07-16 08:00:00,2,187,194,1,170.19810984008936,185.22821405359028,,8,555,27.5,0,0,0,0,1,0,202,16.801890159910641,1
2021-07-16 09:00:00,2,185,190,1,172.03195429736425,181.18390570226927,,9,1863,28.399999999999999,0,1,0,0,0,0,202,12.968045702635749,1
2021-07-16 10:00:00,2,169,187,1,169.5871593721125,181.23738618863854,,10,4118,29,0,1,0,0,0,0,202,0.58715937211249525,1
2021-07-16 11:00:00,2,188,197,1,167.81846766522293,179.86561011682952,,11,1964,28.300000000000001,0,1,0,0,0,0,202,20.181532334777074,1
2021-07-16 12:00:00,2,116,128,0,107.35426614688456,121.75504395976891,,12,248,29,0,1,0,0,0,0,202,8.6457338531154448,0
2021-07-16 13:00:00,2,172,181,0,173.34201336960658,178.9930407010292,,13,2135,28.5,0,1,0,0,0,1,202,1.3420133696065761,1
2021-07-16 14:00:00,2,166,181,0,169.4092476106288,178.93137861040671,,14,2010,28.300000000000001,0,1,0,0,0,0,202,3.4092476106287961,1
2021-07-16 15:00:00,2,158,189,1,158.27682491346175,172.09447897853198,,15,1731,27.399999999999999,0,1,0,0,0,0,202,0.27682491346175198,0
2021-07-16 16:00:00,2,165,178,0,166.59560937840189,175.9530047385939,,16,2823,27,0,1,0,0,0,0,202,1.595609378401889,1
2021-07-16 17:00:00,2,138,176,0,152.49053260875678,163.76965007376882,,17,2670,26.899999999999999,0,1,0,0,0,0,202,14.49053260875678,0
2021-07-16 18:00:00,2,158,168,0,152.23092758172143,166.66053214270411,,18,1066,26,0,0,0,0,0,0,202,5.7690724182785686,0
2021-07-16 19:00:00,2,136,146,0,139.0326926605488,146.1032588468081,,19,1287,25.399999999999999,0,0,0,0,0,0,202,3.032692660548804,0
2021-07-16 20:00:00,2,114,123,0,134.19366058305084,138.67131718922499,,20,16,25.100000000000001,0,0,0,0,0,0,202,20.193660583050843,0
2021-07-16 21:00:00,2,114,120,0,141.58768199744446,138.3314186896377,,21,45,25,0,0,0,0,0,0,202,27.587681997444463,0
2021-07-16 22:00:00,2,102,112,0,136.12143033134299,138.44049875155866,,22,59,24.699999999999999,0,0,0,0,0,0,202,34.121430331342992,0
2021-07-16 23:00:00,2,101,118,0,142.48225361332246,141.27587718447342,,23,330,24.800000000000001,0,0,0,0,0,0,202,41.482253613322456,0
2021-07-17 00:00:00,2,64,66,0,67.132986300588939,69.879080593899644,,0,21,24.600000000000001,-0.41666666666666669,0,0,0,0,0,202,3.1329863005889393,0
2021-07-17 01:00:00,2,101,110,0,96.593681980225639,110.03162999392906,,1,130,24.600000000000001,0.7567567567567568,0,0,0,0,0,202,4.4063180197743606,0
2021-07-17 02:00:00,2,98,105,0,101.52654707966651,112.89680188219927,,2,426,24.399999999999999,10.513513513513514,0,0,0,0,0,202,3.5265470796665142,0
2021-07-17 03:00:00,2,94,102,0,105.62149515612363,114.84945074432585,,3,108,23.600000000000001,-0.38285714285714284,0,0,0,0,0,202,11.621495156123629,0
2021-07-17 04:00:00,2,96,103,0,106.47489455944664,113.91152602166568,,4,95,23.899999999999999,-0.54976303317535546,0,0,0,0,0,202,10.474894559446639,0
2021-07-17 05:00:00,2,84,108,0,85.226102475202154,107.11100381974174,,5,63,24.300000000000001,-0.31521739130434784,0,0,0,0,0,202,1.2261024752021541,0
2021-07-17 06:00:00,2,85,96,0,105.70955893216512,113.83436448124382,,6,30,25.300000000000001,-0.90131578947368418,0,0,0,0,0,202,20.709558932165123,0
2021-07-17 07:00:00,2,57,88,0,118.79105803237341,130.88505468751467,,7,994,25.5,0.76554174067495562,0,0,0,0,0,202,61.791058032373414,0
2021-07-17 08:00:00,2,25,27,0,22.848250805089737,23.969638325106093,,8,0,25.300000000000001,-1,0,0,0,1,0,202,2.1517491949102627,0
2021-07-17 09:00:00,2,23,24,0,22.904344826113984,23.68503186068062,,9,0,25.899999999999999,-1,1,0,0,0,0,202,0.095655173886015632,0
2021-07-17 10:00:00,2,23,24,0,23.176686869912228,24.077090352509554,,10,0,26.399999999999999,-1,1,0,0,0,0,202,0.17668686991222771,0
2021-07-17 11:00:00,2,24,27,0,23.297255971288923,24.441473753894321,,11,0,26.800000000000001,-1,1,0,0,0,0,202,0.70274402871107711,0
2021-07-17 12:00:00,2,24,26,0,23.222800195445757,24.06197655290601,,12,0,27,-1,1,0,0,0,0,202,0.7771998045542432,0
2021-07-17 13:00:00,2,23,24,0,22.814444990295026,24.512505337856517,,13,0,27.300000000000001,-1,1,0,0,0,1,202,0.18555500970497363,0
2021-07-17 14:00:00,2,23,24,0,22.788104096998389,25.048318535893756,,14,0,26.800000000000001,-1,1,0,0,0,0,202,0.21189590300161143,0
2021-07-17 15:00:00,2,25,28,0,23.062538143735807,24.904435155877618,,15,0,28.199999999999999,-1,1,0,0,0,0,202,1.9374618562641928,0
2021-07-17 16:00:00,2,23,24,0,22.779300250280752,24.387228618264519,,16,0,28.399999999999999,-1,1,0,0,0,0,202,0.22069974971924822,0
2021-07-17 17:00:00,2,22,23,0,23.129833025803247,24.573203497457968,,17,0,26.399999999999999,-1,1,0,0,0,0,202,1.1298330258032472,0
2021-07-17 18:00:00,2,24,27,0,23.246554592415151,24.31698202025818,,18,0,25.899999999999999,-1,0,0,0,0,0,202,0.75344540758484868,0
2021-07-17 19:00:00,2,23,23,0,23.219857184389603,23.768925620126879,,19,0,25.300000000000001,-1,0,0,0,0,0,202,0.21985718438960333,0
2021-07-17 20:00:00,2,23,23,0,23.528287435408267,24.847496520485734,,20,0,25.300000000000001,-1,0,0,0,0,0,202,0.5282874354082665,0
2021-07-17 21:00:00,2,24,24,0,23.547569089246135,24.462031092013145,,21,0,25.399999999999999,-1,0,0,0,0,0,202,0.45243091075386488,0
2021-07-17 22:00:00,2,25,28,0,23.375418717999338,24.220245242423783,,22,0,25.300000000000001,-1,0,0,0,0,0,202,1.624581282000662,0
2021-07-17 23:00:00,2,23,24,0,23.868724095560051,25.322268472568982,,23,0,25,-1,0,0,0,0,0,202,0.86872409556005081,0
2021-07-18 00:00:00,2,23,24,0,23.229327263495829,23.673047101925373,,0,0,24.5,-1,0,1,0,0,0,202,0.22932726349582921,0
2021-07-18 01:00:00,2,25,28,0,22.698400599258793,22.946801777766957,,1,0,24.5,-1,0,1,0,0,0,202,2.3015994007412068,0
2021-07-18 02:00:00,2,23,24,0,23.079926695364321,24.37785613675625,,2,0,24.199999999999999,-1,0,1,0,0,0,202,0.079926695364321176,0
2021-07-18 03:00:00,2,23,24,0,23.223916733001772,23.969305385515014,,3,0,24,-1,0,1,0,0,0,202,0.22391673300177217,0
2021-07-18 04:00:00,2,25,28,0,23.200571720052888,24.565767495405527,,4,0,23.600000000000001,-1,0,1,0,0,0,202,1.7994282799471115,0
2021-07-18 05:00:00,2,22,22,0,22.334993660354925,22.098244844549985,,5,0,23.5,-1,0,1,0,0,0,202,0.33499366035492528,0
2021-07-18 06:00:00,2,23,23,0,23.009929387489866,24.939037145266521,,6,0,24,-1,0,1,0,0,0,202,0.0099293874898656043,0
2021-07-18 07:00:00,2,25,28,0,22.570872525622082,23.860784463837302,,7,0,26.5,-1,0,1,0,0,0,202,2.4291274743779177,0
2021-07-18 08:00:00,2,23,24,0,22.588746795708182,24.481574778451904,,8,0,27.199999999999999,0,0,1,0,1,0,202,0.41125320429181755,0
2021-07-18 09:00:00,2,23,23,0,23.211354413417364,24.635299265553407,,9,0,27.699999999999999,0,1,1,0,0,0,202,0.21135441341736438,0
2021-07-18 10:00:00,2,23,23,0,23.280720995560866,24.528506113685374,,10,0,28.800000000000001,0,1,1,0,0,0,202,0.28072099556086627,0
2021-07-18 11:00:00,2,25,27,0,22.962775450102107,25.379003108354947,,11,0,28.100000000000001,0,1,1,0,0,0,202,2.0372245498978927,0
2021-07-18 12:00:00,2,23,23,0,23.009846755554396,25.398984545437052,,12,0,28.399999999999999,0,1,1,0,0,0,202,0.0098467555543955143,0
2021-07-18 13:00:00,2,23,23,0,22.916890661836725,24.576332380618283,,13,0,28.399999999999999,0,1,1,0,0,1,202,0.083109338163275481,0
2021-07-18 14:00:00,2,25,27,0,23.646046136043505,25.664116068586253,,14,0,28.699999999999999,0,1,1,0,0,0,202,1.3539538639564945,0
2021-07-18 15:00:00,2,24,26,0,23.540425004260534,25.395194819150635,,15,0,27.800000000000001,0,1,1,0,0,0,202,0.45957499573946592,0
2021-07-18 16:00:00,2,23,23,0,23.457495266159828,25.009933050880157,,16,0,27.600000000000001,0,1,1,0,0,0,202,0.45749526615982816,0
2021-07-18 17:00:00,2,24,27,0,23.110830439550533,24.476914683228038,,17,0,27.699999999999999,0,1,1,0,0,0,202,0.88916956044946716,0
2021-07-18 18:00:00,2,24,25,0,22.755084367839899,24.715662667059959,,18,0,26.800000000000001,0,0,1,0,0,0,202,1.2449156321601009,0
2021-07-18 19:00:00,2,23,23,0,23.353990647700943,23.342734488553333,,19,0,25.899999999999999,0,0,1,0,0,0,202,0.35399064770094313,0
2021-07-18 20:00:00,2,23,23,0,23.209866470764755,24.576626760152369,,20,0,25.300000000000001,0,0,1,0,0,0,202,0.20986647076475506,0
2021-07-18 21:00:00,2,25,28,0,23.229712312508784,24.639950112908807,,21,0,24.699999999999999,0,0,1,0,0,0,202,1.7702876874912157,0
2021-07-18 22:00:00,2,24,24,0,23.324499888326301,24.059660000051302,,22,0,24.199999999999999,0,0,1,0,0,0,202,0.67550011167369917,0
2021-07-18 23:00:00,2,23,23,0,23.553439609472278,24.203170362072278,,23,0,24.600000000000001,0,0,1,0,0,0,202,0.55343960947227799,0
2021-07-19 00:00:00,2,26,28,0,22.885769218438494,23.600365154177851,,0,0,24.300000000000001,0,0,0,1,0,0,202,3.1142307815615062,0
2021-07-19 01:00:00,2,24,24,0,23.358583920009352,24.667534644110003,,1,0,24.100000000000001,0,0,0,1,0,0,202,0.64141607999064831,0
2021-07-19 02:00:00,2,23,24,0,23.157629613369757,23.442028267928936,,2,0,23.699999999999999,0,0,0,1,0,0,202,0.15762961336975678,0
2021-07-19 03:00:00,2,23,24,0,22.913156934228226,23.364016634747159,,3,0,23.600000000000001,0,0,0,1,0,0,202,0.086843065771773809,0
2021-07-19 04:00:00,2,25,27,0,23.261555626658776,23.487639880741625,,4,0,23.600000000000001,0,0,0,1,0,0,202,1.738444373341224,0
2021-07-19 05:00:00,2,23,23,0,22.820165337925388,22.786339995633067,,5,0,23.399999999999999,0,0,0,1,0,0,202,0.17983466207461163,0
2021-07-19 06:00:00,2,23,23,0,22.611866453097107,23.263707462656846,,6,0,23.800000000000001,0,0,0,1,0,0,202,0.38813354690289259,0
2021-07-19 07:00:00,2,65,119,0,57.571883548011073,100.19335880519827,,7,0,25,0,0,0,1,0,0,202,7.4281164519889273,0
2021-07-19 08:00:00,2,188,200,1,173.95424928808001,192.38847178045773,,8,604,27.300000000000001,0,0,0,1,1,0,202,14.045750711919993,1
2021-07-19 09:00:00,2,179,185,0,177.99197653009145,183.54341948336435,,9,1431,28.300000000000001,0,1,0,1,0,0,202,1.0080234699085509,1
2021-07-19 10:00:00,2,185,209,1,174.33858461236949,185.18048353256461,,10,568,27.899999999999999,0,1,0,1,0,0,202,10.661415387630512,1
2021-07-19 11:00:00,2,199,222,1,179.50401764245296,185.73484208233359,,11,1280,28.399999999999999,0,1,0,1,0,0,202,19.495982357547035,1
2021-07-19 12:00:00,2,117,134,0,110.05605361778079,128.25877299675034,,12,0,29.800000000000001,0,1,0,1,0,0,202,6.9439463822192096,0
2021-07-19 13:00:00,2,178,193,1,174.58526855237409,183.0223963560922,,13,645,28.800000000000001,0,1,0,1,0,1,202,3.4147314476259112,1
2021-07-19 14:00:00,2,178,190,1,173.94549707726873,181.20147208908836,,14,2075,28.5,0,1,0,1,0,0,202,4.0545029227312739,1
2021-07-19 15:00:00,2,169,201,1,163.15390078295695,175.23594387005227,,15,2253,28.899999999999999,0,1,0,1,0,0,202,5.8460992170430472,1
2021-07-19 16:00:00,2,183,187,1,164.00227307901241,171.68217348434712,,16,1495,29.5,0,1,0,1,0,0,202,18.997726920987589,0
2021-07-19 17:00:00,2,149,190,1,126.01098900690826,160.59810176903511,,17,389,29,0,1,0,1,0,0,202,22.989010993091739,0
2021-07-19 18:00:00,2,171,188,1,158.5369434700763,163.868346780911,,18,465,28.100000000000001,0,0,0,1,0,0,202,12.463056529923705,0
2021-07-19 19:00:00,2,151,162,0,149.85251423196212,159.99529130359417,,19,1962,27.5,0,0,0,1,0,0,202,1.1474857680378818,0
2021-07-19 20:00:00,2,127,136,0,119.34924313009803,122.13342314136207,,20,72,26.300000000000001,0,0,0,1,0,0,202,7.6507568699019686,0
2021-07-19 21:00:00,2,124,129,0,119.60876324480265,121.97016224869328,,21,94,25.699999999999999,0,0,0,1,0,0,202,4.3912367551973546,0
2021-07-19 22:00:00,2,106,114,0,111.03817730355661,116.49503190590606,,22,70,25.399999999999999,0,0,0,1,0,0,202,5.0381773035566084,0
2021-07-19 23:00:00,2,110,120,0,105.54603136973149,114.42116958037494,,23,181,25.699999999999999,0,0,0,1,0,0,202,4.4539686302685055,0
2021-07-20 00:00:00,2,71,76,0,69.234164010893323,66.501558892995178,,0,1584,26.100000000000001,0,0,0,0,0,0,222,1.7658359891066766,0
2021-07-20 01:00:00,2,100,112,0,102.85930479658462,117.32153214856018,,1,567,25.699999999999999,0,0,0,0,0,0,222,2.8593047965846239,0
2021-07-20 02:00:00,2,103,106,0,107.16234926648926,118.97965968947079,,2,591,25.699999999999999,0,0,0,0,0,0,222,4.1623492664892581,0
2021-07-20 03:00:00,2,105,116,0,107.74623180872405,117.99903518377286,,3,392,25.199999999999999,0,0,0,0,0,0,222,2.7462318087240476,0
2021-07-20 04:00:00,2,107,110,0,109.72820279063073,118.80727594953743,,4,796,25.199999999999999,0,0,0,0,0,0,222,2.728202790630732,0
2021-07-20 05:00:00,2,91,106,0,134.80533931424179,151.28425564006903,,5,388,25.100000000000001,0,0,0,0,0,0,222,43.805339314241792,0
2021-07-20 06:00:00,2,110,117,0,111.90650783458109,121.46278931453227,,6,102,26.699999999999999,0,0,0,0,0,0,222,1.9065078345810917,0
2021-07-20 07:00:00,2,133,148,0,119.41202256770364,146.0180583575661,,7,1086,28.399999999999999,0,0,0,0,0,0,222,13.587977432296356,0
2021-07-20 08:00:00,2,188,201,1,166.06280877259715,179.4237389641213,,8,1248,29.699999999999999,1.0662251655629138,0,0,0,1,0,222,21.937191227402849,1
2021-07-20 09:00:00,2,191,200,1,157.44301652900273,175.1507839913225,,9,1828,30.800000000000001,0.2774283717679944,1,0,0,0,0,222,33.556983470997267,1
2021-07-20 10:00:00,2,189,197,1,152.65959800560802,179.06174087572788,,10,1282,31.100000000000001,1.2570422535211268,1,0,0,0,0,222,36.340401994391982,1
2021-07-20 11:00:00,2,190,192,1,153.81472517897916,176.84497697487367,,11,1327,31.699999999999999,0.036718750000000001,1,0,0,0,0,222,36.18527482102084,1
2021-07-20 12:00:00,2,121,142,0,108.09013125553713,128.0010830226494,,12,0,31.699999999999999,0,1,0,0,0,0,222,12.909868744462869,0
2021-07-20 13:00:00,2,178,194,1,156.36824633976221,174.83647549645124,,13,1234,30.100000000000001,0.91317829457364341,1,0,0,0,1,222,21.631753660237791,1
2021-07-20 14:00:00,2,187,192,1,163.19950626230113,178.2680952594441,,14,823,29.899999999999999,-0.60337349397590356,1,0,0,0,0,222,23.800493737698872,1
2021-07-20 15:00:00,2,167,199,1,161.98981190818719,174.15752227014698,,15,419,30.199999999999999,-0.81402574345317358,1,0,0,0,0,222,5.0101880918128074,1
2021-07-20 16:00:00,2,185,201,1,164.5408225751342,174.31114579083956,,16,2403,29.699999999999999,0.60735785953177257,1,0,0,0,0,222,20.4591774248658,1
2021-07-20 17:00:00,2,132,159,0,141.28657740648458,158.13294854397401,,17,881,29.100000000000001,1.2647814910025708,1,0,0,0,0,222,9.2865774064845823,0
2021-07-20 18:00:00,2,175,182,0,159.54679932196805,168.61767059666653,,18,2031,27.5,3.3677419354838709,0,0,0,0,0,222,15.453200678031948,0
2021-07-20 19:00:00,2,170,176,0,151.07642650660426,167.9301574982681,,19,3506,26.5,0.78695208970438324,0,0,0,0,0,222,18.923573493395736,0
2021-07-20 20:00:00,2,127,132,0,144.7688648506273,155.57663814455995,,20,80,26,0.1111111111111111,0,0,0,0,0,222,17.768864850627295,0
2021-07-20 21:00:00,2,130,137,0,146.5364517583202,153.63911455156244,,21,562,26.100000000000001,4.9787234042553195,0,0,0,0,0,222,16.536451758320197,0
2021-07-20 22:00:00,2,112,121,0,144.6302196099563,153.32281711976151,,22,235,25.899999999999999,2.3571428571428572,0,0,0,0,0,222,32.630219609956299,0
2021-07-20 23:00:00,2,109,117,0,150.2461048452931,155.17798796081482,,23,108,25.300000000000001,-0.40331491712707185,0,0,0,0,0,222,41.246104845293104,0
2021-07-21 00:00:00,3,78,85,0,66.246763450166625,69.474187747243832,,0,286,24.5,-0.81944444444444442,0,0,0,0,0,222,11.753236549833375,0
2021-07-21 01:00:00,3,107,113,0,104.53415907049357,115.05196647837458,,1,270,24.100000000000001,-0.52380952380952384,0,0,0,0,0,222,2.4658409295064274,0
2021-07-21 02:00:00,3,100,108,0,103.94572416554266,111.03047359132734,,2,126,24.300000000000001,-0.78680203045685282,0,0,0,0,0,222,3.9457241655426571,0
2021-07-21 03:00:00,3,102,111,0,103.5689629867626,116.59011404816158,,3,528,23.199999999999999,0.34693877551020408,0,0,0,0,0,222,1.5689629867625996,0
2021-07-21 04:00:00,3,107,117,0,103.55735604824714,109.64780285423097,,4,158,23,-0.80150753768844218,0,0,0,0,0,222,3.4426439517528564,0
2021-07-21 05:00:00,3,94,111,0,88.52428796535483,111.77900425165497,,5,187,24,-0.51804123711340211,0,0,0,0,0,222,5.47571203464517,0
2021-07-21 06:00:00,3,106,110,0,107.59070640206586,115.64232082942148,,6,56,24.699999999999999,-0.45098039215686275,0,0,0,0,0,222,1.5907064020658623,0
2021-07-21 07:00:00,3,128,149,0,130.13352219787515,152.72322150707811,,7,842,27,-0.22467771639042358,0,0,0,0,0,222,2.133522197875152,0
2021-07-21 08:00:00,3,193,209,1,180.56290904265146,187.84283868875923,,8,933,28.300000000000001,-0.25240384615384615,0,0,0,1,0,222,12.437090957348545,1
2021-07-21 09:00:00,3,204,214,1,169.86104891354788,179.33683937198035,,9,1013,29.100000000000001,-0.44584245076586432,1,0,0,0,0,222,34.138951086452124,1
2021-07-21 10:00:00,3,179,197,1,172.77592264535551,182.14979790239713,,10,628,29.100000000000001,-0.51014040561622465,1,0,0,0,0,222,6.2240773546444927,1
2021-07-21 11:00:00,3,197,206,1,174.1325991849524,180.9617080958626,,11,1336,29.300000000000001,0.006782215523737754,1,0,0,0,0,222,22.867400815047603,1
2021-07-21 12:00:00,3,128,150,0,110.87126192726002,116.7183644758702,,12,88,29.699999999999999,0,1,0,0,0,0,222,17.128738072739978,0
2021-07-21 13:00:00,3,189,204,1,170.56824046881079,179.50553114865735,,13,1911,29.199999999999999,0.5486223662884927,1,0,0,0,1,222,18.431759531189215,1
2021-07-21 14:00:00,3,199,203,1,174.19991798976474,182.08649571458173,,14,972,29.399999999999999,0.181044957472661,1,0,0,0,0,222,24.800082010235258,1
2021-07-21 15:00:00,3,171,199,1,145.49898025799368,151.17052298221725,,15,4021,28.899999999999999,8.5966587112171844,1,0,0,0,0,222,25.501019742006321,0
2021-07-21 16:00:00,3,182,189,1,167.34635705985758,175.76563592225145,,16,865,28.100000000000001,-0.64003329171868495,1,0,0,0,0,222,14.653642940142419,1
2021-07-21 17:00:00,3,138,153,0,137.94984910006366,177.35774185678255,,17,593,27.300000000000001,-0.32690124858115777,1,0,0,0,0,222,0.05015089993634092,1
2021-07-21 18:00:00,3,162,168,0,162.11730148543879,165.84286417893651,,18,972,27,-0.5214180206794683,0,0,0,0,0,222,0.11730148543878727,0
2021-07-21 19:00:00,3,162,174,0,141.00426699990189,152.63616875396517,,19,3122,26.600000000000001,-0.10952652595550486,0,0,0,0,0,222,20.995733000098113,0
2021-07-21 20:00:00,3,131,138,0,116.78089944454022,117.39375939494717,,20,0,26.300000000000001,-1,0,0,0,0,0,222,14.219100555459775,0
2021-07-21 21:00:00,3,117,118,0,114.91230869424381,118.63798249573736,,21,273,26.399999999999999,-0.51423487544483981,0,0,0,0,0,222,2.087691305756195,0
2021-07-21 22:00:00,3,104,114,0,108.17202926111895,116.96137455751555,,22,275,26,0.1702127659574468,0,0,0,0,0,222,4.1720292611189507,0
2021-07-21 23:00:00,3,103,111,0,103.42324700720624,113.1731916279889,,23,6,26.100000000000001,-0.94444444444444442,0,0,0,0,0,222,0.42324700720624264,0
2021-07-22 00:00:00,3,71,73,0,75.273814740725783,81.400472416597012,,0,222,25.699999999999999,-0.22377622377622378,0,0,0,0,0,222,4.2738147407257827,0
2021-07-22 01:00:00,3,99,106,0,100.64380713757534,114.67839484528298,,1,150,25.399999999999999,-0.44444444444444442,0,0,0,0,0,222,1.6438071375753367,0
2021-07-22 02:00:00,3,103,111,0,106.35419667269417,113.16561052223206,,2,23,25.199999999999999,-0.81746031746031744,0,0,0,0,0,222,3.3541966726941723,0
2021-07-22 03:00:00,3,100,105,0,105.3432425116761,112.70625436326698,,3,162,25.100000000000001,-0.69318181818181823,0,0,0,0,0,222,5.3432425116760953,0
2021-07-22 04:00:00,3,105,108,0,104.07746933324148,113.49566563149295,,4,82,25.199999999999999,-0.48101265822784811,0,0,0,0,0,222,0.92253066675851869,0
2021-07-22 05:00:00,3,86,103,0,95.683367301605259,111.86211698843312,,5,0,25.199999999999999,-1,0,0,0,0,0,222,9.6833673016052586,0
2021-07-22 06:00:00,3,106,109,0,108.47333693658912,112.82987722906709,,6,482,25.699999999999999,7.6071428571428568,0,0,0,0,0,222,2.4733369365891207,0
2021-07-22 07:00:00,3,122,146,0,119.64149762356556,140.31024474101645,,7,1255,27.100000000000001,0.49049881235154397,0,0,0,0,0,222,2.3585023764344442,0
2021-07-22 08:00:00,3,197,213,1,159.3775518933607,178.63822292609566,,8,709,27.699999999999999,-0.24008574490889603,0,0,0,1,0,222,37.622448106639297,1
2021-07-22 09:00:00,3,192,197,1,145.34513541832661,167.41750897425638,,9,491,28.100000000000001,-0.51530108588351431,1,0,0,0,0,222,46.654864581673394,0
2021-07-22 10:00:00,3,180,192,1,143.67226622247134,165.57454560695479,,10,679,28.699999999999999,0.081210191082802544,1,0,0,0,0,222,36.327733777528664,0
2021-07-22 11:00:00,3,186,192,1,151.7302992304686,177.60760396472421,,11,691,29.5,-0.48278443113772457,1,0,0,0,0,222,34.269700769531397,1
2021-07-22 12:00:00,3,104,119,0,121.59085752720993,125.42482103082438,,12,30,29.199999999999999,-0.65909090909090906,1,0,0,0,0,222,17.590857527209934,0
2021-07-22 13:00:00,3,171,177,0,145.30629489477252,168.17144832354791,,13,2297,28.300000000000001,0.20198848770277342,1,0,0,0,1,222,25.69370510522748,0
2021-07-22 14:00:00,3,182,189,1,159.35288945025553,176.40378498454186,,14,383,28.600000000000001,-0.6059670781893004,1,0,0,0,0,222,22.647110549744468,1
2021-07-22 15:00:00,3,164,182,0,158.85995268127664,174.52344517532822,,15,727,28.699999999999999,-0.81919920417806513,1,0,0,0,0,222,5.1400473187233615,1
2021-07-22 16:00:00,3,165,172,0,163.43069854756348,176.87843647986071,,16,634,29.300000000000001,-0.26705202312138726,1,0,0,0,0,222,1.5693014524365196,1
2021-07-22 17:00:00,3,124,155,0,148.84315874507701,165.99004824621025,,17,552,27.399999999999999,-0.069139966273187178,1,0,0,0,0,222,24.843158745077005,0
2021-07-22 18:00:00,3,164,169,0,164.51477112651455,163.33074035356577,,18,992,26.800000000000001,0.020576131687242798,0,0,0,0,0,222,0.51477112651454604,0
2021-07-22 19:00:00,3,154,163,0,147.94647258279505,155.40230012041451,,19,4520,26,0.44778987828315181,0,0,0,0,0,222,6.0535274172049469,0
2021-07-22 20:00:00,3,132,138,0,140.73296814808651,144.16119258607182,,20,368,25.5,0,0,0,0,0,0,222,8.7329681480865133,0
2021-07-22 21:00:00,3,120,123,0,148.92381050512506,146.50557500669868,,21,0,25.800000000000001,-1,0,0,0,0,0,222,28.923810505125061,0
2021-07-22 22:00:00,3,115,122,0,154.13046463214835,145.45121345272361,,22,270,25.300000000000001,-0.018181818181818181,0,0,0,0,0,222,39.130464632148346,0
2021-07-22 23:00:00,3,107,114,0,147.5896601308977,141.96352041931669,,23,82,25.199999999999999,12.666666666666666,0,0,0,0,0,222,40.589660130897698,0
2021-07-23 00:00:00,3,78,87,0,75.080345548038949,80.668805575326616,,0,200,24.899999999999999,-0.0990990990990991,0,0,0,0,0,222,2.9196544519610512,0
2021-07-23 01:00:00,3,105,111,0,95.827169555787265,108.53575509115561,,1,91,24.5,-0.39333333333333331,0,0,0,0,0,222,9.1728304442127353,0
2021-07-23 02:00:00,3,105,110,0,103.5572064168928,111.47308214660538,,2,376,24.399999999999999,15.347826086956522,0,0,0,0,0,222,1.4427935831072034,0
2021-07-23 03:00:00,3,102,109,0,101.95539233894279,111.47955322154736,,3,102,24.199999999999999,-0.37037037037037035,0,0,0,0,0,222,0.044607661057213477,0
2021-07-23 04:00:00,3,99,101,0,105.87165777381328,109.88235320259543,,4,162,24.100000000000001,0.97560975609756095,0,0,0,0,0,222,6.8716577738132827,0
2021-07-23 05:00:00,3,89,99,0,92.35400452988172,107.6087347330331,,5,0,24.100000000000001,0,0,0,0,0,0,222,3.3540045298817205,0
2021-07-23 06:00:00,3,103,105,0,107.76763736537559,109.81688935253528,,6,0,24.600000000000001,-1,0,0,0,0,0,222,4.7676373653755917,0
2021-07-23 07:00:00,3,122,144,0,125.1842091337457,144.47014166281261,,7,2387,26.199999999999999,0.90199203187250998,0,0,0,0,0,222,3.1842091337456964,0
2021-07-23 08:00:00,3,191,202,1,171.05290262583321,184.48473045644022,,8,999,26.800000000000001,0.40902679830747529,0,0,0,1,0,222,19.947097374166788,1
2021-07-23 09:00:00,3,185,190,1,168.89287714565501,182.85210107983883,,9,1838,27.800000000000001,2.7433808553971488,1,0,0,0,0,222,16.107122854344993,1
2021-07-23 10:00:00,3,179,189,1,174.01823704375428,186.83119380635173,,10,1231,28.899999999999999,0.81296023564064801,1,0,0,0,0,222,4.9817629562457171,1
2021-07-23 11:00:00,3,188,199,1,176.57805959935402,181.39917043192659,,11,1813,28.899999999999999,1.6237337192474675,1,0,0,0,0,222,11.42194040064598,1
2021-07-23 12:00:00,3,113,125,0,119.48235041343148,120.57999167542744,,12,0,29.199999999999999,-1,1,0,0,0,0,222,6.482350413431476,0
2021-07-23 13:00:00,3,180,192,1,173.52176247427153,184.50580415443764,,13,979,29.199999999999999,-0.57379190248149758,1,0,0,0,1,222,6.4782375257284741,1
2021-07-23 14:00:00,3,184,190,1,171.34319635288142,182.93751026135848,,14,1335,29.300000000000001,2.4856396866840731,1,0,0,0,0,222,12.656803647118579,1
2021-07-23 15:00:00,3,175,206,1,160.29932047349388,179.93367792122856,,15,923,28.399999999999999,0.26960110041265473,1,0,0,0,0,222,14.700679526506121,1
2021-07-23 16:00:00,3,189,197,1,157.96947773611046,177.01576440554049,,16,6161,28.100000000000001,8.7176656151419554,1,0,0,0,0,222,31.030522263889537,1
2021-07-23 17:00:00,3,138,178,0,127.10846614226072,163.85530995283156,,17,555,27.800000000000001,0.005434782608695652,1,0,0,0,0,222,10.891533857739276,0
2021-07-23 18:00:00,3,175,176,0,155.24332763841096,165.85133995611358,,18,1693,26.600000000000001,0.70665322580645162,0,0,0,0,0,222,19.75667236158904,0
2021-07-23 19:00:00,3,145,165,0,140.112691308987,154.74186451171516,,19,2039,25.899999999999999,-0.54889380530973453,0,0,0,0,0,222,4.8873086910130041,0
2021-07-23 20:00:00,3,111,115,0,113.74476015620139,120.57245722564927,,20,113,25.600000000000001,-0.69293478260869568,0,0,0,0,0,222,2.7447601562013944,0
2021-07-23 21:00:00,3,107,110,0,113.83585895555734,117.39230364231349,,21,12,24.899999999999999,0,0,0,0,0,0,222,6.8358589555573417,0
2021-07-23 22:00:00,3,100,107,0,104.25988899982602,116.04639992563399,,22,371,25,0.37407407407407406,0,0,0,0,0,222,4.2598889998260177,0
2021-07-23 23:00:00,3,102,111,0,101.07190088907578,117.69403064500412,,23,180,24.899999999999999,1.1951219512195121,0,0,0,0,0,222,0.92809911092422226,0
2021-07-24 00:00:00,3,68,72,0,65.074118727279213,70.639978908658463,,0,0,24.699999999999999,-1,0,0,0,0,0,222,2.9258812727207868,0
2021-07-24 01:00:00,3,96,101,0,101.28932999965467,109.07744660923638,,1,501,24.600000000000001,4.5054945054945055,0,0,0,0,0,222,5.2893299996546688,0
2021-07-24 02:00:00,3,95,100,0,101.99255078128994,104.916316877051,,2,51,24.399999999999999,-0.86436170212765961,0,0,0,0,0,222,6.9925507812899355,0
2021-07-24 03:00:00,3,93,104,0,97.147475914345904,106.98976608557047,,3,42,24,-0.58823529411764708,0,0,0,0,0,222,4.1474759143459039,0
2021-07-24 04:00:00,3,97,100,0,98.086285399410741,107.16738798441449,,4,262,23.899999999999999,0.61728395061728392,0,0,0,0,0,222,1.0862853994107411,0
2021-07-24 05:00:00,3,81,91,0,88.852641607600134,105.88293623494711,,5,62,23.800000000000001,0,0,0,0,0,0,222,7.852641607600134,0
2021-07-24 06:00:00,3,95,98,0,99.264249734621131,109.03335945044563,,6,919,24.899999999999999,0,0,0,0,0,0,222,4.2642497346211314,0
2021-07-24 07:00:00,3,61,81,0,110.1388756206791,131.03687321702444,,7,482,25.800000000000001,-0.79807289484708843,0,0,0,0,0,222,49.138875620679102,0
2021-07-24 08:00:00,3,25,28,0,22.366861354011661,22.728793594888824,,8,0,26.899999999999999,-1,0,0,0,1,0,222,2.633138645988339,0
2021-07-24 09:00:00,3,24,24,0,22.64220549899629,22.608600885191393,,9,0,29.100000000000001,-1,1,0,0,0,0,222,1.3577945010037098,0
2021-07-24 10:00:00,3,24,24,0,22.803267790574296,22.717564832487575,,10,0,28.800000000000001,-1,1,0,0,0,0,222,1.1967322094257042,0
2021-07-24 11:00:00,3,27,29,0,22.510477017002657,22.371978097928395,,11,0,28.5,-1,1,0,0,0,0,222,4.4895229829973431,0
2021-07-24 12:00:00,3,23,24,0,22.538813601434697,23.266757863760319,,12,0,29.600000000000001,0,1,0,0,0,0,222,0.46118639856530308,0
2021-07-24 13:00:00,3,24,24,0,22.685463551832328,22.552133055854522,,13,0,30,-1,1,0,0,0,1,222,1.3145364481676722,0
2021-07-24 14:00:00,3,24,24,0,22.85103088058618,22.854339410804776,,14,0,29.800000000000001,-1,1,0,0,0,0,222,1.1489691194138203,0
2021-07-24 15:00:00,3,26,28,0,22.493162591771295,22.121355168588952,,15,0,29.300000000000001,-1,1,0,0,0,0,222,3.506837408228705,0
2021-07-24 16:00:00,3,24,25,0,22.530729642392032,22.303119742664382,,16,0,29.199999999999999,-1,1,0,0,0,0,222,1.469270357607968,0
2021-07-24 17:00:00,3,24,24,0,23.215583797447998,23.423349626358878,,17,0,28.699999999999999,-1,1,0,0,0,0,222,0.78441620255200206,0
2021-07-24 18:00:00,3,25,29,0,21.867970149411338,22.194340648773366,,18,0,26.899999999999999,-1,0,0,0,0,0,222,3.1320298505886619,0
2021-07-24 19:00:00,3,25,28,0,22.304201201382483,23.244737017682127,,19,0,26.300000000000001,-1,0,0,0,0,0,222,2.6957987986175169,0
2021-07-24 20:00:00,3,24,25,0,22.645175040202432,23.477983068909861,,20,0,26.100000000000001,-1,0,0,0,0,0,222,1.3548249597975683,0
2021-07-24 21:00:00,3,25,25,0,22.743826849500852,23.782697752152792,,21,0,26.199999999999999,-1,0,0,0,0,0,222,2.2561731504991478,0
2021-07-24 22:00:00,3,26,28,0,22.580611704199658,23.140834131682009,,22,0,26.100000000000001,-1,0,0,0,0,0,222,3.4193882958003421,0
2021-07-24 23:00:00,3,24,24,0,22.86458163699966,23.349935603761562,,23,0,26,-1,0,0,0,0,0,222,1.1354183630003405,0
2021-07-25 00:00:00,3,24,24,0,21.792147430224155,22.537347544049076,,0,0,25.600000000000001,0,0,1,0,0,0,222,2.2078525697758451,0
2021-07-25 01:00:00,3,25,26,0,22.185788272760739,22.794910581119261,,1,0,24.800000000000001,-1,0,1,0,0,0,222,2.8142117272392611,0
2021-07-25 02:00:00,3,25,29,0,21.815688832641847,22.570010268148692,,2,0,24.899999999999999,-1,0,1,0,0,0,222,3.1843111673581532,0
2021-07-25 03:00:00,3,24,26,0,21.86196936015974,22.817613476824242,,3,0,24.300000000000001,-1,0,1,0,0,0,222,2.1380306398402595,0
2021-07-25 04:00:00,3,24,24,0,22.290619005155754,23.734359460570829,,4,0,24.5,-1,0,1,0,0,0,222,1.7093809948442455,0
2021-07-25 05:00:00,3,26,28,0,22.201774900234501,23.364424387482266,,5,0,24.699999999999999,-1,0,1,0,0,0,222,3.7982250997654994,0
2021-07-25 06:00:00,3,24,24,0,21.476347608132993,22.334641026664737,,6,0,25.5,-1,0,1,0,0,0,222,2.5236523918670066,0
2021-07-25 07:00:00,3,24,24,0,22.3397075698437,23.231234567839842,,7,0,27.100000000000001,-1,0,1,0,0,0,222,1.6602924301563,0
2021-07-25 08:00:00,3,24,24,0,22.045249471326088,22.980906640506266,,8,0,28.399999999999999,0,0,1,0,1,0,222,1.9547505286739124,0
2021-07-25 09:00:00,3,26,29,0,21.763695227644629,22.63415515774458,,9,0,28.100000000000001,0,1,1,0,0,0,222,4.2363047723553713,0
2021-07-25 10:00:00,3,24,24,0,22.101653938174529,23.456850811037096,,10,0,28.800000000000001,0,1,1,0,0,0,222,1.8983460618254711,0
2021-07-25 11:00:00,3,24,24,0,22.569892568876433,23.48693261811253,,11,0,29,0,1,1,0,0,0,222,1.4301074311235666,0
2021-07-25 12:00:00,3,26,28,0,22.340112524168305,24.077380535978676,,12,0,30.5,0,1,1,0,0,0,222,3.6598874758316953,0
2021-07-25 13:00:00,3,24,24,0,22.083888026178826,23.456068470601188,,13,0,31,0,1,1,0,0,1,222,1.9161119738211738,0
2021-07-25 14:00:00,3,24,25,0,23.123386958550924,24.528785689280859,,14,0,30.5,0,1,1,0,0,0,222,0.87661304144907604,0
2021-07-25 15:00:00,3,25,25,0,22.365917195660206,23.552124439477979,,15,0,30,0,1,1,0,0,0,222,2.6340828043397941,0
2021-07-25 16:00:00,3,26,29,0,22.247337201373767,23.085007291606185,,16,0,29.199999999999999,0,1,1,0,0,0,222,3.7526627986262326,0
2021-07-25 17:00:00,3,24,24,0,22.536538012469435,23.994709519837325,,17,0,28,0,1,1,0,0,0,222,1.4634619875305646,0
2021-07-25 18:00:00,3,23,24,0,22.529527979611871,23.362950034424962,,18,0,27.600000000000001,0,0,1,0,0,0,222,0.47047202038812941,0
2021-07-25 19:00:00,3,25,28,0,22.011710141878989,22.946998206975035,,19,0,26.199999999999999,0,0,1,0,0,0,222,2.9882898581210107,0
2021-07-25 20:00:00,3,24,24,0,22.20977675390975,22.926793042406636,,20,0,25.899999999999999,0,0,1,0,0,0,222,1.7902232460902496,0
2021-07-25 21:00:00,3,24,24,0,22.91303647983613,23.777817510089115,,21,0,25,0,0,1,0,0,0,222,1.0869635201638701,0
2021-07-25 22:00:00,3,24,24,0,22.489794538697122,22.973433803026943,,22,0,25.5,0,0,1,0,0,0,222,1.5102054613028777,0
2021-07-25 23:00:00,3,26,28,0,22.237385517603979,22.969010991898621,,23,0,25.300000000000001,0,0,1,0,0,0,222,3.762614482396021,0
2021-07-26 00:00:00,3,24,24,0,22.901810362497496,24.076718890117753,,0,0,25.100000000000001,0,0,0,1,0,0,222,1.0981896375025038,0
2021-07-26 01:00:00,3,24,24,0,22.293932090367779,22.837011628721211,,1,0,24.800000000000001,0,0,0,1,0,0,222,1.7060679096322211,0
2021-07-26 02:00:00,3,25,27,0,22.236522345313709,22.650724214524967,,2,0,24.600000000000001,0,0,0,1,0,0,222,2.7634776546862909,0
2021-07-26 03:00:00,3,25,27,0,22.262748242466344,22.581396692965875,,3,0,24.5,0,0,0,1,0,0,222,2.7372517575336559,0
2021-07-26 04:00:00,3,24,24,0,22.528264053431087,23.269992199571554,,4,0,24.399999999999999,0,0,0,1,0,0,222,1.4717359465689128,0
2021-07-26 05:00:00,3,24,24,0,21.859315366372673,22.658560652653602,,5,0,24.699999999999999,0,0,0,1,0,0,222,2.1406846336273269,0
2021-07-26 06:00:00,3,26,27,0,21.985151597709933,23.121839040808997,,6,0,26.899999999999999,0,0,0,1,0,0,222,4.0148484022900668,0
2021-07-26 07:00:00,3,71,127,0,58.547626532116546,100.89261595206001,,7,0,27.899999999999999,0,0,0,1,0,0,222,12.452373467883454,0
2021-07-26 08:00:00,3,198,217,1,178.94770232017822,192.62456845375729,,8,805,29.399999999999999,0,0,0,1,1,0,222,19.052297679821777,1
2021-07-26 09:00:00,3,184,189,1,182.22708667641646,192.03511336081985,,9,1283,29.800000000000001,0,1,0,1,0,0,222,1.7729133235835377,1
2021-07-26 10:00:00,3,185,207,1,175.71627669525239,186.19240079856118,,10,1149,29.899999999999999,0,1,0,1,0,0,222,9.2837233047476104,1
2021-07-26 11:00:00,3,190,202,1,176.04181888464308,184.05876032212836,,11,3069,30.800000000000001,0,1,0,1,0,0,222,13.958181115356922,1
2021-07-26 12:00:00,3,113,130,0,113.95351867238371,131.08970040890605,,12,0,30.699999999999999,0,1,0,1,0,0,222,0.95351867238370858,0
2021-07-26 13:00:00,3,169,180,0,169.86772138970889,183.67430713571102,,13,1969,31.100000000000001,0,1,0,1,0,1,222,0.86772138970889046,1
2021-07-26 14:00:00,3,186,199,1,175.1215010270646,188.2638711847211,,14,669,30.5,0,1,0,1,0,0,222,10.878498972935404,1
2021-07-26 15:00:00,3,158,180,0,161.19806250490893,177.49526260064388,,15,2463,30.399999999999999,0,1,0,1,0,0,222,3.1980625049089326,1
2021-07-26 16:00:00,3,169,177,0,170.90436822726545,181.80341709177119,,16,1238,29.300000000000001,0,1,0,1,0,0,222,1.9043682272654507,1
2021-07-26 17:00:00,3,136,169,0,142.5815964714661,164.86012671452986,,17,6579,28.300000000000001,0,1,0,1,0,0,222,6.5815964714660993,0
2021-07-26 18:00:00,3,175,186,0,160.32713084695928,167.460045699478,,18,1120,27.300000000000001,0,0,0,1,0,0,222,14.672869153040722,0
2021-07-26 19:00:00,3,157,177,0,146.73052419842492,167.91422356202904,,19,3479,26.399999999999999,0,0,0,1,0,0,222,10.269475801575084,0
2021-07-26 20:00:00,3,102,103,0,120.63437608305232,132.93648495179454,,20,19,25.899999999999999,0,0,0,1,0,0,222,18.634376083052317,0
2021-07-26 21:00:00,3,110,116,0,118.15000677550159,128.94271691943084,,21,0,25.600000000000001,0,0,0,1,0,0,222,8.1500067755015948,0
2021-07-26 22:00:00,3,110,116,0,106.28570293860548,119.87096306979255,,22,132,24.899999999999999,0,0,0,1,0,0,222,3.7142970613945181,0
2021-07-26 23:00:00,3,95,107,0,103.11015197219611,116.62613115327554,,23,48,24.699999999999999,0,0,0,1,0,0,222,8.1101519721961068,0
2021-07-27 00:00:00,3,68,70,0,66.073876120148114,67.064456461108421,,0,89,24.800000000000001,0,0,0,0,0,0,217,1.926123879851886,0
2021-07-27 01:00:00,3,102,110,0,106.44279750649197,112.55822840273645,,1,63,24.399999999999999,0,0,0,0,0,0,217,4.4427975064919707,0
2021-07-27 02:00:00,3,115,119,0,111.38861267101393,114.72454851298268,,2,4,23.899999999999999,0,0,0,0,0,0,217,3.6113873289860692,0
2021-07-27 03:00:00,3,105,111,0,109.0044763068245,116.93348558918578,,3,74,23.5,0,0,0,0,0,0,217,4.0044763068245004,0
2021-07-27 04:00:00,3,108,114,0,108.57253126606687,115.09830600281248,,4,36,23.399999999999999,0,0,0,0,0,0,217,0.57253126606687488,0
2021-07-27 05:00:00,3,89,106,0,92.825101870259985,111.71726883450552,,5,2,23.5,0,0,0,0,0,0,217,3.825101870259985,0
2021-07-27 06:00:00,3,105,111,0,110.61163400105906,118.63531583713628,,6,229,24.899999999999999,0,0,0,0,0,0,217,5.6116340010590591,0
2021-07-27 07:00:00,3,134,161,0,131.29421993606334,151.85570926812792,,7,1262,27.100000000000001,0,0,0,0,0,0,217,2.7057800639366576,0
2021-07-27 08:00:00,3,194,207,1,169.6773086417364,179.64278614067237,,8,1862,27.800000000000001,1.3130434782608695,0,0,0,1,0,217,24.322691358263597,1
2021-07-27 09:00:00,3,181,192,1,176.50095891203705,186.40308422010034,,9,593,29.899999999999999,-0.53780202650038966,1,0,0,0,0,217,4.4990410879629508,1
2021-07-27 10:00:00,3,188,206,1,178.12224792276908,185.23951301665105,,10,976,30,-0.15056570931244562,1,0,0,0,0,217,9.8777520772309231,1
2021-07-27 11:00:00,3,207,211,1,175.2054417954063,181.28520506962141,,11,857,30.699999999999999,-0.72075594656239816,1,0,0,0,0,217,31.794558204593699,1
2021-07-27 12:00:00,3,110,124,0,113.46693241298898,133.39502049628069,,12,184,30,0,1,0,0,0,0,217,3.4669324129889816,0
2021-07-27 13:00:00,3,182,198,1,166.79606354061139,181.51975769639691,,13,606,29.699999999999999,-0.6922295581513459,1,0,0,0,1,217,15.203936459388615,1
2021-07-27 14:00:00,3,195,199,1,174.02371921221047,182.28114612259796,,14,1654,29.600000000000001,1.4723467862481316,1,0,0,0,0,217,20.976280787789534,1
2021-07-27 15:00:00,3,179,201,1,160.07337557638212,179.4107292956173,,15,1224,29.199999999999999,-0.50304506699147378,1,0,0,0,0,217,18.926624423617881,1
2021-07-27 16:00:00,3,186,187,1,161.75208965765282,177.02920816196004,,16,1271,28.600000000000001,0.02665589660743134,1,0,0,0,0,217,24.247910342347183,1
2021-07-27 17:00:00,3,159,184,0,129.84575436771473,155.60961156411051,,17,350,28.399999999999999,-0.94680042559659527,1,0,0,0,0,217,29.154245632285267,0
2021-07-27 18:00:00,3,169,174,0,156.8287799704519,166.43631854384634,,18,5796,27.100000000000001,4.1749999999999998,0,0,0,0,0,217,12.171220029548095,0
2021-07-27 19:00:00,3,169,180,0,149.80820574920679,164.55505805555524,,19,3392,26.399999999999999,-0.025007185972980742,0,0,0,0,0,217,19.191794250793208,0
2021-07-27 20:00:00,3,144,147,0,123.6270615696091,130.1738367277992,,20,2,26,-0.89473684210526316,0,0,0,0,0,217,20.372938430390903,0
2021-07-27 21:00:00,3,144,148,0,126.93378738669888,130.09359518941505,,21,8,25.600000000000001,0,0,0,0,0,0,217,17.066212613301118,0
2021-07-27 22:00:00,3,129,132,0,109.6439933543251,118.36311491009536,,22,41,25,-0.68939393939393945,0,0,0,0,0,217,19.356006645674896,0
2021-07-27 23:00:00,3,122,139,0,106.04410679957921,120.32617636867252,,23,201,24.699999999999999,3.1875,0,0,0,0,0,217,15.955893200420789,0
2021-07-28 00:00:00,3,88,91,0,73.952023955561913,79.357776417327656,,0,1158,24.100000000000001,12.011235955056179,0,0,0,0,0,217,14.047976044438087,0
2021-07-28 01:00:00,3,121,130,0,104.41419708949694,109.23271490750329,,1,83,23.800000000000001,0.31746031746031744,0,0,0,0,0,217,16.585802910503062,0
2021-07-28 02:00:00,3,119,130,0,104.35682810233226,114.50577224260718,,2,4,24.100000000000001,0,0,0,0,0,0,217,14.643171897667742,0
2021-07-28 03:00:00,3,122,128,0,105.97668650890039,112.95554110662781,,3,308,23.899999999999999,3.1621621621621623,0,0,0,0,0,217,16.023313491099614,0
2021-07-28 04:00:00,3,119,123,0,105.40788450650673,115.14111514950446,,4,177,23.300000000000001,3.9166666666666665,0,0,0,0,0,217,13.592115493493267,0
2021-07-28 05:00:00,3,105,119,0,94.042943460075648,111.91962973880389,,5,56,23.600000000000001,27,0,0,0,0,0,217,10.957056539924352,0
2021-07-28 06:00:00,3,124,127,0,107.69591975004957,111.87021485682565,,6,52,25.199999999999999,-0.77292576419213976,0,0,0,0,0,217,16.304080249950431,0
2021-07-28 07:00:00,3,156,174,0,129.822512201027,150.23378720155176,,7,1841,26.199999999999999,0.45879556259904913,0,0,0,0,0,217,26.177487798973004,0
2021-07-28 08:00:00,3,198,204,1,174.66460746967752,184.46103466434079,,8,2013,27.199999999999999,0.081095596133190118,0,0,0,1,0,217,23.33539253032248,1
2021-07-28 09:00:00,3,198,204,1,174.50994469659628,181.06699374576064,,9,2284,29,2.8516020236087689,1,0,0,0,0,217,23.490055303403722,1
2021-07-28 10:00:00,3,188,202,1,169.03289923435349,178.72790621994974,,10,1029,30.5,0.054303278688524588,1,0,0,0,0,217,18.967100765646506,1
2021-07-28 11:00:00,3,208,212,1,172.22791429217941,176.84183084126849,,11,2429,31,1.8343057176196034,1,0,0,0,0,217,35.772085707820594,1
2021-07-28 12:00:00,3,121,145,0,127.16514566396872,129.43783121860386,,12,296,30.800000000000001,0.60869565217391308,1,0,0,0,0,217,6.1651456639687154,0
2021-07-28 13:00:00,3,194,200,1,175.29898314381899,178.1197274913861,,13,1488,30.199999999999999,1.4554455445544554,1,0,0,0,1,217,18.701016856181013,1
2021-07-28 14:00:00,3,196,203,1,173.61391243255238,178.58973188334988,,14,1197,29.5,-0.27629987908101572,1,0,0,0,0,217,22.386087567447618,1
2021-07-28 15:00:00,3,161,187,1,158.90909255210067,172.80028231856289,,15,300,28.600000000000001,-0.75490196078431371,1,0,0,0,0,217,2.0909074478993261,0
2021-07-28 16:00:00,3,174,181,0,163.79536797924362,172.88918635877781,,16,2747,29.5,1.1612903225806452,1,0,0,0,0,217,10.204632020756378,0
2021-07-28 17:00:00,3,147,190,1,135.15745214254008,165.05924294986059,,17,682,28.699999999999999,0.94857142857142862,1,0,0,0,0,217,11.84254785745992,0
2021-07-28 18:00:00,3,183,190,1,154.15611500139153,163.57372008491112,,18,1952,27.399999999999999,-0.66321601104209804,0,0,0,0,0,217,28.843884998608473,0
2021-07-28 19:00:00,3,151,175,0,147.19320246734841,155.14673958047314,,19,3635,26.5,0.071639150943396221,0,0,0,0,0,217,3.8067975326515864,0
2021-07-28 20:00:00,3,107,113,0,120.56077589106697,128.80261826151647,,20,308,26,153,0,0,0,0,0,217,13.560775891066967,0
2021-07-28 21:00:00,3,110,115,0,113.07840727046067,122.79019856278079,,21,21,25.899999999999999,1.625,0,0,0,0,0,217,3.0784072704606729,0
2021-07-28 22:00:00,3,103,109,0,108.57046856039224,114.45895612079072,,22,189,24.899999999999999,3.6097560975609757,0,0,0,0,0,217,5.5704685603922428,0
2021-07-28 23:00:00,3,103,116,0,110.00603134644128,116.0871844849961,,23,36,24.600000000000001,-0.82089552238805974,0,0,0,0,0,217,7.0060313464412758,0
2021-07-29 00:00:00,3,68,70,0,65.749407156815607,70.057244154759687,,0,0,24,-1,0,0,0,0,0,217,2.2505928431843927,0
2021-07-29 01:00:00,3,110,118,0,107.12584365095115,115.14051673436167,,1,313,23.5,2.7710843373493974,0,0,0,0,0,217,2.874156349048846,0
2021-07-29 02:00:00,3,111,118,0,109.86161156328616,116.41635446597873,,2,206,23.100000000000001,50.5,0,0,0,0,0,217,1.1383884367138393,0
2021-07-29 03:00:00,3,110,117,0,105.41759992007282,115.66111256755561,,3,49,23.5,-0.84090909090909094,0,0,0,0,0,217,4.5824000799271829,0
2021-07-29 04:00:00,3,111,116,0,104.68961366842497,114.26259778464595,,4,100,23.399999999999999,-0.43502824858757061,0,0,0,0,0,217,6.3103863315750317,0
2021-07-29 05:00:00,3,94,119,0,99.74854834796183,114.96850845609112,,5,156,23.800000000000001,1.7857142857142858,0,0,0,0,0,217,5.7485483479618296,0
2021-07-29 06:00:00,3,116,121,0,114.11006821622732,116.69584263439511,,6,94,26,0.80769230769230771,0,0,0,0,0,217,1.8899317837726812,0
2021-07-29 07:00:00,3,141,159,0,121.75396626298559,150.90086374916277,,7,925,27,-0.49755567626290059,0,0,0,0,0,217,19.246033737014415,0
2021-07-29 08:00:00,3,192,204,1,176.43988482400368,185.87364752079304,,8,909,28.600000000000001,-0.54843517138599107,0,0,0,1,0,217,15.560115175996316,1
2021-07-29 09:00:00,3,198,205,1,176.19680258008879,180.86641921944005,,9,1181,30.100000000000001,-0.48292469352014011,1,0,0,0,0,217,21.803197419911214,1
2021-07-29 10:00:00,3,187,203,1,173.73749762470638,181.90949504778581,,10,884,30.5,-0.14091350826044705,1,0,0,0,0,217,13.262502375293622,1
2021-07-29 11:00:00,3,207,211,1,170.35738244729512,178.82504730146525,,11,1597,30.199999999999999,-0.34252778921366817,1,0,0,0,0,217,36.642617552704877,1
2021-07-29 12:00:00,3,112,133,0,119.94209172553845,117.47284821794355,,12,200,31.600000000000001,-0.32432432432432434,1,0,0,0,0,217,7.9420917255384467,0
2021-07-29 13:00:00,3,192,206,1,166.27282323674496,180.57945823697759,,13,1480,31.600000000000001,-0.0053763440860215058,1,0,0,0,1,217,25.727176763255045,1
2021-07-29 14:00:00,3,187,201,1,163.66396307958192,176.76813380727447,,14,3092,30.699999999999999,1.58312447786132,1,0,0,0,0,217,23.336036920418081,1
2021-07-29 15:00:00,3,164,186,0,159.22205809433609,176.93070307327955,,15,2184,30.300000000000001,6.2800000000000002,1,0,0,0,0,217,4.7779419056639085,1
2021-07-29 16:00:00,3,166,172,0,162.00434782091364,170.32421520625741,,16,2656,29.699999999999999,-0.033127047688387333,1,0,0,0,0,217,3.9956521790863633,0
2021-07-29 17:00:00,3,129,152,0,133.6276483944493,162.86499894123881,,17,735,29.899999999999999,0.077712609970674487,1,0,0,0,0,217,4.6276483944492952,0
2021-07-29 18:00:00,3,174,180,0,152.29176859518182,157.7954455973796,,18,5687,28.199999999999999,1.913422131147541,0,0,0,0,0,217,21.708231404818179,0
2021-07-29 19:00:00,3,169,181,0,148.9235963545114,162.56827188072887,,19,2616,27.5,-0.28033012379642364,0,0,0,0,0,217,20.076403645488597,0
2021-07-29 20:00:00,3,128,134,0,125.89492355788084,123.16728776064312,,20,149,26.899999999999999,-0.51623376623376627,0,0,0,0,0,217,2.1050764421191559,0
2021-07-29 21:00:00,3,126,131,0,120.42423392937317,121.72115611120739,,21,131,25.800000000000001,5.2380952380952381,0,0,0,0,0,217,5.5757660706268268,0
2021-07-29 22:00:00,3,122,130,0,116.12980677659759,119.57467843291568,,22,180,25.300000000000001,-0.047619047619047616,0,0,0,0,0,217,5.8701932234024099,0
2021-07-29 23:00:00,3,114,127,0,114.46462068425728,121.23806484239084,,23,174,25.199999999999999,3.8333333333333335,0,0,0,0,0,217,0.46462068425728376,0
2021-07-30 00:00:00,3,88,91,0,73.050145031680131,80.860376155602495,,0,82,25.199999999999999,0,0,0,0,0,0,217,14.949854968319869,0
2021-07-30 01:00:00,3,121,130,0,108.7500221884895,114.37046929716151,,1,164,25,-0.47603833865814699,0,0,0,0,0,217,12.249977811510504,0
2021-07-30 02:00:00,3,119,130,0,107.45860245777151,114.1762618177075,,2,30,24.699999999999999,-0.85436893203883491,0,0,0,0,0,217,11.541397542228495,0
2021-07-30 03:00:00,3,122,128,0,114.66897261026348,118.88279220998008,,3,498,24.100000000000001,9.1632653061224492,0,0,0,0,0,217,7.3310273897365192,0
2021-07-30 04:00:00,3,119,123,0,109.39046677548552,115.18281063553526,,4,42,24.399999999999999,-0.57999999999999996,0,0,0,0,0,217,9.6095332245144789,0
2021-07-30 05:00:00,3,105,119,0,95.362896920557318,115.57892434481711,,5,108,24.300000000000001,-0.30769230769230771,0,0,0,0,0,217,9.6371030794426815,0
2021-07-30 06:00:00,3,124,127,0,122.25404451781164,122.85329626024462,,6,461,26.600000000000001,3.9042553191489362,0,0,0,0,0,217,1.7459554821883643,0
2021-07-30 07:00:00,3,156,174,0,136.039307072149,155.00834209442391,,7,1229,28.5,0.32864864864864862,0,0,0,0,0,217,19.960692927850999,0
2021-07-30 08:00:00,3,198,204,1,177.03493005931492,182.9855186150086,,8,1134,30.300000000000001,0.24752475247524752,0,0,0,1,0,217,20.965069940685083,1
2021-07-30 09:00:00,3,198,204,1,167.7701491431433,180.10076212883382,,9,2079,30.5,0.76037256562235389,1,0,0,0,0,217,30.2298508568567,1
2021-07-30 10:00:00,3,188,202,1,171.46458270716016,182.51163520045753,,10,439,32.399999999999999,-0.50339366515837103,1,0,0,0,0,217,16.535417292839838,1
2021-07-30 11:00:00,3,208,212,1,172.81606736303746,178.72715033292181,,11,1084,31.800000000000001,-0.32122730118973075,1,0,0,0,0,217,35.183932636962538,1
2021-07-30 12:00:00,3,121,145,0,107.99575689687278,116.48098667444052,,12,0,31.699999999999999,-1,1,0,0,0,0,217,13.004243103127223,0
2021-07-30 13:00:00,3,194,200,1,166.85178940064503,176.62560481553908,,13,1769,32.100000000000001,0.19527027027027027,1,0,0,0,1,217,27.148210599354968,1
2021-07-30 14:00:00,3,196,203,1,172.63492456694439,182.45966051004388,,14,1204,33.200000000000003,-0.610608020698577,1,0,0,0,0,217,23.365075433055608,1
2021-07-30 15:00:00,3,161,187,1,157.82740253012275,172.72312848520457,,15,790,33.200000000000003,-0.63827838827838823,1,0,0,0,0,217,3.1725974698772461,0
2021-07-30 16:00:00,3,174,181,0,167.89873080076867,170.72912744818652,,16,1575,32.700000000000003,-0.40700301204819278,1,0,0,0,0,217,6.101269199231325,0
2021-07-30 17:00:00,3,147,190,1,136.5265982275306,165.82672833892659,,17,0,30.699999999999999,-1,1,0,0,0,0,217,10.473401772469401,0
2021-07-30 18:00:00,3,183,190,1,160.7597076407323,162.08829939455239,,18,0,29.300000000000001,-1,0,0,0,0,0,217,22.240292359267698,0
2021-07-30 19:00:00,3,151,175,0,150.0114056737666,150.96203569690846,,19,0,28.699999999999999,-1,0,0,0,0,0,217,0.98859432623339671,0
2021-07-30 20:00:00,3,107,113,0,114.2316484785544,117.11305718913235,,20,0,27.199999999999999,-1,0,0,0,0,0,217,7.2316484785544048,0
2021-07-30 21:00:00,3,110,115,0,115.45539328549542,115.46730700529702,,21,0,26.699999999999999,-1,0,0,0,0,0,217,5.4553932854954184,0
2021-07-30 22:00:00,3,103,109,0,110.24783616687193,114.54336522299822,,22,0,26.699999999999999,-1,0,0,0,0,0,217,7.2478361668719344,0
2021-07-30 23:00:00,3,103,116,0,104.39316112317603,114.80055446697926,,23,0,26.199999999999999,-1,0,0,0,0,0,217,1.3931611231760286,0
2021-07-31 00:00:00,3,23,24,0,64.809815433529508,68.782330342729196,,0,0,25.100000000000001,-1,0,1,0,0,0,217,41.809815433529508,0
2021-07-31 01:00:00,3,21,21,0,104.18988792821715,112.9554142536378,,1,0,25.399999999999999,-1,0,1,0,0,0,217,83.189887928217146,0
2021-07-31 02:00:00,3,21,21,0,103.26598121760131,111.98662865291433,,2,0,24.399999999999999,-1,0,1,0,0,0,217,82.265981217601308,0
2021-07-31 03:00:00,3,21,21,0,102.97948390122797,112.32153902009487,,3,0,24,-1,0,1,0,0,0,217,81.979483901227965,0
2021-07-31 04:00:00,3,23,26,0,102.06501730969866,111.42261236397083,,4,0,23.899999999999999,-1,0,1,0,0,0,217,79.065017309698661,0
2021-07-31 05:00:00,3,20,21,0,95.822812826310312,110.08818315231574,,5,0,23.600000000000001,-1,0,1,0,0,0,217,75.822812826310312,0
2021-07-31 06:00:00,3,21,21,0,109.87913042223725,114.20272571886532,,6,0,26.399999999999999,-1,0,1,0,0,0,217,88.879130422237253,0
2021-07-31 07:00:00,3,22,23,0,60.883328589572045,82.328908235016542,,7,0,28.300000000000001,-1,0,1,0,0,0,217,38.883328589572045,0
2021-07-31 08:00:00,3,21,21,0,22.261107407286371,23.087417972606339,,8,0,29.800000000000001,-1,0,1,0,1,0,217,1.2611074072863708,0
2021-07-31 09:00:00,3,21,21,0,22.456840836834949,22.559734350323819,,9,0,31.300000000000001,-1,1,1,0,0,0,217,1.4568408368349495,0
2021-07-31 10:00:00,3,22,23,0,22.479139366187507,22.614226213607751,,10,0,32.399999999999999,-1,1,1,0,0,0,217,0.47913936618750697,0
2021-07-31 11:00:00,3,23,26,0,22.415528840219359,23.832423522041939,,11,0,32.700000000000003,-1,1,1,0,0,0,217,0.5844711597806409,0
2021-07-31 12:00:00,3,21,21,0,22.614061251449872,23.54496532524378,,12,0,32.799999999999997,0,1,1,0,0,0,217,1.614061251449872,0
2021-07-31 13:00:00,3,21,21,0,22.317042195948936,22.589301266992717,,13,0,32.100000000000001,-1,1,1,0,0,1,217,1.317042195948936,0
2021-07-31 14:00:00,3,22,25,0,22.247155551134146,22.673652622335709,,14,0,30.800000000000001,-1,1,1,0,0,0,217,0.24715555113414567,0
2021-07-31 15:00:00,3,22,23,0,22.359625274572089,22.556592205509222,,15,0,29.5,-1,1,1,0,0,0,217,0.35962527457208893,0
2021-07-31 16:00:00,3,21,21,0,21.926923497244484,22.622888425379127,,16,0,28.399999999999999,-1,1,1,0,0,0,217,0.9269234972444842,0
2021-07-31 17:00:00,3,21,21,0,22.082650322845424,22.87834620506063,,17,0,28.5,0,1,1,0,0,0,217,1.0826503228454243,0
2021-07-31 18:00:00,3,23,28,0,22.086100646760311,22.576001357729535,,18,0,28.399999999999999,0,0,1,0,0,0,217,0.91389935323968885,0
2021-07-31 19:00:00,3,21,21,0,21.936376145314359,22.617330825581387,,19,0,28,0,0,1,0,0,0,217,0.93637614531435887,0
2021-07-31 20:00:00,3,21,21,0,22.532157396808731,22.954692808977246,,20,0,27.600000000000001,0,0,1,0,0,0,217,1.5321573968087314,0
2021-07-31 21:00:00,3,23,25,0,22.845303060199779,24.188215727415749,,21,0,27.600000000000001,0,0,1,0,0,0,217,0.15469693980022114,0
2021-07-31 22:00:00,3,21,21,0,22.588455072380654,23.046069123262622,,22,0,27.600000000000001,0,0,1,0,0,0,217,1.5884550723806541,0
2021-07-31 23:00:00,3,21,21,0,22.436648677660322,23.422713172027915,,23,0,27.600000000000001,0,0,1,0,0,0,217,1.4366486776603224,0
2021-08-01 00:00:00,3,21,21,0,22.191935603979868,23.071614855136431,,0,0,27.399999999999999,0,0,1,1,0,0,217,1.1919356039798679,0
2021-08-01 01:00:00,3,23,26,0,22.301624599578886,23.922369158526831,,1,0,27.199999999999999,0,0,1,1,0,0,217,0.69837540042111357,0
2021-08-01 02:00:00,3,21,21,0,22.371453260828758,24.247671299991065,,2,0,25.5,0,0,1,1,0,0,217,1.3714532608287584,0
2021-08-01 03:00:00,3,21,21,0,21.648215848385455,22.881472377905595,,3,0,25.199999999999999,0,0,1,1,0,0,217,0.64821584838545476,0
2021-08-01 04:00:00,3,22,25,0,21.803514326771861,22.63984288200627,,4,0,24.899999999999999,0,0,1,1,0,0,217,0.19648567322813904,0
2021-08-01 05:00:00,3,22,24,0,21.547824921294172,22.777944399879452,,5,0,24.800000000000001,0,0,1,1,0,0,217,0.45217507870582807,0
2021-08-01 06:00:00,3,20,21,0,21.601229166714411,22.67209024153475,,6,0,26,0,0,1,1,0,0,217,1.6012291667144112,0
2021-08-01 07:00:00,3,20,21,0,22.030983246271859,23.551821629719338,,7,0,27.899999999999999,0,0,1,1,0,0,217,2.0309832462718589,0
2021-08-01 08:00:00,3,23,28,0,21.727789587180993,23.043790759453259,,8,0,29.199999999999999,0,0,1,1,1,0,217,1.2722104128190068,0
2021-08-01 09:00:00,3,22,24,0,22.450107541524851,23.853398771146768,,9,0,31,0,1,1,1,0,0,217,0.45010754152485077,0
2021-08-01 10:00:00,3,21,21,0,22.027430088588318,23.216286003622997,,10,0,31.300000000000001,0,1,1,1,0,0,217,1.0274300885883179,0
2021-08-01 11:00:00,3,21,21,0,22.18573226382582,23.302162415341627,,11,0,32.600000000000001,0,1,1,1,0,0,217,1.1857322638258196,0
2021-08-01 12:00:00,3,23,25,0,22.600887005132702,24.896805409889609,,12,0,31.899999999999999,0,1,1,1,0,0,217,0.39911299486729845,0
2021-08-01 13:00:00,3,21,21,0,21.720920544078226,23.153879993451358,,13,0,30,0,1,1,1,0,1,217,0.72092054407822559,0
2021-08-01 14:00:00,3,21,21,0,22.150840894537048,23.285904689249033,,14,0,28.699999999999999,0,1,1,1,0,0,217,1.1508408945370476,0
2021-08-01 15:00:00,3,22,23,0,22.896579903306851,24.050141096517212,,15,0,28.699999999999999,0,1,1,1,0,0,217,0.89657990330685067,0
2021-08-01 16:00:00,3,23,25,0,22.700872882948115,23.908285639458878,,16,0,28.699999999999999,0,1,1,1,0,0,217,0.29912711705188499,0
2021-08-01 17:00:00,3,21,21,0,22.142122978651294,22.993136221681603,,17,0,28.5,0,1,1,1,0,0,217,1.1421229786512939,0
2021-08-01 18:00:00,3,20,21,0,22.110389843707701,22.471623504204501,,18,0,28.300000000000001,0,0,1,1,0,0,217,2.1103898437077007,0
2021-08-01 19:00:00,3,21,22,0,22.90387815358001,24.331251201112568,,19,0,27.199999999999999,0,0,1,1,0,0,217,1.9038781535800098,0
2021-08-01 20:00:00,3,23,26,0,22.089000525196326,22.951641752939047,,20,0,26.699999999999999,0,0,1,1,0,0,217,0.91099947480367405,0
2021-08-01 21:00:00,3,22,22,0,22.466022527734012,23.386478884644383,,21,0,25.899999999999999,0,0,1,1,0,0,217,0.46602252773401176,0
2021-08-01 22:00:00,3,22,23,0,22.46682085342885,23.482908864066115,,22,0,26,0,0,1,1,0,0,217,0.4668208534288496,0
2021-08-01 23:00:00,3,22,24,0,22.479906539780345,24.407627966373912,,23,0,26.300000000000001,0,0,1,1,0,0,217,0.47990653978034459,0
2021-08-02 00:00:00,3,21,23,0,22.252769726891714,23.346564472984955,,0,0,26,0,0,1,1,0,0,217,1.2527697268917137,0
2021-08-02 01:00:00,3,21,21,0,22.309051752084162,22.736620372096226,,1,0,25.899999999999999,0,0,1,1,0,0,217,1.3090517520841622,0
2021-08-02 02:00:00,3,21,21,0,21.787421621684267,22.715571449574039,,2,0,25.5,0,0,1,1,0,0,217,0.78742162168426688,0
2021-08-02 03:00:00,3,23,26,0,21.639606811814176,22.655442006436061,,3,0,25.5,0,0,1,1,0,0,217,1.3603931881858244,0
2021-08-02 04:00:00,3,21,21,0,22.103378756087348,22.997364243540694,,4,0,25.300000000000001,0,0,1,1,0,0,217,1.1033787560873485,0
2021-08-02 05:00:00,3,21,21,0,21.811924446022008,22.372309089008397,,5,0,25.399999999999999,0,0,1,1,0,0,217,0.81192444602200808,0
2021-08-02 06:00:00,3,22,25,0,21.307876105177463,22.185015054375857,,6,0,26.300000000000001,0,0,1,1,0,0,217,0.69212389482253656,0
2021-08-02 07:00:00,3,21,24,0,59.47612752957864,100.38053845293875,,7,0,26.699999999999999,0,0,1,1,0,0,217,38.47612752957864,0
2021-08-02 08:00:00,3,20,21,0,179.73363689687704,194.07190789140665,,8,0,28.399999999999999,0,0,1,1,1,0,217,159.73363689687704,1
2021-08-02 09:00:00,3,21,21,0,174.76809603283812,187.46968703990763,,9,0,28.5,0,1,1,1,0,0,217,153.76809603283812,1
2021-08-02 10:00:00,3,22,25,0,171.85404887319834,186.6183452349633,,10,0,31.600000000000001,0,1,1,1,0,0,217,149.85404887319834,1
2021-08-02 11:00:00,3,21,21,0,178.86791762229245,189.77275788945522,,11,0,28.800000000000001,0,1,1,1,0,0,217,157.86791762229245,1
2021-08-02 12:00:00,3,21,21,0,108.46185066412593,129.62553946647444,,12,0,27.300000000000001,0,1,1,1,0,0,217,87.461850664125933,0
2021-08-02 13:00:00,3,22,23,0,168.24936756814657,184.46988040327187,,13,0,29.899999999999999,0,1,1,1,0,1,217,146.24936756814657,1
2021-08-02 14:00:00,3,23,25,0,173.59084464498193,187.4651761494793,,14,0,31.300000000000001,0,1,1,1,0,0,217,150.59084464498193,1
2021-08-02 15:00:00,3,21,21,0,156.9914183002868,179.71146783176687,,15,0,32,0,1,1,1,0,0,217,135.9914183002868,1
2021-08-02 16:00:00,3,21,21,0,163.44536995580029,175.34655657245972,,16,0,31,0,1,1,1,0,0,217,142.44536995580029,1
2021-08-02 17:00:00,3,22,24,0,134.54403269386967,162.20566067881603,,17,0,30.100000000000001,0,1,1,1,0,0,217,112.54403269386967,0
2021-08-02 18:00:00,3,22,26,0,160.24565238323044,166.34013901290709,,18,0,29.300000000000001,0,0,1,1,0,0,217,138.24565238323044,0
2021-08-02 19:00:00,3,21,21,0,147.63460539035452,155.90419098119528,,19,0,28.399999999999999,0,0,1,1,0,0,217,126.63460539035452,0
2021-08-02 20:00:00,3,22,24,0,118.97373826614087,123.23469414523439,,20,0,27.600000000000001,0,0,1,1,0,0,217,96.97373826614087,0
2021-08-02 21:00:00,3,22,24,0,118.98875898519738,118.44280660632094,,21,0,26.899999999999999,0,0,1,1,0,0,217,96.988758985197379,0
2021-08-02 22:00:00,3,22,24,0,108.80800584010987,113.62703750565211,,22,0,26.699999999999999,0,0,1,1,0,0,217,86.808005840109871,0
2021-08-02 23:00:00,3,21,21,0,98.086489886776974,110.68164831389974,,23,0,25.600000000000001,0,0,1,1,0,0,217,77.086489886776974,0
2021-08-03 00:00:00,3,21,22,0,60.868828801323495,67.420081245098174,,0,0,25.5,0,0,1,1,0,0,212,39.868828801323495,0
2021-08-03 01:00:00,3,23,26,0,99.929008163332355,104.76946536795354,,1,0,24.600000000000001,0,0,1,1,0,0,212,76.929008163332355,0
2021-08-03 02:00:00,3,21,21,0,104.48945866146268,108.0925938686423,,2,0,23.899999999999999,0,0,1,1,0,0,212,83.489458661462677,0
2021-08-03 03:00:00,3,21,22,0,100.24839807828675,105.98764617227528,,3,0,24.300000000000001,0,0,1,1,0,0,212,79.248398078286755,0
2021-08-03 04:00:00,3,21,21,0,100.74889049421012,103.95030969384247,,4,0,23.899999999999999,0,0,1,1,0,0,212,79.748890494210116,0
2021-08-03 05:00:00,3,22,24,0,88.035115736005793,102.17666825760865,,5,0,24.100000000000001,0,0,1,1,0,0,212,66.035115736005793,0
2021-08-03 06:00:00,3,21,21,0,103.58986932517217,109.34034068534606,,6,0,25.300000000000001,0,0,1,1,0,0,212,82.589869325172174,0
2021-08-03 07:00:00,3,20,21,0,130.44292512061935,146.70165249235728,,7,0,25.699999999999999,0,0,1,1,0,0,212,110.44292512061935,0
2021-08-03 08:00:00,3,22,25,0,179.18057343656977,188.00270354817684,,8,0,26.699999999999999,0,0,1,1,1,0,212,157.18057343656977,1
2021-08-03 09:00:00,3,21,21,0,173.94055526122162,182.26062645701927,,9,0,27.100000000000001,0,1,1,1,0,0,212,152.94055526122162,1
2021-08-03 10:00:00,3,21,21,0,175.38559523642755,182.66509800390332,,10,0,27.600000000000001,0,1,1,1,0,0,212,154.38559523642755,1
2021-08-03 11:00:00,3,22,24,0,179.13409194038718,183.83094584737211,,11,0,29.5,0,1,1,1,0,0,212,157.13409194038718,1
2021-08-03 12:00:00,3,23,25,0,108.91921585676556,129.12372345179551,,12,0,30.899999999999999,0,1,1,1,0,0,212,85.919215856765561,0
2021-08-03 13:00:00,3,21,21,0,174.16340557821434,181.68970826784124,,13,0,29.899999999999999,0,1,1,1,0,1,212,153.16340557821434,1
2021-08-03 14:00:00,3,21,22,0,178.27316540232107,183.12690171387297,,14,0,28.399999999999999,0,1,1,1,0,0,212,157.27316540232107,1
2021-08-03 15:00:00,3,23,26,0,165.95597085203735,179.05204526896765,,15,0,29.5,0,1,1,1,0,0,212,142.95597085203735,1
2021-08-03 16:00:00,3,22,24,0,171.07928310134696,179.91323607900352,,16,0,29.399999999999999,0,1,1,1,0,0,212,149.07928310134696,1
2021-08-03 17:00:00,3,21,21,0,152.51251665199101,165.76435327735834,,17,0,29,0,1,1,1,0,0,212,131.51251665199101,0
2021-08-03 18:00:00,3,22,24,0,157.61894000374343,159.25875967882035,,18,0,28.100000000000001,0,0,1,1,0,0,212,135.61894000374343,0
2021-08-03 19:00:00,3,23,25,0,151.55068171977524,151.20911740400896,,19,0,27.399999999999999,0,0,1,1,0,0,212,128.55068171977524,0
2021-08-03 20:00:00,3,21,22,0,141.96442873339328,133.71387108543965,,20,0,27.300000000000001,0,0,1,1,0,0,212,120.96442873339328,0
2021-08-03 21:00:00,3,22,22,0,141.91424496375743,134.30187864718067,,21,0,27.300000000000001,0,0,1,1,0,0,212,119.91424496375743,0
2021-08-03 22:00:00,3,21,21,0,120.68293895581247,115.97985383258626,,22,0,25.899999999999999,0,0,1,1,0,0,212,99.682938955812475,0
2021-08-03 23:00:00,3,23,26,0,105.01045252324143,113.4483878548387,,23,0,25.600000000000001,0,0,1,1,0,0,212,82.010452523241426,0
2021-08-04 00:00:00,4,21,21,0,21.11737922143972,22.746602419259712,,0,0,25.899999999999999,0,0,1,1,0,0,212,0.11737922143971957,0
2021-08-04 01:00:00,4,21,21,0,21.078702248393562,21.817575424154533,,1,0,24.699999999999999,0,0,1,1,0,0,212,0.078702248393561547,0
2021-08-04 02:00:00,4,20,21,0,21.252212551922803,21.940407719748372,,2,0,24.300000000000001,0,0,1,1,0,0,212,1.2522125519228027,0
2021-08-04 03:00:00,4,22,25,0,21.09041563015932,22.532746459024541,,3,0,24.399999999999999,0,0,1,1,0,0,212,0.90958436984067959,0
2021-08-04 04:00:00,4,21,21,0,21.128277336201805,21.861302488201193,,4,0,24.100000000000001,0,0,1,1,0,0,212,0.12827733620180481,0
2021-08-04 05:00:00,4,21,21,0,20.606091479664208,21.393218423205376,,5,0,24.300000000000001,0,0,1,1,0,0,212,0.39390852033579193,0
2021-08-04 06:00:00,4,23,26,0,21.211275436407334,22.806101512596175,,6,0,26.600000000000001,0,0,1,1,0,0,212,1.7887245635926661,0
2021-08-04 07:00:00,4,20,21,0,20.391985122377772,21.833713219829576,,7,0,28,0,0,1,1,0,0,212,0.39198512237777194,0
2021-08-04 08:00:00,4,21,23,0,20.628549127756873,21.796322995711417,,8,0,29.600000000000001,0,0,1,1,1,0,212,0.3714508722431269,0
2021-08-04 09:00:00,4,21,21,0,21.047243659202742,22.532503148572246,,9,0,31.300000000000001,0,1,1,1,0,0,212,0.047243659202742094,0
2021-08-04 10:00:00,4,22,25,0,21.315060272690634,23.553563050042765,,10,0,32.299999999999997,0,1,1,1,0,0,212,0.68493972730936648,0
2021-08-04 11:00:00,4,21,21,0,20.901140048555678,22.302032091833219,,11,0,32.899999999999999,0,1,1,1,0,0,212,0.098859951444321581,0
2021-08-04 12:00:00,4,21,21,0,20.718627521012962,21.914785995231782,,12,0,32,0,1,1,1,0,0,212,0.28137247898703777,0
2021-08-04 13:00:00,4,22,25,0,21.196914497648198,22.974358521428407,,13,0,32.600000000000001,0,1,1,1,0,1,212,0.80308550235180221,0
2021-08-04 14:00:00,4,22,24,0,20.97794015914053,23.340638891853317,,14,0,31.899999999999999,0,1,1,1,0,0,212,1.0220598408594697,0
2021-08-04 15:00:00,4,22,24,0,20.602228037178786,21.542247834670036,,15,0,32,0,1,1,1,0,0,212,1.3977719628212135,0
2021-08-04 16:00:00,4,21,22,0,20.663202675776866,21.534001127029242,,16,0,31.899999999999999,0,1,1,1,0,0,212,0.33679732422313435,0
2021-08-04 17:00:00,4,23,26,0,21.251245488300835,23.156410266554083,,17,0,30.5,0,1,1,1,0,0,212,1.7487545116991647,0
2021-08-04 18:00:00,4,21,22,0,20.848481518999854,22.766082360133563,,18,0,29.5,0,0,1,1,0,0,212,0.15151848100014575,0
2021-08-04 19:00:00,4,21,21,0,20.64439584180435,21.778067723507466,,19,0,28.300000000000001,0,0,1,1,0,0,212,0.35560415819564994,0
2021-08-04 20:00:00,4,21,21,0,20.869348535898943,22.269659670898609,,20,0,27.600000000000001,0,0,1,1,0,0,212,0.13065146410105655,0
2021-08-04 21:00:00,4,23,26,0,21.203244454709264,22.473323223558889,,21,0,26.600000000000001,0,0,1,1,0,0,212,1.7967555452907362,0
2021-08-04 22:00:00,4,21,21,0,21.464811183661794,22.192046330330168,,22,0,26.300000000000001,0,0,1,1,0,0,212,0.4648111836617943,0
2021-08-04 23:00:00,4,21,22,0,20.758475582944378,21.449729265076641,,23,0,25.899999999999999,0,0,1,1,0,0,212,0.24152441705562211,0
2021-08-05 00:00:00,4,21,21,0,21.294552644145114,23.374134769851175,,0,0,25.699999999999999,0,0,1,1,0,0,212,0.29455264414511362,0
2021-08-05 01:00:00,4,22,25,0,21.045832261388355,22.525387761871599,,1,0,25.600000000000001,0,0,1,1,0,0,212,0.95416773861164472,0
2021-08-05 02:00:00,4,21,21,0,20.706867611680025,21.153357648638,,2,0,25.100000000000001,0,0,1,1,0,0,212,0.29313238831997523,0
2021-08-05 03:00:00,4,21,21,0,20.617525086330666,21.748700438039855,,3,0,24.899999999999999,0,0,1,1,0,0,212,0.38247491366933417,0
2021-08-05 04:00:00,4,22,25,0,20.942244626564758,21.760817642442913,,4,0,24.399999999999999,0,0,1,1,0,0,212,1.0577553734352421,0
2021-08-05 05:00:00,4,21,22,0,20.820811643025102,22.465930778153808,,5,0,24.5,0,0,1,1,0,0,212,0.17918835697489754,0
2021-08-05 06:00:00,4,21,22,0,20.54879717432852,21.890264762919156,,6,0,27.100000000000001,0,0,1,1,0,0,212,0.45120282567147996,0
2021-08-05 07:00:00,4,20,20,0,21.005089590176908,22.470210905352129,,7,0,28.399999999999999,0,0,1,1,0,0,212,1.0050895901769081,0
2021-08-05 08:00:00,4,22,24,0,20.690081052541448,22.947937705462621,,8,0,30.399999999999999,0,0,1,1,1,0,212,1.3099189474585522,0
2021-08-05 09:00:00,4,21,21,0,20.766995020673505,22.937940107060513,,9,0,31.300000000000001,0,1,1,1,0,0,212,0.23300497932649478,0
2021-08-05 10:00:00,4,21,21,0,20.624747784168054,22.442669381688159,,10,0,32.299999999999997,0,1,1,1,0,0,212,0.37525221583194579,0
2021-08-05 11:00:00,4,22,25,0,21.162198333725499,23.346529848586115,,11,0,32.299999999999997,0,1,1,1,0,0,212,0.83780166627450114,0
2021-08-05 12:00:00,4,22,24,0,21.068170347939233,23.460159835592684,,12,0,32.799999999999997,0,1,1,1,0,0,212,0.93182965206076673,0
2021-08-05 13:00:00,4,22,24,0,20.460155411945795,22.018885153576822,,13,0,32.299999999999997,0,1,1,1,0,1,212,1.5398445880542049,0
2021-08-05 14:00:00,4,21,22,0,20.735681315589073,22.207839601630869,,14,0,33.299999999999997,0,1,1,1,0,0,212,0.26431868441092732,0
2021-08-05 15:00:00,4,23,25,0,20.495690992588379,22.824918696983872,,15,0,32.600000000000001,0,1,1,1,0,0,212,2.5043090074116208,0
2021-08-05 16:00:00,4,22,22,0,20.418996132553836,22.273913376030734,,16,0,31.800000000000001,0,1,1,1,0,0,212,1.5810038674461637,0
2021-08-05 17:00:00,4,22,22,0,20.617761651139755,21.864090915073945,,17,0,31.5,0,1,1,1,0,0,212,1.3822383488602448,0
2021-08-05 18:00:00,4,21,21,0,20.504563790412561,22.556395196023036,,18,0,30,0,0,1,1,0,0,212,0.49543620958743873,0
2021-08-05 19:00:00,4,22,25,0,20.815036132526433,22.746150723053287,,19,0,29.5,0,0,1,1,0,0,212,1.1849638674735665,0
2021-08-05 20:00:00,4,21,22,0,21.084152479310315,22.818756831015705,,20,0,29,0,0,1,1,0,0,212,0.084152479310315442,0
2021-08-05 21:00:00,4,21,22,0,21.09247919462808,22.164923964663849,,21,0,27.800000000000001,0,0,1,1,0,0,212,0.092479194628079853,0
2021-08-05 22:00:00,4,22,23,0,21.039173283528918,22.393881313993091,,22,0,26.800000000000001,0,0,1,1,0,0,212,0.96082671647108242,0
2021-08-05 23:00:00,4,23,26,0,20.796401585711529,23.050869235250879,,23,0,26.600000000000001,0,0,1,1,0,0,212,2.2035984142884715,0
2021-08-06 00:00:00,4,21,21,0,21.134953746224809,22.688460072326858,,0,0,25.600000000000001,0,0,1,1,0,0,212,0.13495374622480938,0
2021-08-06 01:00:00,4,21,21,0,20.99075018793215,21.657698644098367,,1,0,25.600000000000001,0,0,1,1,0,0,212,0.0092498120678499163,0
2021-08-06 02:00:00,4,20,21,0,21.112546029994618,21.513661197430931,,2,0,25,0,0,1,1,0,0,212,1.1125460299946184,0
2021-08-06 03:00:00,4,22,25,0,21.244114258644274,22.340389873379827,,3,0,25.399999999999999,0,0,1,1,0,0,212,0.75588574135572628,0
2021-08-06 04:00:00,4,22,23,0,21.031013472388437,21.394843678961077,,4,0,24.800000000000001,0,0,1,1,0,0,212,0.96898652761156256,0
2021-08-06 05:00:00,4,21,21,0,20.886331050661042,21.922384359560862,,5,0,24.899999999999999,0,0,1,1,0,0,212,0.11366894933895821,0
2021-08-06 06:00:00,4,22,25,0,21.265276631190218,23.411306147515681,,6,0,26.699999999999999,0,0,1,1,0,0,212,0.73472336880978162,0
2021-08-06 07:00:00,4,20,21,0,20.886083990186929,21.657580164472016,,7,0,28.5,0,0,1,1,0,0,212,0.88608399018692907,0
2021-08-06 08:00:00,4,20,21,0,20.910167512374361,22.199974164444047,,8,0,30.699999999999999,0,0,1,1,1,0,212,0.91016751237436111,0
2021-08-06 09:00:00,4,21,21,0,20.928544694262374,22.994680433523371,,9,0,31.800000000000001,0,1,1,1,0,0,212,0.071455305737625707,0
2021-08-06 10:00:00,4,24,25,0,21.29934324746463,23.913546737441504,,10,0,32.700000000000003,0,1,1,1,0,0,212,2.7006567525353695,0
2021-08-06 11:00:00,4,24,25,0,20.974317515138818,22.307178482079397,,11,0,32.700000000000003,0,1,1,1,0,0,212,3.0256824848611821,0
2021-08-06 12:00:00,4,24,24,0,20.87347999285312,22.022541041660325,,12,0,32.700000000000003,0,1,1,1,0,0,212,3.1265200071468797,0
2021-08-06 13:00:00,4,23,24,0,20.8707188001801,22.752160834604524,,13,0,32.899999999999999,0,1,1,1,0,1,212,2.1292811998198999,0
2021-08-06 14:00:00,4,24,27,0,20.979207033175115,23.059067723077909,,14,0,32.200000000000003,0,1,1,1,0,0,212,3.0207929668248852,0
2021-08-06 15:00:00,4,22,22,0,20.747244388483747,22.005283793390685,,15,0,32,0,1,1,1,0,0,212,1.2527556115162533,0
2021-08-06 16:00:00,4,22,22,0,20.794789387251758,22.136713007242328,,16,0,31.300000000000001,0,1,1,1,0,0,212,1.2052106127482425,0
2021-08-06 17:00:00,4,23,25,0,21.069126003042438,23.226965320643121,,17,0,31.399999999999999,0,1,1,1,0,0,212,1.9308739969575619,0
2021-08-06 18:00:00,4,22,22,0,21.094370812062238,22.695746057582145,,18,0,29.699999999999999,0,0,1,1,0,0,212,0.90562918793776248,0
2021-08-06 19:00:00,4,21,21,0,20.775454555111402,21.543671406040932,,19,0,28.600000000000001,0,0,1,1,0,0,212,0.22454544488859796,0
2021-08-06 20:00:00,4,21,21,0,21.001335265029411,22.521724915776719,,20,0,27.899999999999999,0,0,1,1,0,0,212,0.001335265029410948,0
2021-08-06 21:00:00,4,23,26,0,21.289487738411914,23.317754257233723,,21,0,27.399999999999999,0,0,1,1,0,0,212,1.7105122615880859,0
2021-08-06 22:00:00,4,21,21,0,21.163440970323677,22.289534599355662,,22,0,27.399999999999999,0,0,1,1,0,0,212,0.16344097032367699,0
2021-08-06 23:00:00,4,21,21,0,20.951251497505471,21.992229570042447,,23,0,26.699999999999999,0,0,1,1,0,0,212,0.048748502494529333,0
2021-08-07 00:00:00,4,22,24,0,21.011570596356883,21.051414293897249,,0,0,26.199999999999999,0,0,1,1,0,0,28,0.98842940364311715,0
2021-08-07 01:00:00,4,22,25,0,21.539787365598151,23.717401441291763,,1,0,25.800000000000001,0,0,1,1,0,0,28,0.46021263440184867,0
2021-08-07 02:00:00,4,21,21,0,21.63857384527973,23.797725175878597,,2,0,25.899999999999999,0,0,1,1,0,0,28,0.63857384527972982,0
2021-08-07 03:00:00,4,21,21,0,21.347261393044235,23.613882670886952,,3,0,26.100000000000001,0,0,1,1,0,0,28,0.34726139304423498,0
2021-08-07 04:00:00,4,21,21,0,20.816982312890694,20.77876923200645,,4,0,25.899999999999999,0,0,1,1,0,0,28,0.18301768710930588,0
2021-08-07 05:00:00,4,22,24,0,20.879739685485518,23.622960146211106,,5,0,26.100000000000001,0,0,1,1,0,0,28,1.120260314514482,0
2021-08-07 06:00:00,4,21,21,0,21.063646510843952,23.905480257700699,,6,0,26.600000000000001,0,0,1,1,0,0,28,0.063646510843952342,0
2021-08-07 07:00:00,4,21,21,0,21.1935531130346,20.993809792175114,,7,0,28.100000000000001,0,0,1,1,0,0,28,0.19355311303459999,0
2021-08-07 08:00:00,4,22,25,0,20.756174065544791,23.89502015695448,,8,0,30.199999999999999,0,0,1,1,1,0,28,1.2438259344552094,0
2021-08-07 09:00:00,4,22,24,0,21.346219956449296,23.876620143659192,,9,0,30.600000000000001,0,1,1,1,0,0,28,0.65378004355070374,0
2021-08-07 10:00:00,4,21,21,0,21.166573348780403,21.292152431414767,,10,0,31.899999999999999,0,1,1,1,0,0,28,0.16657334878040331,0
2021-08-07 11:00:00,4,21,21,0,21.080558896051095,21.723567985619685,,11,0,33.399999999999999,0,1,1,1,0,0,28,0.080558896051094564,0
2021-08-07 12:00:00,4,23,26,0,20.762139898274782,24.270027427509355,,12,0,32.899999999999999,0,1,1,1,0,0,28,2.237860101725218,0
2021-08-07 13:00:00,4,21,21,0,20.696476842166135,24.327326963574048,,13,0,32.899999999999999,0,1,1,1,0,1,28,0.3035231578338653,0
2021-08-07 14:00:00,4,21,21,0,21.070943413167377,20.702739389787986,,14,0,32.299999999999997,0,1,1,1,0,0,28,0.0709434131673774,0
2021-08-07 15:00:00,4,21,22,0,21.000221885681537,21.676507300237564,,15,0,31.600000000000001,0,1,1,1,0,0,28,0.00022188568153680421,0
2021-08-07 16:00:00,4,24,25,0,20.717679911817505,24.344846513355439,,16,0,31.399999999999999,0,1,1,1,0,0,28,3.2823200881824945,0
2021-08-07 17:00:00,4,21,21,0,20.832519873938914,24.137233847057821,,17,0,29.699999999999999,0,1,1,1,0,0,28,0.16748012606108631,0
2021-08-07 18:00:00,4,21,21,0,20.984637102200182,21.44881469361086,,18,0,28.600000000000001,0,0,1,1,0,0,28,0.015362897799818143,0
2021-08-07 19:00:00,4,22,24,0,21.224361515639281,23.453094329083591,,19,0,28.199999999999999,0,0,1,1,0,0,28,0.77563848436071936,0
2021-08-07 20:00:00,4,23,26,0,21.211675059972549,23.401253623576743,,20,0,28.199999999999999,0,0,1,1,0,0,28,1.7883249400274508,0
2021-08-07 21:00:00,4,22,22,0,20.979133049548164,20.869215482098411,,21,0,28,0,0,1,1,0,0,28,1.0208669504518362,0
2021-08-07 22:00:00,4,21,21,0,21.211675059972549,23.400987510405773,,22,0,26.800000000000001,0,0,1,1,0,0,28,0.21167505997254921,0
2021-08-07 23:00:00,4,23,25,0,21.785243379126477,23.443115365764463,,23,0,26.199999999999999,0,0,1,1,0,0,28,1.2147566208735228,0
2021-08-08 00:00:00,4,21,21,0,21.267435482842608,23.73005589454144,,0,0,25.100000000000001,0,0,1,1,0,0,28,0.26743548284260754,0
2021-08-08 01:00:00,4,21,21,0,20.732896022215968,20.506370741045657,,1,0,24.100000000000001,0,0,1,1,0,0,28,0.26710397778403205,0
2021-08-08 02:00:00,4,21,21,0,21.63857384527973,23.791880520037772,,2,0,23.899999999999999,0,0,1,1,0,0,28,0.63857384527972982,0
2021-08-08 03:00:00,4,23,24,0,21.482828544229626,23.782395821368979,,3,0,23.5,0,0,1,1,0,0,28,1.5171714557703737,0
2021-08-08 04:00:00,4,21,21,0,20.858251167372519,20.210797617696095,,4,0,23.199999999999999,0,0,1,1,0,0,28,0.14174883262748139,0
2021-08-08 05:00:00,4,21,21,0,20.999721773022547,20.366452969667922,,5,0,23.5,0,0,1,1,0,0,28,0.00027822697745349956,0
2021-08-08 06:00:00,4,21,23,0,20.992097512902781,24.093005833603215,,6,0,24.600000000000001,0,0,1,1,0,0,28,0.0079024870972190797,0
2021-08-08 07:00:00,4,22,25,0,20.746328765951965,23.77452939745865,,7,0,25.899999999999999,0,0,1,1,0,0,28,1.2536712340480349,0
2021-08-08 08:00:00,4,21,21,0,21.080498576825264,20.819383674009288,,8,0,26.399999999999999,0,0,1,1,1,0,28,0.080498576825263513,0
2021-08-08 09:00:00,4,21,21,0,20.921771541816732,20.521940973671619,,9,0,27.600000000000001,0,1,1,1,0,0,28,0.078228458183268401,0
2021-08-08 10:00:00,4,23,25,0,21.016798636042701,24.256156534422889,,10,0,28,0,1,1,1,0,0,28,1.9832013639572992,0
2021-08-08 11:00:00,4,21,21,0,21.034587493046971,24.189193588458519,,11,0,27.199999999999999,0,1,1,1,0,0,28,0.034587493046970508,0
2021-08-08 12:00:00,4,21,21,0,20.983470993188792,20.277209061834089,,12,0,23.100000000000001,0,1,1,1,0,0,28,0.016529006811207836,0
2021-08-08 13:00:00,4,21,23,0,20.859357251489691,24.257520637439303,,13,0,23.800000000000001,0,1,1,1,0,1,28,0.14064274851030945,0
2021-08-08 14:00:00,4,22,25,0,20.880879853055049,24.244445510114708,,14,0,23.899999999999999,0,1,1,1,0,0,28,1.119120146944951,0
2021-08-08 15:00:00,4,21,21,0,21.282300493094159,21.150412046964611,,15,0,24.100000000000001,0,1,1,1,0,0,28,0.28230049309415861,0
2021-08-08 16:00:00,4,21,21,0,21.045745845151206,20.402870574501655,,16,0,24.199999999999999,0,1,1,1,0,0,28,0.045745845151206055,0
2021-08-08 17:00:00,4,22,25,0,20.863848612369573,24.167423968762535,,17,0,24.800000000000001,0,1,1,1,0,0,28,1.1361513876304272,0
2021-08-08 18:00:00,4,22,24,0,20.804624252334101,24.002880699078581,,18,0,24.399999999999999,0,0,1,1,0,0,28,1.1953757476658993,0
2021-08-08 19:00:00,4,21,21,0,20.54397508131062,21.916320260939536,,19,0,23.899999999999999,0,0,1,1,0,0,28,0.45602491868937989,0
2021-08-08 20:00:00,4,21,22,0,20.923292998952284,20.536039989255286,,20,0,23.199999999999999,0,0,1,1,0,0,28,0.076707001047715551,0
2021-08-08 21:00:00,4,22,26,0,21.27891163859638,22.439367000937963,,21,0,22.699999999999999,0,0,1,1,0,0,28,0.72108836140361987,0
2021-08-08 22:00:00,4,21,22,0,21.414220962167356,20.876398438413247,,22,0,23.300000000000001,0,0,1,1,0,0,28,0.41422096216735582,0
2021-08-08 23:00:00,4,21,21,0,21.091037529193002,20.558762483947618,,23,0,23.100000000000001,0,0,1,1,0,0,28,0.091037529193002342,0
2021-08-09 00:00:00,4,21,21,0,21.608304165795438,21.437573751580242,,0,0,23.300000000000001,0,0,0,1,0,0,27,0.60830416579543822,0
2021-08-09 01:00:00,4,23,25,0,21.63100418578648,23.730025585593431,,1,0,23.600000000000001,0,0,0,1,0,0,27,1.3689958142135197,0
2021-08-09 02:00:00,4,20,21,0,21.63100418578648,23.908891791197306,,2,0,23.399999999999999,0,0,0,1,0,0,27,1.6310041857864803,0
2021-08-09 03:00:00,4,22,23,0,20.801616011522164,20.595975621095434,,3,0,22.699999999999999,0,0,0,1,0,0,27,1.1983839884778362,0
2021-08-09 04:00:00,4,21,22,0,21.61976084764391,24.068525349941183,,4,0,22.699999999999999,0,0,0,1,0,0,27,0.61976084764391004,0
2021-08-09 05:00:00,4,21,25,0,21.06064501868503,24.068525349941183,,5,0,22.699999999999999,0,0,0,1,0,0,27,0.060645018685029584,0
2021-08-09 06:00:00,4,20,20,0,20.988434619837722,20.219045374582603,,6,0,22.600000000000001,0,0,0,1,0,0,27,0.98843461983772229,0
2021-08-09 07:00:00,4,70,112,0,59.115001422954101,90.723181814164363,,7,10,22.5,0,0,0,1,0,0,27,10.884998577045899,0
2021-08-09 08:00:00,4,193,215,1,121.52534544886664,158.98851676135911,,8,749,23.600000000000001,0,0,0,1,1,0,27,71.474654551133355,0
2021-08-09 09:00:00,4,191,197,1,121.89833947121367,153.75151842708334,,9,773,25,0,1,0,1,0,0,27,69.101660528786326,0
2021-08-09 10:00:00,4,182,201,1,122.41246258934122,156.52180501875239,,10,408,26.5,0,1,0,1,0,0,27,59.587537410658783,0
2021-08-09 11:00:00,4,187,192,1,127.22053541129256,158.59708749309416,,11,1431,26.5,0,1,0,1,0,0,27,59.779464588707441,0
2021-08-09 12:00:00,4,129,144,0,105.37965458503027,127.54686430882862,,12,120,28.199999999999999,0,1,0,1,0,0,27,23.620345414969734,0
2021-08-09 13:00:00,4,182,200,1,125.57441269942831,150.82338688626504,,13,7569,29.199999999999999,0,1,0,1,0,1,27,56.425587300571692,0
2021-08-09 14:00:00,4,183,191,1,130.06072675478757,154.15325846843547,,14,3753,28.199999999999999,0,1,0,1,0,0,27,52.939273245212433,0
2021-08-09 15:00:00,4,167,183,0,129.02701996433791,154.3604709589801,,15,1087,28.699999999999999,0,1,0,1,0,0,27,37.97298003566209,0
2021-08-09 16:00:00,4,184,191,1,131.42533051688895,151.77673513962534,,16,1416,28.100000000000001,0,1,0,1,0,0,27,52.574669483111052,0
2021-08-09 17:00:00,4,146,169,0,128.88670839451149,150.94755557325152,,17,3120,27.5,0,1,0,1,0,0,27,17.113291605488513,0
2021-08-09 18:00:00,4,98,103,0,131.95510918714248,147.04472183097442,,18,0,26.100000000000001,0,0,0,1,0,0,27,33.955109187142483,0
2021-08-09 19:00:00,4,93,95,0,119.55638447694994,133.88810913044966,,19,0,25.399999999999999,0,0,0,1,0,0,27,26.556384476949944,0
2021-08-09 20:00:00,4,109,113,0,105.03694657370608,112.99974267310574,,20,36,24.800000000000001,0,0,0,1,0,0,27,3.963053426293925,0
2021-08-09 21:00:00,4,115,119,0,106.35452011399988,109.63190954692698,,21,114,23.300000000000001,0,0,0,1,0,0,27,8.6454798860001176,0
2021-08-09 22:00:00,4,109,112,0,97.933087228997664,104.82136852826758,,22,63,22,0,0,0,1,0,0,27,11.066912771002336,0
2021-08-09 23:00:00,4,98,108,0,92.656973876495442,103.69431069922727,,23,40,22,0,0,0,1,0,0,27,5.3430261235045577,0
2021-08-10 00:00:00,4,68,71,0,72.98097813230423,80.671373937391962,,0,0,22.100000000000001,0,0,0,0,0,0,215,4.9809781323042301,0
2021-08-10 01:00:00,4,99,104,0,95.487530644218296,108.77297899582325,,1,30,22.100000000000001,0,0,0,0,0,0,215,3.5124693557817039,0
2021-08-10 02:00:00,4,96,97,0,97.447943159516598,107.27211557272842,,2,435,21.899999999999999,0,0,0,0,0,0,215,1.4479431595165977,0
2021-08-10 03:00:00,4,98,104,0,97.783603940028499,107.90609859535391,,3,18,22,0,0,0,0,0,0,215,0.21639605997150113,0
2021-08-10 04:00:00,4,101,103,0,95.838500572359735,106.36320143764881,,4,88,22,0,0,0,0,0,0,215,5.1614994276402655,0
2021-08-10 05:00:00,4,85,99,0,87.590941460094712,106.58603369154696,,5,10,21.899999999999999,0,0,0,0,0,0,215,2.5909414600947116,0
2021-08-10 06:00:00,4,100,105,0,103.37577494782339,106.49194245201853,,6,194,21.800000000000001,0,0,0,0,0,0,215,3.3757749478233876,0
2021-08-10 07:00:00,4,128,138,0,122.44345709338208,147.03717488643991,,7,1883,22.5,187.30000000000001,0,0,0,0,0,215,5.5565429066179206,0
2021-08-10 08:00:00,4,183,195,1,166.00680469370209,176.64032968580034,,8,503,23.199999999999999,-0.32843791722296395,0,0,0,1,0,215,16.993195306297906,1
2021-08-10 09:00:00,4,185,193,1,159.49173699679,173.1507934903097,,9,1091,23.899999999999999,0.4113842173350582,1,0,0,0,0,215,25.508263003210004,0
2021-08-10 10:00:00,4,175,192,1,162.12382137336249,178.05779307394448,,10,1629,25,2.9926470588235294,1,0,0,0,0,215,12.876178626637511,1
2021-08-10 11:00:00,4,185,191,1,166.53360623867036,176.94508731704087,,11,1421,26.300000000000001,-0.0069881201956673656,1,0,0,0,0,215,18.466393761329641,1
2021-08-10 12:00:00,4,107,119,0,118.08898661964325,129.70513400611895,,12,0,26.899999999999999,-1,1,0,0,0,0,215,11.088986619643251,0
2021-08-10 13:00:00,4,181,190,1,163.67427433971119,181.85977856476217,,13,1199,26.5,-0.84159069890342186,1,0,0,0,1,215,17.325725660288811,1
2021-08-10 14:00:00,4,170,180,0,163.62967762937262,177.97633473197254,,14,1693,25.5,-0.5488942179589662,1,0,0,0,0,215,6.3703223706273775,1
2021-08-10 15:00:00,4,155,181,0,157.53461249285689,167.54098748722635,,15,687,25.399999999999999,-0.36798528058877644,1,0,0,0,0,215,2.5346124928568941,0
2021-08-10 16:00:00,4,169,182,0,162.58368516426316,172.8596792262266,,16,662,25.399999999999999,-0.53248587570621464,1,0,0,0,0,215,6.4163148357368414,0
2021-08-10 17:00:00,4,126,156,0,126.81621397081659,155.69392789689527,,17,518,24.899999999999999,-0.83397435897435901,1,0,0,0,0,215,0.81621397081659097,0
2021-08-10 18:00:00,4,165,168,0,136.26970288965339,159.36334371231101,,18,3333,24.5,0,0,0,0,0,0,215,28.730297110346612,0
2021-08-10 19:00:00,4,156,163,0,131.0077051783758,144.59001127743602,,19,1764,24.100000000000001,0,0,0,0,0,0,215,24.992294821624199,0
2021-08-10 20:00:00,4,129,135,0,115.45634545896819,124.34340490691905,,20,113,23.899999999999999,2.1388888888888888,0,0,0,0,0,215,13.543654541031813,0
2021-08-10 21:00:00,4,123,127,0,111.57319102355636,117.26931625115931,,21,149,23.899999999999999,0.30701754385964913,0,0,0,0,0,215,11.426808976443638,0
2021-08-10 22:00:00,4,106,114,0,105.22089427847571,113.78078833674635,,22,5,24.100000000000001,-0.92063492063492058,0,0,0,0,0,215,0.7791057215242887,0
2021-08-10 23:00:00,4,99,109,0,96.062464016073449,110.49465463058779,,23,0,23.5,-1,0,0,0,0,0,215,2.9375359839265514,0
2021-08-11 00:00:00,4,77,83,0,65.114897844996534,69.950020914788098,,0,0,23.199999999999999,0,0,0,0,0,0,215,11.885102155003466,0
2021-08-11 01:00:00,4,99,108,0,95.971485417319002,104.35893065148217,,1,54,23.399999999999999,0.80000000000000004,0,0,0,0,0,215,3.028514582680998,0
2021-08-11 02:00:00,4,109,114,0,96.293196678707972,103.28862382611187,,2,55,23.100000000000001,-0.87356321839080464,0,0,0,0,0,215,12.706803321292028,0
2021-08-11 03:00:00,4,104,113,0,95.759500024402783,104.09026054036156,,3,6,22.699999999999999,-0.66666666666666663,0,0,0,0,0,215,8.240499975597217,0
2021-08-11 04:00:00,4,111,116,0,99.194299463854691,103.52824529688095,,4,78,22.699999999999999,-0.11363636363636363,0,0,0,0,0,215,11.805700536145309,0
2021-08-11 05:00:00,4,92,105,0,87.493371097045653,102.18494827724798,,5,900,22.5,89,0,0,0,0,0,215,4.5066289029543469,0
2021-08-11 06:00:00,4,122,129,0,99.874455017592354,107.75790222540006,,6,69,23.300000000000001,-0.64432989690721654,0,0,0,0,0,215,22.125544982407646,0
2021-08-11 07:00:00,4,132,150,0,117.95029998558518,148.61722492710854,,7,527,26.100000000000001,-0.72012745618693574,0,0,0,0,0,215,14.049700014414825,0
2021-08-11 08:00:00,4,203,218,1,177.32396759376576,182.24348140633813,,8,783,25.600000000000001,0.55666003976143141,0,0,0,1,0,215,25.676032406234242,1
2021-08-11 09:00:00,4,179,189,1,177.81399994471917,183.24894223378942,,9,885,27.300000000000001,-0.18881759853345553,1,0,0,0,0,215,1.1860000552808287,1
2021-08-11 10:00:00,4,183,192,1,170.23373727207633,187.44891590629976,,10,4050,28.600000000000001,1.4861878453038675,1,0,0,0,0,215,12.766262727923674,1
2021-08-11 11:00:00,4,184,192,1,172.11735439181362,185.76676116759967,,11,1856,27.600000000000001,0.30612244897959184,1,0,0,0,0,215,11.88264560818638,1
2021-08-11 12:00:00,4,113,132,0,125.74434022244874,131.74971268595226,,12,187,29.399999999999999,0,1,0,0,0,0,215,12.744340222448741,0
2021-08-11 13:00:00,4,183,205,1,168.79020837889578,185.27440139125846,,13,500,28.699999999999999,-0.58298582151793166,1,0,0,0,1,215,14.209791621104216,1
2021-08-11 14:00:00,4,187,207,1,170.80494713323793,183.48232844195584,,14,979,28.399999999999999,-0.4217365623154164,1,0,0,0,0,215,16.195052866762069,1
2021-08-11 15:00:00,4,153,177,0,156.66368453564661,175.20125320650737,,15,1734,28.699999999999999,1.5240174672489082,1,0,0,0,0,215,3.6636845356466097,1
2021-08-11 16:00:00,4,182,187,1,166.31816611547353,174.98736756950692,,16,330,27,-0.50151057401812693,1,0,0,0,0,215,15.681833884526469,1
2021-08-11 17:00:00,4,151,177,0,126.74858168627172,161.1411211111585,,17,251,25.699999999999999,-0.51544401544401541,1,0,0,0,0,215,24.25141831372828,0
2021-08-11 18:00:00,4,180,194,1,144.47830810497962,167.86038785967057,,18,2420,25.199999999999999,-0.27392739273927391,0,0,0,0,0,215,35.521691895020382,0
2021-08-11 19:00:00,4,150,163,0,134.70461258100812,153.08924096170631,,19,3724,24.399999999999999,1.1111111111111112,0,0,0,0,0,215,15.295387418991879,0
2021-08-11 20:00:00,4,125,128,0,108.13546240296877,118.98588270930793,,20,6,23.899999999999999,-0.94690265486725667,0,0,0,0,0,215,16.86453759703123,0
2021-08-11 21:00:00,4,108,115,0,105.93644365308513,113.97397455076239,,21,69,23.100000000000001,-0.53691275167785235,0,0,0,0,0,215,2.063556346914865,0
2021-08-11 22:00:00,4,110,116,0,104.70974891894176,113.34205203731722,,22,98,23.199999999999999,18.600000000000001,0,0,0,0,0,215,5.2902510810582442,0
2021-08-11 23:00:00,4,99,109,0,94.299967818384374,109.24615789855461,,23,26,22.600000000000001,0,0,0,0,0,0,215,4.7000321816156259,0
2021-08-12 00:00:00,4,76,81,0,64.813963095366461,71.573768203234863,,0,0,21.899999999999999,0,0,0,0,0,0,218,11.186036904633539,0
2021-08-12 01:00:00,4,105,115,0,96.838941905590033,111.21828365359264,,1,139,21.800000000000001,1.5740740740740742,0,0,0,0,0,218,8.1610580944099667,0
2021-08-12 02:00:00,4,108,110,0,103.51595542331371,116.40511952997973,,2,108,21.399999999999999,0.96363636363636362,0,0,0,0,0,218,4.4840445766862871,0
2021-08-12 03:00:00,4,104,110,0,99.838433060626301,116.24330527489754,,3,191,20.899999999999999,30.833333333333332,0,0,0,0,0,218,4.1615669393736994,0
2021-08-12 04:00:00,4,107,114,0,106.17639700627798,117.72454478835861,,4,108,21.399999999999999,0.38461538461538464,0,0,0,0,0,218,0.82360299372201951,0
2021-08-12 05:00:00,4,89,103,0,92.282693064386251,107.59723844520116,,5,459,21.5,-0.48999999999999999,0,0,0,0,0,218,3.2826930643862511,0
2021-08-12 06:00:00,4,114,117,0,112.80557884906081,119.27183946030914,,6,300,22.399999999999999,3.347826086956522,0,0,0,0,0,218,1.194421150939192,0
2021-08-12 07:00:00,4,130,149,0,119.99591155133062,144.66878475307732,,7,702,23.600000000000001,0.33206831119544594,0,0,0,0,0,218,10.004088448669378,0
2021-08-12 08:00:00,4,187,196,1,179.94481454621922,184.93673112113865,,8,1250,25.300000000000001,0.59642401021711366,0,0,0,1,0,218,7.0551854537807799,1
2021-08-12 09:00:00,4,181,189,1,174.40191923522161,185.42882311032102,,9,1195,28.100000000000001,0.35028248587570621,1,0,0,0,0,218,6.5980807647783877,1
2021-08-12 10:00:00,4,177,186,0,174.54660237599984,186.71517673400317,,10,990,28.800000000000001,-0.75555555555555554,1,0,0,0,0,218,2.4533976240001607,1
2021-08-12 11:00:00,4,188,199,1,177.34630446780187,184.86854730855421,,11,1075,28.199999999999999,-0.42079741379310343,1,0,0,0,0,218,10.653695532198128,1
2021-08-12 12:00:00,4,120,133,0,105.48353425030569,122.81973429594305,,12,85,27.600000000000001,-0.54545454545454541,1,0,0,0,0,218,14.516465749694305,0
2021-08-12 13:00:00,4,170,191,1,174.72008097723426,193.23534470433503,,13,1315,28.199999999999999,1.6299999999999999,1,0,0,0,1,218,4.7200809772342609,1
2021-08-12 14:00:00,4,184,193,1,166.41406683572123,180.78676997959715,,14,1222,28,0.24821246169560776,1,0,0,0,0,218,17.585933164278771,1
2021-08-12 15:00:00,4,165,197,1,158.19624068763636,172.16075482559066,,15,768,27.100000000000001,-0.55709342560553632,1,0,0,0,0,218,6.8037593123636384,0
2021-08-12 16:00:00,4,170,176,0,159.05460946047913,173.49283681632676,,16,6810,26.699999999999999,19.636363636363637,1,0,0,0,0,218,10.945390539520872,0
2021-08-12 17:00:00,4,135,160,0,129.26035565119707,162.75592009144654,,17,635,26.100000000000001,1.5298804780876494,1,0,0,0,0,218,5.7396443488029263,0
2021-08-12 18:00:00,4,172,177,0,142.27458010160836,159.81349858419838,,18,1081,25.800000000000001,-0.55330578512396689,0,0,0,0,0,218,29.725419898391635,0
2021-08-12 19:00:00,4,161,182,0,133.35908918494192,153.26786565738232,,19,3692,25.399999999999999,-0.0085929108485499461,0,0,0,0,0,218,27.640910815058078,0
2021-08-12 20:00:00,4,125,127,0,115.67916901894596,123.46268554416322,,20,114,24.300000000000001,18,0,0,0,0,0,218,9.3208309810540442,0
2021-08-12 21:00:00,4,112,114,0,114.01894235203495,122.28242228603571,,21,0,24.199999999999999,-1,0,0,0,0,0,218,2.018942352034955,0
2021-08-12 22:00:00,4,116,122,0,104.40949728154142,113.30084429835668,,22,0,24.100000000000001,-1,0,0,0,0,0,218,11.59050271845858,0
2021-08-12 23:00:00,4,103,118,0,95.336816249780142,113.32203034884878,,23,100,23.899999999999999,2.8461538461538463,0,0,0,0,0,218,7.6631837502198579,0
2021-08-13 00:00:00,4,72,79,0,73.618309770010896,76.36343092029017,,0,137,23.899999999999999,0,0,0,0,0,0,218,1.6183097700108959,0
2021-08-13 01:00:00,4,100,105,0,98.165440606927532,110.8574592740315,,1,45,23.699999999999999,-0.67625899280575541,0,0,0,0,0,218,1.8345593930724675,0
2021-08-13 02:00:00,4,112,117,0,100.51608332425535,110.01396391887043,,2,100,23.699999999999999,-0.07407407407407407,0,0,0,0,0,218,11.483916675744652,0
2021-08-13 03:00:00,4,116,120,0,99.221006009186056,108.86667432405596,,3,190,23.300000000000001,-0.005235602094240838,0,0,0,0,0,218,16.778993990813944,0
2021-08-13 04:00:00,4,110,116,0,99.144101519155029,109.76125176660493,,4,97,23.399999999999999,-0.10185185185185185,0,0,0,0,0,218,10.855898480844971,0
2021-08-13 05:00:00,4,88,108,0,88.576736723019977,101.42309054114871,,5,0,23.100000000000001,-1,0,0,0,0,0,218,0.57673672301997669,0
2021-08-13 06:00:00,4,110,116,0,113.52838499887977,119.4049831504438,,6,831,23.199999999999999,1.77,0,0,0,0,0,218,3.5283849988797726,0
2021-08-13 07:00:00,4,136,166,0,122.17736789952147,146.44872505846675,,7,352,23.899999999999999,-0.4985754985754986,0,0,0,0,0,218,13.822632100478529,0
2021-08-13 08:00:00,4,196,207,1,178.8192104291613,186.15704775151121,,8,1107,24.899999999999999,-0.1144,0,0,0,1,0,218,17.180789570838698,1
2021-08-13 09:00:00,4,188,191,1,171.76007428156763,177.86482031187037,,9,1246,25.699999999999999,0.042677824267782424,1,0,0,0,0,218,16.239925718432374,1
2021-08-13 10:00:00,4,184,201,1,169.30478844823469,178.21065200223015,,10,1023,23.600000000000001,0.033333333333333333,1,0,0,0,0,218,14.695211551765311,1
2021-08-13 11:00:00,4,196,204,1,174.09937256842701,182.01519720162793,,11,1809,25.100000000000001,0.68279069767441858,1,0,0,0,0,218,21.900627431572985,1
2021-08-13 12:00:00,4,111,134,0,107.15670664206371,119.04249148973433,,12,30,25.699999999999999,-0.6470588235294118,1,0,0,0,0,218,3.8432933579362896,0
2021-08-13 13:00:00,4,183,195,1,169.16454909758093,181.71513971877235,,13,1393,25.899999999999999,0.059315589353612169,1,0,0,0,1,218,13.835450902419069,1
2021-08-13 14:00:00,4,189,200,1,176.42252535065953,184.66194036291307,,14,1512,26.399999999999999,0.23731587561374795,1,0,0,0,0,218,12.577474649340473,1
2021-08-13 15:00:00,4,167,195,1,161.722976139937,177.82265593304115,,15,1316,26.199999999999999,0.71354166666666663,1,0,0,0,0,218,5.2770238600629966,1
2021-08-13 16:00:00,4,183,186,0,169.6970122711775,175.55524564865368,,16,1055,25.5,-0.84508076358296624,1,0,0,0,0,218,13.302987728822501,1
2021-08-13 17:00:00,4,149,176,0,130.91309587407537,160.9037552865606,,17,770,25.199999999999999,0.2125984251968504,1,0,0,0,0,218,18.086904125924633,0
2021-08-13 18:00:00,4,174,177,0,155.62344634452515,167.24316684359857,,18,1523,24.699999999999999,0.40888066604995377,0,0,0,0,0,218,18.376553655474851,0
2021-08-13 19:00:00,4,146,168,0,136.26907383354245,150.81642600047434,,19,2206,24.699999999999999,-0.40249187432286027,0,0,0,0,0,218,9.7309261664575502,0
2021-08-13 20:00:00,4,117,125,0,112.43104472733907,118.90314913903413,,20,0,24.800000000000001,-1,0,0,0,0,0,218,4.5689552726609293,0
2021-08-13 21:00:00,4,113,119,0,110.23763588327932,115.28590416879979,,21,55,24.600000000000001,0,0,0,0,0,0,218,2.7623641167206756,0
2021-08-13 22:00:00,4,109,118,0,102.60775880879419,108.56668576798123,,22,832,24.300000000000001,0,0,0,0,0,0,218,6.3922411912058124,0
2021-08-13 23:00:00,4,97,116,0,94.45490550722873,107.6907037393007,,23,39,24,-0.60999999999999999,0,0,0,0,0,218,2.5450944927712698,0
2021-08-14 00:00:00,4,62,67,0,22.552070273730248,22.506985132248325,,0,0,24,-1,0,0,0,0,0,218,39.447929726269749,0
2021-08-14 01:00:00,4,97,106,0,95.673075568855111,105.57935251147917,,1,237,24.300000000000001,4.2666666666666666,0,0,0,0,0,218,1.3269244311448887,0
2021-08-14 02:00:00,4,107,108,0,102.22985714499275,109.63582952440798,,2,61,24.199999999999999,-0.39000000000000001,0,0,0,0,0,218,4.7701428550072507,0
2021-08-14 03:00:00,4,91,98,0,102.53337320826903,110.14687119126749,,3,61,23.300000000000001,-0.67894736842105263,0,0,0,0,0,218,11.533373208269026,0
2021-08-14 04:00:00,4,98,100,0,100.68974868488009,107.77790965910638,,4,40,23.199999999999999,-0.58762886597938147,0,0,0,0,0,218,2.6897486848800867,0
2021-08-14 05:00:00,4,83,91,0,87.190875162202403,106.17630455006098,,5,198,23.199999999999999,0,0,0,0,0,0,218,4.1908751622024027,0
2021-08-14 06:00:00,4,86,91,0,104.09669395913873,111.35411297817781,,6,136,22.600000000000001,-0.83634175691937429,0,0,0,0,0,218,18.096693959138733,0
2021-08-14 07:00:00,4,53,75,0,117.0084166687996,146.09618782910104,,7,796,22.199999999999999,1.2613636363636365,0,0,0,0,0,218,64.008416668799597,0
2021-08-14 08:00:00,4,23,26,0,22.561286111459214,24.29072494385732,,8,0,22.199999999999999,-1,0,0,0,1,0,218,0.43871388854078575,0
2021-08-14 09:00:00,4,22,23,0,22.618218007825465,23.412724374293624,,9,0,22.100000000000001,-1,1,0,0,0,0,218,0.61821800782546532,0
2021-08-14 10:00:00,4,21,21,0,22.123813115206232,23.742741882163777,,10,0,22.899999999999999,-1,1,0,0,0,0,218,1.1238131152062323,0
2021-08-14 11:00:00,4,23,26,0,22.131989699223233,23.790852301612922,,11,0,22.899999999999999,-1,1,0,0,0,0,218,0.868010300776767,0
2021-08-14 12:00:00,4,22,23,0,23.102974153650266,24.516495253575183,,12,0,22.699999999999999,-1,1,0,0,0,0,218,1.1029741536502655,0
2021-08-14 13:00:00,4,21,21,0,22.072614033236455,23.422532744223105,,13,0,23.699999999999999,-1,1,0,0,0,1,218,1.0726140332364551,0
2021-08-14 14:00:00,4,22,22,0,22.022615141321346,23.424420129777218,,14,0,24.199999999999999,-1,1,0,0,0,0,218,0.022615141321345789,0
2021-08-14 15:00:00,4,23,26,0,21.464598794727031,24.741008130241468,,15,0,24.800000000000001,-1,1,0,0,0,0,218,1.5354012052729686,0
2021-08-14 16:00:00,4,22,22,0,22.942883312594041,23.563859342793069,,16,0,25.5,-1,1,0,0,0,0,218,0.94288331259404146,0
2021-08-14 17:00:00,4,21,22,0,22.140503743144365,23.6240964307955,,17,0,24.5,-1,1,0,0,0,0,218,1.1405037431443645,0
2021-08-14 18:00:00,4,22,24,0,22.031620083487127,23.464111406873375,,18,0,24.100000000000001,-1,0,0,0,0,0,218,0.031620083487126749,0
2021-08-14 19:00:00,4,23,26,0,22.629602533018367,23.507567260898274,,19,0,23.5,-1,0,0,0,0,0,218,0.37039746698163256,0
2021-08-14 20:00:00,4,22,22,0,23.032628538700791,24.179235266641701,,20,0,22.600000000000001,0,0,0,0,0,0,218,1.0326285387007914,0
2021-08-14 21:00:00,4,22,23,0,23.127518824567971,24.118104659247326,,21,0,22.399999999999999,-1,0,0,0,0,0,218,1.1275188245679715,0
2021-08-14 22:00:00,4,23,25,0,22.431737307968859,23.000039163399343,,22,0,22.5,-1,0,0,0,0,0,218,0.56826269203114066,0
2021-08-14 23:00:00,4,22,22,0,22.885776374844994,23.34907517721863,,23,0,22.300000000000001,-1,0,0,0,0,0,218,0.88577637484499405,0
2021-08-15 00:00:00,4,22,22,0,22.657475742791576,23.73946467082424,,0,0,22.199999999999999,0,0,1,0,0,0,218,0.65747574279157561,0
2021-08-15 01:00:00,4,23,28,0,22.46106035723971,23.55085593269089,,1,0,22.300000000000001,-1,0,1,0,0,0,218,0.53893964276029038,0
2021-08-15 02:00:00,4,22,24,0,22.674418990283328,23.753620589551101,,2,0,22.5,-1,0,1,0,0,0,218,0.67441899028332841,0
2021-08-15 03:00:00,4,21,22,0,22.546283465520791,23.470190718806592,,3,0,22.199999999999999,-1,0,1,0,0,0,218,1.5462834655207907,0
2021-08-15 04:00:00,4,22,22,0,22.720991850606858,23.885412188037382,,4,0,22,-1,0,1,0,0,0,218,0.72099185060685755,0
2021-08-15 05:00:00,4,23,25,0,21.991763521740857,23.72495571614995,,5,0,21.800000000000001,-1,0,1,0,0,0,218,1.0082364782591426,0
2021-08-15 06:00:00,4,22,22,0,21.897535772890159,22.845120305613932,,6,0,22.399999999999999,-1,0,1,0,0,0,218,0.10246422710984149,0
2021-08-15 07:00:00,4,21,21,0,22.721548192910124,23.494177539958056,,7,0,23.899999999999999,-1,0,1,0,0,0,218,1.7215481929101237,0
2021-08-15 08:00:00,4,23,26,0,22.045404469817846,23.910197319748651,,8,0,24.5,0,0,1,0,1,0,218,0.9545955301821536,0
2021-08-15 09:00:00,4,23,24,0,22.104716248703973,23.883662698931449,,9,0,25.199999999999999,0,1,1,0,0,0,218,0.89528375129602722,0
2021-08-15 10:00:00,4,21,21,0,22.78680513778103,23.921432793840022,,10,0,24.899999999999999,0,1,1,0,0,0,218,1.7868051377810303,0
2021-08-15 11:00:00,4,22,22,0,21.86831847061967,23.793769613040528,,11,0,23.899999999999999,0,1,1,0,0,0,218,0.13168152938033018,0
2021-08-15 12:00:00,4,23,26,0,22.164688768680193,24.236981921395113,,12,0,23.100000000000001,0,1,1,0,0,0,218,0.83531123131980678,0
2021-08-15 13:00:00,4,22,22,0,21.652379743680534,23.207851557015321,,13,0,24.600000000000001,0,1,1,0,0,1,218,0.34762025631946614,0
2021-08-15 14:00:00,4,22,22,0,22.736979620690377,24.463301457522096,,14,0,24.600000000000001,0,1,1,0,0,0,218,0.73697962069037715,0
2021-08-15 15:00:00,4,21,21,0,21.831599793231518,23.969963517694655,,15,0,23.300000000000001,0,1,1,0,0,0,218,0.83159979323151845,0
2021-08-15 16:00:00,4,23,25,0,21.931932070877131,24.16906586259493,,16,0,22.899999999999999,0,1,1,0,0,0,218,1.0680679291228685,0
2021-08-15 17:00:00,4,22,22,0,22.778843672360729,23.627646514287079,,17,0,23.300000000000001,0,1,1,0,0,0,218,0.77884367236072904,0
2021-08-15 18:00:00,4,21,21,0,22.517511563207638,23.279552818138008,,18,0,23,0,0,1,0,0,0,218,1.5175115632076377,0
2021-08-15 19:00:00,4,23,25,0,21.713131418630809,23.766663104815965,,19,0,22,0,0,1,0,0,0,218,1.2868685813691911,0
2021-08-15 20:00:00,4,22,22,0,22.073525783718978,23.094658003874869,,20,0,22.300000000000001,0,0,1,0,0,0,218,0.073525783718977777,0
2021-08-15 21:00:00,4,22,22,0,23.335804938628993,24.437129037479174,,21,0,22.5,0,0,1,0,0,0,218,1.3358049386289927,0
2021-08-15 22:00:00,4,23,24,0,22.066296216469276,23.670742733748682,,22,0,22.600000000000001,0,0,1,0,0,0,218,0.93370378353072425,0
2021-08-15 23:00:00,4,23,25,0,22.34003257499586,23.574548267863491,,23,0,22.300000000000001,0,0,1,0,0,0,218,0.6599674250041403,0
2021-08-16 00:00:00,4,22,22,0,22.441982375075533,24.901606300325014,,0,0,22,0,0,0,1,0,0,218,0.44198237507553273,0
2021-08-16 01:00:00,4,21,23,0,22.834136112074496,23.49940119483659,,1,0,21.800000000000001,0,0,0,1,0,0,218,1.8341361120744963,0
2021-08-16 02:00:00,4,23,26,0,22.576120677115924,25.039985601602051,,2,0,21.600000000000001,0,0,0,1,0,0,218,0.42387932288407626,0
2021-08-16 03:00:00,4,21,21,0,22.949104262665159,23.914615393914559,,3,0,21.300000000000001,0,0,0,1,0,0,218,1.9491042626651591,0
2021-08-16 04:00:00,4,22,22,0,22.010404112853777,23.75880876755414,,4,0,21.300000000000001,0,0,0,1,0,0,218,0.010404112853777292,0
2021-08-16 05:00:00,4,22,22,0,21.422389899533783,23.342108585795142,,5,0,21.5,0,0,0,1,0,0,218,0.57761010046621664,0
2021-08-16 06:00:00,4,23,26,0,21.996675251041957,25.171019509846868,,6,0,22.199999999999999,0,0,0,1,0,0,218,1.0033247489580432,0
2021-08-16 07:00:00,4,60,122,0,59.858080267013385,101.79486256906128,,7,27,22.600000000000001,0,0,0,1,0,0,218,0.14191973298661509,0
2021-08-16 08:00:00,4,174,183,0,180.51093513549037,201.58105332741414,,8,566,23.100000000000001,0,0,0,1,1,0,218,6.5109351354903708,1
2021-08-16 09:00:00,4,183,190,1,182.08974675696859,193.20703690144299,,9,642,25.399999999999999,0,1,0,1,0,0,218,0.91025324303140565,1
2021-08-16 10:00:00,4,144,157,0,172.9640988348614,187.28640752117471,,10,1720,25.5,0,1,0,1,0,0,218,28.964098834861403,1
2021-08-16 11:00:00,4,155,157,0,183.609832526877,192.90993606317278,,11,1472,26.199999999999999,0,1,0,1,0,0,218,28.609832526877,1
2021-08-16 12:00:00,4,97,107,0,139.24403358208383,148.84850172649658,,12,0,26.300000000000001,0,1,0,1,0,0,218,42.24403358208383,0
2021-08-16 13:00:00,4,153,157,0,177.15573638635064,190.02332970941589,,13,1404,26.100000000000001,0,1,0,1,0,1,218,24.15573638635064,1
2021-08-16 14:00:00,4,146,153,0,174.6847343296763,185.38761881600968,,14,1828,25.899999999999999,0,1,0,1,0,0,218,28.684734329676303,1
2021-08-16 15:00:00,4,133,146,0,167.09070242237485,186.06569313255662,,15,547,25,0,1,0,1,0,0,218,34.090702422374846,1
2021-08-16 16:00:00,4,116,125,0,163.8932762168543,174.36810638954231,,16,1490,24.699999999999999,0,1,0,1,0,0,218,47.893276216854304,1
2021-08-16 17:00:00,4,100,105,0,137.98346685820584,162.0987465009587,,17,0,24.600000000000001,0,1,0,1,0,0,218,37.983466858205844,0
2021-08-16 18:00:00,4,92,94,0,139.97985370705564,150.88072792975476,,18,22,23.899999999999999,0,0,0,1,0,0,218,47.979853707055639,0
2021-08-16 19:00:00,4,89,95,0,127.4658155394105,138.58722095193042,,19,31,23.5,0,0,0,1,0,0,218,38.465815539410499,0
2021-08-16 20:00:00,4,98,102,0,117.24294089251595,125.27571845938753,,20,130,23,0,0,0,1,0,0,218,19.242940892515946,0
2021-08-16 21:00:00,4,112,116,0,118.15766753272601,124.8384214632933,,21,138,23.199999999999999,0,0,0,1,0,0,218,6.1576675327260091,0
2021-08-16 22:00:00,4,95,102,0,105.91345506359536,114.83029487505556,,22,35,23,0,0,0,1,0,0,218,10.913455063595364,0
2021-08-16 23:00:00,4,96,102,0,102.60677183374705,115.14691390153322,,23,186,23.199999999999999,0,0,0,1,0,0,218,6.6067718337470467,0
2021-08-17 00:00:00,4,70,71,0,66.770281852756838,69.027887960132048,,0,141,22.699999999999999,0,0,0,0,0,0,218,3.2297181472431618,0
2021-08-17 01:00:00,4,96,100,0,105.2436484338092,106.31407796527451,,1,267,22.899999999999999,0,0,0,0,0,0,218,9.2436484338091987,0
2021-08-17 02:00:00,4,98,101,0,105.78846203217103,108.47867237909109,,2,238,22.5,0,0,0,0,0,0,218,7.7884620321710258,0
2021-08-17 03:00:00,4,92,99,0,105.56175073732467,108.58710194230262,,3,127,23.100000000000001,0,0,0,0,0,0,218,13.561750737324672,0
2021-08-17 04:00:00,4,93,98,0,104.75304425098605,108.86280655637442,,4,36,23.300000000000001,0,0,0,0,0,0,218,11.753044250986051,0
2021-08-17 05:00:00,4,86,103,0,88.562768303183844,104.58107691604265,,5,86,22.899999999999999,0,0,0,0,0,0,218,2.5627683031838444,0
2021-08-17 06:00:00,4,94,96,0,108.31257494135355,108.91595561383822,,6,290,22.100000000000001,0,0,0,0,0,0,218,14.312574941353546,0
2021-08-17 07:00:00,4,125,146,0,130.3611623620528,146.24618245244159,,7,1761,21.899999999999999,64.222222222222229,0,0,0,0,0,218,5.3611623620527951,0
2021-08-17 08:00:00,4,164,171,0,173.61641821440276,181.48274745108458,,8,930,22.399999999999999,0.64310954063604242,0,0,0,1,0,218,9.6164182144027563,1
2021-08-17 09:00:00,4,163,170,0,175.65898354355335,177.86290828900965,,9,1618,21.399999999999999,1.5202492211838006,1,0,0,0,0,218,12.658983543553347,1
2021-08-17 10:00:00,4,153,165,0,165.44317793723815,181.55667462883065,,10,1182,21.399999999999999,-0.31279069767441858,1,0,0,0,0,218,12.443177937238147,1
2021-08-17 11:00:00,4,169,173,0,173.18056220612897,187.10558349255939,,11,1144,22.300000000000001,-0.22282608695652173,1,0,0,0,0,218,4.1805622061289682,1
2021-08-17 12:00:00,4,110,134,0,109.28113766085387,130.55892979484247,,12,0,22.100000000000001,0,1,0,0,0,0,218,0.71886233914612774,0
2021-08-17 13:00:00,4,162,164,0,168.56686940880672,178.84343414703062,,13,2870,22.199999999999999,1.0441595441595442,1,0,0,0,1,218,6.5668694088067241,1
2021-08-17 14:00:00,4,161,164,0,166.63703426578991,176.35866854484499,,14,1412,22.699999999999999,-0.2275711159737418,1,0,0,0,0,218,5.6370342657899073,1
2021-08-17 15:00:00,4,150,168,0,154.07080649432302,170.70982612122708,,15,7913,23.199999999999999,13.466179159049361,1,0,0,0,0,218,4.0708064943230227,0
2021-08-17 16:00:00,4,152,158,0,158.44707414624497,169.6340189444837,,16,3108,23.5,1.0859060402684564,1,0,0,0,0,218,6.4470741462449723,0
2021-08-17 17:00:00,4,113,135,0,129.54618752437418,159.55022616962944,,17,540,23.100000000000001,0,1,0,0,0,0,218,16.546187524374176,0
2021-08-17 18:00:00,4,149,158,0,150.85258258419896,162.48173384172421,,18,1575,23.199999999999999,70.590909090909093,0,0,0,0,0,218,1.8525825841989558,0
2021-08-17 19:00:00,4,138,143,0,142.15975218212031,159.69892296325989,,19,3586,22.600000000000001,114.6774193548387,0,0,0,0,0,218,4.1597521821203145,0
2021-08-17 20:00:00,4,120,128,0,125.1726832145888,131.14417591529542,,20,116,21.899999999999999,-0.1076923076923077,0,0,0,0,0,218,5.1726832145888011,0
2021-08-17 21:00:00,4,118,121,0,123.34278818563315,130.54072959222742,,21,154,21.600000000000001,0.11594202898550725,0,0,0,0,0,218,5.3427881856331538,0
2021-08-17 22:00:00,4,110,118,0,105.89132582153053,117.02612871923944,,22,58,21.5,0.65714285714285714,0,0,0,0,0,218,4.1086741784694709,0
2021-08-17 23:00:00,4,104,118,0,102.90057853657908,114.60213924054212,,23,127,21.600000000000001,-0.31720430107526881,0,0,0,0,0,218,1.0994214634209243,0
2021-08-18 00:00:00,5,65,66,0,66.543745312246557,72.796598794405597,,0,4,21.399999999999999,-0.97163120567375882,0,0,0,0,0,218,1.543745312246557,0
2021-08-18 01:00:00,5,95,105,0,101.113818871272,107.97801281539309,,1,270,21.399999999999999,0.011235955056179775,0,0,0,0,0,218,6.1138188712720023,0
2021-08-18 02:00:00,5,103,105,0,102.08601546850801,108.53763607360258,,2,344,21.5,0.44537815126050423,0,0,0,0,0,218,0.91398453149199099,0
2021-08-18 03:00:00,5,91,101,0,99.541342900971571,108.00395019584283,,3,247,21.800000000000001,0.94488188976377951,0,0,0,0,0,218,8.5413429009715713,0
2021-08-18 04:00:00,5,95,99,0,103.0025319337103,108.08726399699697,,4,455,21.699999999999999,11.638888888888889,0,0,0,0,0,218,8.0025319337103014,0
2021-08-18 05:00:00,5,83,98,0,87.535007661213001,105.42175479820595,,5,105,21.5,0.22093023255813954,0,0,0,0,0,218,4.535007661213001,0
2021-08-18 06:00:00,5,101,107,0,103.21024748731469,116.47992936460037,,6,127,22.199999999999999,-0.56206896551724139,0,0,0,0,0,218,2.2102474873146889,0
2021-08-18 07:00:00,5,125,146,0,123.84273593973923,143.5164911570555,,7,1144,22.800000000000001,-0.35036910846110164,0,0,0,0,0,218,1.157264060260772,0
2021-08-18 08:00:00,5,163,174,0,171.45056012642181,191.25723382564058,,8,1358,23.699999999999999,0.46021505376344085,0,0,0,1,0,218,8.4505601264218058,1
2021-08-18 09:00:00,5,169,172,0,167.77119820035185,174.43154920104152,,9,835,24,-0.48393077873918416,1,0,0,0,0,218,1.2288017996481528,1
2021-08-18 10:00:00,5,159,176,0,157.84918421235514,171.59351563558556,,10,1429,23.199999999999999,0.20896785109983079,1,0,0,0,0,218,1.1508157876448593,0
2021-08-18 11:00:00,5,173,183,0,160.7837009444882,171.98262887592824,,11,2090,23.300000000000001,0.82692307692307687,1,0,0,0,0,218,12.216299055511797,0
2021-08-18 12:00:00,5,102,120,0,103.82976165091357,122.25093883608126,,12,1015,24.199999999999999,0,1,0,0,0,0,218,1.8297616509135679,0
2021-08-18 13:00:00,5,171,177,0,163.99106952909196,174.48711141212669,,13,565,24.300000000000001,-0.80313588850174211,1,0,0,0,1,218,7.0089304709080409,1
2021-08-18 14:00:00,5,179,185,0,162.60590942415112,173.04340430762568,,14,1872,24.899999999999999,0.32577903682719545,1,0,0,0,0,218,16.394090575848878,0
2021-08-18 15:00:00,5,170,184,0,149.84239610838031,162.49105133976019,,15,1482,24.399999999999999,-0.81271325666624539,1,0,0,0,0,218,20.157603891619686,0
2021-08-18 16:00:00,5,166,188,1,151.92154523632664,162.70807805184432,,16,1933,23.5,-0.37805662805662804,1,0,0,0,0,218,14.078454763673363,0
2021-08-18 17:00:00,5,141,186,0,127.17409288399801,158.00456585450337,,17,558,23.199999999999999,0.033333333333333333,1,0,0,0,0,218,13.825907116001986,0
2021-08-18 18:00:00,5,164,174,0,147.83666692473878,158.13413294981927,,18,1633,23.399999999999999,0.036825396825396824,0,0,0,0,0,218,16.163333075261221,0
2021-08-18 19:00:00,5,143,158,0,139.23050573356738,156.85913694042711,,19,2203,22.399999999999999,-0.38566648075850529,0,0,0,0,0,218,3.7694942664326163,0
2021-08-18 20:00:00,5,120,124,0,114.17548507125379,122.32050788964318,,20,100,22.399999999999999,-0.13793103448275862,0,0,0,0,0,218,5.8245149287462112,0
2021-08-18 21:00:00,5,115,123,0,110.66174609548985,114.2698329632174,,21,56,23.100000000000001,-0.63636363636363635,0,0,0,0,0,218,4.3382539045101538,0
2021-08-18 22:00:00,5,112,125,0,105.13587417331043,111.40802004630163,,22,102,22.199999999999999,0.75862068965517238,0,0,0,0,0,218,6.8641258266895733,0
2021-08-18 23:00:00,5,105,112,0,101.22788575750546,109.03923718186502,,23,136,22.699999999999999,0.070866141732283464,0,0,0,0,0,218,3.7721142424945384,0
2021-08-19 00:00:00,5,71,77,0,73.519025322634121,79.027318668746403,,0,53,22.699999999999999,12.25,0,0,0,0,0,207,2.5190253226341213,0
2021-08-19 01:00:00,5,102,114,0,100.69347750242437,110.58738353675885,,1,85,22.600000000000001,-0.68518518518518523,0,0,0,0,0,207,1.306522497575628,0
2021-08-19 02:00:00,5,109,116,0,103.70595678763232,109.96469130184173,,2,173,22.699999999999999,-0.49709302325581395,0,0,0,0,0,207,5.2940432123676828,0
2021-08-19 03:00:00,5,109,119,0,97.168930279042456,110.21304093326093,,3,60,22.699999999999999,-0.75708502024291502,0,0,0,0,0,207,11.831069720957544,0
2021-08-19 04:00:00,5,104,108,0,102.59129734142422,110.58393686689121,,4,114,22.199999999999999,-0.74945054945054945,0,0,0,0,0,207,1.4087026585757769,0
2021-08-19 05:00:00,5,88,106,0,88.57046854770536,105.27857974633599,,5,399,22.199999999999999,2.7999999999999998,0,0,0,0,0,207,0.57046854770536015,0
2021-08-19 06:00:00,5,109,119,0,107.76740253126287,115.14006939598423,,6,459,22.399999999999999,2.6141732283464565,0,0,0,0,0,207,1.2325974687371257,0
2021-08-19 07:00:00,5,123,143,0,126.87358599734286,144.66871316108615,,7,745,23.300000000000001,-0.3487762237762238,0,0,0,0,0,207,3.8735859973428575,0
2021-08-19 08:00:00,5,174,185,0,170.66731260641134,181.35720347214442,,8,670,23.899999999999999,-0.50662739322533135,0,0,0,1,0,207,3.3326873935886567,1
2021-08-19 09:00:00,5,174,182,0,171.38791146011184,182.06495541185211,,9,942,24.600000000000001,0.1281437125748503,1,0,0,0,0,207,2.6120885398881626,1
2021-08-19 10:00:00,5,163,177,0,165.55942749411469,178.97772282640165,,10,1599,24.300000000000001,0.11896431070678797,1,0,0,0,0,207,2.5594274941146864,1
2021-08-19 11:00:00,5,177,188,1,176.43763733447258,181.50486613731593,,11,2542,25.199999999999999,0.21626794258373205,1,0,0,0,0,207,0.56236266552741654,1
2021-08-19 12:00:00,5,105,120,0,108.0866665239046,126.59342362166318,,12,380,25.300000000000001,-0.62561576354679804,1,0,0,0,0,207,3.0866665239045972,0
2021-08-19 13:00:00,5,168,172,0,169.76363119255367,181.92159417954491,,13,2129,25.399999999999999,2.7681415929203541,1,0,0,0,1,207,1.7636311925536745,1
2021-08-19 14:00:00,5,175,184,0,169.97861191546568,177.33480765849816,,14,2843,25.699999999999999,0.51869658119658124,1,0,0,0,0,207,5.0213880845343226,1
2021-08-19 15:00:00,5,170,185,0,159.77726392168947,177.05354031941391,,15,349,25.5,-0.7645074224021593,1,0,0,0,0,207,10.222736078310533,1
2021-08-19 16:00:00,5,166,171,0,158.96717187572429,174.84826131152775,,16,3020,25.800000000000001,0.5623383341955509,1,0,0,0,0,207,7.03282812427571,1
2021-08-19 17:00:00,5,130,155,0,131.82053227902858,157.93882666154201,,17,510,24.100000000000001,-0.086021505376344093,1,0,0,0,0,207,1.8205322790285834,0
2021-08-19 18:00:00,5,152,161,0,158.69526622889492,165.19283722851409,,18,3195,23.300000000000001,0.95652173913043481,0,0,0,0,0,207,6.6952662288949227,0
2021-08-19 19:00:00,5,147,153,0,138.19328746739777,153.64021068340128,,19,5336,22.399999999999999,1.422151611438947,0,0,0,0,0,207,8.8067125326022335,0
2021-08-19 20:00:00,5,128,134,0,113.83571527099133,132.37418726393372,,20,8,22,-0.92000000000000004,0,0,0,0,0,207,14.164284729008671,0
2021-08-19 21:00:00,5,121,123,0,111.02196588364144,123.0326417851233,,21,132,21.800000000000001,1.3571428571428572,0,0,0,0,0,207,9.9780341163585575,0
2021-08-19 22:00:00,5,116,125,0,105.58782100013255,117.12040972316851,,22,28,21.5,-0.72549019607843135,0,0,0,0,0,207,10.41217899986745,0
2021-08-19 23:00:00,5,110,117,0,101.00363282995063,115.75150264016021,,23,205,21.600000000000001,0.50735294117647056,0,0,0,0,0,207,8.9963671700493677,0
2021-08-20 00:00:00,5,73,80,0,71.07003097633033,75.393458887041888,,0,338,21.699999999999999,5.3773584905660377,0,0,0,0,0,207,1.9299690236696705,0
2021-08-20 01:00:00,5,101,109,0,102.47775851450012,113.45667810775925,,1,47,21,-0.44705882352941179,0,0,0,0,0,207,1.477758514500124,0
2021-08-20 02:00:00,5,107,110,0,110.46028140082561,116.00113114858326,,2,40,20.800000000000001,-0.76878612716763006,0,0,0,0,0,207,3.4602814008256075,0
2021-08-20 03:00:00,5,102,107,0,109.03939699116546,115.54363959465151,,3,537,20.399999999999999,7.9500000000000002,0,0,0,0,0,207,7.0393969911654608,0
2021-08-20 04:00:00,5,99,106,0,106.32797783710456,110.00148043164464,,4,216,20,0.89473684210526316,0,0,0,0,0,207,7.3279778371045552,0
2021-08-20 05:00:00,5,88,104,0,90.054010890416691,108.05432531400261,,5,304,20.199999999999999,-0.23809523809523808,0,0,0,0,0,207,2.0540108904166914,0
2021-08-20 06:00:00,5,111,115,0,108.43834807201426,114.15734483965865,,6,14,21.699999999999999,-0.9694989106753813,0,0,0,0,0,207,2.5616519279857357,0
2021-08-20 07:00:00,5,127,146,0,127.0661930605672,153.53732482220374,,7,793,24.100000000000001,0.064429530201342289,0,0,0,0,0,207,0.066193060567201201,0
2021-08-20 08:00:00,5,171,179,0,177.26558878828214,188.71365795243227,,8,650,25.100000000000001,-0.029850746268656716,0,0,0,1,0,207,6.2655887882821446,1
2021-08-20 09:00:00,5,165,175,0,179.9558417181438,181.27681885927916,,9,881,25,-0.064755838641188959,1,0,0,0,0,207,14.955841718143802,1
2021-08-20 10:00:00,5,157,168,0,168.01058732236049,180.70158212948161,,10,1450,24.5,-0.093183239524702935,1,0,0,0,0,207,11.010587322360493,1
2021-08-20 11:00:00,5,187,193,1,177.67922219209811,187.82443829369493,,11,3707,24.899999999999999,0.45830055074744297,1,0,0,0,0,207,9.3207778079018908,1
2021-08-20 12:00:00,5,111,134,0,107.38647333712039,127.07329174854917,,12,5245,24.300000000000001,12.802631578947368,1,0,0,0,0,207,3.6135266628796074,0
2021-08-20 13:00:00,5,177,180,0,177.48876763593137,183.60770229629765,,13,1382,25.600000000000001,-0.35086895255988726,1,0,0,0,1,207,0.48876763593136729,1
2021-08-20 14:00:00,5,175,184,0,181.73550473497525,184.88660055344536,,14,3002,26.699999999999999,0.055926837847344354,1,0,0,0,0,207,6.735504734975251,1
2021-08-20 15:00:00,5,159,176,0,164.32609129045989,178.35659338864184,,15,1383,27,2.9627507163323781,1,0,0,0,0,207,5.3260912904598854,1
2021-08-20 16:00:00,5,171,177,0,166.53558312909075,177.37058987647708,,16,1774,27.199999999999999,-0.41258278145695365,1,0,0,0,0,207,4.4644168709092469,1
2021-08-20 17:00:00,5,134,164,0,138.30149709172764,171.35889058571803,,17,282,26.199999999999999,-0.44705882352941179,1,0,0,0,0,207,4.3014970917276401,0
2021-08-20 18:00:00,5,155,158,0,157.33971042555072,166.88804260458636,,18,909,25.199999999999999,-0.71549295774647892,0,0,0,0,0,207,2.3397104255507202,0
2021-08-20 19:00:00,5,125,146,0,142.12443799366724,159.80243965102517,,19,1199,25.100000000000001,-0.77529985007496249,0,0,0,0,0,207,17.124437993667243,0
2021-08-20 20:00:00,5,114,125,0,114.23280096828452,126.27865958510588,,20,465,24.600000000000001,57.125,0,0,0,0,0,207,0.23280096828452201,0
2021-08-20 21:00:00,5,118,121,0,112.76445002567242,122.39467042680039,,21,100,24.300000000000001,-0.24242424242424243,0,0,0,0,0,207,5.2355499743275828,0
2021-08-20 22:00:00,5,106,113,0,104.91013211470147,118.94574260650407,,22,64,23.800000000000001,1.2857142857142858,0,0,0,0,0,207,1.0898678852985313,0
2021-08-20 23:00:00,5,98,106,0,102.60657898183712,115.61905362091112,,23,431,23.699999999999999,1.102439024390244,0,0,0,0,0,207,4.6065789818371172,0
2021-08-21 00:00:00,5,63,64,0,62.451037867444334,69.248417838961785,,0,524,23.899999999999999,0.55029585798816572,0,0,0,0,0,193,0.54896213255566551,0
2021-08-21 01:00:00,5,95,99,0,99.500233069842707,106.04258048719124,,1,106,23.5,1.2553191489361701,0,0,0,0,0,193,4.5002330698427073,0
2021-08-21 02:00:00,5,104,109,0,100.85484295482058,105.1830113365902,,2,38,23.899999999999999,-0.050000000000000003,0,0,0,0,0,193,3.1451570451794169,0
2021-08-21 03:00:00,5,94,102,0,99.295805265122667,103.81501816883595,,3,1064,23.899999999999999,0.98137802607076352,0,0,0,0,0,193,5.2958052651226666,0
2021-08-21 04:00:00,5,104,107,0,98.421464321124887,102.67793292127186,,4,156,24.600000000000001,-0.27777777777777779,0,0,0,0,0,193,5.578535678875113,0
2021-08-21 05:00:00,5,95,110,0,82.595987044516448,98.972791624798106,,5,30,24.699999999999999,-0.90131578947368418,0,0,0,0,0,193,12.404012955483552,0
2021-08-21 06:00:00,5,99,103,0,98.068338749682525,106.1873461854879,,6,522,24.600000000000001,36.285714285714285,0,0,0,0,0,193,0.93166125031747526,0
2021-08-21 07:00:00,5,69,94,0,104.05488964966011,125.51085839913381,,7,1354,24.5,0.7074401008827238,0,0,0,0,0,193,35.054889649660112,0
2021-08-21 08:00:00,5,23,26,0,23.017933984656324,27.335954205398188,,8,0,23.300000000000001,-1,0,0,0,1,0,193,0.017933984656323787,0
2021-08-21 09:00:00,5,21,21,0,22.558994636774095,24.521787662044893,,9,0,23.899999999999999,-1,1,0,0,0,0,193,1.558994636774095,0
2021-08-21 10:00:00,5,21,22,0,22.099904246577474,22.83597065788258,,10,0,24.100000000000001,-1,1,0,0,0,0,193,1.0999042465774735,0
2021-08-21 11:00:00,5,23,26,0,23.084985927788416,26.75303261347166,,11,0,24.199999999999999,-1,1,0,0,0,0,193,0.084985927788416404,0
2021-08-21 12:00:00,5,22,22,0,22.949486240263816,24.53840907424145,,12,0,24.100000000000001,-1,1,0,0,0,0,193,0.94948624026381623,0
2021-08-21 13:00:00,5,21,21,0,22.319633100032263,22.796800938797816,,13,0,22.899999999999999,-1,1,0,0,0,1,193,1.319633100032263,0
2021-08-21 14:00:00,5,23,26,0,23.20110994181578,25.222886750781676,,14,0,22.699999999999999,-1,1,0,0,0,0,193,0.20110994181577979,0
2021-08-21 15:00:00,5,22,23,0,23.007933898781655,26.249854549695954,,15,0,21.199999999999999,-1,1,0,0,0,0,193,1.0079338987816548,0
2021-08-21 16:00:00,5,22,22,0,22.649930481189504,24.656585130674081,,16,0,22.100000000000001,-1,1,0,0,0,0,193,0.64993048118950369,0
2021-08-21 17:00:00,5,22,22,0,22.401903923242116,23.730303281193383,,17,0,21.800000000000001,-1,1,0,0,0,0,193,0.40190392324211643,0
2021-08-21 18:00:00,5,25,27,0,22.608320701867093,24.487898403222484,,18,0,22.199999999999999,-1,0,0,0,0,0,193,2.3916792981329067,0
2021-08-21 19:00:00,5,21,21,0,22.486322320933926,25.200656715731611,,19,0,22.199999999999999,-1,0,0,0,0,0,193,1.486322320933926,0
2021-08-21 20:00:00,5,22,22,0,22.818306418422285,24.432441129226369,,20,0,23,-1,0,0,0,0,0,193,0.81830641842228502,0
2021-08-21 21:00:00,5,23,23,0,22.821123349300027,24.931940177666718,,21,0,23.5,-1,0,0,0,0,0,193,0.17887665069997283,0
2021-08-21 22:00:00,5,25,27,0,22.894297964076106,24.959645031665119,,22,0,23.899999999999999,-1,0,0,0,0,0,193,2.105702035923894,0
2021-08-21 23:00:00,5,22,23,0,23.078898067546504,24.649772440381504,,23,0,24.100000000000001,-1,0,0,0,0,0,193,1.0788980675465041,0
2021-08-22 00:00:00,5,22,23,0,22.684769419026303,23.238366232150117,,0,0,23.899999999999999,-1,0,1,0,0,0,193,0.68476941902630273,0
2021-08-22 01:00:00,5,23,26,0,22.874274651922864,25.26999004423574,,1,0,24.699999999999999,-1,0,1,0,0,0,193,0.12572534807713609,0
2021-08-22 02:00:00,5,24,27,0,22.581654504475789,23.564102614846693,,2,0,24.800000000000001,-1,0,1,0,0,0,193,1.4183454955242105,0
2021-08-22 03:00:00,5,23,24,0,22.513995874169737,23.947354765510699,,3,0,25,-1,0,1,0,0,0,193,0.48600412583026298,0
2021-08-22 04:00:00,5,22,22,0,23.128533640751705,23.642221187209067,,4,0,23.600000000000001,-1,0,1,0,0,0,193,1.128533640751705,0
2021-08-22 05:00:00,5,24,26,0,22.386331111209966,23.124747214612217,,5,0,22.899999999999999,-1,0,1,0,0,0,193,1.6136688887900341,0
2021-08-22 06:00:00,5,22,22,0,22.787172760147612,23.367495793792358,,6,0,24.899999999999999,-1,0,1,0,0,0,193,0.78717276014761239,0
2021-08-22 07:00:00,5,22,22,0,22.443823073006392,24.052386762382774,,7,0,25.399999999999999,-1,0,1,0,0,0,193,0.44382307300639212,0
2021-08-22 08:00:00,5,22,22,0,22.914363427769324,25.083921657239642,,8,0,26.199999999999999,0,0,1,0,1,0,193,0.91436342776932378,0
2021-08-22 09:00:00,5,24,27,0,22.332046005314556,23.875080711638773,,9,0,27.600000000000001,0,1,1,0,0,0,193,1.667953994685444,0
2021-08-22 10:00:00,5,22,22,0,22.878133388015847,23.40175349534195,,10,0,28.199999999999999,0,1,1,0,0,0,193,0.87813338801584706,0
2021-08-22 11:00:00,5,22,23,0,23.500582747477097,25.08732011546314,,11,0,28.300000000000001,0,1,1,0,0,0,193,1.5005827474770967,0
2021-08-22 12:00:00,5,23,24,0,22.919434834007472,25.199669076185369,,12,0,29.100000000000001,0,1,1,0,0,0,193,0.080565165992528165,0
2021-08-22 13:00:00,5,24,26,0,22.882092535979798,23.871326840605857,,13,0,30.399999999999999,0,1,1,0,0,1,193,1.1179074640202025,0
2021-08-22 14:00:00,5,23,23,0,23.445027357602243,24.336109433906589,,14,0,30.199999999999999,0,1,1,0,0,0,193,0.44502735760224255,0
2021-08-22 15:00:00,5,23,23,0,23.019418861872907,24.102213123544448,,15,0,30.100000000000001,0,1,1,0,0,0,193,0.0194188618729072,0
2021-08-22 16:00:00,5,25,27,0,22.745079531663162,24.312746083830639,,16,0,29.600000000000001,0,1,1,0,0,0,193,2.254920468336838,0
2021-08-22 17:00:00,5,22,22,0,23.230998175533333,23.825534316530863,,17,0,28.899999999999999,0,1,1,0,0,0,193,1.2309981755333332,0
2021-08-22 18:00:00,5,22,22,0,22.662276182990539,24.15284159252845,,18,0,27.699999999999999,0,0,1,0,0,0,193,0.66227618299053859,0
2021-08-22 19:00:00,5,22,22,0,22.557158405869863,23.625026126678975,,19,0,26.600000000000001,0,0,1,0,0,0,193,0.55715840586986332,0
2021-08-22 20:00:00,5,24,26,0,22.659376391990463,22.986201416288978,,20,0,26,0,0,1,0,0,0,193,1.3406236080095368,0
2021-08-22 21:00:00,5,22,23,0,22.982563918373494,23.748871585689393,,21,0,25.199999999999999,0,0,1,0,0,0,193,0.98256391837349355,0
2021-08-22 22:00:00,5,23,24,0,22.788758020576875,24.40239459274089,,22,0,25.100000000000001,0,0,1,0,0,0,193,0.21124197942312506,0
2021-08-22 23:00:00,5,23,26,0,22.61916630682169,22.947126947917447,,23,0,24.199999999999999,0,0,1,0,0,0,193,0.38083369317831028,0
2021-08-23 00:00:00,5,23,25,0,23.103888720536144,23.832092042029704,,0,0,23.800000000000001,0,0,0,1,0,0,193,0.10388872053614406,0
2021-08-23 01:00:00,5,23,23,0,22.055382577555122,23.7492708513611,,1,0,24.300000000000001,0,0,0,1,0,0,193,0.94461742244487823,0
2021-08-23 02:00:00,5,23,23,0,23.00811370985118,25.208934374009594,,2,0,24.199999999999999,0,0,0,1,0,0,193,0.0081137098511803174,0
2021-08-23 03:00:00,5,24,27,0,22.422049463528914,23.454975422487372,,3,0,24,0,0,0,1,0,0,193,1.5779505364710857,0
2021-08-23 04:00:00,5,22,22,0,23.058930924257929,23.961701052979691,,4,0,23.300000000000001,0,0,0,1,0,0,193,1.058930924257929,0
2021-08-23 05:00:00,5,22,22,0,23.557119122510258,25.537987457545938,,5,0,23.399999999999999,0,0,0,1,0,0,193,1.5571191225102581,0
2021-08-23 06:00:00,5,21,22,0,22.296574350011149,23.502007574935433,,6,0,23.600000000000001,0,0,0,1,0,0,193,1.2965743500111486,0
2021-08-23 07:00:00,5,58,92,0,60.109138369325329,98.810682141399028,,7,0,23.800000000000001,0,0,0,1,0,0,193,2.1091383693253292,0
2021-08-23 08:00:00,5,167,181,0,175.95090935363666,187.43091167570958,,8,759,24.899999999999999,0,0,0,1,1,0,193,8.9509093536366606,1
2021-08-23 09:00:00,5,180,187,1,175.86759637515263,185.5018743586505,,9,1105,25.600000000000001,0,1,0,1,0,0,193,4.1324036248473703,1
2021-08-23 10:00:00,5,170,182,0,163.08798456998076,180.18223960264368,,10,884,26,0,1,0,1,0,0,193,6.9120154300192382,1
2021-08-23 11:00:00,5,184,191,1,175.90251774890601,188.79732417622296,,11,1300,26.300000000000001,0,1,0,1,0,0,193,8.097482251093993,1
2021-08-23 12:00:00,5,116,136,0,111.31352954841579,130.00917946626942,,12,333,24.699999999999999,0,1,0,1,0,0,193,4.6864704515842135,0
2021-08-23 13:00:00,5,184,193,1,169.85366889226495,172.58440392373478,,13,1758,23.399999999999999,0,1,0,1,0,1,193,14.146331107735051,0
2021-08-23 14:00:00,5,184,190,1,155.80930405501289,171.26772050921713,,14,4563,22.100000000000001,0,1,0,1,0,0,193,28.190695944987112,0
2021-08-23 15:00:00,5,180,196,1,147.63553966730981,168.85860678349582,,15,674,22.100000000000001,0,1,0,1,0,0,193,32.364460332690186,0
2021-08-23 16:00:00,5,172,177,0,132.61098586298431,153.59807080031095,,16,2742,22,0,1,0,1,0,0,193,39.389014137015693,0
2021-08-23 17:00:00,5,142,177,0,125.53165441723756,149.5363050994562,,17,362,22.300000000000001,0,1,0,1,0,0,193,16.468345582762439,0
2021-08-23 18:00:00,5,156,179,0,137.24621772290834,149.94077194950916,,18,651,21.899999999999999,0,0,0,1,0,0,193,18.753782277091659,0
2021-08-23 19:00:00,5,129,137,0,128.61470319717637,131.65624857406999,,19,1052,21.600000000000001,0,0,0,1,0,0,193,0.38529680282363188,0
2021-08-23 20:00:00,5,112,118,0,108.88607437138016,120.65100589028813,,20,8,21.800000000000001,0,0,0,1,0,0,193,3.1139256286198389,0
2021-08-23 21:00:00,5,111,117,0,112.61993826425416,118.033427674519,,21,222,21.800000000000001,0,0,0,1,0,0,193,1.6199382642541593,0
2021-08-23 22:00:00,5,109,113,0,102.11170002098538,113.44248095344872,,22,14,21.899999999999999,0,0,0,1,0,0,193,6.8882999790146187,0
2021-08-23 23:00:00,5,96,107,0,100.79615364692282,113.86812624210788,,23,153,23.399999999999999,0,0,0,1,0,0,193,4.7961536469228179,0
2021-08-24 00:00:00,5,65,67,0,65.865743349899574,68.738313862031106,,0,0,23.800000000000001,0,0,0,0,0,0,196,0.86574334989957435,0
2021-08-24 01:00:00,5,105,111,0,96.780825425421256,107.18034145192709,,1,109,24.800000000000001,0,0,0,0,0,0,196,8.2191745745787443,0
2021-08-24 02:00:00,5,110,115,0,101.94627636547416,108.66396303000296,,2,127,24.399999999999999,0,0,0,0,0,0,196,8.0537236345258378,0
2021-08-24 03:00:00,5,105,115,0,98.479179111883894,106.77374321279355,,3,12,25.100000000000001,0,0,0,0,0,0,196,6.5208208881161056,0
2021-08-24 04:00:00,5,108,113,0,96.814469269067246,105.42231400292512,,4,4,24.800000000000001,0,0,0,0,0,0,196,11.185530730932754,0
2021-08-24 05:00:00,5,88,106,0,88.910282091874294,106.07841777573874,,5,38,24.399999999999999,0,0,0,0,0,0,196,0.91028209187429354,0
2021-08-24 06:00:00,5,109,115,0,102.16952477537998,109.01530775873709,,6,86,25.800000000000001,0,0,0,0,0,0,196,6.8304752246200167,0
2021-08-24 07:00:00,5,131,145,0,122.13944130581277,150.02009879152553,,7,583,24.899999999999999,0,0,0,0,0,0,196,8.8605586941872332,0
2021-08-24 08:00:00,5,187,196,1,174.13056022210637,183.6768033509135,,8,2623,25,2.4558629776021079,0,0,0,1,0,196,12.869439777893632,1
2021-08-24 09:00:00,5,181,190,1,176.54450810949783,185.17350968670922,,9,516,24.5,-0.53303167420814479,1,0,0,0,0,196,4.4554918905021736,1
2021-08-24 10:00:00,5,171,181,0,170.56074509226224,182.87001987270699,,10,1007,25,0.13914027149321267,1,0,0,0,0,196,0.43925490773776232,1
2021-08-24 11:00:00,5,183,188,1,182.42643838747094,189.8229782921895,,11,901,25.699999999999999,-0.30692307692307691,1,0,0,0,0,196,0.5735616125290619,1
2021-08-24 12:00:00,5,115,130,0,113.48261947151909,129.62924125912389,,12,164,26.600000000000001,-0.5075075075075075,1,0,0,0,0,196,1.5173805284809134,0
2021-08-24 13:00:00,5,174,180,0,179.36196944940568,188.42026045383594,,13,2240,27.100000000000001,0.27417519908987487,1,0,0,0,1,196,5.3619694494056773,1
2021-08-24 14:00:00,5,186,190,1,176.13335584727912,187.26271731368047,,14,510,27.899999999999999,-0.88823142669296518,1,0,0,0,0,196,9.8666441527208804,1
2021-08-24 15:00:00,5,175,201,1,175.52113262465076,192.28342473771767,,15,1537,28.399999999999999,1.2804154302670623,1,0,0,0,0,196,0.52113262465076104,1
2021-08-24 16:00:00,5,184,191,1,175.77446185366608,184.71749231304656,,16,2281,28.100000000000001,-0.16812545587162656,1,0,0,0,0,196,8.2255381463339177,1
2021-08-24 17:00:00,5,139,157,0,138.1698255061988,162.11583003167141,,17,797,27.800000000000001,1.201657458563536,1,0,0,0,0,196,0.83017449380119501,0
2021-08-24 18:00:00,5,152,156,0,156.80516648881908,167.4634371785414,,18,1411,27.600000000000001,1.1674347158218126,0,0,0,0,0,196,4.8051664888190828,0
2021-08-24 19:00:00,5,150,164,0,145.45497163780971,164.86011253502321,,19,1762,27,0.67490494296577952,0,0,0,0,0,196,4.545028362190294,0
2021-08-24 20:00:00,5,121,125,0,127.40140152635786,131.76200716377315,,20,0,26.800000000000001,-1,0,0,0,0,0,196,6.4014015263578585,0
2021-08-24 21:00:00,5,121,123,0,123.37019054019815,127.55398908052265,,21,135,26.899999999999999,-0.39189189189189189,0,0,0,0,0,196,2.370190540198152,0
2021-08-24 22:00:00,5,113,120,0,111.4032474020819,118.27828762589142,,22,14,26.899999999999999,0,0,0,0,0,0,196,1.5967525979180976,0
2021-08-24 23:00:00,5,99,107,0,103.2002804917656,115.58939604780932,,23,98,26,-0.35947712418300654,0,0,0,0,0,196,4.2002804917655965,0
2021-08-25 00:00:00,5,77,81,0,66.548769436148817,70.216576700572148,,0,0,25.399999999999999,0,0,0,0,0,0,201,10.451230563851183,0
2021-08-25 01:00:00,5,104,111,0,100.30290207947922,108.74336512066589,,1,56,25.399999999999999,-0.48623853211009177,0,0,0,0,0,201,3.6970979205207755,0
2021-08-25 02:00:00,5,109,115,0,106.63442930180476,111.84751244784754,,2,227,25.899999999999999,0.78740157480314965,0,0,0,0,0,201,2.365570698195242,0
2021-08-25 03:00:00,5,99,106,0,99.709220591407814,110.25783299107874,,3,28,24.800000000000001,1.3333333333333333,0,0,0,0,0,201,0.70922059140781357,0
2021-08-25 04:00:00,5,109,110,0,101.65009827585006,108.65826460068659,,4,63,24.300000000000001,14.75,0,0,0,0,0,201,7.3499017241499445,0
2021-08-25 05:00:00,5,91,107,0,89.053166662123374,104.73595192059507,,5,46,24.199999999999999,0.21052631578947367,0,0,0,0,0,201,1.946833337876626,0
2021-08-25 06:00:00,5,104,108,0,107.40009040071236,110.63643747996157,,6,323,24.199999999999999,2.7558139534883721,0,0,0,0,0,201,3.400090400712358,0
2021-08-25 07:00:00,5,139,162,0,125.46498275237005,152.1856030167915,,7,506,25.199999999999999,-0.13207547169811321,0,0,0,0,0,201,13.535017247629952,0
2021-08-25 08:00:00,5,174,182,0,166.72958404593535,185.34387015294936,,8,470,25.600000000000001,-0.8208158597026306,0,0,0,1,0,201,7.2704159540646458,1
2021-08-25 09:00:00,5,171,181,0,170.87284977665399,183.17710898763713,,9,2173,25.600000000000001,3.2112403100775193,1,0,0,0,0,201,0.1271502233460069,1
2021-08-25 10:00:00,5,177,189,1,170.33719021838832,181.87571910404205,,10,1134,25.800000000000001,0.12611717974180736,1,0,0,0,0,201,6.6628097816116849,1
2021-08-25 11:00:00,5,173,184,0,181.94701234005009,192.59971338832895,,11,1409,26.300000000000001,0.56381798002219752,1,0,0,0,0,201,8.9470123400500938,1
2021-08-25 12:00:00,5,110,121,0,105.23660240508326,120.21153690586166,,12,162,25.300000000000001,-0.012195121951219513,1,0,0,0,0,201,4.7633975949167393,0
2021-08-25 13:00:00,5,174,180,0,176.17232046497836,185.47240408082189,,13,1825,26,-0.18526785714285715,1,0,0,0,1,201,2.1723204649783554,1
2021-08-25 14:00:00,5,177,184,0,174.07575223576924,183.0873611099982,,14,2166,26,3.2470588235294118,1,0,0,0,0,201,2.9242477642307563,1
2021-08-25 15:00:00,5,169,180,0,159.95435777455018,187.01261029440903,,15,1786,25.800000000000001,0.16200390370852311,1,0,0,0,0,201,9.045642225449825,1
2021-08-25 16:00:00,5,162,172,0,162.82458315931905,179.8709294291267,,16,1158,25.399999999999999,-0.49232792634809291,1,0,0,0,0,201,0.82458315931904735,1
2021-08-25 17:00:00,5,146,176,0,138.3480084150427,169.94467285271276,,17,5718,25,6.1744040150564619,1,0,0,0,0,201,7.651991584957301,0
2021-08-25 18:00:00,5,167,172,0,160.12641376865895,172.96554043858276,,18,1184,25.800000000000001,-0.16087880935506732,0,0,0,0,0,201,6.8735862313410507,0
2021-08-25 19:00:00,5,139,152,0,143.01453307089048,154.00723715962044,,19,1345,24.5,-0.23666288308740069,0,0,0,0,0,201,4.0145330708904794,0
2021-08-25 20:00:00,5,111,124,0,110.54157326750187,114.70531076122282,,20,67,24.699999999999999,0,0,0,0,0,0,201,0.45842673249812549,0
2021-08-25 21:00:00,5,121,131,0,108.75614511045337,114.83748779055001,,21,112,25,-0.17037037037037037,0,0,0,0,0,201,12.243854889546625,0
2021-08-25 22:00:00,5,110,114,0,107.49880727449755,113.52159628500056,,22,102,24.699999999999999,6.2857142857142856,0,0,0,0,0,201,2.5011927255024489,0
2021-08-25 23:00:00,5,105,119,0,99.167242965792141,109.99121376241288,,23,16,23.899999999999999,-0.83673469387755106,0,0,0,0,0,201,5.8327570342078587,0
2021-08-26 00:00:00,5,72,73,0,67.167012061746135,70.193690170675723,,0,415,23.800000000000001,0,0,0,0,0,0,201,4.832987938253865,0
2021-08-26 01:00:00,5,103,110,0,101.01284106827745,110.5428332867568,,1,24,23.899999999999999,-0.5714285714285714,0,0,0,0,0,201,1.9871589317225471,0
2021-08-26 02:00:00,5,115,118,0,105.04204220840148,111.3979259835553,,2,277,24,0.22026431718061673,0,0,0,0,0,201,9.9579577915985169,0
2021-08-26 03:00:00,5,99,104,0,100.87630757001961,110.53051412767775,,3,30,23.600000000000001,0.071428571428571425,0,0,0,0,0,201,1.8763075700196055,0
2021-08-26 04:00:00,5,110,115,0,106.02324046797889,109.45848624354473,,4,96,23.899999999999999,0.52380952380952384,0,0,0,0,0,201,3.9767595320211058,0
2021-08-26 05:00:00,5,92,108,0,86.856056549260629,104.96863770565432,,5,139,24.199999999999999,2.0217391304347827,0,0,0,0,0,201,5.1439434507393713,0
2021-08-26 06:00:00,5,105,111,0,103.8356381100123,111.41522827256429,,6,393,25.300000000000001,0.21671826625386997,0,0,0,0,0,201,1.1643618899877026,0
2021-08-26 07:00:00,5,134,147,0,122.64656490636767,153.05282783851379,,7,1981,26.300000000000001,2.9150197628458496,0,0,0,0,0,201,11.353435093632328,0
2021-08-26 08:00:00,5,183,196,1,183.30788252254987,186.1277557743947,,8,592,28.100000000000001,0.25957446808510637,0,0,0,1,0,201,0.30788252254987469,1
2021-08-26 09:00:00,5,195,199,1,179.31285592173916,183.64070431355279,,9,1269,27.800000000000001,-0.41601472618499769,1,0,0,0,0,201,15.687144078260843,1
2021-08-26 10:00:00,5,180,193,1,167.04381982430982,176.82268209509917,,10,286,29.399999999999999,-0.74779541446208109,1,0,0,0,0,201,12.956180175690179,1
2021-08-26 11:00:00,5,188,194,1,184.1818801873888,184.74272458792584,,11,1425,30.199999999999999,0.011355571327182399,1,0,0,0,0,201,3.8181198126112008,1
2021-08-26 12:00:00,5,111,127,0,108.49166891964204,127.33604622683968,,12,37,30.600000000000001,-0.77160493827160492,1,0,0,0,0,201,2.5083310803579622,0
2021-08-26 13:00:00,5,183,199,1,175.77639138789127,183.48142493962359,,13,1792,31.800000000000001,-0.018082191780821918,1,0,0,0,1,201,7.223608612108734,1
2021-08-26 14:00:00,5,185,190,1,180.41380017449296,184.09294351024366,,14,746,31.600000000000001,-0.65558633425669433,1,0,0,0,0,201,4.5861998255070375,1
2021-08-26 15:00:00,5,188,202,1,167.99845764852984,184.29509401788383,,15,2034,30.300000000000001,0.13885778275475924,1,0,0,0,0,201,20.001542351470164,1
2021-08-26 16:00:00,5,173,186,0,169.24500268693612,183.87272291229277,,16,645,29.800000000000001,-0.44300518134715028,1,0,0,0,0,201,3.7549973130638818,1
2021-08-26 17:00:00,5,132,161,0,134.16587694560531,163.41045530949151,,17,301,30.300000000000001,-0.94735921650926902,1,0,0,0,0,201,2.1658769456053051,0
2021-08-26 18:00:00,5,162,167,0,164.53534258066603,176.54214322889823,,18,2864,28.300000000000001,1.4189189189189189,0,0,0,0,0,201,2.5353425806660255,1
2021-08-26 19:00:00,5,156,170,0,145.85252577482981,163.29350330034885,,19,4012,26.300000000000001,1.9828996282527882,0,0,0,0,0,201,10.147474225170185,0
2021-08-26 20:00:00,5,116,121,0,123.73166165460322,131.60440847855216,,20,203,26.399999999999999,2.0298507462686568,0,0,0,0,0,201,7.7316616546032151,0
2021-08-26 21:00:00,5,125,128,0,117.1402951789113,121.06357046159796,,21,10,25.300000000000001,-0.9107142857142857,0,0,0,0,0,201,7.8597048210886982,0
2021-08-26 22:00:00,5,111,116,0,113.67545570394226,122.17631224221114,,22,123,25.300000000000001,0.20588235294117646,0,0,0,0,0,201,2.6754557039422622,0
2021-08-26 23:00:00,5,105,113,0,104.01176094064036,114.14941243220314,,23,370,24.699999999999999,22.125,0,0,0,0,0,201,0.98823905935964262,0
2021-08-27 00:00:00,5,72,77,0,65.689976625968072,70.1457305897884,,0,0,23.199999999999999,-1,0,0,0,0,0,202,6.3100233740319283,0
2021-08-27 01:00:00,5,102,111,0,101.79252314081285,109.7507456363947,,1,43,22.899999999999999,0.79166666666666663,0,0,0,0,0,202,0.2074768591871532,0
2021-08-27 02:00:00,5,111,115,0,109.4362136645186,111.34473677926117,,2,1024,22.600000000000001,2.6967509025270759,0,0,0,0,0,202,1.5637863354813959,0
2021-08-27 03:00:00,5,102,114,0,101.80126197707706,111.73974339449279,,3,334,22.300000000000001,10.133333333333333,0,0,0,0,0,202,0.19873802292293874,0
2021-08-27 04:00:00,5,108,112,0,106.64627716844439,113.02917058268741,,4,293,22.199999999999999,2.0520833333333335,0,0,0,0,0,202,1.3537228315556149,0
2021-08-27 05:00:00,5,86,104,0,90.17060060891491,106.43031077647795,,5,73,21.800000000000001,-0.47482014388489208,0,0,0,0,0,202,4.1706006089149099,0
2021-08-27 06:00:00,5,101,103,0,104.60819293027522,110.69061823215614,,6,189,23.199999999999999,-0.51908396946564883,0,0,0,0,0,202,3.6081929302752229,0
2021-08-27 07:00:00,5,125,135,0,126.24885238840224,155.51315309336695,,7,698,25.5,-0.64765270065623426,0,0,0,0,0,202,1.2488523884022413,0
2021-08-27 08:00:00,5,181,190,1,170.25128282796879,186.36032799922893,,8,263,25,-0.5557432432432432,0,0,0,1,0,202,10.748717172031206,1
2021-08-27 09:00:00,5,176,185,0,174.18144946226263,183.50436559371684,,9,1321,26,0.04097714736012608,1,0,0,0,0,202,1.8185505377373659,1
2021-08-27 10:00:00,5,169,177,0,175.73784264256935,184.83053622350442,,10,1056,27.800000000000001,2.6923076923076925,1,0,0,0,0,202,6.7378426425693476,1
2021-08-27 11:00:00,5,175,182,0,182.42331411455558,190.46003604608646,,11,2214,28,0.55368421052631578,1,0,0,0,0,202,7.4233141145555805,1
2021-08-27 12:00:00,5,106,125,0,110.31659533374913,130.52718237463506,,12,326,30,7.8108108108108105,1,0,0,0,0,202,4.3165953337491345,0
2021-08-27 13:00:00,5,173,179,0,182.97073732436809,194.80914966976226,,13,1925,31.199999999999999,0.07421875,1,0,0,0,1,202,9.9707373243680877,1
2021-08-27 14:00:00,5,165,169,0,182.04839627835716,188.17244933412914,,14,3481,30.399999999999999,3.6662198391420913,1,0,0,0,0,202,17.04839627835716,1
2021-08-27 15:00:00,5,162,175,0,169.79447463075164,184.60002875404146,,15,4309,30.399999999999999,1.1184857423795478,1,0,0,0,0,202,7.7944746307516368,1
2021-08-27 16:00:00,5,156,161,0,166.56293903317626,187.28211536184483,,16,3764,30,4.8356589147286826,1,0,0,0,0,202,10.562939033176264,1
2021-08-27 17:00:00,5,142,163,0,146.38465717185272,180.84027901606777,,17,1054,29.100000000000001,2.5016611295681064,1,0,0,0,0,202,4.384657171852723,1
2021-08-27 18:00:00,5,143,157,0,160.81659169419208,175.30066110920433,,18,672,28.100000000000001,-0.76536312849162014,0,0,0,0,0,202,17.816591694192084,1
2021-08-27 19:00:00,5,127,138,0,131.2714800595258,156.5036409582433,,19,1643,27.699999999999999,-0.59047856430707879,0,0,0,0,0,202,4.2714800595257998,0
2021-08-27 20:00:00,5,108,111,0,111.03453377624869,123.0029003141932,,20,518,23.899999999999999,1.5517241379310345,0,0,0,0,0,202,3.0345337762486935,0
2021-08-27 21:00:00,5,107,115,0,112.1806543871681,119.28879725147243,,21,238,22.600000000000001,22.800000000000001,0,0,0,0,0,202,5.1806543871681043,0
2021-08-27 22:00:00,5,96,105,0,99.257374940221183,112.54562661169433,,22,61,22.5,-0.50406504065040647,0,0,0,0,0,202,3.2573749402211831,0
2021-08-27 23:00:00,5,102,113,0,94.55461441550078,112.37585492768268,,23,270,22.800000000000001,-0.27027027027027029,0,0,0,0,0,202,7.4453855844992205,0
2021-08-28 00:00:00,5,72,75,0,66.33901470631433,70.633652552720037,,0,174,22.699999999999999,0,0,0,0,0,0,202,5.6609852936856697,0
2021-08-28 01:00:00,5,104,111,0,97.699899157402641,108.42219165486954,,1,160,22.399999999999999,2.7209302325581395,0,0,0,0,0,202,6.3001008425973595,0
2021-08-28 02:00:00,5,111,119,0,103.06681419252664,108.34922542988966,,2,68,22.100000000000001,-0.93359375,0,0,0,0,0,202,7.9331858074733645,0
2021-08-28 03:00:00,5,102,109,0,96.245037463729119,106.5401192639177,,3,54,21.899999999999999,-0.83832335329341312,0,0,0,0,0,202,5.7549625362708809,0
2021-08-28 04:00:00,5,103,107,0,98.182036903710539,104.43546126471021,,4,440,22.399999999999999,0.50170648464163825,0,0,0,0,0,202,4.8179630962894606,0
2021-08-28 05:00:00,5,87,107,0,85.950179864421557,102.91037800273236,,5,29,22.199999999999999,-0.60273972602739723,0,0,0,0,0,202,1.0498201355784431,0
2021-08-28 06:00:00,5,98,103,0,97.635186519631191,105.64310066124057,,6,332,22.5,0.75661375661375663,0,0,0,0,0,202,0.36481348036880945,0
2021-08-28 07:00:00,5,66,94,0,59.045859655263783,85.655614717128685,,7,542,23,-0.22349570200573066,0,0,0,0,0,202,6.9541403447362171,0
2021-08-28 08:00:00,5,35,36,0,22.747824900019701,26.741003503360442,,8,0,24.699999999999999,-1,0,0,0,1,0,202,12.252175099980299,0
2021-08-28 09:00:00,5,36,36,0,22.381371070018758,23.976603634101576,,9,0,26.899999999999999,-1,1,0,0,0,0,202,13.618628929981242,0
2021-08-28 10:00:00,5,38,41,0,22.383872404433639,24.315147312684651,,10,0,27.800000000000001,-1,1,0,0,0,0,202,15.616127595566361,0
2021-08-28 11:00:00,5,37,39,0,22.807962798238329,26.93792037880808,,11,0,28.600000000000001,-1,1,0,0,0,0,202,14.192037201761671,0
2021-08-28 12:00:00,5,38,38,0,23.273034843992001,24.034823040991611,,12,0,29.199999999999999,-1,1,0,0,0,0,202,14.726965156007999,0
2021-08-28 13:00:00,5,38,41,0,22.260333104760925,23.475596135869235,,13,0,30.300000000000001,-1,1,0,0,0,1,202,15.739666895239075,0
2021-08-28 14:00:00,5,38,41,0,22.86749129688571,26.413030873219636,,14,0,29.399999999999999,-1,1,0,0,0,0,202,15.13250870311429,0
2021-08-28 15:00:00,5,38,38,0,23.085118866592524,24.299521622589221,,15,0,29.199999999999999,-1,1,0,0,0,0,202,14.914881133407476,0
2021-08-28 16:00:00,5,46,52,0,23.473685742439677,25.33733418343709,,16,0,28.199999999999999,-1,1,0,0,0,0,202,22.526314257560323,0
2021-08-28 17:00:00,5,22,47,0,22.792336495953098,22.976485047048033,,17,0,26.699999999999999,-1,1,0,0,0,0,202,0.79233649595309785,0
2021-08-29 11:00:00,5,17,41,0,22.58121017652196,23.395521206972425,,11,0,27,0,1,1,0,0,0,202,5.5812101765219602,0
2021-08-29 12:00:00,5,22,23,0,22.680984783660424,23.49557299096649,,12,0,24.800000000000001,0,1,1,0,0,0,202,0.68098478366042414,0
2021-08-29 13:00:00,5,19,19,0,22.762315698227798,23.659294231671542,,13,0,26.5,0,1,1,0,0,1,202,3.7623156982277983,0
2021-08-29 14:00:00,5,22,22,0,22.680363049196696,24.313658590307629,,14,0,26.300000000000001,0,1,1,0,0,0,202,0.68036304919669632,0
2021-08-29 15:00:00,5,21,21,0,22.608831856946392,23.888203472472249,,15,0,25.199999999999999,0,1,1,0,0,0,202,1.6088318569463915,0
2021-08-29 16:00:00,5,22,23,0,23.280119832208442,24.702405281647881,,16,0,25.300000000000001,0,1,1,0,0,0,202,1.2801198322084417,0
2021-08-29 17:00:00,5,26,26,0,23.369575890451692,24.434413381738075,,17,0,25.800000000000001,0,1,1,0,0,0,202,2.6304241095483079,0
2021-08-29 18:00:00,5,24,25,0,23.039487756759371,23.763633056054331,,18,0,24.600000000000001,0,0,1,0,0,0,202,0.960512243240629,0
2021-08-29 19:00:00,5,21,21,0,23.192310894565662,24.348509947752316,,19,0,23.899999999999999,0,0,1,0,0,0,202,2.1923108945656615,0
2021-08-29 20:00:00,5,20,20,0,22.999641318307752,24.330078684204604,,20,0,23.800000000000001,0,0,1,0,0,0,202,2.9996413183077522,0
2021-08-29 21:00:00,5,20,21,0,22.314845975784564,23.696365028323736,,21,0,24.100000000000001,0,0,1,0,0,0,202,2.3148459757845643,0
2021-08-29 22:00:00,5,22,24,0,22.824614535987692,24.222638094686602,,22,0,24,0,0,1,0,0,0,202,0.82461453598769197,0
2021-08-29 23:00:00,5,20,21,0,22.709987842269705,24.157332760755367,,23,0,23.699999999999999,0,0,1,0,0,0,202,2.7099878422697046,0
2021-08-30 00:00:00,5,20,20,0,22.560197369504284,23.636970018766483,,0,0,23.899999999999999,0,0,0,1,0,0,202,2.5601973695042837,0
2021-08-30 01:00:00,5,21,23,0,22.426010644928304,23.50658053938098,,1,0,23.800000000000001,0,0,0,1,0,0,202,1.4260106449283043,0
2021-08-30 02:00:00,5,21,24,0,22.408749016044901,23.579206145277666,,2,0,23.600000000000001,0,0,0,1,0,0,202,1.4087490160449008,0
2021-08-30 03:00:00,5,20,21,0,22.438161764886591,24.058966758511566,,3,0,23.100000000000001,0,0,0,1,0,0,202,2.4381617648865905,0
2021-08-30 04:00:00,5,20,20,0,22.79501441841068,23.880500849921901,,4,0,23.100000000000001,0,0,0,1,0,0,202,2.7950144184106804,0
2021-08-30 05:00:00,5,20,20,0,22.761172511647764,23.654819164856779,,5,0,22.800000000000001,0,0,0,1,0,0,202,2.7611725116477643,0
2021-08-30 06:00:00,5,21,24,0,22.422197630102183,23.406066751640473,,6,0,23,0,0,0,1,0,0,202,1.4221976301021826,0
2021-08-30 07:00:00,5,52,80,0,60.525792642197644,95.626549558243411,,7,0,24.800000000000001,0,0,0,1,0,0,202,8.5257926421976435,0
2021-08-30 08:00:00,5,167,183,0,173.37630003411701,187.22999015779806,,8,879,25.5,0,0,0,1,1,0,202,6.3763000341170084,1
2021-08-30 09:00:00,5,170,180,0,176.92450781388811,183.90434395632667,,9,1343,26.399999999999999,0,1,0,1,0,0,202,6.9245078138881127,1
2021-08-30 10:00:00,5,171,186,0,175.8028020316475,183.31371675552788,,10,844,27.100000000000001,0,1,0,1,0,0,202,4.8028020316475022,1
2021-08-30 11:00:00,5,171,180,0,179.38830770631586,186.68166706813335,,11,766,27.300000000000001,0,1,0,1,0,0,202,8.3883077063158566,1
2021-08-30 12:00:00,5,114,134,0,119.81555553273449,132.47248594044083,,12,448,28.399999999999999,0,1,0,1,0,0,202,5.8155555327344928,0
2021-08-30 13:00:00,5,172,177,0,179.54913202478042,186.62519708699398,,13,383,28.5,0,1,0,1,0,1,202,7.5491320247804197,1
2021-08-30 14:00:00,5,171,174,0,178.71989545734004,186.94354421443296,,14,1151,28.100000000000001,0,1,0,1,0,0,202,7.7198954573400442,1
2021-08-30 15:00:00,5,160,177,0,159.55657457666729,174.95722333415796,,15,1585,27.5,0,1,0,1,0,0,202,0.4434254233327124,1
2021-08-30 16:00:00,5,170,174,0,165.77139999907777,177.41359337790743,,16,1095,26.5,0,1,0,1,0,0,202,4.2286000009222278,1
2021-08-30 17:00:00,5,140,172,0,136.08583434933811,157.25014151433919,,17,140,26,0,1,0,1,0,0,202,3.9141656506618858,0
2021-08-30 18:00:00,5,168,172,0,151.68609577252647,166.8388722664277,,18,579,25,0,0,0,1,0,0,202,16.313904227473529,0
2021-08-30 19:00:00,5,144,162,0,129.54244661685345,133.50957303301976,,19,827,24.699999999999999,0,0,0,1,0,0,202,14.457553383146546,0
2021-08-30 20:00:00,5,128,132,0,111.05290247814186,115.74324399281458,,20,13,23.800000000000001,0,0,0,1,0,0,202,16.94709752185814,0
2021-08-30 21:00:00,5,129,135,0,110.61255358112695,115.33197414653796,,21,54,23.899999999999999,0,0,0,1,0,0,202,18.387446418873054,0
2021-08-30 22:00:00,5,116,123,0,104.00739728046003,112.71778063391808,,22,461,23.600000000000001,0,0,0,1,0,0,202,11.992602719539974,0
2021-08-30 23:00:00,5,105,115,0,97.780934406069036,110.66504369282484,,23,151,23.300000000000001,0,0,0,1,0,0,202,7.2190655939309636,0
2021-08-31 00:00:00,5,73,76,0,67.342235847737058,69.695692839026577,,0,204,23.399999999999999,0,0,0,0,0,0,202,5.657764152262942,0
2021-08-31 01:00:00,5,106,111,0,102.15060371579835,112.51188188236657,,1,353,22.899999999999999,0,0,0,0,0,0,202,3.8493962842016458,0
2021-08-31 02:00:00,5,108,114,0,104.66476999775691,113.14153077390593,,2,306,22.899999999999999,0,0,0,0,0,0,202,3.3352300022430938,0
2021-08-31 03:00:00,5,101,107,0,101.88102623457046,113.51663577121356,,3,378,22.699999999999999,0,0,0,0,0,0,202,0.88102623457045581,0
2021-08-31 04:00:00,5,110,114,0,104.54999841241984,110.1156705963144,,4,248,22.899999999999999,0,0,0,0,0,0,202,5.4500015875801608,0
2021-08-31 05:00:00,5,93,114,0,87.423097455384109,103.98951801893611,,5,200,22.5,0,0,0,0,0,0,202,5.5769025446158906,0
2021-08-31 06:00:00,5,113,114,0,102.65020726329108,112.59501264630961,,6,266,22.899999999999999,0,0,0,0,0,0,202,10.34979273670892,0
2021-08-31 07:00:00,5,123,144,0,129.13536950385139,147.54969923235871,,7,919,23.5,0,0,0,0,0,0,202,6.1353695038513933,0
2021-08-31 08:00:00,5,167,177,0,164.23386325158296,175.60523824620901,,8,653,24.100000000000001,-0.25711035267349258,0,0,0,1,0,202,2.7661367484170398,1
2021-08-31 09:00:00,5,169,185,0,164.08894920664136,177.95502613397895,,9,942,22.5,-0.29858525688756515,1,0,0,0,0,202,4.9110507933586405,1
2021-08-31 10:00:00,5,176,187,1,162.32327220084244,176.49976058909979,,10,1026,23.800000000000001,0.21563981042654029,1,0,0,0,0,202,13.676727799157561,1
2021-08-31 11:00:00,5,165,182,0,165.36083499802723,175.29453408111479,,11,1255,25.600000000000001,0.63838120104438645,1,0,0,0,0,202,0.3608349980272294,1
2021-08-31 12:00:00,5,112,135,0,111.91325731128283,131.00874786496593,,12,194,27.699999999999999,-0.5669642857142857,1,0,0,0,0,202,0.086742688717166061,0
2021-08-31 13:00:00,5,174,184,0,165.88984003667599,176.50501439083118,,13,710,26.100000000000001,0.85378590078328986,1,0,0,0,1,202,8.1101599633240085,1
2021-08-31 14:00:00,5,182,187,1,168.95354104913051,176.48307225109602,,14,1198,25.300000000000001,0.040834057341442222,1,0,0,0,0,202,13.046458950869493,1
2021-08-31 15:00:00,5,157,170,0,152.97179474918812,168.57045576441905,,15,1803,25.100000000000001,0.13753943217665615,1,0,0,0,0,202,4.0282052508118795,0
2021-08-31 16:00:00,5,167,180,0,155.1357735849289,165.47183666806706,,16,2164,24.699999999999999,0.9762557077625571,1,0,0,0,0,202,11.864226415071101,0
2021-08-31 17:00:00,5,125,139,0,138.75790630119408,157.88680074005083,,17,350,24.5,1.5,1,0,0,0,0,202,13.757906301194083,0
2021-08-31 18:00:00,5,156,162,0,152.42682677424492,161.41128077986093,,18,1029,24.399999999999999,0.77720207253886009,0,0,0,0,0,202,3.5731732257550846,0
2021-08-31 19:00:00,5,148,154,0,148.01578083754643,162.93160254669681,,19,1381,24.300000000000001,0.66989117291414757,0,0,0,0,0,202,0.015780837546429893,0
2021-08-31 20:00:00,5,147,152,0,126.54205246369081,130.4898321077722,,20,179,24.100000000000001,12.76923076923077,0,0,0,0,0,202,20.457947536309192,0
2021-08-31 21:00:00,5,131,132,0,125.32349536003193,125.72385117269214,,21,133,23.699999999999999,1.462962962962963,0,0,0,0,0,202,5.6765046399680728,0
2021-08-31 22:00:00,5,119,127,0,113.09408201389542,118.89158505279504,,22,366,23.199999999999999,-0.20607375271149675,0,0,0,0,0,202,5.9059179861045834,0
2021-08-31 23:00:00,5,112,128,0,104.30568008237084,116.92579011246052,,23,186,21.800000000000001,0.23178807947019867,0,0,0,0,0,202,7.6943199176291586,0
