v0,v1
2021-01-01 00:00:00,0
2021-01-01 01:00:00,0
2021-01-01 02:00:00,0
2021-01-01 03:00:00,0
2021-01-01 04:00:00,0
2021-01-01 05:00:00,0
2021-01-01 06:00:00,0
2021-01-01 07:00:00,0
2021-01-01 08:00:00,0
2021-01-01 09:00:00,0
2021-01-01 10:00:00,0
2021-01-01 11:00:00,0
2021-01-01 12:00:00,0
2021-01-01 13:00:00,0
2021-01-01 14:00:00,0
2021-01-01 15:00:00,0
2021-01-01 16:00:00,0
2021-01-01 17:00:00,0
2021-01-01 18:00:00,0
2021-01-01 19:00:00,0
2021-01-01 20:00:00,0
2021-01-01 21:00:00,0
2021-01-01 22:00:00,0
2021-01-01 23:00:00,0
2021-01-02 00:00:00,0
2021-01-02 01:00:00,0
2021-01-02 02:00:00,0
2021-01-02 03:00:00,0
2021-01-02 04:00:00,0
2021-01-02 05:00:00,0
2021-01-02 06:00:00,0
2021-01-02 07:00:00,0
2021-01-02 08:00:00,0
2021-01-02 09:00:00,0
2021-01-02 10:00:00,0
2021-01-02 11:00:00,0
2021-01-02 12:00:00,0
2021-01-02 13:00:00,0
2021-01-02 14:00:00,0
2021-01-02 15:00:00,0
2021-01-02 16:00:00,0
2021-01-02 17:00:00,0
2021-01-02 18:00:00,0
2021-01-02 19:00:00,0
2021-01-02 20:00:00,0
2021-01-02 21:00:00,0
2021-01-02 22:00:00,0
2021-01-02 23:00:00,0
2021-01-03 00:00:00,0
2021-01-03 01:00:00,0
2021-01-03 02:00:00,0
2021-01-03 03:00:00,0
2021-01-03 04:00:00,0
2021-01-03 05:00:00,0
2021-01-03 06:00:00,0
2021-01-03 07:00:00,0
2021-01-03 08:00:00,0
2021-01-03 09:00:00,0
2021-01-03 10:00:00,0
2021-01-03 11:00:00,0
2021-01-03 12:00:00,0
2021-01-03 13:00:00,0
2021-01-03 14:00:00,0
2021-01-03 15:00:00,0
2021-01-03 16:00:00,0
2021-01-03 17:00:00,0
2021-01-03 18:00:00,0
2021-01-03 19:00:00,0
2021-01-03 20:00:00,0
2021-01-03 21:00:00,0
2021-01-03 22:00:00,0
2021-01-03 23:00:00,0
2021-01-04 00:00:00,0
2021-01-04 01:00:00,0
2021-01-04 02:00:00,0
2021-01-04 03:00:00,0
2021-01-04 04:00:00,0
2021-01-04 05:00:00,0
2021-01-04 06:00:00,0
2021-01-04 07:00:00,0
2021-01-04 08:00:00,165
2021-01-04 09:00:00,313
2021-01-04 10:00:00,2757
2021-01-04 11:00:00,983
2021-01-04 12:00:00,96
2021-01-04 13:00:00,791
2021-01-04 14:00:00,2485
2021-01-04 15:00:00,2313
2021-01-04 16:00:00,1906
2021-01-04 17:00:00,1725
2021-01-04 18:00:00,0
2021-01-04 19:00:00,0
2021-01-04 20:00:00,46
2021-01-04 21:00:00,40
2021-01-04 22:00:00,0
2021-01-04 23:00:00,52
2021-01-05 00:00:00,0
2021-01-05 01:00:00,0
2021-01-05 02:00:00,0
2021-01-05 03:00:00,0
2021-01-05 04:00:00,0
2021-01-05 05:00:00,0
2021-01-05 06:00:00,0
2021-01-05 07:00:00,0
2021-01-05 08:00:00,0
2021-01-05 09:00:00,0
2021-01-05 10:00:00,0
2021-01-05 11:00:00,0
2021-01-05 12:00:00,0
2021-01-05 13:00:00,0
2021-01-05 14:00:00,0
2021-01-05 15:00:00,0
2021-01-05 16:00:00,0
2021-01-05 17:00:00,0
2021-01-05 18:00:00,0
2021-01-05 19:00:00,0
2021-01-05 20:00:00,0
2021-01-05 21:00:00,0
2021-01-05 22:00:00,0
2021-01-05 23:00:00,0
2021-01-06 00:00:00,0
2021-01-06 01:00:00,0
2021-01-06 02:00:00,0
2021-01-06 03:00:00,0
2021-01-06 04:00:00,0
2021-01-06 05:00:00,0
2021-01-06 06:00:00,0
2021-01-06 07:00:00,0
2021-01-06 08:00:00,0
2021-01-06 09:00:00,0
2021-01-06 10:00:00,0
2021-01-06 11:00:00,0
2021-01-06 12:00:00,0
2021-01-06 13:00:00,0
2021-01-06 14:00:00,0
2021-01-06 15:00:00,0
2021-01-06 16:00:00,0
2021-01-06 17:00:00,0
2021-01-06 18:00:00,0
2021-01-06 19:00:00,0
2021-01-06 20:00:00,0
2021-01-06 21:00:00,0
2021-01-06 22:00:00,0
2021-01-06 23:00:00,0
2021-01-07 00:00:00,0
2021-01-07 01:00:00,34
2021-01-07 02:00:00,0
2021-01-07 03:00:00,56
2021-01-07 04:00:00,278
2021-01-07 05:00:00,0
2021-01-07 06:00:00,20
2021-01-07 07:00:00,2841
2021-01-07 08:00:00,538
2021-01-07 09:00:00,1384
2021-01-07 10:00:00,957
2021-01-07 11:00:00,1013
2021-01-07 12:00:00,797
2021-01-07 13:00:00,1293
2021-01-07 14:00:00,2314
2021-01-07 15:00:00,1043
2021-01-07 16:00:00,1546
2021-01-07 17:00:00,451
2021-01-07 18:00:00,380
2021-01-07 19:00:00,1652
2021-01-07 20:00:00,194
2021-01-07 21:00:00,0
2021-01-07 22:00:00,2
2021-01-07 23:00:00,12
2021-01-08 00:00:00,0
2021-01-08 01:00:00,0
2021-01-08 02:00:00,2
2021-01-08 03:00:00,148
2021-01-08 04:00:00,498
2021-01-08 05:00:00,33
2021-01-08 06:00:00,60
2021-01-08 07:00:00,1507
2021-01-08 08:00:00,777
2021-01-08 09:00:00,325
2021-01-08 10:00:00,2427
2021-01-08 11:00:00,695
2021-01-08 12:00:00,48
2021-01-08 13:00:00,4386
2021-01-08 14:00:00,1270
2021-01-08 15:00:00,3947
2021-01-08 16:00:00,613
2021-01-08 17:00:00,184
2021-01-08 18:00:00,754
2021-01-08 19:00:00,4008
2021-01-08 20:00:00,0
2021-01-08 21:00:00,28
2021-01-08 22:00:00,30
2021-01-08 23:00:00,43
2021-01-09 00:00:00,0
2021-01-09 01:00:00,32
2021-01-09 02:00:00,0
2021-01-09 03:00:00,23
2021-01-09 04:00:00,0
2021-01-09 05:00:00,0
2021-01-09 06:00:00,64
2021-01-09 07:00:00,548
2021-01-09 08:00:00,0
2021-01-09 09:00:00,0
2021-01-09 10:00:00,0
2021-01-09 11:00:00,0
2021-01-09 12:00:00,0
2021-01-09 13:00:00,0
2021-01-09 14:00:00,0
2021-01-09 15:00:00,0
2021-01-09 16:00:00,0
2021-01-09 17:00:00,0
2021-01-09 18:00:00,0
2021-01-09 19:00:00,0
2021-01-09 20:00:00,0
2021-01-09 21:00:00,0
2021-01-09 22:00:00,0
2021-01-09 23:00:00,0
2021-01-10 00:00:00,0
2021-01-10 01:00:00,0
2021-01-10 02:00:00,0
2021-01-10 03:00:00,0
2021-01-10 04:00:00,0
2021-01-10 05:00:00,0
2021-01-10 06:00:00,0
2021-01-10 07:00:00,0
2021-01-10 08:00:00,0
2021-01-10 09:00:00,0
2021-01-10 10:00:00,0
2021-01-10 11:00:00,0
2021-01-10 12:00:00,0
2021-01-10 13:00:00,0
2021-01-10 14:00:00,0
2021-01-10 15:00:00,0
2021-01-10 16:00:00,0
2021-01-10 17:00:00,0
2021-01-10 18:00:00,0
2021-01-10 19:00:00,0
2021-01-10 20:00:00,0
2021-01-10 21:00:00,0
2021-01-10 22:00:00,0
2021-01-10 23:00:00,0
2021-01-11 00:00:00,0
2021-01-11 01:00:00,0
2021-01-11 02:00:00,0
2021-01-11 03:00:00,0
2021-01-11 04:00:00,0
2021-01-11 05:00:00,0
2021-01-11 06:00:00,0
2021-01-11 07:00:00,0
2021-01-11 08:00:00,299
2021-01-11 09:00:00,710
2021-01-11 10:00:00,661
2021-01-11 11:00:00,864
2021-01-11 12:00:00,368
2021-01-11 13:00:00,626
2021-01-11 14:00:00,2202
2021-01-11 15:00:00,601
2021-01-11 16:00:00,1308
2021-01-11 17:00:00,683
2021-01-11 18:00:00,985
2021-01-11 19:00:00,1266
2021-01-11 20:00:00,608
2021-01-11 21:00:00,26
2021-01-11 22:00:00,48
2021-01-11 23:00:00,12
2021-01-12 00:00:00,0
2021-01-12 01:00:00,0
2021-01-12 02:00:00,0
2021-01-12 03:00:00,0
2021-01-12 04:00:00,0
2021-01-12 05:00:00,0
2021-01-12 06:00:00,0
2021-01-12 07:00:00,0
2021-01-12 08:00:00,0
2021-01-12 09:00:00,0
2021-01-12 10:00:00,0
2021-01-12 11:00:00,0
2021-01-12 12:00:00,0
2021-01-12 13:00:00,0
2021-01-12 14:00:00,0
2021-01-12 15:00:00,0
2021-01-12 16:00:00,0
2021-01-12 17:00:00,0
2021-01-12 18:00:00,0
2021-01-12 19:00:00,0
2021-01-12 20:00:00,0
2021-01-12 21:00:00,0
2021-01-12 22:00:00,0
2021-01-12 23:00:00,0
2021-01-13 00:00:00,0
2021-01-13 01:00:00,0
2021-01-13 02:00:00,0
2021-01-13 03:00:00,0
2021-01-13 04:00:00,0
2021-01-13 05:00:00,0
2021-01-13 06:00:00,0
2021-01-13 07:00:00,0
2021-01-13 08:00:00,0
2021-01-13 09:00:00,0
2021-01-13 10:00:00,0
2021-01-13 11:00:00,0
2021-01-13 12:00:00,0
2021-01-13 13:00:00,0
2021-01-13 14:00:00,0
2021-01-13 15:00:00,0
2021-01-13 16:00:00,0
2021-01-13 17:00:00,0
2021-01-13 18:00:00,0
2021-01-13 19:00:00,0
2021-01-13 20:00:00,0
2021-01-13 21:00:00,0
2021-01-13 22:00:00,0
2021-01-13 23:00:00,0
2021-01-14 00:00:00,0
2021-01-14 01:00:00,14
2021-01-14 02:00:00,8
2021-01-14 03:00:00,97
2021-01-14 04:00:00,16
2021-01-14 05:00:00,0
2021-01-14 06:00:00,62
2021-01-14 07:00:00,280
2021-01-14 08:00:00,844
2021-01-14 09:00:00,1104
2021-01-14 10:00:00,498
2021-01-14 11:00:00,1465
2021-01-14 12:00:00,6345
2021-01-14 13:00:00,898
2021-01-14 14:00:00,535
2021-01-14 15:00:00,550
2021-01-14 16:00:00,1064
2021-01-14 17:00:00,249
2021-01-14 18:00:00,1016
2021-01-14 19:00:00,2446
2021-01-14 20:00:00,9
2021-01-14 21:00:00,8
2021-01-14 22:00:00,53
2021-01-14 23:00:00,0
2021-01-15 00:00:00,0
2021-01-15 01:00:00,91
2021-01-15 02:00:00,70
2021-01-15 03:00:00,0
2021-01-15 04:00:00,98
2021-01-15 05:00:00,0
2021-01-15 06:00:00,54
2021-01-15 07:00:00,457
2021-01-15 08:00:00,560
2021-01-15 09:00:00,624
2021-01-15 10:00:00,1090
2021-01-15 11:00:00,908
2021-01-15 12:00:00,1763
2021-01-15 13:00:00,946
2021-01-15 14:00:00,2022
2021-01-15 15:00:00,614
2021-01-15 16:00:00,1324
2021-01-15 17:00:00,95
2021-01-15 18:00:00,1019
2021-01-15 19:00:00,2553
2021-01-15 20:00:00,3
2021-01-15 21:00:00,31
2021-01-15 22:00:00,17
2021-01-15 23:00:00,6
2021-01-16 00:00:00,0
2021-01-16 01:00:00,0
2021-01-16 02:00:00,118
2021-01-16 03:00:00,0
2021-01-16 04:00:00,60
2021-01-16 05:00:00,35
2021-01-16 06:00:00,62
2021-01-16 07:00:00,424
2021-01-16 08:00:00,0
2021-01-16 09:00:00,0
2021-01-16 10:00:00,0
2021-01-16 11:00:00,0
2021-01-16 12:00:00,0
2021-01-16 13:00:00,0
2021-01-16 14:00:00,0
2021-01-16 15:00:00,0
2021-01-16 16:00:00,0
2021-01-16 17:00:00,0
2021-01-16 18:00:00,0
2021-01-16 19:00:00,0
2021-01-16 20:00:00,0
2021-01-16 21:00:00,0
2021-01-16 22:00:00,0
2021-01-16 23:00:00,0
2021-01-17 00:00:00,0
2021-01-17 01:00:00,0
2021-01-17 02:00:00,0
2021-01-17 03:00:00,0
2021-01-17 04:00:00,0
2021-01-17 05:00:00,0
2021-01-17 06:00:00,0
2021-01-17 07:00:00,0
2021-01-17 08:00:00,0
2021-01-17 09:00:00,0
2021-01-17 10:00:00,0
2021-01-17 11:00:00,0
2021-01-17 12:00:00,0
2021-01-17 13:00:00,0
2021-01-17 14:00:00,0
2021-01-17 15:00:00,0
2021-01-17 16:00:00,24
2021-01-17 17:00:00,0
2021-01-17 18:00:00,0
2021-01-17 19:00:00,0
2021-01-17 20:00:00,0
2021-01-17 21:00:00,0
2021-01-17 22:00:00,0
2021-01-17 23:00:00,0
2021-01-18 00:00:00,0
2021-01-18 01:00:00,0
2021-01-18 02:00:00,0
2021-01-18 03:00:00,0
2021-01-18 04:00:00,0
2021-01-18 05:00:00,0
2021-01-18 06:00:00,0
2021-01-18 07:00:00,0
2021-01-18 08:00:00,592
2021-01-18 09:00:00,622
2021-01-18 10:00:00,3127
2021-01-18 11:00:00,1300
2021-01-18 12:00:00,60
2021-01-18 13:00:00,902
2021-01-18 14:00:00,854
2021-01-18 15:00:00,1424
2021-01-18 16:00:00,1378
2021-01-18 17:00:00,816
2021-01-18 18:00:00,1268
2021-01-18 19:00:00,2095
2021-01-18 20:00:00,158
2021-01-18 21:00:00,163
2021-01-18 22:00:00,62
2021-01-18 23:00:00,324
2021-01-19 00:00:00,0
2021-01-19 01:00:00,0
2021-01-19 02:00:00,0
2021-01-19 03:00:00,0
2021-01-19 04:00:00,0
2021-01-19 05:00:00,0
2021-01-19 06:00:00,0
2021-01-19 07:00:00,0
2021-01-19 08:00:00,0
2021-01-19 09:00:00,0
2021-01-19 10:00:00,0
2021-01-19 11:00:00,0
2021-01-19 12:00:00,0
2021-01-19 13:00:00,0
2021-01-19 14:00:00,0
2021-01-19 15:00:00,0
2021-01-19 16:00:00,0
2021-01-19 17:00:00,0
2021-01-19 18:00:00,0
2021-01-19 19:00:00,0
2021-01-19 20:00:00,0
2021-01-19 21:00:00,0
2021-01-19 22:00:00,0
2021-01-19 23:00:00,0
2021-01-20 00:00:00,0
2021-01-20 01:00:00,0
2021-01-20 02:00:00,0
2021-01-20 03:00:00,0
2021-01-20 04:00:00,0
2021-01-20 05:00:00,0
2021-01-20 06:00:00,0
2021-01-20 07:00:00,0
2021-01-20 08:00:00,0
2021-01-20 09:00:00,0
2021-01-20 10:00:00,0
2021-01-20 11:00:00,0
2021-01-20 12:00:00,0
2021-01-20 13:00:00,0
2021-01-20 14:00:00,0
2021-01-20 15:00:00,0
2021-01-20 16:00:00,0
2021-01-20 17:00:00,0
2021-01-20 18:00:00,0
2021-01-20 19:00:00,0
2021-01-20 20:00:00,0
2021-01-20 21:00:00,0
2021-01-20 22:00:00,0
2021-01-20 23:00:00,0
2021-01-21 00:00:00,522
2021-01-21 01:00:00,227
2021-01-21 02:00:00,54
2021-01-21 03:00:00,99
2021-01-21 04:00:00,708
2021-01-21 05:00:00,57
2021-01-21 06:00:00,332
2021-01-21 07:00:00,1617
2021-01-21 08:00:00,489
2021-01-21 09:00:00,447
2021-01-21 10:00:00,1884
2021-01-21 11:00:00,1164
2021-01-21 12:00:00,85
2021-01-21 13:00:00,1692
2021-01-21 14:00:00,796
2021-01-21 15:00:00,562
2021-01-21 16:00:00,900
2021-01-21 17:00:00,350
2021-01-21 18:00:00,952
2021-01-21 19:00:00,3581
2021-01-21 20:00:00,100
2021-01-21 21:00:00,63
2021-01-21 22:00:00,351
2021-01-21 23:00:00,183
2021-01-22 00:00:00,0
2021-01-22 01:00:00,124
2021-01-22 02:00:00,854
2021-01-22 03:00:00,108
2021-01-22 04:00:00,140
2021-01-22 05:00:00,0
2021-01-22 06:00:00,1007
2021-01-22 07:00:00,682
2021-01-22 08:00:00,120
2021-01-22 09:00:00,786
2021-01-22 10:00:00,915
2021-01-22 11:00:00,452
2021-01-22 12:00:00,286
2021-01-22 13:00:00,1215
2021-01-22 14:00:00,466
2021-01-22 15:00:00,3684
2021-01-22 16:00:00,1081
2021-01-22 17:00:00,733
2021-01-22 18:00:00,658
2021-01-22 19:00:00,1279
2021-01-22 20:00:00,11
2021-01-22 21:00:00,171
2021-01-22 22:00:00,3
2021-01-22 23:00:00,532
2021-01-23 00:00:00,257
2021-01-23 01:00:00,477
2021-01-23 02:00:00,157
2021-01-23 03:00:00,371
2021-01-23 04:00:00,36
2021-01-23 05:00:00,894
2021-01-23 06:00:00,233
2021-01-23 07:00:00,743
2021-01-23 08:00:00,0
2021-01-23 09:00:00,0
2021-01-23 10:00:00,0
2021-01-23 11:00:00,12
2021-01-23 12:00:00,0
2021-01-23 13:00:00,0
2021-01-23 14:00:00,0
2021-01-23 15:00:00,0
2021-01-23 16:00:00,0
2021-01-23 17:00:00,0
2021-01-23 18:00:00,0
2021-01-23 19:00:00,0
2021-01-23 20:00:00,0
2021-01-23 21:00:00,0
2021-01-23 22:00:00,0
2021-01-23 23:00:00,0
2021-01-24 00:00:00,0
2021-01-24 01:00:00,0
2021-01-24 02:00:00,0
2021-01-24 03:00:00,0
2021-01-24 04:00:00,0
2021-01-24 05:00:00,0
2021-01-24 06:00:00,0
2021-01-24 07:00:00,0
2021-01-24 08:00:00,0
2021-01-24 09:00:00,0
2021-01-24 10:00:00,0
2021-01-24 11:00:00,0
2021-01-24 12:00:00,0
2021-01-24 13:00:00,0
2021-01-24 14:00:00,0
2021-01-24 15:00:00,0
2021-01-24 16:00:00,0
2021-01-24 17:00:00,0
2021-01-24 18:00:00,0
2021-01-24 19:00:00,0
2021-01-24 20:00:00,0
2021-01-24 21:00:00,0
2021-01-24 22:00:00,0
2021-01-24 23:00:00,0
2021-01-25 00:00:00,0
2021-01-25 01:00:00,0
2021-01-25 02:00:00,0
2021-01-25 03:00:00,0
2021-01-25 04:00:00,0
2021-01-25 05:00:00,0
2021-01-25 06:00:00,0
2021-01-25 07:00:00,0
2021-01-25 08:00:00,796
2021-01-25 09:00:00,417
2021-01-25 10:00:00,383
2021-01-25 11:00:00,1971
2021-01-25 12:00:00,0
2021-01-25 13:00:00,1330
2021-01-25 14:00:00,1732
2021-01-25 15:00:00,926
2021-01-25 16:00:00,2269
2021-01-25 17:00:00,797
2021-01-25 18:00:00,896
2021-01-25 19:00:00,2599
2021-01-25 20:00:00,78
2021-01-25 21:00:00,36
2021-01-25 22:00:00,181
2021-01-25 23:00:00,30
2021-01-26 00:00:00,0
2021-01-26 01:00:00,0
2021-01-26 02:00:00,0
2021-01-26 03:00:00,0
2021-01-26 04:00:00,0
2021-01-26 05:00:00,0
2021-01-26 06:00:00,0
2021-01-26 07:00:00,0
2021-01-26 08:00:00,0
2021-01-26 09:00:00,0
2021-01-26 10:00:00,0
2021-01-26 11:00:00,0
2021-01-26 12:00:00,0
2021-01-26 13:00:00,0
2021-01-26 14:00:00,0
2021-01-26 15:00:00,0
2021-01-26 16:00:00,0
2021-01-26 17:00:00,0
2021-01-26 18:00:00,0
2021-01-26 19:00:00,0
2021-01-26 20:00:00,0
2021-01-26 21:00:00,0
2021-01-26 22:00:00,0
2021-01-26 23:00:00,0
2021-01-27 00:00:00,0
2021-01-27 01:00:00,0
2021-01-27 02:00:00,0
2021-01-27 03:00:00,0
2021-01-27 04:00:00,0
2021-01-27 05:00:00,0
2021-01-27 06:00:00,0
2021-01-27 07:00:00,0
2021-01-27 08:00:00,0
2021-01-27 09:00:00,0
2021-01-27 10:00:00,0
2021-01-27 11:00:00,0
2021-01-27 12:00:00,0
2021-01-27 13:00:00,0
2021-01-27 14:00:00,0
2021-01-27 15:00:00,0
2021-01-27 16:00:00,0
2021-01-27 17:00:00,0
2021-01-27 18:00:00,0
2021-01-27 19:00:00,0
2021-01-27 20:00:00,0
2021-01-27 21:00:00,0
2021-01-27 22:00:00,0
2021-01-27 23:00:00,0
2021-01-28 00:00:00,0
2021-01-28 01:00:00,24
2021-01-28 02:00:00,437
2021-01-28 03:00:00,1
2021-01-28 04:00:00,827
2021-01-28 05:00:00,120
2021-01-28 06:00:00,110
2021-01-28 07:00:00,16
2021-01-28 08:00:00,375
2021-01-28 09:00:00,347
2021-01-28 10:00:00,810
2021-01-28 11:00:00,1049
2021-01-28 12:00:00,309
2021-01-28 13:00:00,1034
2021-01-28 14:00:00,2238
2021-01-28 15:00:00,861
2021-01-28 16:00:00,1685
2021-01-28 17:00:00,512
2021-01-28 18:00:00,971
2021-01-28 19:00:00,1690
2021-01-28 20:00:00,358
2021-01-28 21:00:00,40
2021-01-28 22:00:00,12
2021-01-28 23:00:00,4
2021-01-29 00:00:00,0
2021-01-29 01:00:00,81
2021-01-29 02:00:00,634
2021-01-29 03:00:00,2
2021-01-29 04:00:00,1
2021-01-29 05:00:00,24
2021-01-29 06:00:00,2
2021-01-29 07:00:00,1288
2021-01-29 08:00:00,364
2021-01-29 09:00:00,301
2021-01-29 10:00:00,601
2021-01-29 11:00:00,1135
2021-01-29 12:00:00,2095
2021-01-29 13:00:00,809
2021-01-29 14:00:00,972
2021-01-29 15:00:00,868
2021-01-29 16:00:00,1383
2021-01-29 17:00:00,255
2021-01-29 18:00:00,1132
2021-01-29 19:00:00,4121
2021-01-29 20:00:00,76
2021-01-29 21:00:00,51
2021-01-29 22:00:00,63
2021-01-29 23:00:00,82
2021-01-30 00:00:00,213
2021-01-30 01:00:00,72
2021-01-30 02:00:00,81
2021-01-30 03:00:00,325
2021-01-30 04:00:00,3
2021-01-30 05:00:00,13
2021-01-30 06:00:00,42
2021-01-30 07:00:00,783
2021-01-30 08:00:00,0
2021-01-30 09:00:00,0
2021-01-30 10:00:00,0
2021-01-30 11:00:00,0
2021-01-30 12:00:00,0
2021-01-30 13:00:00,0
2021-01-30 14:00:00,0
2021-01-30 15:00:00,0
2021-01-30 16:00:00,0
2021-01-30 17:00:00,0
2021-01-30 18:00:00,0
2021-01-30 19:00:00,0
2021-01-30 20:00:00,0
2021-01-30 21:00:00,0
2021-01-30 22:00:00,0
2021-01-30 23:00:00,0
2021-01-31 00:00:00,0
2021-01-31 01:00:00,0
2021-01-31 02:00:00,0
2021-01-31 03:00:00,0
2021-01-31 04:00:00,0
2021-01-31 05:00:00,0
2021-01-31 06:00:00,0
2021-01-31 07:00:00,0
2021-01-31 08:00:00,0
2021-01-31 09:00:00,0
2021-01-31 10:00:00,0
2021-01-31 11:00:00,0
2021-01-31 12:00:00,0
2021-01-31 13:00:00,0
2021-01-31 14:00:00,0
2021-01-31 15:00:00,0
2021-01-31 16:00:00,0
2021-01-31 17:00:00,0
2021-01-31 18:00:00,0
2021-01-31 19:00:00,0
2021-01-31 20:00:00,0
2021-01-31 21:00:00,0
2021-01-31 22:00:00,0
2021-01-31 23:00:00,0
2021-02-01 00:00:00,0
2021-02-01 01:00:00,0
2021-02-01 02:00:00,0
2021-02-01 03:00:00,0
2021-02-01 04:00:00,0
2021-02-01 05:00:00,0
2021-02-01 06:00:00,0
2021-02-01 07:00:00,0
2021-02-01 08:00:00,541
2021-02-01 09:00:00,432
2021-02-01 10:00:00,402
2021-02-01 11:00:00,630
2021-02-01 12:00:00,284
2021-02-01 13:00:00,318
2021-02-01 14:00:00,7437
2021-02-01 15:00:00,878
2021-02-01 16:00:00,4585
2021-02-01 17:00:00,598
2021-02-01 18:00:00,1777
2021-02-01 19:00:00,1913
2021-02-01 20:00:00,8
2021-02-01 21:00:00,181
2021-02-01 22:00:00,97
2021-02-01 23:00:00,287
2021-02-02 00:00:00,0
2021-02-02 01:00:00,53
2021-02-02 02:00:00,127
2021-02-02 03:00:00,32
2021-02-02 04:00:00,69
2021-02-02 05:00:00,5
2021-02-02 06:00:00,500
2021-02-02 07:00:00,711
2021-02-02 08:00:00,789
2021-02-02 09:00:00,1354
2021-02-02 10:00:00,847
2021-02-02 11:00:00,535
2021-02-02 12:00:00,25
2021-02-02 13:00:00,2071
2021-02-02 14:00:00,1125
2021-02-02 15:00:00,978
2021-02-02 16:00:00,6974
2021-02-02 17:00:00,340
2021-02-02 18:00:00,869
2021-02-02 19:00:00,2312
2021-02-02 20:00:00,1
2021-02-02 21:00:00,177
2021-02-02 22:00:00,184
2021-02-02 23:00:00,50
2021-02-03 00:00:00,7
2021-02-03 01:00:00,487
2021-02-03 02:00:00,119
2021-02-03 03:00:00,499
2021-02-03 04:00:00,28
2021-02-03 05:00:00,37
2021-02-03 06:00:00,212
2021-02-03 07:00:00,873
2021-02-03 08:00:00,234
2021-02-03 09:00:00,297
2021-02-03 10:00:00,931
2021-02-03 11:00:00,850
2021-02-03 12:00:00,110
2021-02-03 13:00:00,693
2021-02-03 14:00:00,1683
2021-02-03 15:00:00,1489
2021-02-03 16:00:00,849
2021-02-03 17:00:00,508
2021-02-03 18:00:00,666
2021-02-03 19:00:00,3591
2021-02-03 20:00:00,32
2021-02-03 21:00:00,18
2021-02-03 22:00:00,306
2021-02-03 23:00:00,17
2021-02-04 00:00:00,231
2021-02-04 01:00:00,132
2021-02-04 02:00:00,40
2021-02-04 03:00:00,630
2021-02-04 04:00:00,155
2021-02-04 05:00:00,116
2021-02-04 06:00:00,322
2021-02-04 07:00:00,469
2021-02-04 08:00:00,793
2021-02-04 09:00:00,751
2021-02-04 10:00:00,3151
2021-02-04 11:00:00,1159
2021-02-04 12:00:00,108
2021-02-04 13:00:00,695
2021-02-04 14:00:00,1221
2021-02-04 15:00:00,760
2021-02-04 16:00:00,679
2021-02-04 17:00:00,310
2021-02-04 18:00:00,1043
2021-02-04 19:00:00,951
2021-02-04 20:00:00,81
2021-02-04 21:00:00,2
2021-02-04 22:00:00,312
2021-02-04 23:00:00,300
2021-02-05 00:00:00,60
2021-02-05 01:00:00,128
2021-02-05 02:00:00,234
2021-02-05 03:00:00,148
2021-02-05 04:00:00,140
2021-02-05 05:00:00,213
2021-02-05 06:00:00,33
2021-02-05 07:00:00,2623
2021-02-05 08:00:00,686
2021-02-05 09:00:00,662
2021-02-05 10:00:00,2737
2021-02-05 11:00:00,633
2021-02-05 12:00:00,18
2021-02-05 13:00:00,1901
2021-02-05 14:00:00,1826
2021-02-05 15:00:00,439
2021-02-05 16:00:00,3627
2021-02-05 17:00:00,116
2021-02-05 18:00:00,1063
2021-02-05 19:00:00,666
2021-02-05 20:00:00,595
2021-02-05 21:00:00,0
2021-02-05 22:00:00,0
2021-02-05 23:00:00,500
2021-02-06 00:00:00,300
2021-02-06 01:00:00,100
2021-02-06 02:00:00,564
2021-02-06 03:00:00,32
2021-02-06 04:00:00,361
2021-02-06 05:00:00,0
2021-02-06 06:00:00,4
2021-02-06 07:00:00,1510
2021-02-06 08:00:00,0
2021-02-06 09:00:00,0
2021-02-06 10:00:00,0
2021-02-06 11:00:00,0
2021-02-06 12:00:00,0
2021-02-06 13:00:00,0
2021-02-06 14:00:00,0
2021-02-06 15:00:00,0
2021-02-06 16:00:00,0
2021-02-06 17:00:00,0
2021-02-06 18:00:00,0
2021-02-06 19:00:00,0
2021-02-06 20:00:00,0
2021-02-06 21:00:00,0
2021-02-06 22:00:00,0
2021-02-06 23:00:00,0
2021-02-07 00:00:00,0
2021-02-07 01:00:00,0
2021-02-07 02:00:00,0
2021-02-07 03:00:00,0
2021-02-07 04:00:00,0
2021-02-07 05:00:00,0
2021-02-07 06:00:00,0
2021-02-07 07:00:00,0
2021-02-07 08:00:00,0
2021-02-07 09:00:00,0
2021-02-07 10:00:00,0
2021-02-07 11:00:00,0
2021-02-07 12:00:00,0
2021-02-07 13:00:00,0
2021-02-07 14:00:00,0
2021-02-07 15:00:00,0
2021-02-07 16:00:00,0
2021-02-07 17:00:00,0
2021-02-07 18:00:00,0
2021-02-07 19:00:00,0
2021-02-07 20:00:00,0
2021-02-07 21:00:00,0
2021-02-07 22:00:00,0
2021-02-07 23:00:00,0
2021-02-08 00:00:00,0
2021-02-08 01:00:00,0
2021-02-08 02:00:00,0
2021-02-08 03:00:00,0
2021-02-08 04:00:00,0
2021-02-08 05:00:00,0
2021-02-08 06:00:00,0
2021-02-08 07:00:00,0
2021-02-08 08:00:00,669
2021-02-08 09:00:00,538
2021-02-08 10:00:00,785
2021-02-08 11:00:00,2411
2021-02-08 12:00:00,120
2021-02-08 13:00:00,909
2021-02-08 14:00:00,2129
2021-02-08 15:00:00,1722
2021-02-08 16:00:00,3012
2021-02-08 17:00:00,273
2021-02-08 18:00:00,992
2021-02-08 19:00:00,2012
2021-02-08 20:00:00,33
2021-02-08 21:00:00,37
2021-02-08 22:00:00,0
2021-02-08 23:00:00,65
2021-02-09 00:00:00,147
2021-02-09 01:00:00,96
2021-02-09 02:00:00,200
2021-02-09 03:00:00,513
2021-02-09 04:00:00,83
2021-02-09 05:00:00,56
2021-02-09 06:00:00,540
2021-02-09 07:00:00,996
2021-02-09 08:00:00,520
2021-02-09 09:00:00,636
2021-02-09 10:00:00,477
2021-02-09 11:00:00,592
2021-02-09 12:00:00,65
2021-02-09 13:00:00,1161
2021-02-09 14:00:00,923
2021-02-09 15:00:00,1319
2021-02-09 16:00:00,1198
2021-02-09 17:00:00,885
2021-02-09 18:00:00,1801
2021-02-09 19:00:00,2578
2021-02-09 20:00:00,50
2021-02-09 21:00:00,13
2021-02-09 22:00:00,148
2021-02-09 23:00:00,167
2021-02-10 00:00:00,121
2021-02-10 01:00:00,39
2021-02-10 02:00:00,158
2021-02-10 03:00:00,40
2021-02-10 04:00:00,143
2021-02-10 05:00:00,574
2021-02-10 06:00:00,246
2021-02-10 07:00:00,577
2021-02-10 08:00:00,324
2021-02-10 09:00:00,1812
2021-02-10 10:00:00,903
2021-02-10 11:00:00,1468
2021-02-10 12:00:00,508
2021-02-10 13:00:00,483
2021-02-10 14:00:00,180
2021-02-10 15:00:00,0
2021-02-10 16:00:00,0
2021-02-10 17:00:00,0
2021-02-10 18:00:00,0
2021-02-10 19:00:00,0
2021-02-10 20:00:00,0
2021-02-10 21:00:00,0
2021-02-10 22:00:00,0
2021-02-10 23:00:00,0
2021-02-11 00:00:00,0
2021-02-11 01:00:00,0
2021-02-11 02:00:00,0
2021-02-11 03:00:00,0
2021-02-11 04:00:00,0
2021-02-11 05:00:00,0
2021-02-11 06:00:00,0
2021-02-11 07:00:00,0
2021-02-11 08:00:00,0
2021-02-11 09:00:00,0
2021-02-11 10:00:00,0
2021-02-11 11:00:00,0
2021-02-11 12:00:00,0
2021-02-11 13:00:00,0
2021-02-11 14:00:00,0
2021-02-11 15:00:00,0
2021-02-11 16:00:00,0
2021-02-11 17:00:00,0
2021-02-11 18:00:00,0
2021-02-11 19:00:00,0
2021-02-11 20:00:00,0
2021-02-11 21:00:00,0
2021-02-11 22:00:00,0
2021-02-11 23:00:00,0
2021-02-12 00:00:00,0
2021-02-12 01:00:00,0
2021-02-12 02:00:00,0
2021-02-12 03:00:00,0
2021-02-12 04:00:00,0
2021-02-12 05:00:00,0
2021-02-12 06:00:00,0
2021-02-12 07:00:00,0
2021-02-12 08:00:00,0
2021-02-12 09:00:00,0
2021-02-12 10:00:00,0
2021-02-12 11:00:00,0
2021-02-12 12:00:00,0
2021-02-12 13:00:00,0
2021-02-12 14:00:00,0
2021-02-12 15:00:00,0
2021-02-12 16:00:00,0
2021-02-12 17:00:00,0
2021-02-12 18:00:00,0
2021-02-12 19:00:00,0
2021-02-12 20:00:00,0
2021-02-12 21:00:00,0
2021-02-12 22:00:00,0
2021-02-12 23:00:00,0
2021-02-13 00:00:00,0
2021-02-13 01:00:00,0
2021-02-13 02:00:00,0
2021-02-13 03:00:00,0
2021-02-13 04:00:00,0
2021-02-13 05:00:00,0
2021-02-13 06:00:00,0
2021-02-13 07:00:00,0
2021-02-13 08:00:00,0
2021-02-13 09:00:00,0
2021-02-13 10:00:00,0
2021-02-13 11:00:00,0
2021-02-13 12:00:00,0
2021-02-13 13:00:00,0
2021-02-13 14:00:00,0
2021-02-13 15:00:00,0
2021-02-13 16:00:00,0
2021-02-13 17:00:00,0
2021-02-13 18:00:00,0
2021-02-13 19:00:00,0
2021-02-13 20:00:00,0
2021-02-13 21:00:00,0
2021-02-13 22:00:00,0
2021-02-13 23:00:00,0
2021-02-14 00:00:00,0
2021-02-14 01:00:00,0
2021-02-14 02:00:00,0
2021-02-14 03:00:00,0
2021-02-14 04:00:00,0
2021-02-14 05:00:00,0
2021-02-14 06:00:00,0
2021-02-14 07:00:00,0
2021-02-14 08:00:00,0
2021-02-14 09:00:00,0
2021-02-14 10:00:00,0
2021-02-14 11:00:00,0
2021-02-14 12:00:00,0
2021-02-14 13:00:00,0
2021-02-14 14:00:00,0
2021-02-14 15:00:00,0
2021-02-14 16:00:00,0
2021-02-14 17:00:00,0
2021-02-14 18:00:00,0
2021-02-14 19:00:00,0
2021-02-14 20:00:00,0
2021-02-14 21:00:00,0
2021-02-14 22:00:00,0
2021-02-14 23:00:00,0
2021-02-15 00:00:00,0
2021-02-15 01:00:00,0
2021-02-15 02:00:00,0
2021-02-15 03:00:00,0
2021-02-15 04:00:00,0
2021-02-15 05:00:00,0
2021-02-15 06:00:00,0
2021-02-15 07:00:00,0
2021-02-15 08:00:00,635
2021-02-15 09:00:00,1362
2021-02-15 10:00:00,825
2021-02-15 11:00:00,2724
2021-02-15 12:00:00,0
2021-02-15 13:00:00,2776
2021-02-15 14:00:00,2004
2021-02-15 15:00:00,154
2021-02-15 16:00:00,903
2021-02-15 17:00:00,905
2021-02-15 18:00:00,2247
2021-02-15 19:00:00,478
2021-02-15 20:00:00,51
2021-02-15 21:00:00,213
2021-02-15 22:00:00,98
2021-02-15 23:00:00,452
2021-02-16 00:00:00,250
2021-02-16 01:00:00,312
2021-02-16 02:00:00,158
2021-02-16 03:00:00,124
2021-02-16 04:00:00,48
2021-02-16 05:00:00,204
2021-02-16 06:00:00,109
2021-02-16 07:00:00,2149
2021-02-16 08:00:00,453
2021-02-16 09:00:00,518
2021-02-16 10:00:00,803
2021-02-16 11:00:00,714
2021-02-16 12:00:00,4
2021-02-16 13:00:00,352
2021-02-16 14:00:00,3995
2021-02-16 15:00:00,2195
2021-02-16 16:00:00,2786
2021-02-16 17:00:00,82
2021-02-16 18:00:00,757
2021-02-16 19:00:00,2939
2021-02-16 20:00:00,6
2021-02-16 21:00:00,136
2021-02-16 22:00:00,65
2021-02-16 23:00:00,107
2021-02-17 00:00:00,331
2021-02-17 01:00:00,170
2021-02-17 02:00:00,240
2021-02-17 03:00:00,82
2021-02-17 04:00:00,265
2021-02-17 05:00:00,23
2021-02-17 06:00:00,583
2021-02-17 07:00:00,1612
2021-02-17 08:00:00,479
2021-02-17 09:00:00,1759
2021-02-17 10:00:00,1510
2021-02-17 11:00:00,792
2021-02-17 12:00:00,269
2021-02-17 13:00:00,819
2021-02-17 14:00:00,1272
2021-02-17 15:00:00,3267
2021-02-17 16:00:00,1287
2021-02-17 17:00:00,2402
2021-02-17 18:00:00,382
2021-02-17 19:00:00,1510
2021-02-17 20:00:00,117
2021-02-17 21:00:00,15
2021-02-17 22:00:00,292
2021-02-17 23:00:00,150
2021-02-18 00:00:00,122
2021-02-18 01:00:00,287
2021-02-18 02:00:00,28
2021-02-18 03:00:00,300
2021-02-18 04:00:00,42
2021-02-18 05:00:00,0
2021-02-18 06:00:00,0
2021-02-18 07:00:00,1368
2021-02-18 08:00:00,197
2021-02-18 09:00:00,1493
2021-02-18 10:00:00,801
2021-02-18 11:00:00,772
2021-02-18 12:00:00,74
2021-02-18 13:00:00,768
2021-02-18 14:00:00,2874
2021-02-18 15:00:00,260
2021-02-18 16:00:00,703
2021-02-18 17:00:00,1073
2021-02-18 18:00:00,1436
2021-02-18 19:00:00,3139
2021-02-18 20:00:00,0
2021-02-18 21:00:00,224
2021-02-18 22:00:00,124
2021-02-18 23:00:00,98
2021-02-19 00:00:00,132
2021-02-19 01:00:00,490
2021-02-19 02:00:00,244
2021-02-19 03:00:00,376
2021-02-19 04:00:00,251
2021-02-19 05:00:00,6
2021-02-19 06:00:00,123
2021-02-19 07:00:00,1902
2021-02-19 08:00:00,994
2021-02-19 09:00:00,800
2021-02-19 10:00:00,4258
2021-02-19 11:00:00,3369
2021-02-19 12:00:00,320
2021-02-19 13:00:00,1334
2021-02-19 14:00:00,503
2021-02-19 15:00:00,184
2021-02-19 16:00:00,1306
2021-02-19 17:00:00,322
2021-02-19 18:00:00,2370
2021-02-19 19:00:00,931
2021-02-19 20:00:00,62
2021-02-19 21:00:00,124
2021-02-19 22:00:00,330
2021-02-19 23:00:00,55
2021-02-20 00:00:00,304
2021-02-20 01:00:00,174
2021-02-20 02:00:00,241
2021-02-20 03:00:00,162
2021-02-20 04:00:00,81
2021-02-20 05:00:00,18
2021-02-20 06:00:00,70
2021-02-20 07:00:00,1378
2021-02-20 08:00:00,0
2021-02-20 09:00:00,0
2021-02-20 10:00:00,0
2021-02-20 11:00:00,0
2021-02-20 12:00:00,0
2021-02-20 13:00:00,0
2021-02-20 14:00:00,0
2021-02-20 15:00:00,0
2021-02-20 16:00:00,0
2021-02-20 17:00:00,0
2021-02-20 18:00:00,0
2021-02-20 19:00:00,0
2021-02-20 20:00:00,0
2021-02-20 21:00:00,0
2021-02-20 22:00:00,0
2021-02-20 23:00:00,0
2021-02-21 00:00:00,0
2021-02-21 01:00:00,0
2021-02-21 02:00:00,0
2021-02-21 03:00:00,0
2021-02-21 04:00:00,0
2021-02-21 05:00:00,0
2021-02-21 06:00:00,0
2021-02-21 07:00:00,0
2021-02-21 08:00:00,0
2021-02-21 09:00:00,0
2021-02-21 10:00:00,0
2021-02-21 11:00:00,0
2021-02-21 12:00:00,0
2021-02-21 13:00:00,0
2021-02-21 14:00:00,0
2021-02-21 15:00:00,0
2021-02-21 16:00:00,0
2021-02-21 17:00:00,0
2021-02-21 18:00:00,0
2021-02-21 19:00:00,0
2021-02-21 20:00:00,0
2021-02-21 21:00:00,0
2021-02-21 22:00:00,0
2021-02-21 23:00:00,0
2021-02-22 00:00:00,0
2021-02-22 01:00:00,0
2021-02-22 02:00:00,0
2021-02-22 03:00:00,0
2021-02-22 04:00:00,0
2021-02-22 05:00:00,0
2021-02-22 06:00:00,0
2021-02-22 07:00:00,0
2021-02-22 08:00:00,820
2021-02-22 09:00:00,976
2021-02-22 10:00:00,873
2021-02-22 11:00:00,2168
2021-02-22 12:00:00,84
2021-02-22 13:00:00,773
2021-02-22 14:00:00,1146
2021-02-22 15:00:00,1275
2021-02-22 16:00:00,5650
2021-02-22 17:00:00,354
2021-02-22 18:00:00,1115
2021-02-22 19:00:00,4364
2021-02-22 20:00:00,1
2021-02-22 21:00:00,256
2021-02-22 22:00:00,214
2021-02-22 23:00:00,204
2021-02-23 00:00:00,148
2021-02-23 01:00:00,66
2021-02-23 02:00:00,222
2021-02-23 03:00:00,140
2021-02-23 04:00:00,68
2021-02-23 05:00:00,149
2021-02-23 06:00:00,342
2021-02-23 07:00:00,693
2021-02-23 08:00:00,1560
2021-02-23 09:00:00,727
2021-02-23 10:00:00,1757
2021-02-23 11:00:00,806
2021-02-23 12:00:00,436
2021-02-23 13:00:00,1468
2021-02-23 14:00:00,2610
2021-02-23 15:00:00,458
2021-02-23 16:00:00,3119
2021-02-23 17:00:00,747
2021-02-23 18:00:00,1410
2021-02-23 19:00:00,2750
2021-02-23 20:00:00,150
2021-02-23 21:00:00,108
2021-02-23 22:00:00,98
2021-02-23 23:00:00,17
2021-02-24 00:00:00,0
2021-02-24 01:00:00,10
2021-02-24 02:00:00,207
2021-02-24 03:00:00,30
2021-02-24 04:00:00,506
2021-02-24 05:00:00,112
2021-02-24 06:00:00,336
2021-02-24 07:00:00,1196
2021-02-24 08:00:00,711
2021-02-24 09:00:00,680
2021-02-24 10:00:00,1431
2021-02-24 11:00:00,755
2021-02-24 12:00:00,24
2021-02-24 13:00:00,1761
2021-02-24 14:00:00,814
2021-02-24 15:00:00,678
2021-02-24 16:00:00,1841
2021-02-24 17:00:00,585
2021-02-24 18:00:00,734
2021-02-24 19:00:00,2359
2021-02-24 20:00:00,4
2021-02-24 21:00:00,1
2021-02-24 22:00:00,200
2021-02-24 23:00:00,4
2021-02-25 00:00:00,0
2021-02-25 01:00:00,21
2021-02-25 02:00:00,47
2021-02-25 03:00:00,0
2021-02-25 04:00:00,122
2021-02-25 05:00:00,840
2021-02-25 06:00:00,0
2021-02-25 07:00:00,1838
2021-02-25 08:00:00,598
2021-02-25 09:00:00,1265
2021-02-25 10:00:00,1117
2021-02-25 11:00:00,3784
2021-02-25 12:00:00,144
2021-02-25 13:00:00,1573
2021-02-25 14:00:00,887
2021-02-25 15:00:00,599
2021-02-25 16:00:00,1763
2021-02-25 17:00:00,1389
2021-02-25 18:00:00,2192
2021-02-25 19:00:00,967
2021-02-25 20:00:00,124
2021-02-25 21:00:00,156
2021-02-25 22:00:00,113
2021-02-25 23:00:00,32
2021-02-26 00:00:00,128
2021-02-26 01:00:00,97
2021-02-26 02:00:00,292
2021-02-26 03:00:00,18
2021-02-26 04:00:00,234
2021-02-26 05:00:00,1
2021-02-26 06:00:00,461
2021-02-26 07:00:00,869
2021-02-26 08:00:00,1037
2021-02-26 09:00:00,761
2021-02-26 10:00:00,474
2021-02-26 11:00:00,2107
2021-02-26 12:00:00,0
2021-02-26 13:00:00,1298
2021-02-26 14:00:00,626
2021-02-26 15:00:00,307
2021-02-26 16:00:00,2479
2021-02-26 17:00:00,2440
2021-02-26 18:00:00,1889
2021-02-26 19:00:00,883
2021-02-26 20:00:00,58
2021-02-26 21:00:00,132
2021-02-26 22:00:00,139
2021-02-26 23:00:00,206
2021-02-27 00:00:00,100
2021-02-27 01:00:00,28
2021-02-27 02:00:00,2
2021-02-27 03:00:00,98
2021-02-27 04:00:00,114
2021-02-27 05:00:00,48
2021-02-27 06:00:00,30
2021-02-27 07:00:00,1939
2021-02-27 08:00:00,6
2021-02-27 09:00:00,0
2021-02-27 10:00:00,0
2021-02-27 11:00:00,0
2021-02-27 12:00:00,0
2021-02-27 13:00:00,0
2021-02-27 14:00:00,0
2021-02-27 15:00:00,0
2021-02-27 16:00:00,0
2021-02-27 17:00:00,0
2021-02-27 18:00:00,0
2021-02-27 19:00:00,0
2021-02-27 20:00:00,0
2021-02-27 21:00:00,0
2021-02-27 22:00:00,0
2021-02-27 23:00:00,0
2021-02-28 00:00:00,0
2021-02-28 01:00:00,0
2021-02-28 02:00:00,0
2021-02-28 03:00:00,0
2021-02-28 04:00:00,0
2021-02-28 05:00:00,0
2021-02-28 06:00:00,0
2021-02-28 07:00:00,0
2021-02-28 08:00:00,0
2021-02-28 09:00:00,0
2021-02-28 10:00:00,0
2021-02-28 11:00:00,0
2021-02-28 12:00:00,0
2021-02-28 13:00:00,0
2021-02-28 14:00:00,0
2021-02-28 15:00:00,0
2021-02-28 16:00:00,0
2021-02-28 17:00:00,0
2021-02-28 18:00:00,0
2021-02-28 19:00:00,0
2021-02-28 20:00:00,0
2021-02-28 21:00:00,0
2021-02-28 22:00:00,0
2021-02-28 23:00:00,0
2021-03-01 00:00:00,0
2021-03-01 01:00:00,0
2021-03-01 02:00:00,0
2021-03-01 03:00:00,0
2021-03-01 04:00:00,0
2021-03-01 05:00:00,0
2021-03-01 06:00:00,0
2021-03-01 07:00:00,0
2021-03-01 08:00:00,0
2021-03-01 09:00:00,0
2021-03-01 10:00:00,0
2021-03-01 11:00:00,0
2021-03-01 12:00:00,0
2021-03-01 13:00:00,0
2021-03-01 14:00:00,0
2021-03-01 15:00:00,0
2021-03-01 16:00:00,0
2021-03-01 17:00:00,0
2021-03-01 18:00:00,0
2021-03-01 19:00:00,0
2021-03-01 20:00:00,0
2021-03-01 21:00:00,0
2021-03-01 22:00:00,0
2021-03-01 23:00:00,0
2021-03-02 00:00:00,0
2021-03-02 01:00:00,0
2021-03-02 02:00:00,0
2021-03-02 03:00:00,0
2021-03-02 04:00:00,0
2021-03-02 05:00:00,0
2021-03-02 06:00:00,0
2021-03-02 07:00:00,25
2021-03-02 08:00:00,375
2021-03-02 09:00:00,660
2021-03-02 10:00:00,527
2021-03-02 11:00:00,703
2021-03-02 12:00:00,305
2021-03-02 13:00:00,869
2021-03-02 14:00:00,884
2021-03-02 15:00:00,1629
2021-03-02 16:00:00,8835
2021-03-02 17:00:00,795
2021-03-02 18:00:00,338
2021-03-02 19:00:00,1898
2021-03-02 20:00:00,64
2021-03-02 21:00:00,67
2021-03-02 22:00:00,98
2021-03-02 23:00:00,195
2021-03-03 00:00:00,56
2021-03-03 01:00:00,436
2021-03-03 02:00:00,56
2021-03-03 03:00:00,30
2021-03-03 04:00:00,26
2021-03-03 05:00:00,430
2021-03-03 06:00:00,98
2021-03-03 07:00:00,1251
2021-03-03 08:00:00,321
2021-03-03 09:00:00,1038
2021-03-03 10:00:00,697
2021-03-03 11:00:00,1264
2021-03-03 12:00:00,333
2021-03-03 13:00:00,654
2021-03-03 14:00:00,2720
2021-03-03 15:00:00,365
2021-03-03 16:00:00,2492
2021-03-03 17:00:00,1141
2021-03-03 18:00:00,184
2021-03-03 19:00:00,3330
2021-03-03 20:00:00,190
2021-03-03 21:00:00,72
2021-03-03 22:00:00,36
2021-03-03 23:00:00,0
2021-03-04 00:00:00,508
2021-03-04 01:00:00,15
2021-03-04 02:00:00,10
2021-03-04 03:00:00,450
2021-03-04 04:00:00,148
2021-03-04 05:00:00,26
2021-03-04 06:00:00,16
2021-03-04 07:00:00,1771
2021-03-04 08:00:00,469
2021-03-04 09:00:00,1343
2021-03-04 10:00:00,790
2021-03-04 11:00:00,1291
2021-03-04 12:00:00,0
2021-03-04 13:00:00,903
2021-03-04 14:00:00,757
2021-03-04 15:00:00,976
2021-03-04 16:00:00,1605
2021-03-04 17:00:00,251
2021-03-04 18:00:00,615
2021-03-04 19:00:00,2126
2021-03-04 20:00:00,1
2021-03-04 21:00:00,171
2021-03-04 22:00:00,16
2021-03-04 23:00:00,242
2021-03-05 00:00:00,0
2021-03-05 01:00:00,0
2021-03-05 02:00:00,0
2021-03-05 03:00:00,0
2021-03-05 04:00:00,0
2021-03-05 05:00:00,0
2021-03-05 06:00:00,0
2021-03-05 07:00:00,0
2021-03-05 08:00:00,0
2021-03-05 09:00:00,0
2021-03-05 10:00:00,0
2021-03-05 11:00:00,0
2021-03-05 12:00:00,0
2021-03-05 13:00:00,0
2021-03-05 14:00:00,0
2021-03-05 15:00:00,0
2021-03-05 16:00:00,0
2021-03-05 17:00:00,0
2021-03-05 18:00:00,0
2021-03-05 19:00:00,0
2021-03-05 20:00:00,0
2021-03-05 21:00:00,0
2021-03-05 22:00:00,0
2021-03-05 23:00:00,0
2021-03-06 00:00:00,36
2021-03-06 01:00:00,71
2021-03-06 02:00:00,290
2021-03-06 03:00:00,120
2021-03-06 04:00:00,4
2021-03-06 05:00:00,160
2021-03-06 06:00:00,213
2021-03-06 07:00:00,1468
2021-03-06 08:00:00,0
2021-03-06 09:00:00,0
2021-03-06 10:00:00,0
2021-03-06 11:00:00,0
2021-03-06 12:00:00,0
2021-03-06 13:00:00,0
2021-03-06 14:00:00,0
2021-03-06 15:00:00,0
2021-03-06 16:00:00,0
2021-03-06 17:00:00,0
2021-03-06 18:00:00,0
2021-03-06 19:00:00,0
2021-03-06 20:00:00,0
2021-03-06 21:00:00,0
2021-03-06 22:00:00,0
2021-03-06 23:00:00,0
2021-03-07 00:00:00,0
2021-03-07 01:00:00,0
2021-03-07 02:00:00,0
2021-03-07 03:00:00,0
2021-03-07 04:00:00,0
2021-03-07 05:00:00,0
2021-03-07 06:00:00,0
2021-03-07 07:00:00,0
2021-03-07 08:00:00,0
2021-03-07 09:00:00,0
2021-03-07 10:00:00,0
2021-03-07 11:00:00,0
2021-03-07 12:00:00,0
2021-03-07 13:00:00,0
2021-03-07 14:00:00,0
2021-03-07 15:00:00,0
2021-03-07 16:00:00,0
2021-03-07 17:00:00,0
2021-03-07 18:00:00,0
2021-03-07 19:00:00,0
2021-03-07 20:00:00,0
2021-03-07 21:00:00,0
2021-03-07 22:00:00,0
2021-03-07 23:00:00,0
2021-03-08 00:00:00,0
2021-03-08 01:00:00,0
2021-03-08 02:00:00,0
2021-03-08 03:00:00,0
2021-03-08 04:00:00,0
2021-03-08 05:00:00,0
2021-03-08 06:00:00,0
2021-03-08 07:00:00,0
2021-03-08 08:00:00,369
2021-03-08 09:00:00,434
2021-03-08 10:00:00,286
2021-03-08 11:00:00,1740
2021-03-08 12:00:00,120
2021-03-08 13:00:00,1771
2021-03-08 14:00:00,1976
2021-03-08 15:00:00,1024
2021-03-08 16:00:00,1002
2021-03-08 17:00:00,736
2021-03-08 18:00:00,1891
2021-03-08 19:00:00,2879
2021-03-08 20:00:00,10
2021-03-08 21:00:00,15
2021-03-08 22:00:00,95
2021-03-08 23:00:00,14
2021-03-09 00:00:00,0
2021-03-09 01:00:00,54
2021-03-09 02:00:00,192
2021-03-09 03:00:00,70
2021-03-09 04:00:00,30
2021-03-09 05:00:00,84
2021-03-09 06:00:00,244
2021-03-09 07:00:00,825
2021-03-09 08:00:00,552
2021-03-09 09:00:00,727
2021-03-09 10:00:00,688
2021-03-09 11:00:00,1359
2021-03-09 12:00:00,20
2021-03-09 13:00:00,851
2021-03-09 14:00:00,5260
2021-03-09 15:00:00,835
2021-03-09 16:00:00,1622
2021-03-09 17:00:00,114
2021-03-09 18:00:00,1264
2021-03-09 19:00:00,2191
2021-03-09 20:00:00,59
2021-03-09 21:00:00,209
2021-03-09 22:00:00,194
2021-03-09 23:00:00,48
2021-03-10 00:00:00,0
2021-03-10 01:00:00,240
2021-03-10 02:00:00,418
2021-03-10 03:00:00,0
2021-03-10 04:00:00,81
2021-03-10 05:00:00,10
2021-03-10 06:00:00,194
2021-03-10 07:00:00,830
2021-03-10 08:00:00,115
2021-03-10 09:00:00,1503
2021-03-10 10:00:00,918
2021-03-10 11:00:00,1057
2021-03-10 12:00:00,40
2021-03-10 13:00:00,802
2021-03-10 14:00:00,1522
2021-03-10 15:00:00,1007
2021-03-10 16:00:00,231
2021-03-10 17:00:00,1283
2021-03-10 18:00:00,854
2021-03-10 19:00:00,2332
2021-03-10 20:00:00,14
2021-03-10 21:00:00,8
2021-03-10 22:00:00,60
2021-03-10 23:00:00,0
2021-03-11 00:00:00,0
2021-03-11 01:00:00,698
2021-03-11 02:00:00,102
2021-03-11 03:00:00,97
2021-03-11 04:00:00,200
2021-03-11 05:00:00,18
2021-03-11 06:00:00,1240
2021-03-11 07:00:00,336
2021-03-11 08:00:00,875
2021-03-11 09:00:00,1337
2021-03-11 10:00:00,1430
2021-03-11 11:00:00,3577
2021-03-11 12:00:00,109
2021-03-11 13:00:00,463
2021-03-11 14:00:00,643
2021-03-11 15:00:00,577
2021-03-11 16:00:00,720
2021-03-11 17:00:00,532
2021-03-11 18:00:00,1032
2021-03-11 19:00:00,3434
2021-03-11 20:00:00,1
2021-03-11 21:00:00,392
2021-03-11 22:00:00,20
2021-03-11 23:00:00,66
2021-03-12 00:00:00,0
2021-03-12 01:00:00,0
2021-03-12 02:00:00,0
2021-03-12 03:00:00,0
2021-03-12 04:00:00,0
2021-03-12 05:00:00,0
2021-03-12 06:00:00,0
2021-03-12 07:00:00,0
2021-03-12 08:00:00,0
2021-03-12 09:00:00,0
2021-03-12 10:00:00,0
2021-03-12 11:00:00,0
2021-03-12 12:00:00,0
2021-03-12 13:00:00,0
2021-03-12 14:00:00,0
2021-03-12 15:00:00,0
2021-03-12 16:00:00,0
2021-03-12 17:00:00,0
2021-03-12 18:00:00,0
2021-03-12 19:00:00,0
2021-03-12 20:00:00,0
2021-03-12 21:00:00,0
2021-03-12 22:00:00,0
2021-03-12 23:00:00,0
2021-03-13 00:00:00,0
2021-03-13 01:00:00,95
2021-03-13 02:00:00,120
2021-03-13 03:00:00,76
2021-03-13 04:00:00,20
2021-03-13 05:00:00,22
2021-03-13 06:00:00,107
2021-03-13 07:00:00,1164
2021-03-13 08:00:00,2
2021-03-13 09:00:00,0
2021-03-13 10:00:00,0
2021-03-13 11:00:00,0
2021-03-13 12:00:00,0
2021-03-13 13:00:00,0
2021-03-13 14:00:00,0
2021-03-13 15:00:00,0
2021-03-13 16:00:00,0
2021-03-13 17:00:00,0
2021-03-13 18:00:00,0
2021-03-13 19:00:00,0
2021-03-13 20:00:00,4
2021-03-13 21:00:00,0
2021-03-13 22:00:00,0
2021-03-13 23:00:00,0
2021-03-14 00:00:00,0
2021-03-14 01:00:00,0
2021-03-14 02:00:00,0
2021-03-14 03:00:00,0
2021-03-14 04:00:00,0
2021-03-14 05:00:00,0
2021-03-14 06:00:00,0
2021-03-14 07:00:00,0
2021-03-14 08:00:00,0
2021-03-14 09:00:00,0
2021-03-14 10:00:00,0
2021-03-14 11:00:00,0
2021-03-14 12:00:00,0
2021-03-14 13:00:00,0
2021-03-14 14:00:00,0
2021-03-14 15:00:00,0
2021-03-14 16:00:00,0
2021-03-14 17:00:00,0
2021-03-14 18:00:00,0
2021-03-14 19:00:00,0
2021-03-14 20:00:00,0
2021-03-14 21:00:00,0
2021-03-14 22:00:00,0
2021-03-14 23:00:00,0
2021-03-15 00:00:00,0
2021-03-15 01:00:00,0
2021-03-15 02:00:00,0
2021-03-15 03:00:00,0
2021-03-15 04:00:00,0
2021-03-15 05:00:00,0
2021-03-15 06:00:00,0
2021-03-15 07:00:00,0
2021-03-15 08:00:00,1007
2021-03-15 09:00:00,1074
2021-03-15 10:00:00,686
2021-03-15 11:00:00,1661
2021-03-15 12:00:00,5207
2021-03-15 13:00:00,1059
2021-03-15 14:00:00,635
2021-03-15 15:00:00,564
2021-03-15 16:00:00,1163
2021-03-15 17:00:00,387
2021-03-15 18:00:00,1401
2021-03-15 19:00:00,1123
2021-03-15 20:00:00,13
2021-03-15 21:00:00,19
2021-03-15 22:00:00,336
2021-03-15 23:00:00,38
2021-03-16 00:00:00,42
2021-03-16 01:00:00,570
2021-03-16 02:00:00,472
2021-03-16 03:00:00,243
2021-03-16 04:00:00,246
2021-03-16 05:00:00,904
2021-03-16 06:00:00,53
2021-03-16 07:00:00,546
2021-03-16 08:00:00,931
2021-03-16 09:00:00,818
2021-03-16 10:00:00,951
2021-03-16 11:00:00,1316
2021-03-16 12:00:00,1512
2021-03-16 13:00:00,1250
2021-03-16 14:00:00,891
2021-03-16 15:00:00,1848
2021-03-16 16:00:00,1117
2021-03-16 17:00:00,486
2021-03-16 18:00:00,2767
2021-03-16 19:00:00,2234
2021-03-16 20:00:00,61
2021-03-16 21:00:00,12
2021-03-16 22:00:00,15
2021-03-16 23:00:00,156
2021-03-17 00:00:00,96
2021-03-17 01:00:00,162
2021-03-17 02:00:00,116
2021-03-17 03:00:00,213
2021-03-17 04:00:00,118
2021-03-17 05:00:00,9
2021-03-17 06:00:00,567
2021-03-17 07:00:00,334
2021-03-17 08:00:00,258
2021-03-17 09:00:00,561
2021-03-17 10:00:00,512
2021-03-17 11:00:00,1685
2021-03-17 12:00:00,0
2021-03-17 13:00:00,1088
2021-03-17 14:00:00,636
2021-03-17 15:00:00,4218
2021-03-17 16:00:00,1929
2021-03-17 17:00:00,970
2021-03-17 18:00:00,1414
2021-03-17 19:00:00,516
2021-03-17 20:00:00,81
2021-03-17 21:00:00,159
2021-03-17 22:00:00,93
2021-03-17 23:00:00,72
2021-03-18 00:00:00,160
2021-03-18 01:00:00,108
2021-03-18 02:00:00,260
2021-03-18 03:00:00,128
2021-03-18 04:00:00,22
2021-03-18 05:00:00,335
2021-03-18 06:00:00,244
2021-03-18 07:00:00,453
2021-03-18 08:00:00,309
2021-03-18 09:00:00,2626
2021-03-18 10:00:00,597
2021-03-18 11:00:00,644
2021-03-18 12:00:00,203
2021-03-18 13:00:00,3045
2021-03-18 14:00:00,1120
2021-03-18 15:00:00,225
2021-03-18 16:00:00,1290
2021-03-18 17:00:00,224
2021-03-18 18:00:00,2472
2021-03-18 19:00:00,932
2021-03-18 20:00:00,0
2021-03-18 21:00:00,431
2021-03-18 22:00:00,104
2021-03-18 23:00:00,7
2021-03-19 00:00:00,0
2021-03-19 01:00:00,0
2021-03-19 02:00:00,0
2021-03-19 03:00:00,0
2021-03-19 04:00:00,0
2021-03-19 05:00:00,0
2021-03-19 06:00:00,0
2021-03-19 07:00:00,0
2021-03-19 08:00:00,0
2021-03-19 09:00:00,0
2021-03-19 10:00:00,0
2021-03-19 11:00:00,0
2021-03-19 12:00:00,0
2021-03-19 13:00:00,0
2021-03-19 14:00:00,0
2021-03-19 15:00:00,0
2021-03-19 16:00:00,0
2021-03-19 17:00:00,0
2021-03-19 18:00:00,0
2021-03-19 19:00:00,0
2021-03-19 20:00:00,0
2021-03-19 21:00:00,0
2021-03-19 22:00:00,0
2021-03-19 23:00:00,0
2021-03-20 00:00:00,24
2021-03-20 01:00:00,108
2021-03-20 02:00:00,0
2021-03-20 03:00:00,192
2021-03-20 04:00:00,24
2021-03-20 05:00:00,56
2021-03-20 06:00:00,220
2021-03-20 07:00:00,673
2021-03-20 08:00:00,0
2021-03-20 09:00:00,0
2021-03-20 10:00:00,0
2021-03-20 11:00:00,0
2021-03-20 12:00:00,0
2021-03-20 13:00:00,0
2021-03-20 14:00:00,0
2021-03-20 15:00:00,0
2021-03-20 16:00:00,0
2021-03-20 17:00:00,0
2021-03-20 18:00:00,0
2021-03-20 19:00:00,0
2021-03-20 20:00:00,0
2021-03-20 21:00:00,0
2021-03-20 22:00:00,0
2021-03-20 23:00:00,0
2021-03-21 00:00:00,0
2021-03-21 01:00:00,0
2021-03-21 02:00:00,0
2021-03-21 03:00:00,0
2021-03-21 04:00:00,0
2021-03-21 05:00:00,0
2021-03-21 06:00:00,0
2021-03-21 07:00:00,0
2021-03-21 08:00:00,0
2021-03-21 09:00:00,0
2021-03-21 10:00:00,0
2021-03-21 11:00:00,0
2021-03-21 12:00:00,0
2021-03-21 13:00:00,0
2021-03-21 14:00:00,0
2021-03-21 15:00:00,0
2021-03-21 16:00:00,0
2021-03-21 17:00:00,0
2021-03-21 18:00:00,0
2021-03-21 19:00:00,0
2021-03-21 20:00:00,0
2021-03-21 21:00:00,0
2021-03-21 22:00:00,0
2021-03-21 23:00:00,0
2021-03-22 00:00:00,0
2021-03-22 01:00:00,0
2021-03-22 02:00:00,0
2021-03-22 03:00:00,0
2021-03-22 04:00:00,0
2021-03-22 05:00:00,0
2021-03-22 06:00:00,0
2021-03-22 07:00:00,0
2021-03-22 08:00:00,855
2021-03-22 09:00:00,710
2021-03-22 10:00:00,2924
2021-03-22 11:00:00,1318
2021-03-22 12:00:00,1133
2021-03-22 13:00:00,781
2021-03-22 14:00:00,3513
2021-03-22 15:00:00,1272
2021-03-22 16:00:00,1557
2021-03-22 17:00:00,1143
2021-03-22 18:00:00,2718
2021-03-22 19:00:00,2545
2021-03-22 20:00:00,221
2021-03-22 21:00:00,101
2021-03-22 22:00:00,41
2021-03-22 23:00:00,37
2021-03-23 00:00:00,74
2021-03-23 01:00:00,166
2021-03-23 02:00:00,115
2021-03-23 03:00:00,65
2021-03-23 04:00:00,195
2021-03-23 05:00:00,154
2021-03-23 06:00:00,24
2021-03-23 07:00:00,783
2021-03-23 08:00:00,429
2021-03-23 09:00:00,1010
2021-03-23 10:00:00,170
2021-03-23 11:00:00,2543
2021-03-23 12:00:00,141
2021-03-23 13:00:00,1052
2021-03-23 14:00:00,9830
2021-03-23 15:00:00,553
2021-03-23 16:00:00,1358
2021-03-23 17:00:00,926
2021-03-23 18:00:00,1369
2021-03-23 19:00:00,40
2021-03-23 20:00:00,1
2021-03-23 21:00:00,8
2021-03-23 22:00:00,395
2021-03-23 23:00:00,17
2021-03-24 00:00:00,136
2021-03-24 01:00:00,54
2021-03-24 02:00:00,157
2021-03-24 03:00:00,154
2021-03-24 04:00:00,36
2021-03-24 05:00:00,226
2021-03-24 06:00:00,0
2021-03-24 07:00:00,969
2021-03-24 08:00:00,524
2021-03-24 09:00:00,1343
2021-03-24 10:00:00,742
2021-03-24 11:00:00,536
2021-03-24 12:00:00,89
2021-03-24 13:00:00,1998
2021-03-24 14:00:00,2394
2021-03-24 15:00:00,1070
2021-03-24 16:00:00,1332
2021-03-24 17:00:00,335
2021-03-24 18:00:00,1729
2021-03-24 19:00:00,1932
2021-03-24 20:00:00,0
2021-03-24 21:00:00,335
2021-03-24 22:00:00,0
2021-03-24 23:00:00,193
2021-03-25 00:00:00,0
2021-03-25 01:00:00,166
2021-03-25 02:00:00,21
2021-03-25 03:00:00,9
2021-03-25 04:00:00,458
2021-03-25 05:00:00,0
2021-03-25 06:00:00,93
2021-03-25 07:00:00,916
2021-03-25 08:00:00,615
2021-03-25 09:00:00,866
2021-03-25 10:00:00,1223
2021-03-25 11:00:00,727
2021-03-25 12:00:00,0
2021-03-25 13:00:00,1322
2021-03-25 14:00:00,6064
2021-03-25 15:00:00,2397
2021-03-25 16:00:00,635
2021-03-25 17:00:00,396
2021-03-25 18:00:00,1411
2021-03-25 19:00:00,986
2021-03-25 20:00:00,1
2021-03-25 21:00:00,125
2021-03-25 22:00:00,378
2021-03-25 23:00:00,58
2021-03-26 00:00:00,0
2021-03-26 01:00:00,0
2021-03-26 02:00:00,0
2021-03-26 03:00:00,0
2021-03-26 04:00:00,0
2021-03-26 05:00:00,0
2021-03-26 06:00:00,0
2021-03-26 07:00:00,0
2021-03-26 08:00:00,0
2021-03-26 09:00:00,0
2021-03-26 10:00:00,0
2021-03-26 11:00:00,0
2021-03-26 12:00:00,0
2021-03-26 13:00:00,0
2021-03-26 14:00:00,0
2021-03-26 15:00:00,0
2021-03-26 16:00:00,0
2021-03-26 17:00:00,0
2021-03-26 18:00:00,0
2021-03-26 19:00:00,0
2021-03-26 20:00:00,0
2021-03-26 21:00:00,0
2021-03-26 22:00:00,0
2021-03-26 23:00:00,0
2021-03-27 00:00:00,0
2021-03-27 01:00:00,390
2021-03-27 02:00:00,60
2021-03-27 03:00:00,4
2021-03-27 04:00:00,678
2021-03-27 05:00:00,44
2021-03-27 06:00:00,31
2021-03-27 07:00:00,760
2021-03-27 08:00:00,0
2021-03-27 09:00:00,0
2021-03-27 10:00:00,0
2021-03-27 11:00:00,0
2021-03-27 12:00:00,0
2021-03-27 13:00:00,0
2021-03-27 14:00:00,0
2021-03-27 15:00:00,0
2021-03-27 16:00:00,0
2021-03-27 17:00:00,0
2021-03-27 18:00:00,0
2021-03-27 19:00:00,0
2021-03-27 20:00:00,0
2021-03-27 21:00:00,0
2021-03-27 22:00:00,0
2021-03-27 23:00:00,0
2021-03-28 00:00:00,0
2021-03-28 01:00:00,0
2021-03-28 02:00:00,0
2021-03-28 03:00:00,0
2021-03-28 04:00:00,0
2021-03-28 05:00:00,0
2021-03-28 06:00:00,0
2021-03-28 07:00:00,0
2021-03-28 08:00:00,0
2021-03-28 09:00:00,0
2021-03-28 10:00:00,0
2021-03-28 11:00:00,0
2021-03-28 12:00:00,0
2021-03-28 13:00:00,0
2021-03-28 14:00:00,0
2021-03-28 15:00:00,0
2021-03-28 16:00:00,0
2021-03-28 17:00:00,0
2021-03-28 18:00:00,0
2021-03-28 19:00:00,0
2021-03-28 20:00:00,0
2021-03-28 21:00:00,0
2021-03-28 22:00:00,0
2021-03-28 23:00:00,0
2021-03-29 00:00:00,0
2021-03-29 01:00:00,0
2021-03-29 02:00:00,0
2021-03-29 03:00:00,0
2021-03-29 04:00:00,0
2021-03-29 05:00:00,0
2021-03-29 06:00:00,0
2021-03-29 07:00:00,10
2021-03-29 08:00:00,1644
2021-03-29 09:00:00,1648
2021-03-29 10:00:00,720
2021-03-29 11:00:00,1059
2021-03-29 12:00:00,52
2021-03-29 13:00:00,669
2021-03-29 14:00:00,1152
2021-03-29 15:00:00,271
2021-03-29 16:00:00,2375
2021-03-29 17:00:00,294
2021-03-29 18:00:00,1408
2021-03-29 19:00:00,3513
2021-03-29 20:00:00,370
2021-03-29 21:00:00,62
2021-03-29 22:00:00,204
2021-03-29 23:00:00,51
2021-03-30 00:00:00,252
2021-03-30 01:00:00,24
2021-03-30 02:00:00,272
2021-03-30 03:00:00,1796
2021-03-30 04:00:00,358
2021-03-30 05:00:00,775
2021-03-30 06:00:00,144
2021-03-30 07:00:00,534
2021-03-30 08:00:00,736
2021-03-30 09:00:00,1209
2021-03-30 10:00:00,1037
2021-03-30 11:00:00,1193
2021-03-30 12:00:00,7208
2021-03-30 13:00:00,946
2021-03-30 14:00:00,904
2021-03-30 15:00:00,61
2021-03-30 16:00:00,1290
2021-03-30 17:00:00,1514
2021-03-30 18:00:00,984
2021-03-30 19:00:00,2347
2021-03-30 20:00:00,15
2021-03-30 21:00:00,187
2021-03-30 22:00:00,26
2021-03-30 23:00:00,400
2021-03-31 00:00:00,0
2021-03-31 01:00:00,0
2021-03-31 02:00:00,0
2021-03-31 03:00:00,0
2021-03-31 04:00:00,0
2021-03-31 05:00:00,0
2021-03-31 06:00:00,0
2021-03-31 07:00:00,0
2021-03-31 08:00:00,0
2021-03-31 09:00:00,0
2021-03-31 10:00:00,0
2021-03-31 11:00:00,0
2021-03-31 12:00:00,0
2021-03-31 13:00:00,0
2021-03-31 14:00:00,0
2021-03-31 15:00:00,0
2021-03-31 16:00:00,0
2021-03-31 17:00:00,0
2021-03-31 18:00:00,0
2021-03-31 19:00:00,0
2021-03-31 20:00:00,0
2021-03-31 21:00:00,0
2021-03-31 22:00:00,0
2021-03-31 23:00:00,0
2021-04-01 00:00:00,0
2021-04-01 01:00:00,332
2021-04-01 02:00:00,77
2021-04-01 03:00:00,682
2021-04-01 04:00:00,0
2021-04-01 05:00:00,48
2021-04-01 06:00:00,71
2021-04-01 07:00:00,1231
2021-04-01 08:00:00,398
2021-04-01 09:00:00,802
2021-04-01 10:00:00,298
2021-04-01 11:00:00,823
2021-04-01 12:00:00,35
2021-04-01 13:00:00,529
2021-04-01 14:00:00,1062
2021-04-01 15:00:00,392
2021-04-01 16:00:00,4140
2021-04-01 17:00:00,206
2021-04-01 18:00:00,1652
2021-04-01 19:00:00,1634
2021-04-01 20:00:00,105
2021-04-01 21:00:00,21
2021-04-01 22:00:00,253
2021-04-01 23:00:00,30
2021-04-02 00:00:00,30
2021-04-02 01:00:00,0
2021-04-02 02:00:00,634
2021-04-02 03:00:00,102
2021-04-02 04:00:00,89
2021-04-02 05:00:00,45
2021-04-02 06:00:00,62
2021-04-02 07:00:00,1172
2021-04-02 08:00:00,0
2021-04-02 09:00:00,0
2021-04-02 10:00:00,0
2021-04-02 11:00:00,0
2021-04-02 12:00:00,0
2021-04-02 13:00:00,0
2021-04-02 14:00:00,0
2021-04-02 15:00:00,0
2021-04-02 16:00:00,0
2021-04-02 17:00:00,0
2021-04-02 18:00:00,0
2021-04-02 19:00:00,0
2021-04-02 20:00:00,0
2021-04-02 21:00:00,0
2021-04-02 22:00:00,0
2021-04-02 23:00:00,0
2021-04-03 00:00:00,0
2021-04-03 01:00:00,0
2021-04-03 02:00:00,0
2021-04-03 03:00:00,0
2021-04-03 04:00:00,0
2021-04-03 05:00:00,0
2021-04-03 06:00:00,0
2021-04-03 07:00:00,56
2021-04-03 08:00:00,0
2021-04-03 09:00:00,0
2021-04-03 10:00:00,0
2021-04-03 11:00:00,0
2021-04-03 12:00:00,0
2021-04-03 13:00:00,0
2021-04-03 14:00:00,0
2021-04-03 15:00:00,0
2021-04-03 16:00:00,0
2021-04-03 17:00:00,0
2021-04-03 18:00:00,0
2021-04-03 19:00:00,0
2021-04-03 20:00:00,0
2021-04-03 21:00:00,0
2021-04-03 22:00:00,0
2021-04-03 23:00:00,0
2021-04-04 00:00:00,0
2021-04-04 01:00:00,0
2021-04-04 02:00:00,0
2021-04-04 03:00:00,0
2021-04-04 04:00:00,0
2021-04-04 05:00:00,0
2021-04-04 06:00:00,0
2021-04-04 07:00:00,0
2021-04-04 08:00:00,0
2021-04-04 09:00:00,0
2021-04-04 10:00:00,0
2021-04-04 11:00:00,0
2021-04-04 12:00:00,0
2021-04-04 13:00:00,0
2021-04-04 14:00:00,0
2021-04-04 15:00:00,0
2021-04-04 16:00:00,0
2021-04-04 17:00:00,0
2021-04-04 18:00:00,0
2021-04-04 19:00:00,0
2021-04-04 20:00:00,0
2021-04-04 21:00:00,0
2021-04-04 22:00:00,0
2021-04-04 23:00:00,0
2021-04-05 00:00:00,0
2021-04-05 01:00:00,0
2021-04-05 02:00:00,0
2021-04-05 03:00:00,0
2021-04-05 04:00:00,0
2021-04-05 05:00:00,0
2021-04-05 06:00:00,0
2021-04-05 07:00:00,0
2021-04-05 08:00:00,1029
2021-04-05 09:00:00,940
2021-04-05 10:00:00,1371
2021-04-05 11:00:00,2272
2021-04-05 12:00:00,72
2021-04-05 13:00:00,1267
2021-04-05 14:00:00,607
2021-04-05 15:00:00,4275
2021-04-05 16:00:00,1158
2021-04-05 17:00:00,771
2021-04-05 18:00:00,1184
2021-04-05 19:00:00,2358
2021-04-05 20:00:00,102
2021-04-05 21:00:00,10
2021-04-05 22:00:00,269
2021-04-05 23:00:00,24
2021-04-06 00:00:00,156
2021-04-06 01:00:00,212
2021-04-06 02:00:00,5
2021-04-06 03:00:00,37
2021-04-06 04:00:00,13
2021-04-06 05:00:00,319
2021-04-06 06:00:00,182
2021-04-06 07:00:00,531
2021-04-06 08:00:00,1007
2021-04-06 09:00:00,984
2021-04-06 10:00:00,927
2021-04-06 11:00:00,1223
2021-04-06 12:00:00,3566
2021-04-06 13:00:00,960
2021-04-06 14:00:00,1218
2021-04-06 15:00:00,1342
2021-04-06 16:00:00,868
2021-04-06 17:00:00,218
2021-04-06 18:00:00,1330
2021-04-06 19:00:00,2259
2021-04-06 20:00:00,101
2021-04-06 21:00:00,18
2021-04-06 22:00:00,68
2021-04-06 23:00:00,516
2021-04-07 00:00:00,0
2021-04-07 01:00:00,182
2021-04-07 02:00:00,250
2021-04-07 03:00:00,10
2021-04-07 04:00:00,151
2021-04-07 05:00:00,283
2021-04-07 06:00:00,136
2021-04-07 07:00:00,593
2021-04-07 08:00:00,669
2021-04-07 09:00:00,892
2021-04-07 10:00:00,1027
2021-04-07 11:00:00,1113
2021-04-07 12:00:00,2836
2021-04-07 13:00:00,427
2021-04-07 14:00:00,1325
2021-04-07 15:00:00,1691
2021-04-07 16:00:00,579
2021-04-07 17:00:00,567
2021-04-07 18:00:00,1427
2021-04-07 19:00:00,1745
2021-04-07 20:00:00,13
2021-04-07 21:00:00,460
2021-04-07 22:00:00,70
2021-04-07 23:00:00,110
2021-04-08 00:00:00,0
2021-04-08 01:00:00,131
2021-04-08 02:00:00,112
2021-04-08 03:00:00,48
2021-04-08 04:00:00,70
2021-04-08 05:00:00,316
2021-04-08 06:00:00,350
2021-04-08 07:00:00,826
2021-04-08 08:00:00,458
2021-04-08 09:00:00,1501
2021-04-08 10:00:00,474
2021-04-08 11:00:00,702
2021-04-08 12:00:00,938
2021-04-08 13:00:00,825
2021-04-08 14:00:00,1241
2021-04-08 15:00:00,2328
2021-04-08 16:00:00,825
2021-04-08 17:00:00,386
2021-04-08 18:00:00,1904
2021-04-08 19:00:00,1058
2021-04-08 20:00:00,171
2021-04-08 21:00:00,110
2021-04-08 22:00:00,0
2021-04-08 23:00:00,294
2021-04-09 00:00:00,27
2021-04-09 01:00:00,60
2021-04-09 02:00:00,243
2021-04-09 03:00:00,279
2021-04-09 04:00:00,2
2021-04-09 05:00:00,118
2021-04-09 06:00:00,123
2021-04-09 07:00:00,440
2021-04-09 08:00:00,342
2021-04-09 09:00:00,411
2021-04-09 10:00:00,663
2021-04-09 11:00:00,1501
2021-04-09 12:00:00,160
2021-04-09 13:00:00,2943
2021-04-09 14:00:00,1731
2021-04-09 15:00:00,1514
2021-04-09 16:00:00,1633
2021-04-09 17:00:00,325
2021-04-09 18:00:00,983
2021-04-09 19:00:00,2300
2021-04-09 20:00:00,39
2021-04-09 21:00:00,8
2021-04-09 22:00:00,50
2021-04-09 23:00:00,0
2021-04-10 00:00:00,25
2021-04-10 01:00:00,34
2021-04-10 02:00:00,917
2021-04-10 03:00:00,0
2021-04-10 04:00:00,30
2021-04-10 05:00:00,0
2021-04-10 06:00:00,692
2021-04-10 07:00:00,1351
2021-04-10 08:00:00,6
2021-04-10 09:00:00,0
2021-04-10 10:00:00,0
2021-04-10 11:00:00,0
2021-04-10 12:00:00,0
2021-04-10 13:00:00,0
2021-04-10 14:00:00,0
2021-04-10 15:00:00,0
2021-04-10 16:00:00,0
2021-04-10 17:00:00,0
2021-04-10 18:00:00,0
2021-04-10 19:00:00,0
2021-04-10 20:00:00,0
2021-04-10 21:00:00,0
2021-04-10 22:00:00,0
2021-04-10 23:00:00,0
2021-04-11 00:00:00,0
2021-04-11 01:00:00,0
2021-04-11 02:00:00,0
2021-04-11 03:00:00,0
2021-04-11 04:00:00,0
2021-04-11 05:00:00,0
2021-04-11 06:00:00,0
2021-04-11 07:00:00,0
2021-04-11 08:00:00,0
2021-04-11 09:00:00,0
2021-04-11 10:00:00,0
2021-04-11 11:00:00,0
2021-04-11 12:00:00,0
2021-04-11 13:00:00,0
2021-04-11 14:00:00,0
2021-04-11 15:00:00,0
2021-04-11 16:00:00,0
2021-04-11 17:00:00,0
2021-04-11 18:00:00,0
2021-04-11 19:00:00,0
2021-04-11 20:00:00,0
2021-04-11 21:00:00,0
2021-04-11 22:00:00,0
2021-04-11 23:00:00,0
2021-04-12 00:00:00,0
2021-04-12 01:00:00,0
2021-04-12 02:00:00,0
2021-04-12 03:00:00,0
2021-04-12 04:00:00,0
2021-04-12 05:00:00,0
2021-04-12 06:00:00,0
2021-04-12 07:00:00,0
2021-04-12 08:00:00,1007
2021-04-12 09:00:00,876
2021-04-12 10:00:00,1032
2021-04-12 11:00:00,4888
2021-04-12 12:00:00,305
2021-04-12 13:00:00,580
2021-04-12 14:00:00,431
2021-04-12 15:00:00,880
2021-04-12 16:00:00,690
2021-04-12 17:00:00,1920
2021-04-12 18:00:00,740
2021-04-12 19:00:00,2676
2021-04-12 20:00:00,6
2021-04-12 21:00:00,0
2021-04-12 22:00:00,28
2021-04-12 23:00:00,67
2021-04-13 00:00:00,0
2021-04-13 01:00:00,0
2021-04-13 02:00:00,134
2021-04-13 03:00:00,0
2021-04-13 04:00:00,172
2021-04-13 05:00:00,0
2021-04-13 06:00:00,84
2021-04-13 07:00:00,474
2021-04-13 08:00:00,889
2021-04-13 09:00:00,1381
2021-04-13 10:00:00,938
2021-04-13 11:00:00,1241
2021-04-13 12:00:00,44
2021-04-13 13:00:00,1208
2021-04-13 14:00:00,1086
2021-04-13 15:00:00,1368
2021-04-13 16:00:00,2151
2021-04-13 17:00:00,5156
2021-04-13 18:00:00,1023
2021-04-13 19:00:00,2808
2021-04-13 20:00:00,14
2021-04-13 21:00:00,340
2021-04-13 22:00:00,150
2021-04-13 23:00:00,189
2021-04-14 00:00:00,0
2021-04-14 01:00:00,66
2021-04-14 02:00:00,719
2021-04-14 03:00:00,36
2021-04-14 04:00:00,10
2021-04-14 05:00:00,549
2021-04-14 06:00:00,226
2021-04-14 07:00:00,692
2021-04-14 08:00:00,982
2021-04-14 09:00:00,1260
2021-04-14 10:00:00,1193
2021-04-14 11:00:00,1227
2021-04-14 12:00:00,532
2021-04-14 13:00:00,1032
2021-04-14 14:00:00,2635
2021-04-14 15:00:00,960
2021-04-14 16:00:00,2275
2021-04-14 17:00:00,351
2021-04-14 18:00:00,842
2021-04-14 19:00:00,1789
2021-04-14 20:00:00,30
2021-04-14 21:00:00,104
2021-04-14 22:00:00,123
2021-04-14 23:00:00,78
2021-04-15 00:00:00,240
2021-04-15 01:00:00,219
2021-04-15 02:00:00,116
2021-04-15 03:00:00,0
2021-04-15 04:00:00,1
2021-04-15 05:00:00,82
2021-04-15 06:00:00,0
2021-04-15 07:00:00,1477
2021-04-15 08:00:00,766
2021-04-15 09:00:00,1672
2021-04-15 10:00:00,492
2021-04-15 11:00:00,1021
2021-04-15 12:00:00,21
2021-04-15 13:00:00,1022
2021-04-15 14:00:00,1613
2021-04-15 15:00:00,662
2021-04-15 16:00:00,1543
2021-04-15 17:00:00,653
2021-04-15 18:00:00,1531
2021-04-15 19:00:00,2318
2021-04-15 20:00:00,10
2021-04-15 21:00:00,102
2021-04-15 22:00:00,572
2021-04-15 23:00:00,69
2021-04-16 00:00:00,0
2021-04-16 01:00:00,304
2021-04-16 02:00:00,243
2021-04-16 03:00:00,40
2021-04-16 04:00:00,140
2021-04-16 05:00:00,35
2021-04-16 06:00:00,48
2021-04-16 07:00:00,1429
2021-04-16 08:00:00,459
2021-04-16 09:00:00,780
2021-04-16 10:00:00,961
2021-04-16 11:00:00,3628
2021-04-16 12:00:00,3130
2021-04-16 13:00:00,1657
2021-04-16 14:00:00,1804
2021-04-16 15:00:00,621
2021-04-16 16:00:00,1025
2021-04-16 17:00:00,720
2021-04-16 18:00:00,877
2021-04-16 19:00:00,1519
2021-04-16 20:00:00,98
2021-04-16 21:00:00,58
2021-04-16 22:00:00,141
2021-04-16 23:00:00,36
2021-04-17 00:00:00,239
2021-04-17 01:00:00,325
2021-04-17 02:00:00,117
2021-04-17 03:00:00,151
2021-04-17 04:00:00,292
2021-04-17 05:00:00,20
2021-04-17 06:00:00,144
2021-04-17 07:00:00,1690
2021-04-17 08:00:00,0
2021-04-17 09:00:00,0
2021-04-17 10:00:00,0
2021-04-17 11:00:00,0
2021-04-17 12:00:00,0
2021-04-17 13:00:00,0
2021-04-17 14:00:00,0
2021-04-17 15:00:00,0
2021-04-17 16:00:00,0
2021-04-17 17:00:00,0
2021-04-17 18:00:00,0
2021-04-17 19:00:00,0
2021-04-17 20:00:00,0
2021-04-17 21:00:00,0
2021-04-17 22:00:00,0
2021-04-17 23:00:00,0
2021-04-18 00:00:00,0
2021-04-18 01:00:00,0
2021-04-18 02:00:00,0
2021-04-18 03:00:00,0
2021-04-18 04:00:00,0
2021-04-18 05:00:00,0
2021-04-18 06:00:00,0
2021-04-18 07:00:00,0
2021-04-18 08:00:00,0
2021-04-18 09:00:00,0
2021-04-18 10:00:00,0
2021-04-18 11:00:00,0
2021-04-18 12:00:00,0
2021-04-18 13:00:00,0
2021-04-18 14:00:00,0
2021-04-18 15:00:00,0
2021-04-18 16:00:00,0
2021-04-18 17:00:00,0
2021-04-18 18:00:00,0
2021-04-18 19:00:00,0
2021-04-18 20:00:00,0
2021-04-18 21:00:00,0
2021-04-18 22:00:00,0
2021-04-18 23:00:00,0
2021-04-19 00:00:00,0
2021-04-19 01:00:00,0
2021-04-19 02:00:00,0
2021-04-19 03:00:00,0
2021-04-19 04:00:00,0
2021-04-19 05:00:00,0
2021-04-19 06:00:00,0
2021-04-19 07:00:00,0
2021-04-19 08:00:00,1040
2021-04-19 09:00:00,854
2021-04-19 10:00:00,913
2021-04-19 11:00:00,1984
2021-04-19 12:00:00,400
2021-04-19 13:00:00,718
2021-04-19 14:00:00,4151
2021-04-19 15:00:00,1195
2021-04-19 16:00:00,1100
2021-04-19 17:00:00,408
2021-04-19 18:00:00,444
2021-04-19 19:00:00,1383
2021-04-19 20:00:00,0
2021-04-19 21:00:00,29
2021-04-19 22:00:00,195
2021-04-19 23:00:00,0
2021-04-20 00:00:00,0
2021-04-20 01:00:00,386
2021-04-20 02:00:00,591
2021-04-20 03:00:00,13
2021-04-20 04:00:00,30
2021-04-20 05:00:00,2
2021-04-20 06:00:00,125
2021-04-20 07:00:00,602
2021-04-20 08:00:00,69
2021-04-20 09:00:00,426
2021-04-20 10:00:00,1218
2021-04-20 11:00:00,862
2021-04-20 12:00:00,332
2021-04-20 13:00:00,1455
2021-04-20 14:00:00,1351
2021-04-20 15:00:00,1183
2021-04-20 16:00:00,2180
2021-04-20 17:00:00,2080
2021-04-20 18:00:00,514
2021-04-20 19:00:00,1890
2021-04-20 20:00:00,100
2021-04-20 21:00:00,45
2021-04-20 22:00:00,80
2021-04-20 23:00:00,113
2021-04-21 00:00:00,0
2021-04-21 01:00:00,72
2021-04-21 02:00:00,0
2021-04-21 03:00:00,0
2021-04-21 04:00:00,547
2021-04-21 05:00:00,42
2021-04-21 06:00:00,0
2021-04-21 07:00:00,705
2021-04-21 08:00:00,724
2021-04-21 09:00:00,638
2021-04-21 10:00:00,1219
2021-04-21 11:00:00,1473
2021-04-21 12:00:00,167
2021-04-21 13:00:00,1402
2021-04-21 14:00:00,2161
2021-04-21 15:00:00,856
2021-04-21 16:00:00,2815
2021-04-21 17:00:00,747
2021-04-21 18:00:00,1177
2021-04-21 19:00:00,420
2021-04-21 20:00:00,0
2021-04-21 21:00:00,0
2021-04-21 22:00:00,345
2021-04-21 23:00:00,144
2021-04-22 00:00:00,0
2021-04-22 01:00:00,100
2021-04-22 02:00:00,7
2021-04-22 03:00:00,300
2021-04-22 04:00:00,54
2021-04-22 05:00:00,0
2021-04-22 06:00:00,11
2021-04-22 07:00:00,1582
2021-04-22 08:00:00,728
2021-04-22 09:00:00,712
2021-04-22 10:00:00,1196
2021-04-22 11:00:00,1131
2021-04-22 12:00:00,450
2021-04-22 13:00:00,1674
2021-04-22 14:00:00,1547
2021-04-22 15:00:00,1086
2021-04-22 16:00:00,1599
2021-04-22 17:00:00,634
2021-04-22 18:00:00,2731
2021-04-22 19:00:00,1545
2021-04-22 20:00:00,132
2021-04-22 21:00:00,60
2021-04-22 22:00:00,72
2021-04-22 23:00:00,10
2021-04-23 00:00:00,0
2021-04-23 01:00:00,504
2021-04-23 02:00:00,41
2021-04-23 03:00:00,0
2021-04-23 04:00:00,58
2021-04-23 05:00:00,0
2021-04-23 06:00:00,48
2021-04-23 07:00:00,941
2021-04-23 08:00:00,572
2021-04-23 09:00:00,1287
2021-04-23 10:00:00,172
2021-04-23 11:00:00,1538
2021-04-23 12:00:00,262
2021-04-23 13:00:00,743
2021-04-23 14:00:00,464
2021-04-23 15:00:00,2170
2021-04-23 16:00:00,1743
2021-04-23 17:00:00,2106
2021-04-23 18:00:00,104
2021-04-23 19:00:00,762
2021-04-23 20:00:00,100
2021-04-23 21:00:00,103
2021-04-23 22:00:00,35
2021-04-23 23:00:00,100
2021-04-24 00:00:00,0
2021-04-24 01:00:00,291
2021-04-24 02:00:00,410
2021-04-24 03:00:00,125
2021-04-24 04:00:00,300
2021-04-24 05:00:00,20
2021-04-24 06:00:00,675
2021-04-24 07:00:00,1083
2021-04-24 08:00:00,0
2021-04-24 09:00:00,0
2021-04-24 10:00:00,0
2021-04-24 11:00:00,0
2021-04-24 12:00:00,0
2021-04-24 13:00:00,0
2021-04-24 14:00:00,0
2021-04-24 15:00:00,0
2021-04-24 16:00:00,0
2021-04-24 17:00:00,0
2021-04-24 18:00:00,0
2021-04-24 19:00:00,0
2021-04-24 20:00:00,0
2021-04-24 21:00:00,0
2021-04-24 22:00:00,0
2021-04-24 23:00:00,0
2021-04-25 00:00:00,0
2021-04-25 01:00:00,0
2021-04-25 02:00:00,0
2021-04-25 03:00:00,0
2021-04-25 04:00:00,0
2021-04-25 05:00:00,0
2021-04-25 06:00:00,0
2021-04-25 07:00:00,0
2021-04-25 08:00:00,0
2021-04-25 09:00:00,0
2021-04-25 10:00:00,0
2021-04-25 11:00:00,0
2021-04-25 12:00:00,0
2021-04-25 13:00:00,0
2021-04-25 14:00:00,0
2021-04-25 15:00:00,0
2021-04-25 16:00:00,0
2021-04-25 17:00:00,0
2021-04-25 18:00:00,0
2021-04-25 19:00:00,0
2021-04-25 20:00:00,0
2021-04-25 21:00:00,0
2021-04-25 22:00:00,0
2021-04-25 23:00:00,0
2021-04-26 00:00:00,0
2021-04-26 01:00:00,0
2021-04-26 02:00:00,0
2021-04-26 03:00:00,0
2021-04-26 04:00:00,0
2021-04-26 05:00:00,0
2021-04-26 06:00:00,0
2021-04-26 07:00:00,63
2021-04-26 08:00:00,574
2021-04-26 09:00:00,1038
2021-04-26 10:00:00,363
2021-04-26 11:00:00,944
2021-04-26 12:00:00,3015
2021-04-26 13:00:00,2265
2021-04-26 14:00:00,812
2021-04-26 15:00:00,363
2021-04-26 16:00:00,2244
2021-04-26 17:00:00,343
2021-04-26 18:00:00,291
2021-04-26 19:00:00,1532
2021-04-26 20:00:00,18
2021-04-26 21:00:00,15
2021-04-26 22:00:00,524
2021-04-26 23:00:00,23
2021-04-27 00:00:00,587
2021-04-27 01:00:00,0
2021-04-27 02:00:00,338
2021-04-27 03:00:00,102
2021-04-27 04:00:00,375
2021-04-27 05:00:00,136
2021-04-27 06:00:00,109
2021-04-27 07:00:00,2004
2021-04-27 08:00:00,999
2021-04-27 09:00:00,685
2021-04-27 10:00:00,1554
2021-04-27 11:00:00,1472
2021-04-27 12:00:00,130
2021-04-27 13:00:00,1488
2021-04-27 14:00:00,6290
2021-04-27 15:00:00,888
2021-04-27 16:00:00,1178
2021-04-27 17:00:00,976
2021-04-27 18:00:00,2034
2021-04-27 19:00:00,4625
2021-04-27 20:00:00,13
2021-04-27 21:00:00,53
2021-04-27 22:00:00,96
2021-04-27 23:00:00,10
2021-04-28 00:00:00,587
2021-04-28 01:00:00,68
2021-04-28 02:00:00,82
2021-04-28 03:00:00,410
2021-04-28 04:00:00,306
2021-04-28 05:00:00,0
2021-04-28 06:00:00,60
2021-04-28 07:00:00,2047
2021-04-28 08:00:00,247
2021-04-28 09:00:00,1636
2021-04-28 10:00:00,461
2021-04-28 11:00:00,1180
2021-04-28 12:00:00,70
2021-04-28 13:00:00,2313
2021-04-28 14:00:00,3149
2021-04-28 15:00:00,940
2021-04-28 16:00:00,3127
2021-04-28 17:00:00,114
2021-04-28 18:00:00,918
2021-04-28 19:00:00,433
2021-04-28 20:00:00,11
2021-04-28 21:00:00,447
2021-04-28 22:00:00,85
2021-04-28 23:00:00,235
2021-04-29 00:00:00,0
2021-04-29 01:00:00,202
2021-04-29 02:00:00,141
2021-04-29 03:00:00,274
2021-04-29 04:00:00,36
2021-04-29 05:00:00,59
2021-04-29 06:00:00,324
2021-04-29 07:00:00,2098
2021-04-29 08:00:00,862
2021-04-29 09:00:00,853
2021-04-29 10:00:00,2052
2021-04-29 11:00:00,1646
2021-04-29 12:00:00,20
2021-04-29 13:00:00,692
2021-04-29 14:00:00,904
2021-04-29 15:00:00,2121
2021-04-29 16:00:00,4046
2021-04-29 17:00:00,598
2021-04-29 18:00:00,1467
2021-04-29 19:00:00,1831
2021-04-29 20:00:00,147
2021-04-29 21:00:00,86
2021-04-29 22:00:00,110
2021-04-29 23:00:00,32
2021-04-30 00:00:00,2
2021-04-30 01:00:00,13
2021-04-30 02:00:00,83
2021-04-30 03:00:00,19
2021-04-30 04:00:00,1503
2021-04-30 05:00:00,0
2021-04-30 06:00:00,109
2021-04-30 07:00:00,1099
2021-04-30 08:00:00,1201
2021-04-30 09:00:00,709
2021-04-30 10:00:00,566
2021-04-30 11:00:00,867
2021-04-30 12:00:00,18
2021-04-30 13:00:00,1732
2021-04-30 14:00:00,1416
2021-04-30 15:00:00,1130
2021-04-30 16:00:00,2103
2021-04-30 17:00:00,185
2021-04-30 18:00:00,1237
2021-04-30 19:00:00,730
2021-04-30 20:00:00,4
2021-04-30 21:00:00,342
2021-04-30 22:00:00,179
2021-04-30 23:00:00,370
2021-05-01 00:00:00,75
2021-05-01 01:00:00,44
2021-05-01 02:00:00,380
2021-05-01 03:00:00,90
2021-05-01 04:00:00,122
2021-05-01 05:00:00,53
2021-05-01 06:00:00,196
2021-05-01 07:00:00,1832
2021-05-01 08:00:00,0
2021-05-01 09:00:00,0
2021-05-01 10:00:00,0
2021-05-01 11:00:00,0
2021-05-01 12:00:00,0
2021-05-01 13:00:00,0
2021-05-01 14:00:00,0
2021-05-01 15:00:00,0
2021-05-01 16:00:00,0
2021-05-01 17:00:00,0
2021-05-01 18:00:00,0
2021-05-01 19:00:00,0
2021-05-01 20:00:00,0
2021-05-01 21:00:00,0
2021-05-01 22:00:00,0
2021-05-01 23:00:00,0
2021-05-02 00:00:00,0
2021-05-02 01:00:00,0
2021-05-02 02:00:00,0
2021-05-02 03:00:00,0
2021-05-02 04:00:00,0
2021-05-02 05:00:00,0
2021-05-02 06:00:00,0
2021-05-02 07:00:00,0
2021-05-02 08:00:00,0
2021-05-02 09:00:00,0
2021-05-02 10:00:00,0
2021-05-02 11:00:00,0
2021-05-02 12:00:00,0
2021-05-02 13:00:00,0
2021-05-02 14:00:00,0
2021-05-02 15:00:00,0
2021-05-02 16:00:00,0
2021-05-02 17:00:00,0
2021-05-02 18:00:00,0
2021-05-02 19:00:00,0
2021-05-02 20:00:00,0
2021-05-02 21:00:00,0
2021-05-02 22:00:00,0
2021-05-02 23:00:00,0
2021-05-03 00:00:00,0
2021-05-03 01:00:00,0
2021-05-03 02:00:00,0
2021-05-03 03:00:00,0
2021-05-03 04:00:00,0
2021-05-03 05:00:00,0
2021-05-03 06:00:00,0
2021-05-03 07:00:00,0
2021-05-03 08:00:00,784
2021-05-03 09:00:00,1137
2021-05-03 10:00:00,65
2021-05-03 11:00:00,1572
2021-05-03 12:00:00,680
2021-05-03 13:00:00,505
2021-05-03 14:00:00,2280
2021-05-03 15:00:00,1826
2021-05-03 16:00:00,1667
2021-05-03 17:00:00,1310
2021-05-03 18:00:00,434
2021-05-03 19:00:00,1700
2021-05-03 20:00:00,148
2021-05-03 21:00:00,25
2021-05-03 22:00:00,337
2021-05-03 23:00:00,136
2021-05-04 00:00:00,414
2021-05-04 01:00:00,20
2021-05-04 02:00:00,59
2021-05-04 03:00:00,344
2021-05-04 04:00:00,22
2021-05-04 05:00:00,318
2021-05-04 06:00:00,28
2021-05-04 07:00:00,1140
2021-05-04 08:00:00,473
2021-05-04 09:00:00,2501
2021-05-04 10:00:00,701
2021-05-04 11:00:00,941
2021-05-04 12:00:00,132
2021-05-04 13:00:00,1749
2021-05-04 14:00:00,658
2021-05-04 15:00:00,1093
2021-05-04 16:00:00,716
2021-05-04 17:00:00,547
2021-05-04 18:00:00,632
2021-05-04 19:00:00,3300
2021-05-04 20:00:00,147
2021-05-04 21:00:00,46
2021-05-04 22:00:00,1
2021-05-04 23:00:00,374
2021-05-05 00:00:00,103
2021-05-05 01:00:00,4
2021-05-05 02:00:00,363
2021-05-05 03:00:00,41
2021-05-05 04:00:00,312
2021-05-05 05:00:00,63
2021-05-05 06:00:00,233
2021-05-05 07:00:00,1071
2021-05-05 08:00:00,0
2021-05-05 09:00:00,0
2021-05-05 10:00:00,0
2021-05-05 11:00:00,0
2021-05-05 12:00:00,0
2021-05-05 13:00:00,0
2021-05-05 14:00:00,0
2021-05-05 15:00:00,0
2021-05-05 16:00:00,0
2021-05-05 17:00:00,0
2021-05-05 18:00:00,0
2021-05-05 19:00:00,0
2021-05-05 20:00:00,0
2021-05-05 21:00:00,0
2021-05-05 22:00:00,0
2021-05-05 23:00:00,0
2021-05-06 00:00:00,0
2021-05-06 01:00:00,0
2021-05-06 02:00:00,0
2021-05-06 03:00:00,0
2021-05-06 04:00:00,0
2021-05-06 05:00:00,0
2021-05-06 06:00:00,0
2021-05-06 07:00:00,0
2021-05-06 08:00:00,424
2021-05-06 09:00:00,1929
2021-05-06 10:00:00,1556
2021-05-06 11:00:00,2460
2021-05-06 12:00:00,4
2021-05-06 13:00:00,2044
2021-05-06 14:00:00,801
2021-05-06 15:00:00,4734
2021-05-06 16:00:00,2564
2021-05-06 17:00:00,601
2021-05-06 18:00:00,1600
2021-05-06 19:00:00,2689
2021-05-06 20:00:00,180
2021-05-06 21:00:00,4
2021-05-06 22:00:00,26
2021-05-06 23:00:00,32
2021-05-07 00:00:00,434
2021-05-07 01:00:00,8
2021-05-07 02:00:00,182
2021-05-07 03:00:00,116
2021-05-07 04:00:00,196
2021-05-07 05:00:00,0
2021-05-07 06:00:00,86
2021-05-07 07:00:00,1465
2021-05-07 08:00:00,321
2021-05-07 09:00:00,755
2021-05-07 10:00:00,1314
2021-05-07 11:00:00,2392
2021-05-07 12:00:00,580
2021-05-07 13:00:00,1477
2021-05-07 14:00:00,1029
2021-05-07 15:00:00,1328
2021-05-07 16:00:00,800
2021-05-07 17:00:00,2023
2021-05-07 18:00:00,68
2021-05-07 19:00:00,772
2021-05-07 20:00:00,8
2021-05-07 21:00:00,106
2021-05-07 22:00:00,18
2021-05-07 23:00:00,163
2021-05-08 00:00:00,118
2021-05-08 01:00:00,56
2021-05-08 02:00:00,57
2021-05-08 03:00:00,10
2021-05-08 04:00:00,66
2021-05-08 05:00:00,150
2021-05-08 06:00:00,1976
2021-05-08 07:00:00,415
2021-05-08 08:00:00,0
2021-05-08 09:00:00,0
2021-05-08 10:00:00,0
2021-05-08 11:00:00,0
2021-05-08 12:00:00,0
2021-05-08 13:00:00,0
2021-05-08 14:00:00,0
2021-05-08 15:00:00,0
2021-05-08 16:00:00,0
2021-05-08 17:00:00,0
2021-05-08 18:00:00,0
2021-05-08 19:00:00,0
2021-05-08 20:00:00,0
2021-05-08 21:00:00,0
2021-05-08 22:00:00,0
2021-05-08 23:00:00,0
2021-05-09 00:00:00,0
2021-05-09 01:00:00,0
2021-05-09 02:00:00,0
2021-05-09 03:00:00,0
2021-05-09 04:00:00,0
2021-05-09 05:00:00,0
2021-05-09 06:00:00,0
2021-05-09 07:00:00,0
2021-05-09 08:00:00,0
2021-05-09 09:00:00,0
2021-05-09 10:00:00,0
2021-05-09 11:00:00,0
2021-05-09 12:00:00,0
2021-05-09 13:00:00,0
2021-05-09 14:00:00,0
2021-05-09 15:00:00,0
2021-05-09 16:00:00,0
2021-05-09 17:00:00,0
2021-05-09 18:00:00,0
2021-05-09 19:00:00,0
2021-05-09 20:00:00,0
2021-05-09 21:00:00,0
2021-05-09 22:00:00,0
2021-05-09 23:00:00,0
2021-05-10 00:00:00,0
2021-05-10 01:00:00,0
2021-05-10 02:00:00,0
2021-05-10 03:00:00,0
2021-05-10 04:00:00,0
2021-05-10 05:00:00,0
2021-05-10 06:00:00,0
2021-05-10 07:00:00,0
2021-05-10 08:00:00,837
2021-05-10 09:00:00,998
2021-05-10 10:00:00,628
2021-05-10 11:00:00,1491
2021-05-10 12:00:00,30
2021-05-10 13:00:00,919
2021-05-10 14:00:00,1816
2021-05-10 15:00:00,998
2021-05-10 16:00:00,4518
2021-05-10 17:00:00,274
2021-05-10 18:00:00,941
2021-05-10 19:00:00,2791
2021-05-10 20:00:00,94
2021-05-10 21:00:00,54
2021-05-10 22:00:00,97
2021-05-10 23:00:00,160
2021-05-11 00:00:00,27
2021-05-11 01:00:00,48
2021-05-11 02:00:00,487
2021-05-11 03:00:00,119
2021-05-11 04:00:00,82
2021-05-11 05:00:00,0
2021-05-11 06:00:00,188
2021-05-11 07:00:00,2165
2021-05-11 08:00:00,637
2021-05-11 09:00:00,1542
2021-05-11 10:00:00,1472
2021-05-11 11:00:00,1484
2021-05-11 12:00:00,0
2021-05-11 13:00:00,2483
2021-05-11 14:00:00,3081
2021-05-11 15:00:00,807
2021-05-11 16:00:00,1509
2021-05-11 17:00:00,458
2021-05-11 18:00:00,1720
2021-05-11 19:00:00,3308
2021-05-11 20:00:00,44
2021-05-11 21:00:00,382
2021-05-11 22:00:00,40
2021-05-11 23:00:00,5
2021-05-12 00:00:00,0
2021-05-12 01:00:00,533
2021-05-12 02:00:00,226
2021-05-12 03:00:00,93
2021-05-12 04:00:00,300
2021-05-12 05:00:00,25
2021-05-12 06:00:00,560
2021-05-12 07:00:00,1735
2021-05-12 08:00:00,691
2021-05-12 09:00:00,716
2021-05-12 10:00:00,941
2021-05-12 11:00:00,952
2021-05-12 12:00:00,104
2021-05-12 13:00:00,1820
2021-05-12 14:00:00,1492
2021-05-12 15:00:00,1155
2021-05-12 16:00:00,760
2021-05-12 17:00:00,3446
2021-05-12 18:00:00,1012
2021-05-12 19:00:00,2838
2021-05-12 20:00:00,8
2021-05-12 21:00:00,178
2021-05-12 22:00:00,366
2021-05-12 23:00:00,238
2021-05-13 00:00:00,157
2021-05-13 01:00:00,370
2021-05-13 02:00:00,52
2021-05-13 03:00:00,366
2021-05-13 04:00:00,96
2021-05-13 05:00:00,68
2021-05-13 06:00:00,4
2021-05-13 07:00:00,2540
2021-05-13 08:00:00,705
2021-05-13 09:00:00,359
2021-05-13 10:00:00,1880
2021-05-13 11:00:00,470
2021-05-13 12:00:00,238
2021-05-13 13:00:00,1582
2021-05-13 14:00:00,1464
2021-05-13 15:00:00,980
2021-05-13 16:00:00,1633
2021-05-13 17:00:00,430
2021-05-13 18:00:00,1701
2021-05-13 19:00:00,2095
2021-05-13 20:00:00,126
2021-05-13 21:00:00,75
2021-05-13 22:00:00,48
2021-05-13 23:00:00,229
2021-05-14 00:00:00,14
2021-05-14 01:00:00,306
2021-05-14 02:00:00,95
2021-05-14 03:00:00,332
2021-05-14 04:00:00,0
2021-05-14 05:00:00,60
2021-05-14 06:00:00,553
2021-05-14 07:00:00,1743
2021-05-14 08:00:00,591
2021-05-14 09:00:00,672
2021-05-14 10:00:00,4183
2021-05-14 11:00:00,399
2021-05-14 12:00:00,230
2021-05-14 13:00:00,50
2021-05-14 14:00:00,957
2021-05-14 15:00:00,623
2021-05-14 16:00:00,3046
2021-05-14 17:00:00,437
2021-05-14 18:00:00,1523
2021-05-14 19:00:00,1514
2021-05-14 20:00:00,1
2021-05-14 21:00:00,45
2021-05-14 22:00:00,0
2021-05-14 23:00:00,0
2021-05-15 00:00:00,0
2021-05-15 01:00:00,47
2021-05-15 02:00:00,37
2021-05-15 03:00:00,0
2021-05-15 04:00:00,0
2021-05-15 05:00:00,0
2021-05-15 06:00:00,24
2021-05-15 07:00:00,634
2021-05-15 08:00:00,0
2021-05-15 09:00:00,0
2021-05-15 10:00:00,0
2021-05-15 11:00:00,0
2021-05-15 12:00:00,0
2021-05-15 13:00:00,0
2021-05-15 14:00:00,0
2021-05-15 15:00:00,0
2021-05-15 16:00:00,0
2021-05-15 17:00:00,0
2021-05-15 18:00:00,0
2021-05-15 19:00:00,0
2021-05-15 20:00:00,0
2021-05-15 21:00:00,0
2021-05-15 22:00:00,0
2021-05-15 23:00:00,0
2021-05-16 00:00:00,0
2021-05-16 01:00:00,0
2021-05-16 02:00:00,0
2021-05-16 03:00:00,0
2021-05-16 04:00:00,0
2021-05-16 05:00:00,0
2021-05-16 06:00:00,0
2021-05-16 07:00:00,0
2021-05-16 08:00:00,0
2021-05-16 09:00:00,0
2021-05-16 10:00:00,0
2021-05-16 11:00:00,0
2021-05-16 12:00:00,0
2021-05-16 13:00:00,0
2021-05-16 14:00:00,0
2021-05-16 15:00:00,0
2021-05-16 16:00:00,0
2021-05-16 17:00:00,0
2021-05-16 18:00:00,0
2021-05-16 19:00:00,0
2021-05-16 20:00:00,0
2021-05-16 21:00:00,0
2021-05-16 22:00:00,0
2021-05-16 23:00:00,0
2021-05-17 00:00:00,0
2021-05-17 01:00:00,0
2021-05-17 02:00:00,0
2021-05-17 03:00:00,0
2021-05-17 04:00:00,0
2021-05-17 05:00:00,0
2021-05-17 06:00:00,0
2021-05-17 07:00:00,24
2021-05-17 08:00:00,468
2021-05-17 09:00:00,1009
2021-05-17 10:00:00,293
2021-05-17 11:00:00,1178
2021-05-17 12:00:00,311
2021-05-17 13:00:00,1419
2021-05-17 14:00:00,540
2021-05-17 15:00:00,1302
2021-05-17 16:00:00,1739
2021-05-17 17:00:00,821
2021-05-17 18:00:00,1592
2021-05-17 19:00:00,2222
2021-05-17 20:00:00,300
2021-05-17 21:00:00,130
2021-05-17 22:00:00,20
2021-05-17 23:00:00,23
2021-05-18 00:00:00,47
2021-05-18 01:00:00,554
2021-05-18 02:00:00,62
2021-05-18 03:00:00,5
2021-05-18 04:00:00,480
2021-05-18 05:00:00,2
2021-05-18 06:00:00,314
2021-05-18 07:00:00,1715
2021-05-18 08:00:00,1000
2021-05-18 09:00:00,598
2021-05-18 10:00:00,1594
2021-05-18 11:00:00,759
2021-05-18 12:00:00,204
2021-05-18 13:00:00,996
2021-05-18 14:00:00,1514
2021-05-18 15:00:00,6557
2021-05-18 16:00:00,1196
2021-05-18 17:00:00,1414
2021-05-18 18:00:00,1570
2021-05-18 19:00:00,2648
2021-05-18 20:00:00,11
2021-05-18 21:00:00,140
2021-05-18 22:00:00,5
2021-05-18 23:00:00,26
2021-05-19 00:00:00,0
2021-05-19 01:00:00,955
2021-05-19 02:00:00,24
2021-05-19 03:00:00,200
2021-05-19 04:00:00,30
2021-05-19 05:00:00,150
2021-05-19 06:00:00,10
2021-05-19 07:00:00,780
2021-05-19 08:00:00,841
2021-05-19 09:00:00,0
2021-05-19 10:00:00,0
2021-05-19 11:00:00,0
2021-05-19 12:00:00,0
2021-05-19 13:00:00,0
2021-05-19 14:00:00,0
2021-05-19 15:00:00,0
2021-05-19 16:00:00,0
2021-05-19 17:00:00,0
2021-05-19 18:00:00,0
2021-05-19 19:00:00,0
2021-05-19 20:00:00,0
2021-05-19 21:00:00,0
2021-05-19 22:00:00,0
2021-05-19 23:00:00,0
2021-05-20 00:00:00,0
2021-05-20 01:00:00,0
2021-05-20 02:00:00,0
2021-05-20 03:00:00,0
2021-05-20 04:00:00,0
2021-05-20 05:00:00,0
2021-05-20 06:00:00,0
2021-05-20 07:00:00,0
2021-05-20 08:00:00,174
2021-05-20 09:00:00,1145
2021-05-20 10:00:00,631
2021-05-20 11:00:00,1881
2021-05-20 12:00:00,124
2021-05-20 13:00:00,1467
2021-05-20 14:00:00,1175
2021-05-20 15:00:00,809
2021-05-20 16:00:00,2581
2021-05-20 17:00:00,977
2021-05-20 18:00:00,2010
2021-05-20 19:00:00,2901
2021-05-20 20:00:00,3
2021-05-20 21:00:00,2
2021-05-20 22:00:00,10
2021-05-20 23:00:00,0
2021-05-21 00:00:00,820
2021-05-21 01:00:00,219
2021-05-21 02:00:00,498
2021-05-21 03:00:00,393
2021-05-21 04:00:00,31
2021-05-21 05:00:00,344
2021-05-21 06:00:00,40
2021-05-21 07:00:00,1028
2021-05-21 08:00:00,935
2021-05-21 09:00:00,1816
2021-05-21 10:00:00,1580
2021-05-21 11:00:00,1787
2021-05-21 12:00:00,4406
2021-05-21 13:00:00,1126
2021-05-21 14:00:00,1679
2021-05-21 15:00:00,1636
2021-05-21 16:00:00,2311
2021-05-21 17:00:00,205
2021-05-21 18:00:00,775
2021-05-21 19:00:00,2344
2021-05-21 20:00:00,0
2021-05-21 21:00:00,117
2021-05-21 22:00:00,0
2021-05-21 23:00:00,426
2021-05-22 00:00:00,0
2021-05-22 01:00:00,0
2021-05-22 02:00:00,9
2021-05-22 03:00:00,510
2021-05-22 04:00:00,38
2021-05-22 05:00:00,0
2021-05-22 06:00:00,530
2021-05-22 07:00:00,1456
2021-05-22 08:00:00,0
2021-05-22 09:00:00,0
2021-05-22 10:00:00,0
2021-05-22 11:00:00,0
2021-05-22 12:00:00,0
2021-05-22 13:00:00,0
2021-05-22 14:00:00,0
2021-05-22 15:00:00,0
2021-05-22 16:00:00,0
2021-05-22 17:00:00,0
2021-05-22 18:00:00,0
2021-05-22 19:00:00,0
2021-05-22 20:00:00,0
2021-05-22 21:00:00,0
2021-05-22 22:00:00,0
2021-05-22 23:00:00,0
2021-05-23 00:00:00,0
2021-05-23 01:00:00,0
2021-05-23 02:00:00,0
2021-05-23 03:00:00,0
2021-05-23 04:00:00,0
2021-05-23 05:00:00,0
2021-05-23 06:00:00,0
2021-05-23 07:00:00,0
2021-05-23 08:00:00,0
2021-05-23 09:00:00,0
2021-05-23 10:00:00,0
2021-05-23 11:00:00,0
2021-05-23 12:00:00,0
2021-05-23 13:00:00,0
2021-05-23 14:00:00,0
2021-05-23 15:00:00,0
2021-05-23 16:00:00,0
2021-05-23 17:00:00,0
2021-05-23 18:00:00,0
2021-05-23 19:00:00,0
2021-05-23 20:00:00,0
2021-05-23 21:00:00,0
2021-05-23 22:00:00,0
2021-05-23 23:00:00,0
2021-05-24 00:00:00,0
2021-05-24 01:00:00,0
2021-05-24 02:00:00,0
2021-05-24 03:00:00,0
2021-05-24 04:00:00,0
2021-05-24 05:00:00,0
2021-05-24 06:00:00,0
2021-05-24 07:00:00,0
2021-05-24 08:00:00,321
2021-05-24 09:00:00,751
2021-05-24 10:00:00,290
2021-05-24 11:00:00,2479
2021-05-24 12:00:00,98
2021-05-24 13:00:00,1982
2021-05-24 14:00:00,1083
2021-05-24 15:00:00,1428
2021-05-24 16:00:00,970
2021-05-24 17:00:00,1942
2021-05-24 18:00:00,1279
2021-05-24 19:00:00,3527
2021-05-24 20:00:00,1
2021-05-24 21:00:00,384
2021-05-24 22:00:00,50
2021-05-24 23:00:00,0
2021-05-25 00:00:00,636
2021-05-25 01:00:00,258
2021-05-25 02:00:00,206
2021-05-25 03:00:00,112
2021-05-25 04:00:00,133
2021-05-25 05:00:00,0
2021-05-25 06:00:00,281
2021-05-25 07:00:00,1788
2021-05-25 08:00:00,531
2021-05-25 09:00:00,696
2021-05-25 10:00:00,272
2021-05-25 11:00:00,1617
2021-05-25 12:00:00,34
2021-05-25 13:00:00,1870
2021-05-25 14:00:00,986
2021-05-25 15:00:00,1093
2021-05-25 16:00:00,3956
2021-05-25 17:00:00,608
2021-05-25 18:00:00,1607
2021-05-25 19:00:00,4666
2021-05-25 20:00:00,21
2021-05-25 21:00:00,227
2021-05-25 22:00:00,271
2021-05-25 23:00:00,152
2021-05-26 00:00:00,140
2021-05-26 01:00:00,159
2021-05-26 02:00:00,268
2021-05-26 03:00:00,228
2021-05-26 04:00:00,78
2021-05-26 05:00:00,123
2021-05-26 06:00:00,554
2021-05-26 07:00:00,1505
2021-05-26 08:00:00,1027
2021-05-26 09:00:00,824
2021-05-26 10:00:00,2179
2021-05-26 11:00:00,608
2021-05-26 12:00:00,12
2021-05-26 13:00:00,2094
2021-05-26 14:00:00,2331
2021-05-26 15:00:00,1622
2021-05-26 16:00:00,1630
2021-05-26 17:00:00,135
2021-05-26 18:00:00,1712
2021-05-26 19:00:00,2100
2021-05-26 20:00:00,8
2021-05-26 21:00:00,226
2021-05-26 22:00:00,381
2021-05-26 23:00:00,0
2021-05-27 00:00:00,209
2021-05-27 01:00:00,119
2021-05-27 02:00:00,142
2021-05-27 03:00:00,213
2021-05-27 04:00:00,176
2021-05-27 05:00:00,116
2021-05-27 06:00:00,357
2021-05-27 07:00:00,2019
2021-05-27 08:00:00,427
2021-05-27 09:00:00,2079
2021-05-27 10:00:00,4955
2021-05-27 11:00:00,1339
2021-05-27 12:00:00,156
2021-05-27 13:00:00,811
2021-05-27 14:00:00,2083
2021-05-27 15:00:00,906
2021-05-27 16:00:00,1851
2021-05-27 17:00:00,113
2021-05-27 18:00:00,1428
2021-05-27 19:00:00,374
2021-05-27 20:00:00,0
2021-05-27 21:00:00,30
2021-05-27 22:00:00,81
2021-05-27 23:00:00,633
2021-05-28 00:00:00,160
2021-05-28 01:00:00,108
2021-05-28 02:00:00,220
2021-05-28 03:00:00,93
2021-05-28 04:00:00,128
2021-05-28 05:00:00,27
2021-05-28 06:00:00,51
2021-05-28 07:00:00,2813
2021-05-28 08:00:00,100
2021-05-28 09:00:00,1462
2021-05-28 10:00:00,661
2021-05-28 11:00:00,1637
2021-05-28 12:00:00,498
2021-05-28 13:00:00,912
2021-05-28 14:00:00,170
2021-05-28 15:00:00,1078
2021-05-28 16:00:00,5505
2021-05-28 17:00:00,300
2021-05-28 18:00:00,1060
2021-05-28 19:00:00,1090
2021-05-28 20:00:00,80
2021-05-28 21:00:00,61
2021-05-28 22:00:00,617
2021-05-28 23:00:00,42
2021-05-29 00:00:00,32
2021-05-29 01:00:00,578
2021-05-29 02:00:00,111
2021-05-29 03:00:00,216
2021-05-29 04:00:00,230
2021-05-29 05:00:00,6
2021-05-29 06:00:00,368
2021-05-29 07:00:00,1530
2021-05-29 08:00:00,0
2021-05-29 09:00:00,0
2021-05-29 10:00:00,0
2021-05-29 11:00:00,0
2021-05-29 12:00:00,0
2021-05-29 13:00:00,0
2021-05-29 14:00:00,0
2021-05-29 15:00:00,0
2021-05-29 16:00:00,0
2021-05-29 17:00:00,0
2021-05-29 18:00:00,0
2021-05-29 19:00:00,0
2021-05-29 20:00:00,0
2021-05-29 21:00:00,0
2021-05-29 22:00:00,0
2021-05-29 23:00:00,0
2021-05-30 00:00:00,0
2021-05-30 01:00:00,0
2021-05-30 02:00:00,0
2021-05-30 03:00:00,0
2021-05-30 04:00:00,0
2021-05-30 05:00:00,0
2021-05-30 06:00:00,0
2021-05-30 07:00:00,0
2021-05-30 08:00:00,0
2021-05-30 09:00:00,0
2021-05-30 10:00:00,0
2021-05-30 11:00:00,0
2021-05-30 12:00:00,0
2021-05-30 13:00:00,0
2021-05-30 14:00:00,0
2021-05-30 15:00:00,0
2021-05-30 16:00:00,0
2021-05-30 17:00:00,0
2021-05-30 18:00:00,0
2021-05-30 19:00:00,0
2021-05-30 20:00:00,0
2021-05-30 21:00:00,0
2021-05-30 22:00:00,0
2021-05-30 23:00:00,0
2021-05-31 00:00:00,0
2021-05-31 01:00:00,0
2021-05-31 02:00:00,0
2021-05-31 03:00:00,0
2021-05-31 04:00:00,0
2021-05-31 05:00:00,0
2021-05-31 06:00:00,0
2021-05-31 07:00:00,0
2021-05-31 08:00:00,697
2021-05-31 09:00:00,901
2021-05-31 10:00:00,1373
2021-05-31 11:00:00,1278
2021-05-31 12:00:00,246
2021-05-31 13:00:00,647
2021-05-31 14:00:00,806
2021-05-31 15:00:00,2767
2021-05-31 16:00:00,2857
2021-05-31 17:00:00,705
2021-05-31 18:00:00,1370
2021-05-31 19:00:00,3082
2021-05-31 20:00:00,186
2021-05-31 21:00:00,130
2021-05-31 22:00:00,77
2021-05-31 23:00:00,154
2021-06-01 00:00:00,457
2021-06-01 01:00:00,80
2021-06-01 02:00:00,135
2021-06-01 03:00:00,51
2021-06-01 04:00:00,138
2021-06-01 05:00:00,64
2021-06-01 06:00:00,48
2021-06-01 07:00:00,1235
2021-06-01 08:00:00,1518
2021-06-01 09:00:00,966
2021-06-01 10:00:00,715
2021-06-01 11:00:00,330
2021-06-01 12:00:00,554
2021-06-01 13:00:00,476
2021-06-01 14:00:00,2349
2021-06-01 15:00:00,1584
2021-06-01 16:00:00,1645
2021-06-01 17:00:00,438
2021-06-01 18:00:00,1643
2021-06-01 19:00:00,2795
2021-06-01 20:00:00,112
2021-06-01 21:00:00,158
2021-06-01 22:00:00,140
2021-06-01 23:00:00,73
2021-06-02 00:00:00,0
2021-06-02 01:00:00,8
2021-06-02 02:00:00,322
2021-06-02 03:00:00,268
2021-06-02 04:00:00,102
2021-06-02 05:00:00,0
2021-06-02 06:00:00,160
2021-06-02 07:00:00,1339
2021-06-02 08:00:00,338
2021-06-02 09:00:00,1944
2021-06-02 10:00:00,764
2021-06-02 11:00:00,2183
2021-06-02 12:00:00,343
2021-06-02 13:00:00,5882
2021-06-02 14:00:00,1072
2021-06-02 15:00:00,822
2021-06-02 16:00:00,2146
2021-06-02 17:00:00,860
2021-06-02 18:00:00,1840
2021-06-02 19:00:00,2444
2021-06-02 20:00:00,0
2021-06-02 21:00:00,34
2021-06-02 22:00:00,77
2021-06-02 23:00:00,672
2021-06-03 00:00:00,0
2021-06-03 01:00:00,286
2021-06-03 02:00:00,120
2021-06-03 03:00:00,200
2021-06-03 04:00:00,232
2021-06-03 05:00:00,87
2021-06-03 06:00:00,48
2021-06-03 07:00:00,935
2021-06-03 08:00:00,1187
2021-06-03 09:00:00,1096
2021-06-03 10:00:00,956
2021-06-03 11:00:00,1969
2021-06-03 12:00:00,50
2021-06-03 13:00:00,1064
2021-06-03 14:00:00,2090
2021-06-03 15:00:00,1680
2021-06-03 16:00:00,1547
2021-06-03 17:00:00,1830
2021-06-03 18:00:00,4404
2021-06-03 19:00:00,2523
2021-06-03 20:00:00,220
2021-06-03 21:00:00,128
2021-06-03 22:00:00,106
2021-06-03 23:00:00,56
2021-06-04 00:00:00,246
2021-06-04 01:00:00,38
2021-06-04 02:00:00,136
2021-06-04 03:00:00,86
2021-06-04 04:00:00,337
2021-06-04 05:00:00,14
2021-06-04 06:00:00,126
2021-06-04 07:00:00,749
2021-06-04 08:00:00,655
2021-06-04 09:00:00,1270
2021-06-04 10:00:00,1286
2021-06-04 11:00:00,809
2021-06-04 12:00:00,84
2021-06-04 13:00:00,616
2021-06-04 14:00:00,5176
2021-06-04 15:00:00,739
2021-06-04 16:00:00,1164
2021-06-04 17:00:00,306
2021-06-04 18:00:00,638
2021-06-04 19:00:00,1622
2021-06-04 20:00:00,94
2021-06-04 21:00:00,52
2021-06-04 22:00:00,200
2021-06-04 23:00:00,0
2021-06-05 00:00:00,25
2021-06-05 01:00:00,84
2021-06-05 02:00:00,84
2021-06-05 03:00:00,555
2021-06-05 04:00:00,40
2021-06-05 05:00:00,4
2021-06-05 06:00:00,20
2021-06-05 07:00:00,509
2021-06-05 08:00:00,0
2021-06-05 09:00:00,0
2021-06-05 10:00:00,0
2021-06-05 11:00:00,0
2021-06-05 12:00:00,0
2021-06-05 13:00:00,0
2021-06-05 14:00:00,0
2021-06-05 15:00:00,0
2021-06-05 16:00:00,0
2021-06-05 17:00:00,0
2021-06-05 18:00:00,0
2021-06-05 19:00:00,0
2021-06-05 20:00:00,0
2021-06-05 21:00:00,0
2021-06-05 22:00:00,0
2021-06-05 23:00:00,0
2021-06-06 00:00:00,0
2021-06-06 01:00:00,0
2021-06-06 02:00:00,0
2021-06-06 03:00:00,0
2021-06-06 04:00:00,0
2021-06-06 05:00:00,0
2021-06-06 06:00:00,0
2021-06-06 07:00:00,0
2021-06-06 08:00:00,0
2021-06-06 09:00:00,0
2021-06-06 10:00:00,0
2021-06-06 11:00:00,0
2021-06-06 12:00:00,0
2021-06-06 13:00:00,0
2021-06-06 14:00:00,0
2021-06-06 15:00:00,0
2021-06-06 16:00:00,0
2021-06-06 17:00:00,0
2021-06-06 18:00:00,0
2021-06-06 19:00:00,0
2021-06-06 20:00:00,0
2021-06-06 21:00:00,0
2021-06-06 22:00:00,0
2021-06-06 23:00:00,0
2021-06-07 00:00:00,0
2021-06-07 01:00:00,0
2021-06-07 02:00:00,0
2021-06-07 03:00:00,0
2021-06-07 04:00:00,0
2021-06-07 05:00:00,0
2021-06-07 06:00:00,0
2021-06-07 07:00:00,0
2021-06-07 08:00:00,876
2021-06-07 09:00:00,490
2021-06-07 10:00:00,1661
2021-06-07 11:00:00,2549
2021-06-07 12:00:00,100
2021-06-07 13:00:00,1242
2021-06-07 14:00:00,1430
2021-06-07 15:00:00,3211
2021-06-07 16:00:00,826
2021-06-07 17:00:00,98
2021-06-07 18:00:00,2299
2021-06-07 19:00:00,1625
2021-06-07 20:00:00,36
2021-06-07 21:00:00,93
2021-06-07 22:00:00,87
2021-06-07 23:00:00,1
2021-06-08 00:00:00,400
2021-06-08 01:00:00,41
2021-06-08 02:00:00,79
2021-06-08 03:00:00,66
2021-06-08 04:00:00,461
2021-06-08 05:00:00,166
2021-06-08 06:00:00,231
2021-06-08 07:00:00,826
2021-06-08 08:00:00,1348
2021-06-08 09:00:00,2186
2021-06-08 10:00:00,582
2021-06-08 11:00:00,1904
2021-06-08 12:00:00,154
2021-06-08 13:00:00,938
2021-06-08 14:00:00,1321
2021-06-08 15:00:00,1058
2021-06-08 16:00:00,1570
2021-06-08 17:00:00,485
2021-06-08 18:00:00,1743
2021-06-08 19:00:00,915
2021-06-08 20:00:00,103
2021-06-08 21:00:00,10
2021-06-08 22:00:00,430
2021-06-08 23:00:00,140
2021-06-09 00:00:00,4
2021-06-09 01:00:00,21
2021-06-09 02:00:00,600
2021-06-09 03:00:00,54
2021-06-09 04:00:00,50
2021-06-09 05:00:00,0
2021-06-09 06:00:00,246
2021-06-09 07:00:00,746
2021-06-09 08:00:00,648
2021-06-09 09:00:00,1219
2021-06-09 10:00:00,5042
2021-06-09 11:00:00,777
2021-06-09 12:00:00,0
2021-06-09 13:00:00,1455
2021-06-09 14:00:00,567
2021-06-09 15:00:00,733
2021-06-09 16:00:00,1098
2021-06-09 17:00:00,705
2021-06-09 18:00:00,181
2021-06-09 19:00:00,2022
2021-06-09 20:00:00,44
2021-06-09 21:00:00,104
2021-06-09 22:00:00,219
2021-06-09 23:00:00,135
2021-06-10 00:00:00,0
2021-06-10 01:00:00,0
2021-06-10 02:00:00,0
2021-06-10 03:00:00,43
2021-06-10 04:00:00,133
2021-06-10 05:00:00,61
2021-06-10 06:00:00,80
2021-06-10 07:00:00,738
2021-06-10 08:00:00,493
2021-06-10 09:00:00,32
2021-06-10 10:00:00,2032
2021-06-10 11:00:00,829
2021-06-10 12:00:00,1000
2021-06-10 13:00:00,1013
2021-06-10 14:00:00,481
2021-06-10 15:00:00,364
2021-06-10 16:00:00,2990
2021-06-10 17:00:00,669
2021-06-10 18:00:00,529
2021-06-10 19:00:00,1095
2021-06-10 20:00:00,31
2021-06-10 21:00:00,300
2021-06-10 22:00:00,201
2021-06-10 23:00:00,153
2021-06-11 00:00:00,52
2021-06-11 01:00:00,176
2021-06-11 02:00:00,180
2021-06-11 03:00:00,20
2021-06-11 04:00:00,0
2021-06-11 05:00:00,496
2021-06-11 06:00:00,110
2021-06-11 07:00:00,1170
2021-06-11 08:00:00,497
2021-06-11 09:00:00,569
2021-06-11 10:00:00,921
2021-06-11 11:00:00,3102
2021-06-11 12:00:00,436
2021-06-11 13:00:00,1017
2021-06-11 14:00:00,829
2021-06-11 15:00:00,972
2021-06-11 16:00:00,1834
2021-06-11 17:00:00,1114
2021-06-11 18:00:00,986
2021-06-11 19:00:00,1237
2021-06-11 20:00:00,237
2021-06-11 21:00:00,108
2021-06-11 22:00:00,42
2021-06-11 23:00:00,16
2021-06-12 00:00:00,0
2021-06-12 01:00:00,77
2021-06-12 02:00:00,1424
2021-06-12 03:00:00,98
2021-06-12 04:00:00,56
2021-06-12 05:00:00,44
2021-06-12 06:00:00,658
2021-06-12 07:00:00,65
2021-06-12 08:00:00,0
2021-06-12 09:00:00,0
2021-06-12 10:00:00,0
2021-06-12 11:00:00,0
2021-06-12 12:00:00,0
2021-06-12 13:00:00,0
2021-06-12 14:00:00,0
2021-06-12 15:00:00,0
2021-06-12 16:00:00,0
2021-06-12 17:00:00,0
2021-06-12 18:00:00,0
2021-06-12 19:00:00,0
2021-06-12 20:00:00,0
2021-06-12 21:00:00,0
2021-06-12 22:00:00,0
2021-06-12 23:00:00,0
2021-06-13 00:00:00,0
2021-06-13 01:00:00,0
2021-06-13 02:00:00,0
2021-06-13 03:00:00,0
2021-06-13 04:00:00,0
2021-06-13 05:00:00,0
2021-06-13 06:00:00,0
2021-06-13 07:00:00,0
2021-06-13 08:00:00,0
2021-06-13 09:00:00,0
2021-06-13 10:00:00,0
2021-06-13 11:00:00,0
2021-06-13 12:00:00,0
2021-06-13 13:00:00,0
2021-06-13 14:00:00,0
2021-06-13 15:00:00,0
2021-06-13 16:00:00,0
2021-06-13 17:00:00,0
2021-06-13 18:00:00,0
2021-06-13 19:00:00,0
2021-06-13 20:00:00,0
2021-06-13 21:00:00,0
2021-06-13 22:00:00,0
2021-06-13 23:00:00,0
2021-06-14 00:00:00,0
2021-06-14 01:00:00,0
2021-06-14 02:00:00,0
2021-06-14 03:00:00,0
2021-06-14 04:00:00,0
2021-06-14 05:00:00,0
2021-06-14 06:00:00,0
2021-06-14 07:00:00,0
2021-06-14 08:00:00,218
2021-06-14 09:00:00,701
2021-06-14 10:00:00,434
2021-06-14 11:00:00,1351
2021-06-14 12:00:00,0
2021-06-14 13:00:00,2839
2021-06-14 14:00:00,984
2021-06-14 15:00:00,960
2021-06-14 16:00:00,744
2021-06-14 17:00:00,1417
2021-06-14 18:00:00,829
2021-06-14 19:00:00,2256
2021-06-14 20:00:00,2
2021-06-14 21:00:00,380
2021-06-14 22:00:00,0
2021-06-14 23:00:00,18
2021-06-15 00:00:00,468
2021-06-15 01:00:00,0
2021-06-15 02:00:00,110
2021-06-15 03:00:00,69
2021-06-15 04:00:00,69
2021-06-15 05:00:00,0
2021-06-15 06:00:00,128
2021-06-15 07:00:00,1228
2021-06-15 08:00:00,2120
2021-06-15 09:00:00,1455
2021-06-15 10:00:00,1189
2021-06-15 11:00:00,1370
2021-06-15 12:00:00,274
2021-06-15 13:00:00,2845
2021-06-15 14:00:00,923
2021-06-15 15:00:00,994
2021-06-15 16:00:00,3214
2021-06-15 17:00:00,602
2021-06-15 18:00:00,2017
2021-06-15 19:00:00,1905
2021-06-15 20:00:00,1
2021-06-15 21:00:00,338
2021-06-15 22:00:00,24
2021-06-15 23:00:00,191
2021-06-16 00:00:00,550
2021-06-16 01:00:00,22
2021-06-16 02:00:00,175
2021-06-16 03:00:00,453
2021-06-16 04:00:00,85
2021-06-16 05:00:00,226
2021-06-16 06:00:00,194
2021-06-16 07:00:00,682
2021-06-16 08:00:00,1140
2021-06-16 09:00:00,1405
2021-06-16 10:00:00,873
2021-06-16 11:00:00,376
2021-06-16 12:00:00,776
2021-06-16 13:00:00,908
2021-06-16 14:00:00,2028
2021-06-16 15:00:00,1068
2021-06-16 16:00:00,1631
2021-06-16 17:00:00,69
2021-06-16 18:00:00,914
2021-06-16 19:00:00,2889
2021-06-16 20:00:00,289
2021-06-16 21:00:00,31
2021-06-16 22:00:00,201
2021-06-16 23:00:00,0
2021-06-17 00:00:00,0
2021-06-17 01:00:00,29
2021-06-17 02:00:00,141
2021-06-17 03:00:00,36
2021-06-17 04:00:00,160
2021-06-17 05:00:00,16
2021-06-17 06:00:00,231
2021-06-17 07:00:00,591
2021-06-17 08:00:00,1191
2021-06-17 09:00:00,987
2021-06-17 10:00:00,711
2021-06-17 11:00:00,3403
2021-06-17 12:00:00,202
2021-06-17 13:00:00,1735
2021-06-17 14:00:00,802
2021-06-17 15:00:00,1135
2021-06-17 16:00:00,358
2021-06-17 17:00:00,991
2021-06-17 18:00:00,1558
2021-06-17 19:00:00,2358
2021-06-17 20:00:00,6
2021-06-17 21:00:00,2
2021-06-17 22:00:00,28
2021-06-17 23:00:00,10
2021-06-18 00:00:00,200
2021-06-18 01:00:00,191
2021-06-18 02:00:00,98
2021-06-18 03:00:00,185
2021-06-18 04:00:00,0
2021-06-18 05:00:00,0
2021-06-18 06:00:00,460
2021-06-18 07:00:00,1086
2021-06-18 08:00:00,470
2021-06-18 09:00:00,680
2021-06-18 10:00:00,771
2021-06-18 11:00:00,982
2021-06-18 12:00:00,235
2021-06-18 13:00:00,2310
2021-06-18 14:00:00,1500
2021-06-18 15:00:00,805
2021-06-18 16:00:00,1065
2021-06-18 17:00:00,527
2021-06-18 18:00:00,766
2021-06-18 19:00:00,3528
2021-06-18 20:00:00,322
2021-06-18 21:00:00,92
2021-06-18 22:00:00,33
2021-06-18 23:00:00,70
2021-06-19 00:00:00,104
2021-06-19 01:00:00,102
2021-06-19 02:00:00,6
2021-06-19 03:00:00,50
2021-06-19 04:00:00,0
2021-06-19 05:00:00,3
2021-06-19 06:00:00,450
2021-06-19 07:00:00,844
2021-06-19 08:00:00,0
2021-06-19 09:00:00,0
2021-06-19 10:00:00,0
2021-06-19 11:00:00,0
2021-06-19 12:00:00,0
2021-06-19 13:00:00,0
2021-06-19 14:00:00,0
2021-06-19 15:00:00,0
2021-06-19 16:00:00,0
2021-06-19 17:00:00,0
2021-06-19 18:00:00,0
2021-06-19 19:00:00,0
2021-06-19 20:00:00,0
2021-06-19 21:00:00,0
2021-06-19 22:00:00,0
2021-06-19 23:00:00,0
2021-06-20 00:00:00,0
2021-06-20 01:00:00,0
2021-06-20 02:00:00,0
2021-06-20 03:00:00,0
2021-06-20 04:00:00,0
2021-06-20 05:00:00,0
2021-06-20 06:00:00,0
2021-06-20 07:00:00,0
2021-06-20 08:00:00,0
2021-06-20 09:00:00,0
2021-06-20 10:00:00,0
2021-06-20 11:00:00,0
2021-06-20 12:00:00,0
2021-06-20 13:00:00,0
2021-06-20 14:00:00,0
2021-06-20 15:00:00,0
2021-06-20 16:00:00,0
2021-06-20 17:00:00,0
2021-06-20 18:00:00,0
2021-06-20 19:00:00,0
2021-06-20 20:00:00,0
2021-06-20 21:00:00,0
2021-06-20 22:00:00,0
2021-06-20 23:00:00,0
2021-06-21 00:00:00,0
2021-06-21 01:00:00,0
2021-06-21 02:00:00,0
2021-06-21 03:00:00,0
2021-06-21 04:00:00,0
2021-06-21 05:00:00,0
2021-06-21 06:00:00,0
2021-06-21 07:00:00,0
2021-06-21 08:00:00,180
2021-06-21 09:00:00,1350
2021-06-21 10:00:00,1175
2021-06-21 11:00:00,2287
2021-06-21 12:00:00,24
2021-06-21 13:00:00,642
2021-06-21 14:00:00,1038
2021-06-21 15:00:00,1258
2021-06-21 16:00:00,955
2021-06-21 17:00:00,1810
2021-06-21 18:00:00,2438
2021-06-21 19:00:00,2118
2021-06-21 20:00:00,137
2021-06-21 21:00:00,72
2021-06-21 22:00:00,100
2021-06-21 23:00:00,56
2021-06-22 00:00:00,226
2021-06-22 01:00:00,24
2021-06-22 02:00:00,0
2021-06-22 03:00:00,606
2021-06-22 04:00:00,40
2021-06-22 05:00:00,850
2021-06-22 06:00:00,157
2021-06-22 07:00:00,1039
2021-06-22 08:00:00,433
2021-06-22 09:00:00,4451
2021-06-22 10:00:00,1033
2021-06-22 11:00:00,1559
2021-06-22 12:00:00,351
2021-06-22 13:00:00,628
2021-06-22 14:00:00,1159
2021-06-22 15:00:00,953
2021-06-22 16:00:00,1619
2021-06-22 17:00:00,276
2021-06-22 18:00:00,907
2021-06-22 19:00:00,2535
2021-06-22 20:00:00,59
2021-06-22 21:00:00,112
2021-06-22 22:00:00,123
2021-06-22 23:00:00,144
2021-06-23 00:00:00,126
2021-06-23 01:00:00,61
2021-06-23 02:00:00,46
2021-06-23 03:00:00,150
2021-06-23 04:00:00,41
2021-06-23 05:00:00,1006
2021-06-23 06:00:00,106
2021-06-23 07:00:00,1090
2021-06-23 08:00:00,898
2021-06-23 09:00:00,1005
2021-06-23 10:00:00,4520
2021-06-23 11:00:00,1185
2021-06-23 12:00:00,16
2021-06-23 13:00:00,854
2021-06-23 14:00:00,1068
2021-06-23 15:00:00,1057
2021-06-23 16:00:00,668
2021-06-23 17:00:00,1183
2021-06-23 18:00:00,1462
2021-06-23 19:00:00,1696
2021-06-23 20:00:00,133
2021-06-23 21:00:00,68
2021-06-23 22:00:00,75
2021-06-23 23:00:00,381
2021-06-24 00:00:00,200
2021-06-24 01:00:00,204
2021-06-24 02:00:00,207
2021-06-24 03:00:00,77
2021-06-24 04:00:00,64
2021-06-24 05:00:00,10
2021-06-24 06:00:00,116
2021-06-24 07:00:00,1695
2021-06-24 08:00:00,429
2021-06-24 09:00:00,902
2021-06-24 10:00:00,2375
2021-06-24 11:00:00,2152
2021-06-24 12:00:00,328
2021-06-24 13:00:00,814
2021-06-24 14:00:00,1221
2021-06-24 15:00:00,2131
2021-06-24 16:00:00,959
2021-06-24 17:00:00,232
2021-06-24 18:00:00,1270
2021-06-24 19:00:00,2119
2021-06-24 20:00:00,31
2021-06-24 21:00:00,21
2021-06-24 22:00:00,0
2021-06-24 23:00:00,86
2021-06-25 00:00:00,0
2021-06-25 01:00:00,13
2021-06-25 02:00:00,72
2021-06-25 03:00:00,1602
2021-06-25 04:00:00,72
2021-06-25 05:00:00,2078
2021-06-25 06:00:00,120
2021-06-25 07:00:00,1336
2021-06-25 08:00:00,1077
2021-06-25 09:00:00,620
2021-06-25 10:00:00,1426
2021-06-25 11:00:00,1382
2021-06-25 12:00:00,262
2021-06-25 13:00:00,1234
2021-06-25 14:00:00,705
2021-06-25 15:00:00,414
2021-06-25 16:00:00,790
2021-06-25 17:00:00,758
2021-06-25 18:00:00,1300
2021-06-25 19:00:00,2139
2021-06-25 20:00:00,10
2021-06-25 21:00:00,16
2021-06-25 22:00:00,303
2021-06-25 23:00:00,229
2021-06-26 00:00:00,0
2021-06-26 01:00:00,204
2021-06-26 02:00:00,875
2021-06-26 03:00:00,62
2021-06-26 04:00:00,205
2021-06-26 05:00:00,130
2021-06-26 06:00:00,0
2021-06-26 07:00:00,2337
2021-06-26 08:00:00,0
2021-06-26 09:00:00,0
2021-06-26 10:00:00,0
2021-06-26 11:00:00,0
2021-06-26 12:00:00,0
2021-06-26 13:00:00,0
2021-06-26 14:00:00,0
2021-06-26 15:00:00,0
2021-06-26 16:00:00,0
2021-06-26 17:00:00,0
2021-06-26 18:00:00,0
2021-06-26 19:00:00,0
2021-06-26 20:00:00,0
2021-06-26 21:00:00,0
2021-06-26 22:00:00,0
2021-06-26 23:00:00,0
2021-06-27 00:00:00,0
2021-06-27 01:00:00,0
2021-06-27 02:00:00,0
2021-06-27 03:00:00,0
2021-06-27 04:00:00,0
2021-06-27 05:00:00,0
2021-06-27 06:00:00,0
2021-06-27 07:00:00,0
2021-06-27 08:00:00,0
2021-06-27 09:00:00,0
2021-06-27 10:00:00,0
2021-06-27 11:00:00,0
2021-06-27 12:00:00,0
2021-06-27 13:00:00,0
2021-06-27 14:00:00,0
2021-06-27 15:00:00,0
2021-06-27 16:00:00,0
2021-06-27 17:00:00,0
2021-06-27 18:00:00,0
2021-06-27 19:00:00,0
2021-06-27 20:00:00,0
2021-06-27 21:00:00,0
2021-06-27 22:00:00,0
2021-06-27 23:00:00,0
2021-06-28 00:00:00,0
2021-06-28 01:00:00,0
2021-06-28 02:00:00,0
2021-06-28 03:00:00,0
2021-06-28 04:00:00,0
2021-06-28 05:00:00,0
2021-06-28 06:00:00,0
2021-06-28 07:00:00,0
2021-06-28 08:00:00,277
2021-06-28 09:00:00,767
2021-06-28 10:00:00,1376
2021-06-28 11:00:00,2873
2021-06-28 12:00:00,452
2021-06-28 13:00:00,1350
2021-06-28 14:00:00,1903
2021-06-28 15:00:00,372
2021-06-28 16:00:00,2416
2021-06-28 17:00:00,1626
2021-06-28 18:00:00,2365
2021-06-28 19:00:00,1463
2021-06-28 20:00:00,0
2021-06-28 21:00:00,259
2021-06-28 22:00:00,135
2021-06-28 23:00:00,173
2021-06-29 00:00:00,0
2021-06-29 01:00:00,91
2021-06-29 02:00:00,41
2021-06-29 03:00:00,2
2021-06-29 04:00:00,516
2021-06-29 05:00:00,106
2021-06-29 06:00:00,18
2021-06-29 07:00:00,1052
2021-06-29 08:00:00,893
2021-06-29 09:00:00,1026
2021-06-29 10:00:00,1301
2021-06-29 11:00:00,1340
2021-06-29 12:00:00,530
2021-06-29 13:00:00,1288
2021-06-29 14:00:00,6234
2021-06-29 15:00:00,695
2021-06-29 16:00:00,1124
2021-06-29 17:00:00,60
2021-06-29 18:00:00,773
2021-06-29 19:00:00,3860
2021-06-29 20:00:00,164
2021-06-29 21:00:00,3
2021-06-29 22:00:00,37
2021-06-29 23:00:00,42
2021-06-30 00:00:00,0
2021-06-30 01:00:00,791
2021-06-30 02:00:00,162
2021-06-30 03:00:00,83
2021-06-30 04:00:00,109
2021-06-30 05:00:00,52
2021-06-30 06:00:00,0
2021-06-30 07:00:00,1446
2021-06-30 08:00:00,808
2021-06-30 09:00:00,1437
2021-06-30 10:00:00,635
2021-06-30 11:00:00,1840
2021-06-30 12:00:00,203
2021-06-30 13:00:00,750
2021-06-30 14:00:00,1621
2021-06-30 15:00:00,1370
2021-06-30 16:00:00,774
2021-06-30 17:00:00,3212
2021-06-30 18:00:00,1356
2021-06-30 19:00:00,1526
2021-06-30 20:00:00,227
2021-06-30 21:00:00,96
2021-06-30 22:00:00,77
2021-06-30 23:00:00,0
2021-07-01 00:00:00,76
2021-07-01 01:00:00,44
2021-07-01 02:00:00,240
2021-07-01 03:00:00,402
2021-07-01 04:00:00,185
2021-07-01 05:00:00,174
2021-07-01 06:00:00,23
2021-07-01 07:00:00,752
2021-07-01 08:00:00,676
2021-07-01 09:00:00,1028
2021-07-01 10:00:00,2373
2021-07-01 11:00:00,992
2021-07-01 12:00:00,340
2021-07-01 13:00:00,474
2021-07-01 14:00:00,3036
2021-07-01 15:00:00,354
2021-07-01 16:00:00,1794
2021-07-01 17:00:00,1125
2021-07-01 18:00:00,1767
2021-07-01 19:00:00,2064
2021-07-01 20:00:00,6
2021-07-01 21:00:00,66
2021-07-01 22:00:00,244
2021-07-01 23:00:00,118
2021-07-02 00:00:00,0
2021-07-02 01:00:00,309
2021-07-02 02:00:00,15
2021-07-02 03:00:00,101
2021-07-02 04:00:00,382
2021-07-02 05:00:00,698
2021-07-02 06:00:00,36
2021-07-02 07:00:00,938
2021-07-02 08:00:00,813
2021-07-02 09:00:00,852
2021-07-02 10:00:00,512
2021-07-02 11:00:00,1301
2021-07-02 12:00:00,0
2021-07-02 13:00:00,1376
2021-07-02 14:00:00,855
2021-07-02 15:00:00,5516
2021-07-02 16:00:00,1544
2021-07-02 17:00:00,795
2021-07-02 18:00:00,972
2021-07-02 19:00:00,2548
2021-07-02 20:00:00,21
2021-07-02 21:00:00,70
2021-07-02 22:00:00,119
2021-07-02 23:00:00,76
2021-07-03 00:00:00,154
2021-07-03 01:00:00,270
2021-07-03 02:00:00,0
2021-07-03 03:00:00,94
2021-07-03 04:00:00,36
2021-07-03 05:00:00,39
2021-07-03 06:00:00,0
2021-07-03 07:00:00,1142
2021-07-03 08:00:00,0
2021-07-03 09:00:00,0
2021-07-03 10:00:00,0
2021-07-03 11:00:00,0
2021-07-03 12:00:00,0
2021-07-03 13:00:00,0
2021-07-03 14:00:00,0
2021-07-03 15:00:00,0
2021-07-03 16:00:00,0
2021-07-03 17:00:00,0
2021-07-03 18:00:00,0
2021-07-03 19:00:00,0
2021-07-03 20:00:00,0
2021-07-03 21:00:00,0
2021-07-03 22:00:00,0
2021-07-03 23:00:00,0
2021-07-04 00:00:00,0
2021-07-04 01:00:00,0
2021-07-04 02:00:00,0
2021-07-04 03:00:00,0
2021-07-04 04:00:00,0
2021-07-04 05:00:00,0
2021-07-04 06:00:00,0
2021-07-04 07:00:00,0
2021-07-04 08:00:00,0
2021-07-04 09:00:00,0
2021-07-04 10:00:00,0
2021-07-04 11:00:00,0
2021-07-04 12:00:00,0
2021-07-04 13:00:00,0
2021-07-04 14:00:00,0
2021-07-04 15:00:00,0
2021-07-04 16:00:00,0
2021-07-04 17:00:00,0
2021-07-04 18:00:00,0
2021-07-04 19:00:00,0
2021-07-04 20:00:00,0
2021-07-04 21:00:00,0
2021-07-04 22:00:00,0
2021-07-04 23:00:00,0
2021-07-05 00:00:00,0
2021-07-05 01:00:00,0
2021-07-05 02:00:00,0
2021-07-05 03:00:00,0
2021-07-05 04:00:00,0
2021-07-05 05:00:00,0
2021-07-05 06:00:00,0
2021-07-05 07:00:00,0
2021-07-05 08:00:00,982
2021-07-05 09:00:00,2566
2021-07-05 10:00:00,814
2021-07-05 11:00:00,1097
2021-07-05 12:00:00,31
2021-07-05 13:00:00,613
2021-07-05 14:00:00,2781
2021-07-05 15:00:00,711
2021-07-05 16:00:00,2870
2021-07-05 17:00:00,224
2021-07-05 18:00:00,308
2021-07-05 19:00:00,1932
2021-07-05 20:00:00,9
2021-07-05 21:00:00,356
2021-07-05 22:00:00,89
2021-07-05 23:00:00,332
2021-07-06 00:00:00,50
2021-07-06 01:00:00,434
2021-07-06 02:00:00,246
2021-07-06 03:00:00,236
2021-07-06 04:00:00,262
2021-07-06 05:00:00,2
2021-07-06 06:00:00,70
2021-07-06 07:00:00,2041
2021-07-06 08:00:00,313
2021-07-06 09:00:00,734
2021-07-06 10:00:00,792
2021-07-06 11:00:00,568
2021-07-06 12:00:00,0
2021-07-06 13:00:00,2227
2021-07-06 14:00:00,648
2021-07-06 15:00:00,1272
2021-07-06 16:00:00,985
2021-07-06 17:00:00,124
2021-07-06 18:00:00,1300
2021-07-06 19:00:00,3876
2021-07-06 20:00:00,10
2021-07-06 21:00:00,166
2021-07-06 22:00:00,150
2021-07-06 23:00:00,75
2021-07-07 00:00:00,250
2021-07-07 01:00:00,5
2021-07-07 02:00:00,42
2021-07-07 03:00:00,442
2021-07-07 04:00:00,90
2021-07-07 05:00:00,387
2021-07-07 06:00:00,38
2021-07-07 07:00:00,1847
2021-07-07 08:00:00,675
2021-07-07 09:00:00,1990
2021-07-07 10:00:00,3638
2021-07-07 11:00:00,954
2021-07-07 12:00:00,0
2021-07-07 13:00:00,320
2021-07-07 14:00:00,1323
2021-07-07 15:00:00,1208
2021-07-07 16:00:00,1579
2021-07-07 17:00:00,175
2021-07-07 18:00:00,1717
2021-07-07 19:00:00,2321
2021-07-07 20:00:00,162
2021-07-07 21:00:00,68
2021-07-07 22:00:00,104
2021-07-07 23:00:00,72
2021-07-08 00:00:00,242
2021-07-08 01:00:00,703
2021-07-08 02:00:00,192
2021-07-08 03:00:00,130
2021-07-08 04:00:00,208
2021-07-08 05:00:00,314
2021-07-08 06:00:00,58
2021-07-08 07:00:00,436
2021-07-08 08:00:00,560
2021-07-08 09:00:00,516
2021-07-08 10:00:00,112
2021-07-08 11:00:00,562
2021-07-08 12:00:00,0
2021-07-08 13:00:00,2140
2021-07-08 14:00:00,1434
2021-07-08 15:00:00,350
2021-07-08 16:00:00,2282
2021-07-08 17:00:00,86
2021-07-08 18:00:00,3577
2021-07-08 19:00:00,5585
2021-07-08 20:00:00,26
2021-07-08 21:00:00,6
2021-07-08 22:00:00,0
2021-07-08 23:00:00,0
2021-07-09 00:00:00,0
2021-07-09 01:00:00,37
2021-07-09 02:00:00,12
2021-07-09 03:00:00,0
2021-07-09 04:00:00,32
2021-07-09 05:00:00,0
2021-07-09 06:00:00,0
2021-07-09 07:00:00,536
2021-07-09 08:00:00,564
2021-07-09 09:00:00,565
2021-07-09 10:00:00,1753
2021-07-09 11:00:00,1082
2021-07-09 12:00:00,0
2021-07-09 13:00:00,1119
2021-07-09 14:00:00,2229
2021-07-09 15:00:00,774
2021-07-09 16:00:00,1881
2021-07-09 17:00:00,955
2021-07-09 18:00:00,1186
2021-07-09 19:00:00,3718
2021-07-09 20:00:00,36
2021-07-09 21:00:00,3
2021-07-09 22:00:00,45
2021-07-09 23:00:00,0
2021-07-10 00:00:00,0
2021-07-10 01:00:00,6
2021-07-10 02:00:00,41
2021-07-10 03:00:00,0
2021-07-10 04:00:00,30
2021-07-10 05:00:00,0
2021-07-10 06:00:00,120
2021-07-10 07:00:00,290
2021-07-10 08:00:00,0
2021-07-10 09:00:00,0
2021-07-10 10:00:00,0
2021-07-10 11:00:00,0
2021-07-10 12:00:00,0
2021-07-10 13:00:00,0
2021-07-10 14:00:00,0
2021-07-10 15:00:00,0
2021-07-10 16:00:00,0
2021-07-10 17:00:00,0
2021-07-10 18:00:00,0
2021-07-10 19:00:00,0
2021-07-10 20:00:00,0
2021-07-10 21:00:00,0
2021-07-10 22:00:00,0
2021-07-10 23:00:00,0
2021-07-11 00:00:00,0
2021-07-11 01:00:00,0
2021-07-11 02:00:00,0
2021-07-11 03:00:00,0
2021-07-11 04:00:00,0
2021-07-11 05:00:00,0
2021-07-11 06:00:00,0
2021-07-11 07:00:00,0
2021-07-11 08:00:00,0
2021-07-11 09:00:00,0
2021-07-11 10:00:00,0
2021-07-11 11:00:00,0
2021-07-11 12:00:00,0
2021-07-11 13:00:00,0
2021-07-11 14:00:00,0
2021-07-11 15:00:00,0
2021-07-11 16:00:00,0
2021-07-11 17:00:00,0
2021-07-11 18:00:00,0
2021-07-11 19:00:00,0
2021-07-11 20:00:00,0
2021-07-11 21:00:00,0
2021-07-11 22:00:00,0
2021-07-11 23:00:00,0
2021-07-12 00:00:00,0
2021-07-12 01:00:00,0
2021-07-12 02:00:00,0
2021-07-12 03:00:00,0
2021-07-12 04:00:00,0
2021-07-12 05:00:00,0
2021-07-12 06:00:00,0
2021-07-12 07:00:00,0
2021-07-12 08:00:00,522
2021-07-12 09:00:00,498
2021-07-12 10:00:00,1883
2021-07-12 11:00:00,1127
2021-07-12 12:00:00,194
2021-07-12 13:00:00,676
2021-07-12 14:00:00,5121
2021-07-12 15:00:00,1018
2021-07-12 16:00:00,1233
2021-07-12 17:00:00,509
2021-07-12 18:00:00,1047
2021-07-12 19:00:00,2885
2021-07-12 20:00:00,6
2021-07-12 21:00:00,217
2021-07-12 22:00:00,28
2021-07-12 23:00:00,79
2021-07-13 00:00:00,0
2021-07-13 01:00:00,0
2021-07-13 02:00:00,0
2021-07-13 03:00:00,0
2021-07-13 04:00:00,0
2021-07-13 05:00:00,0
2021-07-13 06:00:00,0
2021-07-13 07:00:00,0
2021-07-13 08:00:00,0
2021-07-13 09:00:00,0
2021-07-13 10:00:00,0
2021-07-13 11:00:00,0
2021-07-13 12:00:00,0
2021-07-13 13:00:00,0
2021-07-13 14:00:00,0
2021-07-13 15:00:00,0
2021-07-13 16:00:00,0
2021-07-13 17:00:00,0
2021-07-13 18:00:00,0
2021-07-13 19:00:00,0
2021-07-13 20:00:00,0
2021-07-13 21:00:00,0
2021-07-13 22:00:00,0
2021-07-13 23:00:00,0
2021-07-14 00:00:00,327
2021-07-14 01:00:00,166
2021-07-14 02:00:00,354
2021-07-14 03:00:00,111
2021-07-14 04:00:00,66
2021-07-14 05:00:00,0
2021-07-14 06:00:00,45
2021-07-14 07:00:00,582
2021-07-14 08:00:00,530
2021-07-14 09:00:00,1304
2021-07-14 10:00:00,1851
2021-07-14 11:00:00,1796
2021-07-14 12:00:00,88
2021-07-14 13:00:00,1564
2021-07-14 14:00:00,1154
2021-07-14 15:00:00,587
2021-07-14 16:00:00,1732
2021-07-14 17:00:00,2473
2021-07-14 18:00:00,283
2021-07-14 19:00:00,1793
2021-07-14 20:00:00,268
2021-07-14 21:00:00,58
2021-07-14 22:00:00,51
2021-07-14 23:00:00,70
2021-07-15 00:00:00,0
2021-07-15 01:00:00,0
2021-07-15 02:00:00,0
2021-07-15 03:00:00,0
2021-07-15 04:00:00,0
2021-07-15 05:00:00,0
2021-07-15 06:00:00,0
2021-07-15 07:00:00,0
2021-07-15 08:00:00,0
2021-07-15 09:00:00,0
2021-07-15 10:00:00,0
2021-07-15 11:00:00,0
2021-07-15 12:00:00,0
2021-07-15 13:00:00,0
2021-07-15 14:00:00,0
2021-07-15 15:00:00,0
2021-07-15 16:00:00,0
2021-07-15 17:00:00,0
2021-07-15 18:00:00,0
2021-07-15 19:00:00,0
2021-07-15 20:00:00,0
2021-07-15 21:00:00,0
2021-07-15 22:00:00,0
2021-07-15 23:00:00,0
2021-07-16 00:00:00,36
2021-07-16 01:00:00,74
2021-07-16 02:00:00,37
2021-07-16 03:00:00,175
2021-07-16 04:00:00,211
2021-07-16 05:00:00,92
2021-07-16 06:00:00,304
2021-07-16 07:00:00,563
2021-07-16 08:00:00,555
2021-07-16 09:00:00,1863
2021-07-16 10:00:00,4118
2021-07-16 11:00:00,1964
2021-07-16 12:00:00,248
2021-07-16 13:00:00,2135
2021-07-16 14:00:00,2010
2021-07-16 15:00:00,1731
2021-07-16 16:00:00,2823
2021-07-16 17:00:00,2670
2021-07-16 18:00:00,1066
2021-07-16 19:00:00,1287
2021-07-16 20:00:00,16
2021-07-16 21:00:00,45
2021-07-16 22:00:00,59
2021-07-16 23:00:00,330
2021-07-17 00:00:00,21
2021-07-17 01:00:00,130
2021-07-17 02:00:00,426
2021-07-17 03:00:00,108
2021-07-17 04:00:00,95
2021-07-17 05:00:00,63
2021-07-17 06:00:00,30
2021-07-17 07:00:00,994
2021-07-17 08:00:00,0
2021-07-17 09:00:00,0
2021-07-17 10:00:00,0
2021-07-17 11:00:00,0
2021-07-17 12:00:00,0
2021-07-17 13:00:00,0
2021-07-17 14:00:00,0
2021-07-17 15:00:00,0
2021-07-17 16:00:00,0
2021-07-17 17:00:00,0
2021-07-17 18:00:00,0
2021-07-17 19:00:00,0
2021-07-17 20:00:00,0
2021-07-17 21:00:00,0
2021-07-17 22:00:00,0
2021-07-17 23:00:00,0
2021-07-18 00:00:00,0
2021-07-18 01:00:00,0
2021-07-18 02:00:00,0
2021-07-18 03:00:00,0
2021-07-18 04:00:00,0
2021-07-18 05:00:00,0
2021-07-18 06:00:00,0
2021-07-18 07:00:00,0
2021-07-18 08:00:00,0
2021-07-18 09:00:00,0
2021-07-18 10:00:00,0
2021-07-18 11:00:00,0
2021-07-18 12:00:00,0
2021-07-18 13:00:00,0
2021-07-18 14:00:00,0
2021-07-18 15:00:00,0
2021-07-18 16:00:00,0
2021-07-18 17:00:00,0
2021-07-18 18:00:00,0
2021-07-18 19:00:00,0
2021-07-18 20:00:00,0
2021-07-18 21:00:00,0
2021-07-18 22:00:00,0
2021-07-18 23:00:00,0
2021-07-19 00:00:00,0
2021-07-19 01:00:00,0
2021-07-19 02:00:00,0
2021-07-19 03:00:00,0
2021-07-19 04:00:00,0
2021-07-19 05:00:00,0
2021-07-19 06:00:00,0
2021-07-19 07:00:00,0
2021-07-19 08:00:00,604
2021-07-19 09:00:00,1431
2021-07-19 10:00:00,568
2021-07-19 11:00:00,1280
2021-07-19 12:00:00,0
2021-07-19 13:00:00,645
2021-07-19 14:00:00,2075
2021-07-19 15:00:00,2253
2021-07-19 16:00:00,1495
2021-07-19 17:00:00,389
2021-07-19 18:00:00,465
2021-07-19 19:00:00,1962
2021-07-19 20:00:00,72
2021-07-19 21:00:00,94
2021-07-19 22:00:00,70
2021-07-19 23:00:00,181
2021-07-20 00:00:00,1584
2021-07-20 01:00:00,567
2021-07-20 02:00:00,591
2021-07-20 03:00:00,392
2021-07-20 04:00:00,796
2021-07-20 05:00:00,388
2021-07-20 06:00:00,102
2021-07-20 07:00:00,1086
2021-07-20 08:00:00,1248
2021-07-20 09:00:00,1828
2021-07-20 10:00:00,1282
2021-07-20 11:00:00,1327
2021-07-20 12:00:00,0
2021-07-20 13:00:00,1234
2021-07-20 14:00:00,823
2021-07-20 15:00:00,419
2021-07-20 16:00:00,2403
2021-07-20 17:00:00,881
2021-07-20 18:00:00,2031
2021-07-20 19:00:00,3506
2021-07-20 20:00:00,80
2021-07-20 21:00:00,562
2021-07-20 22:00:00,235
2021-07-20 23:00:00,108
2021-07-21 00:00:00,286
2021-07-21 01:00:00,270
2021-07-21 02:00:00,126
2021-07-21 03:00:00,528
2021-07-21 04:00:00,158
2021-07-21 05:00:00,187
2021-07-21 06:00:00,56
2021-07-21 07:00:00,842
2021-07-21 08:00:00,933
2021-07-21 09:00:00,1013
2021-07-21 10:00:00,628
2021-07-21 11:00:00,1336
2021-07-21 12:00:00,88
2021-07-21 13:00:00,1911
2021-07-21 14:00:00,972
2021-07-21 15:00:00,4021
2021-07-21 16:00:00,865
2021-07-21 17:00:00,593
2021-07-21 18:00:00,972
2021-07-21 19:00:00,3122
2021-07-21 20:00:00,0
2021-07-21 21:00:00,273
2021-07-21 22:00:00,275
2021-07-21 23:00:00,6
2021-07-22 00:00:00,222
2021-07-22 01:00:00,150
2021-07-22 02:00:00,23
2021-07-22 03:00:00,162
2021-07-22 04:00:00,82
2021-07-22 05:00:00,0
2021-07-22 06:00:00,482
2021-07-22 07:00:00,1255
2021-07-22 08:00:00,709
2021-07-22 09:00:00,491
2021-07-22 10:00:00,679
2021-07-22 11:00:00,691
2021-07-22 12:00:00,30
2021-07-22 13:00:00,2297
2021-07-22 14:00:00,383
2021-07-22 15:00:00,727
2021-07-22 16:00:00,634
2021-07-22 17:00:00,552
2021-07-22 18:00:00,992
2021-07-22 19:00:00,4520
2021-07-22 20:00:00,368
2021-07-22 21:00:00,0
2021-07-22 22:00:00,270
2021-07-22 23:00:00,82
2021-07-23 00:00:00,200
2021-07-23 01:00:00,91
2021-07-23 02:00:00,376
2021-07-23 03:00:00,102
2021-07-23 04:00:00,162
2021-07-23 05:00:00,0
2021-07-23 06:00:00,0
2021-07-23 07:00:00,2387
2021-07-23 08:00:00,999
2021-07-23 09:00:00,1838
2021-07-23 10:00:00,1231
2021-07-23 11:00:00,1813
2021-07-23 12:00:00,0
2021-07-23 13:00:00,979
2021-07-23 14:00:00,1335
2021-07-23 15:00:00,923
2021-07-23 16:00:00,6161
2021-07-23 17:00:00,555
2021-07-23 18:00:00,1693
2021-07-23 19:00:00,2039
2021-07-23 20:00:00,113
2021-07-23 21:00:00,12
2021-07-23 22:00:00,371
2021-07-23 23:00:00,180
2021-07-24 00:00:00,0
2021-07-24 01:00:00,501
2021-07-24 02:00:00,51
2021-07-24 03:00:00,42
2021-07-24 04:00:00,262
2021-07-24 05:00:00,62
2021-07-24 06:00:00,919
2021-07-24 07:00:00,482
2021-07-24 08:00:00,0
2021-07-24 09:00:00,0
2021-07-24 10:00:00,0
2021-07-24 11:00:00,0
2021-07-24 12:00:00,0
2021-07-24 13:00:00,0
2021-07-24 14:00:00,0
2021-07-24 15:00:00,0
2021-07-24 16:00:00,0
2021-07-24 17:00:00,0
2021-07-24 18:00:00,0
2021-07-24 19:00:00,0
2021-07-24 20:00:00,0
2021-07-24 21:00:00,0
2021-07-24 22:00:00,0
2021-07-24 23:00:00,0
2021-07-25 00:00:00,0
2021-07-25 01:00:00,0
2021-07-25 02:00:00,0
2021-07-25 03:00:00,0
2021-07-25 04:00:00,0
2021-07-25 05:00:00,0
2021-07-25 06:00:00,0
2021-07-25 07:00:00,0
2021-07-25 08:00:00,0
2021-07-25 09:00:00,0
2021-07-25 10:00:00,0
2021-07-25 11:00:00,0
2021-07-25 12:00:00,0
2021-07-25 13:00:00,0
2021-07-25 14:00:00,0
2021-07-25 15:00:00,0
2021-07-25 16:00:00,0
2021-07-25 17:00:00,0
2021-07-25 18:00:00,0
2021-07-25 19:00:00,0
2021-07-25 20:00:00,0
2021-07-25 21:00:00,0
2021-07-25 22:00:00,0
2021-07-25 23:00:00,0
2021-07-26 00:00:00,0
2021-07-26 01:00:00,0
2021-07-26 02:00:00,0
2021-07-26 03:00:00,0
2021-07-26 04:00:00,0
2021-07-26 05:00:00,0
2021-07-26 06:00:00,0
2021-07-26 07:00:00,0
2021-07-26 08:00:00,805
2021-07-26 09:00:00,1283
2021-07-26 10:00:00,1149
2021-07-26 11:00:00,3069
2021-07-26 12:00:00,0
2021-07-26 13:00:00,1969
2021-07-26 14:00:00,669
2021-07-26 15:00:00,2463
2021-07-26 16:00:00,1238
2021-07-26 17:00:00,6579
2021-07-26 18:00:00,1120
2021-07-26 19:00:00,3479
2021-07-26 20:00:00,19
2021-07-26 21:00:00,0
2021-07-26 22:00:00,132
2021-07-26 23:00:00,48
2021-07-27 00:00:00,89
2021-07-27 01:00:00,63
2021-07-27 02:00:00,4
2021-07-27 03:00:00,74
2021-07-27 04:00:00,36
2021-07-27 05:00:00,2
2021-07-27 06:00:00,229
2021-07-27 07:00:00,1262
2021-07-27 08:00:00,1862
2021-07-27 09:00:00,593
2021-07-27 10:00:00,976
2021-07-27 11:00:00,857
2021-07-27 12:00:00,184
2021-07-27 13:00:00,606
2021-07-27 14:00:00,1654
2021-07-27 15:00:00,1224
2021-07-27 16:00:00,1271
2021-07-27 17:00:00,350
2021-07-27 18:00:00,5796
2021-07-27 19:00:00,3392
2021-07-27 20:00:00,2
2021-07-27 21:00:00,8
2021-07-27 22:00:00,41
2021-07-27 23:00:00,201
2021-07-28 00:00:00,1158
2021-07-28 01:00:00,83
2021-07-28 02:00:00,4
2021-07-28 03:00:00,308
2021-07-28 04:00:00,177
2021-07-28 05:00:00,56
2021-07-28 06:00:00,52
2021-07-28 07:00:00,1841
2021-07-28 08:00:00,2013
2021-07-28 09:00:00,2284
2021-07-28 10:00:00,1029
2021-07-28 11:00:00,2429
2021-07-28 12:00:00,296
2021-07-28 13:00:00,1488
2021-07-28 14:00:00,1197
2021-07-28 15:00:00,300
2021-07-28 16:00:00,2747
2021-07-28 17:00:00,682
2021-07-28 18:00:00,1952
2021-07-28 19:00:00,3635
2021-07-28 20:00:00,308
2021-07-28 21:00:00,21
2021-07-28 22:00:00,189
2021-07-28 23:00:00,36
2021-07-29 00:00:00,0
2021-07-29 01:00:00,313
2021-07-29 02:00:00,206
2021-07-29 03:00:00,49
2021-07-29 04:00:00,100
2021-07-29 05:00:00,156
2021-07-29 06:00:00,94
2021-07-29 07:00:00,925
2021-07-29 08:00:00,909
2021-07-29 09:00:00,1181
2021-07-29 10:00:00,884
2021-07-29 11:00:00,1597
2021-07-29 12:00:00,200
2021-07-29 13:00:00,1480
2021-07-29 14:00:00,3092
2021-07-29 15:00:00,2184
2021-07-29 16:00:00,2656
2021-07-29 17:00:00,735
2021-07-29 18:00:00,5687
2021-07-29 19:00:00,2616
2021-07-29 20:00:00,149
2021-07-29 21:00:00,131
2021-07-29 22:00:00,180
2021-07-29 23:00:00,174
2021-07-30 00:00:00,82
2021-07-30 01:00:00,164
2021-07-30 02:00:00,30
2021-07-30 03:00:00,498
2021-07-30 04:00:00,42
2021-07-30 05:00:00,108
2021-07-30 06:00:00,461
2021-07-30 07:00:00,1229
2021-07-30 08:00:00,1134
2021-07-30 09:00:00,2079
2021-07-30 10:00:00,439
2021-07-30 11:00:00,1084
2021-07-30 12:00:00,0
2021-07-30 13:00:00,1769
2021-07-30 14:00:00,1204
2021-07-30 15:00:00,790
2021-07-30 16:00:00,1575
2021-07-30 17:00:00,0
2021-07-30 18:00:00,0
2021-07-30 19:00:00,0
2021-07-30 20:00:00,0
2021-07-30 21:00:00,0
2021-07-30 22:00:00,0
2021-07-30 23:00:00,0
2021-07-31 00:00:00,0
2021-07-31 01:00:00,0
2021-07-31 02:00:00,0
2021-07-31 03:00:00,0
2021-07-31 04:00:00,0
2021-07-31 05:00:00,0
2021-07-31 06:00:00,0
2021-07-31 07:00:00,0
2021-07-31 08:00:00,0
2021-07-31 09:00:00,0
2021-07-31 10:00:00,0
2021-07-31 11:00:00,0
2021-07-31 12:00:00,0
2021-07-31 13:00:00,0
2021-07-31 14:00:00,0
2021-07-31 15:00:00,0
2021-07-31 16:00:00,0
2021-07-31 17:00:00,0
2021-07-31 18:00:00,0
2021-07-31 19:00:00,0
2021-07-31 20:00:00,0
2021-07-31 21:00:00,0
2021-07-31 22:00:00,0
2021-07-31 23:00:00,0
2021-08-01 00:00:00,0
2021-08-01 01:00:00,0
2021-08-01 02:00:00,0
2021-08-01 03:00:00,0
2021-08-01 04:00:00,0
2021-08-01 05:00:00,0
2021-08-01 06:00:00,0
2021-08-01 07:00:00,0
2021-08-01 08:00:00,0
2021-08-01 09:00:00,0
2021-08-01 10:00:00,0
2021-08-01 11:00:00,0
2021-08-01 12:00:00,0
2021-08-01 13:00:00,0
2021-08-01 14:00:00,0
2021-08-01 15:00:00,0
2021-08-01 16:00:00,0
2021-08-01 17:00:00,0
2021-08-01 18:00:00,0
2021-08-01 19:00:00,0
2021-08-01 20:00:00,0
2021-08-01 21:00:00,0
2021-08-01 22:00:00,0
2021-08-01 23:00:00,0
2021-08-02 00:00:00,0
2021-08-02 01:00:00,0
2021-08-02 02:00:00,0
2021-08-02 03:00:00,0
2021-08-02 04:00:00,0
2021-08-02 05:00:00,0
2021-08-02 06:00:00,0
2021-08-02 07:00:00,0
2021-08-02 08:00:00,0
2021-08-02 09:00:00,0
2021-08-02 10:00:00,0
2021-08-02 11:00:00,0
2021-08-02 12:00:00,0
2021-08-02 13:00:00,0
2021-08-02 14:00:00,0
2021-08-02 15:00:00,0
2021-08-02 16:00:00,0
2021-08-02 17:00:00,0
2021-08-02 18:00:00,0
2021-08-02 19:00:00,0
2021-08-02 20:00:00,0
2021-08-02 21:00:00,0
2021-08-02 22:00:00,0
2021-08-02 23:00:00,0
2021-08-03 00:00:00,0
2021-08-03 01:00:00,0
2021-08-03 02:00:00,0
2021-08-03 03:00:00,0
2021-08-03 04:00:00,0
2021-08-03 05:00:00,0
2021-08-03 06:00:00,0
2021-08-03 07:00:00,0
2021-08-03 08:00:00,0
2021-08-03 09:00:00,0
2021-08-03 10:00:00,0
2021-08-03 11:00:00,0
2021-08-03 12:00:00,0
2021-08-03 13:00:00,0
2021-08-03 14:00:00,0
2021-08-03 15:00:00,0
2021-08-03 16:00:00,0
2021-08-03 17:00:00,0
2021-08-03 18:00:00,0
2021-08-03 19:00:00,0
2021-08-03 20:00:00,0
2021-08-03 21:00:00,0
2021-08-03 22:00:00,0
2021-08-03 23:00:00,0
2021-08-04 00:00:00,0
2021-08-04 01:00:00,0
2021-08-04 02:00:00,0
2021-08-04 03:00:00,0
2021-08-04 04:00:00,0
2021-08-04 05:00:00,0
2021-08-04 06:00:00,0
2021-08-04 07:00:00,0
2021-08-04 08:00:00,0
2021-08-04 09:00:00,0
2021-08-04 10:00:00,0
2021-08-04 11:00:00,0
2021-08-04 12:00:00,0
2021-08-04 13:00:00,0
2021-08-04 14:00:00,0
2021-08-04 15:00:00,0
2021-08-04 16:00:00,0
2021-08-04 17:00:00,0
2021-08-04 18:00:00,0
2021-08-04 19:00:00,0
2021-08-04 20:00:00,0
2021-08-04 21:00:00,0
2021-08-04 22:00:00,0
2021-08-04 23:00:00,0
2021-08-05 00:00:00,0
2021-08-05 01:00:00,0
2021-08-05 02:00:00,0
2021-08-05 03:00:00,0
2021-08-05 04:00:00,0
2021-08-05 05:00:00,0
2021-08-05 06:00:00,0
2021-08-05 07:00:00,0
2021-08-05 08:00:00,0
2021-08-05 09:00:00,0
2021-08-05 10:00:00,0
2021-08-05 11:00:00,0
2021-08-05 12:00:00,0
2021-08-05 13:00:00,0
2021-08-05 14:00:00,0
2021-08-05 15:00:00,0
2021-08-05 16:00:00,0
2021-08-05 17:00:00,0
2021-08-05 18:00:00,0
2021-08-05 19:00:00,0
2021-08-05 20:00:00,0
2021-08-05 21:00:00,0
2021-08-05 22:00:00,0
2021-08-05 23:00:00,0
2021-08-06 00:00:00,0
2021-08-06 01:00:00,0
2021-08-06 02:00:00,0
2021-08-06 03:00:00,0
2021-08-06 04:00:00,0
2021-08-06 05:00:00,0
2021-08-06 06:00:00,0
2021-08-06 07:00:00,0
2021-08-06 08:00:00,0
2021-08-06 09:00:00,0
2021-08-06 10:00:00,0
2021-08-06 11:00:00,0
2021-08-06 12:00:00,0
2021-08-06 13:00:00,0
2021-08-06 14:00:00,0
2021-08-06 15:00:00,0
2021-08-06 16:00:00,0
2021-08-06 17:00:00,0
2021-08-06 18:00:00,0
2021-08-06 19:00:00,0
2021-08-06 20:00:00,0
2021-08-06 21:00:00,0
2021-08-06 22:00:00,0
2021-08-06 23:00:00,0
2021-08-07 00:00:00,0
2021-08-07 01:00:00,0
2021-08-07 02:00:00,0
2021-08-07 03:00:00,0
2021-08-07 04:00:00,0
2021-08-07 05:00:00,0
2021-08-07 06:00:00,0
2021-08-07 07:00:00,0
2021-08-07 08:00:00,0
2021-08-07 09:00:00,0
2021-08-07 10:00:00,0
2021-08-07 11:00:00,0
2021-08-07 12:00:00,0
2021-08-07 13:00:00,0
2021-08-07 14:00:00,0
2021-08-07 15:00:00,0
2021-08-07 16:00:00,0
2021-08-07 17:00:00,0
2021-08-07 18:00:00,0
2021-08-07 19:00:00,0
2021-08-07 20:00:00,0
2021-08-07 21:00:00,0
2021-08-07 22:00:00,0
2021-08-07 23:00:00,0
2021-08-08 00:00:00,0
2021-08-08 01:00:00,0
2021-08-08 02:00:00,0
2021-08-08 03:00:00,0
2021-08-08 04:00:00,0
2021-08-08 05:00:00,0
2021-08-08 06:00:00,0
2021-08-08 07:00:00,0
2021-08-08 08:00:00,0
2021-08-08 09:00:00,0
2021-08-08 10:00:00,0
2021-08-08 11:00:00,0
2021-08-08 12:00:00,0
2021-08-08 13:00:00,0
2021-08-08 14:00:00,0
2021-08-08 15:00:00,0
2021-08-08 16:00:00,0
2021-08-08 17:00:00,0
2021-08-08 18:00:00,0
2021-08-08 19:00:00,0
2021-08-08 20:00:00,0
2021-08-08 21:00:00,0
2021-08-08 22:00:00,0
2021-08-08 23:00:00,0
2021-08-09 00:00:00,0
2021-08-09 01:00:00,0
2021-08-09 02:00:00,0
2021-08-09 03:00:00,0
2021-08-09 04:00:00,0
2021-08-09 05:00:00,0
2021-08-09 06:00:00,0
2021-08-09 07:00:00,10
2021-08-09 08:00:00,749
2021-08-09 09:00:00,773
2021-08-09 10:00:00,408
2021-08-09 11:00:00,1431
2021-08-09 12:00:00,120
2021-08-09 13:00:00,7569
2021-08-09 14:00:00,3753
2021-08-09 15:00:00,1087
2021-08-09 16:00:00,1416
2021-08-09 17:00:00,3120
2021-08-09 18:00:00,0
2021-08-09 19:00:00,0
2021-08-09 20:00:00,36
2021-08-09 21:00:00,114
2021-08-09 22:00:00,63
2021-08-09 23:00:00,40
2021-08-10 00:00:00,0
2021-08-10 01:00:00,30
2021-08-10 02:00:00,435
2021-08-10 03:00:00,18
2021-08-10 04:00:00,88
2021-08-10 05:00:00,10
2021-08-10 06:00:00,194
2021-08-10 07:00:00,1883
2021-08-10 08:00:00,503
2021-08-10 09:00:00,1091
2021-08-10 10:00:00,1629
2021-08-10 11:00:00,1421
2021-08-10 12:00:00,0
2021-08-10 13:00:00,1199
2021-08-10 14:00:00,1693
2021-08-10 15:00:00,687
2021-08-10 16:00:00,662
2021-08-10 17:00:00,518
2021-08-10 18:00:00,3333
2021-08-10 19:00:00,1764
2021-08-10 20:00:00,113
2021-08-10 21:00:00,149
2021-08-10 22:00:00,5
2021-08-10 23:00:00,0
2021-08-11 00:00:00,0
2021-08-11 01:00:00,54
2021-08-11 02:00:00,55
2021-08-11 03:00:00,6
2021-08-11 04:00:00,78
2021-08-11 05:00:00,900
2021-08-11 06:00:00,69
2021-08-11 07:00:00,527
2021-08-11 08:00:00,783
2021-08-11 09:00:00,885
2021-08-11 10:00:00,4050
2021-08-11 11:00:00,1856
2021-08-11 12:00:00,187
2021-08-11 13:00:00,500
2021-08-11 14:00:00,979
2021-08-11 15:00:00,1734
2021-08-11 16:00:00,330
2021-08-11 17:00:00,251
2021-08-11 18:00:00,2420
2021-08-11 19:00:00,3724
2021-08-11 20:00:00,6
2021-08-11 21:00:00,69
2021-08-11 22:00:00,98
2021-08-11 23:00:00,26
2021-08-12 00:00:00,0
2021-08-12 01:00:00,139
2021-08-12 02:00:00,108
2021-08-12 03:00:00,191
2021-08-12 04:00:00,108
2021-08-12 05:00:00,459
2021-08-12 06:00:00,300
2021-08-12 07:00:00,702
2021-08-12 08:00:00,1250
2021-08-12 09:00:00,1195
2021-08-12 10:00:00,990
2021-08-12 11:00:00,1075
2021-08-12 12:00:00,85
2021-08-12 13:00:00,1315
2021-08-12 14:00:00,1222
2021-08-12 15:00:00,768
2021-08-12 16:00:00,6810
2021-08-12 17:00:00,635
2021-08-12 18:00:00,1081
2021-08-12 19:00:00,3692
2021-08-12 20:00:00,114
2021-08-12 21:00:00,0
2021-08-12 22:00:00,0
2021-08-12 23:00:00,100
2021-08-13 00:00:00,137
2021-08-13 01:00:00,45
2021-08-13 02:00:00,100
2021-08-13 03:00:00,190
2021-08-13 04:00:00,97
2021-08-13 05:00:00,0
2021-08-13 06:00:00,831
2021-08-13 07:00:00,352
2021-08-13 08:00:00,1107
2021-08-13 09:00:00,1246
2021-08-13 10:00:00,1023
2021-08-13 11:00:00,1809
2021-08-13 12:00:00,30
2021-08-13 13:00:00,1393
2021-08-13 14:00:00,1512
2021-08-13 15:00:00,1316
2021-08-13 16:00:00,1055
2021-08-13 17:00:00,770
2021-08-13 18:00:00,1523
2021-08-13 19:00:00,2206
2021-08-13 20:00:00,0
2021-08-13 21:00:00,55
2021-08-13 22:00:00,832
2021-08-13 23:00:00,39
2021-08-14 00:00:00,0
2021-08-14 01:00:00,237
2021-08-14 02:00:00,61
2021-08-14 03:00:00,61
2021-08-14 04:00:00,40
2021-08-14 05:00:00,198
2021-08-14 06:00:00,136
2021-08-14 07:00:00,796
2021-08-14 08:00:00,0
2021-08-14 09:00:00,0
2021-08-14 10:00:00,0
2021-08-14 11:00:00,0
2021-08-14 12:00:00,0
2021-08-14 13:00:00,0
2021-08-14 14:00:00,0
2021-08-14 15:00:00,0
2021-08-14 16:00:00,0
2021-08-14 17:00:00,0
2021-08-14 18:00:00,0
2021-08-14 19:00:00,0
2021-08-14 20:00:00,0
2021-08-14 21:00:00,0
2021-08-14 22:00:00,0
2021-08-14 23:00:00,0
2021-08-15 00:00:00,0
2021-08-15 01:00:00,0
2021-08-15 02:00:00,0
2021-08-15 03:00:00,0
2021-08-15 04:00:00,0
2021-08-15 05:00:00,0
2021-08-15 06:00:00,0
2021-08-15 07:00:00,0
2021-08-15 08:00:00,0
2021-08-15 09:00:00,0
2021-08-15 10:00:00,0
2021-08-15 11:00:00,0
2021-08-15 12:00:00,0
2021-08-15 13:00:00,0
2021-08-15 14:00:00,0
2021-08-15 15:00:00,0
2021-08-15 16:00:00,0
2021-08-15 17:00:00,0
2021-08-15 18:00:00,0
2021-08-15 19:00:00,0
2021-08-15 20:00:00,0
2021-08-15 21:00:00,0
2021-08-15 22:00:00,0
2021-08-15 23:00:00,0
2021-08-16 00:00:00,0
2021-08-16 01:00:00,0
2021-08-16 02:00:00,0
2021-08-16 03:00:00,0
2021-08-16 04:00:00,0
2021-08-16 05:00:00,0
2021-08-16 06:00:00,0
2021-08-16 07:00:00,27
2021-08-16 08:00:00,566
2021-08-16 09:00:00,642
2021-08-16 10:00:00,1720
2021-08-16 11:00:00,1472
2021-08-16 12:00:00,0
2021-08-16 13:00:00,1404
2021-08-16 14:00:00,1828
2021-08-16 15:00:00,547
2021-08-16 16:00:00,1490
2021-08-16 17:00:00,0
2021-08-16 18:00:00,22
2021-08-16 19:00:00,31
2021-08-16 20:00:00,130
2021-08-16 21:00:00,138
2021-08-16 22:00:00,35
2021-08-16 23:00:00,186
2021-08-17 00:00:00,141
2021-08-17 01:00:00,267
2021-08-17 02:00:00,238
2021-08-17 03:00:00,127
2021-08-17 04:00:00,36
2021-08-17 05:00:00,86
2021-08-17 06:00:00,290
2021-08-17 07:00:00,1761
2021-08-17 08:00:00,930
2021-08-17 09:00:00,1618
2021-08-17 10:00:00,1182
2021-08-17 11:00:00,1144
2021-08-17 12:00:00,0
2021-08-17 13:00:00,2870
2021-08-17 14:00:00,1412
2021-08-17 15:00:00,7913
2021-08-17 16:00:00,3108
2021-08-17 17:00:00,540
2021-08-17 18:00:00,1575
2021-08-17 19:00:00,3586
2021-08-17 20:00:00,116
2021-08-17 21:00:00,154
2021-08-17 22:00:00,58
2021-08-17 23:00:00,127
2021-08-18 00:00:00,4
2021-08-18 01:00:00,270
2021-08-18 02:00:00,344
2021-08-18 03:00:00,247
2021-08-18 04:00:00,455
2021-08-18 05:00:00,105
2021-08-18 06:00:00,127
2021-08-18 07:00:00,1144
2021-08-18 08:00:00,1358
2021-08-18 09:00:00,835
2021-08-18 10:00:00,1429
2021-08-18 11:00:00,2090
2021-08-18 12:00:00,1015
2021-08-18 13:00:00,565
2021-08-18 14:00:00,1872
2021-08-18 15:00:00,1482
2021-08-18 16:00:00,1933
2021-08-18 17:00:00,558
2021-08-18 18:00:00,1633
2021-08-18 19:00:00,2203
2021-08-18 20:00:00,100
2021-08-18 21:00:00,56
2021-08-18 22:00:00,102
2021-08-18 23:00:00,136
2021-08-19 00:00:00,53
2021-08-19 01:00:00,85
2021-08-19 02:00:00,173
2021-08-19 03:00:00,60
2021-08-19 04:00:00,114
2021-08-19 05:00:00,399
2021-08-19 06:00:00,459
2021-08-19 07:00:00,745
2021-08-19 08:00:00,670
2021-08-19 09:00:00,942
2021-08-19 10:00:00,1599
2021-08-19 11:00:00,2542
2021-08-19 12:00:00,380
2021-08-19 13:00:00,2129
2021-08-19 14:00:00,2843
2021-08-19 15:00:00,349
2021-08-19 16:00:00,3020
2021-08-19 17:00:00,510
2021-08-19 18:00:00,3195
2021-08-19 19:00:00,5336
2021-08-19 20:00:00,8
2021-08-19 21:00:00,132
2021-08-19 22:00:00,28
2021-08-19 23:00:00,205
2021-08-20 00:00:00,338
2021-08-20 01:00:00,47
2021-08-20 02:00:00,40
2021-08-20 03:00:00,537
2021-08-20 04:00:00,216
2021-08-20 05:00:00,304
2021-08-20 06:00:00,14
2021-08-20 07:00:00,793
2021-08-20 08:00:00,650
2021-08-20 09:00:00,881
2021-08-20 10:00:00,1450
2021-08-20 11:00:00,3707
2021-08-20 12:00:00,5245
2021-08-20 13:00:00,1382
2021-08-20 14:00:00,3002
2021-08-20 15:00:00,1383
2021-08-20 16:00:00,1774
2021-08-20 17:00:00,282
2021-08-20 18:00:00,909
2021-08-20 19:00:00,1199
2021-08-20 20:00:00,465
2021-08-20 21:00:00,100
2021-08-20 22:00:00,64
2021-08-20 23:00:00,431
2021-08-21 00:00:00,524
2021-08-21 01:00:00,106
2021-08-21 02:00:00,38
2021-08-21 03:00:00,1064
2021-08-21 04:00:00,156
2021-08-21 05:00:00,30
2021-08-21 06:00:00,522
2021-08-21 07:00:00,1354
2021-08-21 08:00:00,0
2021-08-21 09:00:00,0
2021-08-21 10:00:00,0
2021-08-21 11:00:00,0
2021-08-21 12:00:00,0
2021-08-21 13:00:00,0
2021-08-21 14:00:00,0
2021-08-21 15:00:00,0
2021-08-21 16:00:00,0
2021-08-21 17:00:00,0
2021-08-21 18:00:00,0
2021-08-21 19:00:00,0
2021-08-21 20:00:00,0
2021-08-21 21:00:00,0
2021-08-21 22:00:00,0
2021-08-21 23:00:00,0
2021-08-22 00:00:00,0
2021-08-22 01:00:00,0
2021-08-22 02:00:00,0
2021-08-22 03:00:00,0
2021-08-22 04:00:00,0
2021-08-22 05:00:00,0
2021-08-22 06:00:00,0
2021-08-22 07:00:00,0
2021-08-22 08:00:00,0
2021-08-22 09:00:00,0
2021-08-22 10:00:00,0
2021-08-22 11:00:00,0
2021-08-22 12:00:00,0
2021-08-22 13:00:00,0
2021-08-22 14:00:00,0
2021-08-22 15:00:00,0
2021-08-22 16:00:00,0
2021-08-22 17:00:00,0
2021-08-22 18:00:00,0
2021-08-22 19:00:00,0
2021-08-22 20:00:00,0
2021-08-22 21:00:00,0
2021-08-22 22:00:00,0
2021-08-22 23:00:00,0
2021-08-23 00:00:00,0
2021-08-23 01:00:00,0
2021-08-23 02:00:00,0
2021-08-23 03:00:00,0
2021-08-23 04:00:00,0
2021-08-23 05:00:00,0
2021-08-23 06:00:00,0
2021-08-23 07:00:00,0
2021-08-23 08:00:00,759
2021-08-23 09:00:00,1105
2021-08-23 10:00:00,884
2021-08-23 11:00:00,1300
2021-08-23 12:00:00,333
2021-08-23 13:00:00,1758
2021-08-23 14:00:00,4563
2021-08-23 15:00:00,674
2021-08-23 16:00:00,2742
2021-08-23 17:00:00,362
2021-08-23 18:00:00,651
2021-08-23 19:00:00,1052
2021-08-23 20:00:00,8
2021-08-23 21:00:00,222
2021-08-23 22:00:00,14
2021-08-23 23:00:00,153
2021-08-24 00:00:00,0
2021-08-24 01:00:00,109
2021-08-24 02:00:00,127
2021-08-24 03:00:00,12
2021-08-24 04:00:00,4
2021-08-24 05:00:00,38
2021-08-24 06:00:00,86
2021-08-24 07:00:00,583
2021-08-24 08:00:00,2623
2021-08-24 09:00:00,516
2021-08-24 10:00:00,1007
2021-08-24 11:00:00,901
2021-08-24 12:00:00,164
2021-08-24 13:00:00,2240
2021-08-24 14:00:00,510
2021-08-24 15:00:00,1537
2021-08-24 16:00:00,2281
2021-08-24 17:00:00,797
2021-08-24 18:00:00,1411
2021-08-24 19:00:00,1762
2021-08-24 20:00:00,0
2021-08-24 21:00:00,135
2021-08-24 22:00:00,14
2021-08-24 23:00:00,98
2021-08-25 00:00:00,0
2021-08-25 01:00:00,56
2021-08-25 02:00:00,227
2021-08-25 03:00:00,28
2021-08-25 04:00:00,63
2021-08-25 05:00:00,46
2021-08-25 06:00:00,323
2021-08-25 07:00:00,506
2021-08-25 08:00:00,470
2021-08-25 09:00:00,2173
2021-08-25 10:00:00,1134
2021-08-25 11:00:00,1409
2021-08-25 12:00:00,162
2021-08-25 13:00:00,1825
2021-08-25 14:00:00,2166
2021-08-25 15:00:00,1786
2021-08-25 16:00:00,1158
2021-08-25 17:00:00,5718
2021-08-25 18:00:00,1184
2021-08-25 19:00:00,1345
2021-08-25 20:00:00,67
2021-08-25 21:00:00,112
2021-08-25 22:00:00,102
2021-08-25 23:00:00,16
2021-08-26 00:00:00,415
2021-08-26 01:00:00,24
2021-08-26 02:00:00,277
2021-08-26 03:00:00,30
2021-08-26 04:00:00,96
2021-08-26 05:00:00,139
2021-08-26 06:00:00,393
2021-08-26 07:00:00,1981
2021-08-26 08:00:00,592
2021-08-26 09:00:00,1269
2021-08-26 10:00:00,286
2021-08-26 11:00:00,1425
2021-08-26 12:00:00,37
2021-08-26 13:00:00,1792
2021-08-26 14:00:00,746
2021-08-26 15:00:00,2034
2021-08-26 16:00:00,645
2021-08-26 17:00:00,301
2021-08-26 18:00:00,2864
2021-08-26 19:00:00,4012
2021-08-26 20:00:00,203
2021-08-26 21:00:00,10
2021-08-26 22:00:00,123
2021-08-26 23:00:00,370
2021-08-27 00:00:00,0
2021-08-27 01:00:00,43
2021-08-27 02:00:00,1024
2021-08-27 03:00:00,334
2021-08-27 04:00:00,293
2021-08-27 05:00:00,73
2021-08-27 06:00:00,189
2021-08-27 07:00:00,698
2021-08-27 08:00:00,263
2021-08-27 09:00:00,1321
2021-08-27 10:00:00,1056
2021-08-27 11:00:00,2214
2021-08-27 12:00:00,326
2021-08-27 13:00:00,1925
2021-08-27 14:00:00,3481
2021-08-27 15:00:00,4309
2021-08-27 16:00:00,3764
2021-08-27 17:00:00,1054
2021-08-27 18:00:00,672
2021-08-27 19:00:00,1643
2021-08-27 20:00:00,518
2021-08-27 21:00:00,238
2021-08-27 22:00:00,61
2021-08-27 23:00:00,270
2021-08-28 00:00:00,174
2021-08-28 01:00:00,160
2021-08-28 02:00:00,68
2021-08-28 03:00:00,54
2021-08-28 04:00:00,440
2021-08-28 05:00:00,29
2021-08-28 06:00:00,332
2021-08-28 07:00:00,542
2021-08-28 08:00:00,0
2021-08-28 09:00:00,0
2021-08-28 10:00:00,0
2021-08-28 11:00:00,0
2021-08-28 12:00:00,0
2021-08-28 13:00:00,0
2021-08-28 14:00:00,0
2021-08-28 15:00:00,0
2021-08-28 16:00:00,0
2021-08-28 17:00:00,0
2021-08-28 18:00:00,0
2021-08-28 19:00:00,0
2021-08-28 20:00:00,0
2021-08-28 21:00:00,0
2021-08-28 22:00:00,0
2021-08-28 23:00:00,0
2021-08-29 00:00:00,0
2021-08-29 01:00:00,0
2021-08-29 02:00:00,0
2021-08-29 03:00:00,0
2021-08-29 04:00:00,0
2021-08-29 05:00:00,0
2021-08-29 06:00:00,0
2021-08-29 07:00:00,0
2021-08-29 08:00:00,0
2021-08-29 09:00:00,0
2021-08-29 10:00:00,0
2021-08-29 11:00:00,0
2021-08-29 12:00:00,0
2021-08-29 13:00:00,0
2021-08-29 14:00:00,0
2021-08-29 15:00:00,0
2021-08-29 16:00:00,0
2021-08-29 17:00:00,0
2021-08-29 18:00:00,0
2021-08-29 19:00:00,0
2021-08-29 20:00:00,0
2021-08-29 21:00:00,0
2021-08-29 22:00:00,0
2021-08-29 23:00:00,0
2021-08-30 00:00:00,0
2021-08-30 01:00:00,0
2021-08-30 02:00:00,0
2021-08-30 03:00:00,0
2021-08-30 04:00:00,0
2021-08-30 05:00:00,0
2021-08-30 06:00:00,0
2021-08-30 07:00:00,0
2021-08-30 08:00:00,879
2021-08-30 09:00:00,1343
2021-08-30 10:00:00,844
2021-08-30 11:00:00,766
2021-08-30 12:00:00,448
2021-08-30 13:00:00,383
2021-08-30 14:00:00,1151
2021-08-30 15:00:00,1585
2021-08-30 16:00:00,1095
2021-08-30 17:00:00,140
2021-08-30 18:00:00,579
2021-08-30 19:00:00,827
2021-08-30 20:00:00,13
2021-08-30 21:00:00,54
2021-08-30 22:00:00,461
2021-08-30 23:00:00,151
2021-08-31 00:00:00,204
2021-08-31 01:00:00,353
2021-08-31 02:00:00,306
2021-08-31 03:00:00,378
2021-08-31 04:00:00,248
2021-08-31 05:00:00,200
2021-08-31 06:00:00,266
2021-08-31 07:00:00,919
2021-08-31 08:00:00,653
2021-08-31 09:00:00,942
2021-08-31 10:00:00,1026
2021-08-31 11:00:00,1255
2021-08-31 12:00:00,194
2021-08-31 13:00:00,710
2021-08-31 14:00:00,1198
2021-08-31 15:00:00,1803
2021-08-31 16:00:00,2164
2021-08-31 17:00:00,350
2021-08-31 18:00:00,1029
2021-08-31 19:00:00,1381
2021-08-31 20:00:00,179
2021-08-31 21:00:00,133
2021-08-31 22:00:00,366
2021-08-31 23:00:00,186
2021-09-01 00:00:00,178
2021-09-01 01:00:00,1160
2021-09-01 02:00:00,414
2021-09-01 03:00:00,507
2021-09-01 04:00:00,154
2021-09-01 05:00:00,248
2021-09-01 06:00:00,88
2021-09-01 07:00:00,1747
2021-09-01 08:00:00,829
2021-09-01 09:00:00,1338
2021-09-01 10:00:00,806
2021-09-01 11:00:00,1677
2021-09-01 12:00:00,36
2021-09-01 13:00:00,1498
2021-09-01 14:00:00,2107
2021-09-01 15:00:00,1155
2021-09-01 16:00:00,1460
2021-09-01 17:00:00,437
2021-09-01 18:00:00,1288
2021-09-01 19:00:00,1332
2021-09-01 20:00:00,379
2021-09-01 21:00:00,386
2021-09-01 22:00:00,120
2021-09-01 23:00:00,294
2021-09-02 00:00:00,190
2021-09-02 01:00:00,216
2021-09-02 02:00:00,367
2021-09-02 03:00:00,64
2021-09-02 04:00:00,310
2021-09-02 05:00:00,320
2021-09-02 06:00:00,654
2021-09-02 07:00:00,598
2021-09-02 08:00:00,811
2021-09-02 09:00:00,990
2021-09-02 10:00:00,770
2021-09-02 11:00:00,661
2021-09-02 12:00:00,73
2021-09-02 13:00:00,1379
2021-09-02 14:00:00,1151
2021-09-02 15:00:00,929
2021-09-02 16:00:00,1385
2021-09-02 17:00:00,1297
2021-09-02 18:00:00,4490
2021-09-02 19:00:00,1893
2021-09-02 20:00:00,82
2021-09-02 21:00:00,446
2021-09-02 22:00:00,145
2021-09-02 23:00:00,130
2021-09-03 00:00:00,26
2021-09-03 01:00:00,188
2021-09-03 02:00:00,402
2021-09-03 03:00:00,512
2021-09-03 04:00:00,290
2021-09-03 05:00:00,122
2021-09-03 06:00:00,280
2021-09-03 07:00:00,800
2021-09-03 08:00:00,706
2021-09-03 09:00:00,1005
2021-09-03 10:00:00,517
2021-09-03 11:00:00,337
2021-09-03 12:00:00,372
2021-09-03 13:00:00,1240
2021-09-03 14:00:00,280
2021-09-03 15:00:00,2229
2021-09-03 16:00:00,348
2021-09-03 17:00:00,51
2021-09-03 18:00:00,473
2021-09-03 19:00:00,1928
2021-09-03 20:00:00,75
2021-09-03 21:00:00,42
2021-09-03 22:00:00,505
2021-09-03 23:00:00,117
2021-09-04 00:00:00,156
2021-09-04 01:00:00,740
2021-09-04 02:00:00,287
2021-09-04 03:00:00,509
2021-09-04 04:00:00,183
2021-09-04 05:00:00,745
2021-09-04 06:00:00,118
2021-09-04 07:00:00,693
2021-09-04 08:00:00,0
2021-09-04 09:00:00,0
2021-09-04 10:00:00,0
2021-09-04 11:00:00,0
2021-09-04 12:00:00,0
2021-09-04 13:00:00,0
2021-09-04 14:00:00,0
2021-09-04 15:00:00,0
2021-09-04 16:00:00,0
2021-09-04 17:00:00,0
2021-09-04 18:00:00,0
2021-09-04 19:00:00,0
2021-09-04 20:00:00,0
2021-09-04 21:00:00,0
2021-09-04 22:00:00,0
2021-09-04 23:00:00,0
2021-09-05 00:00:00,0
2021-09-05 01:00:00,0
2021-09-05 02:00:00,0
2021-09-05 03:00:00,0
2021-09-05 04:00:00,0
2021-09-05 05:00:00,0
2021-09-05 06:00:00,0
2021-09-05 07:00:00,0
2021-09-05 08:00:00,0
2021-09-05 09:00:00,0
2021-09-05 10:00:00,0
2021-09-05 11:00:00,0
2021-09-05 12:00:00,0
2021-09-05 13:00:00,0
2021-09-05 14:00:00,0
2021-09-05 15:00:00,0
2021-09-05 16:00:00,0
2021-09-05 17:00:00,0
2021-09-05 18:00:00,0
2021-09-05 19:00:00,0
2021-09-05 20:00:00,0
2021-09-05 21:00:00,0
2021-09-05 22:00:00,0
2021-09-05 23:00:00,0
2021-09-06 00:00:00,0
2021-09-06 01:00:00,0
2021-09-06 02:00:00,0
2021-09-06 03:00:00,0
2021-09-06 04:00:00,0
2021-09-06 05:00:00,0
2021-09-06 06:00:00,0
2021-09-06 07:00:00,0
2021-09-06 08:00:00,158
2021-09-06 09:00:00,976
2021-09-06 10:00:00,615
2021-09-06 11:00:00,2362
2021-09-06 12:00:00,800
2021-09-06 13:00:00,1112
2021-09-06 14:00:00,3967
2021-09-06 15:00:00,1044
2021-09-06 16:00:00,2139
2021-09-06 17:00:00,499
2021-09-06 18:00:00,963
2021-09-06 19:00:00,1591
2021-09-06 20:00:00,120
2021-09-06 21:00:00,26
2021-09-06 22:00:00,39
2021-09-06 23:00:00,217
2021-09-07 00:00:00,0
2021-09-07 01:00:00,54
2021-09-07 02:00:00,258
2021-09-07 03:00:00,304
2021-09-07 04:00:00,0
2021-09-07 05:00:00,150
2021-09-07 06:00:00,205
2021-09-07 07:00:00,548
2021-09-07 08:00:00,1236
2021-09-07 09:00:00,1727
2021-09-07 10:00:00,1118
2021-09-07 11:00:00,1540
2021-09-07 12:00:00,1184
2021-09-07 13:00:00,1548
2021-09-07 14:00:00,1395
2021-09-07 15:00:00,751
2021-09-07 16:00:00,1375
2021-09-07 17:00:00,606
2021-09-07 18:00:00,685
2021-09-07 19:00:00,1376
2021-09-07 20:00:00,201
2021-09-07 21:00:00,78
2021-09-07 22:00:00,12
2021-09-07 23:00:00,73
2021-09-08 00:00:00,0
2021-09-08 01:00:00,687
2021-09-08 02:00:00,109
2021-09-08 03:00:00,177
2021-09-08 04:00:00,110
2021-09-08 05:00:00,120
2021-09-08 06:00:00,233
2021-09-08 07:00:00,2206
2021-09-08 08:00:00,476
2021-09-08 09:00:00,1154
2021-09-08 10:00:00,1369
2021-09-08 11:00:00,857
2021-09-08 12:00:00,3
2021-09-08 13:00:00,1160
2021-09-08 14:00:00,6214
2021-09-08 15:00:00,1042
2021-09-08 16:00:00,513
2021-09-08 17:00:00,616
2021-09-08 18:00:00,737
2021-09-08 19:00:00,2621
2021-09-08 20:00:00,175
2021-09-08 21:00:00,17
2021-09-08 22:00:00,144
2021-09-08 23:00:00,91
2021-09-09 00:00:00,0
2021-09-09 01:00:00,222
2021-09-09 02:00:00,72
2021-09-09 03:00:00,2
2021-09-09 04:00:00,69
2021-09-09 05:00:00,26
2021-09-09 06:00:00,346
2021-09-09 07:00:00,2056
2021-09-09 08:00:00,434
2021-09-09 09:00:00,1125
2021-09-09 10:00:00,1248
2021-09-09 11:00:00,688
2021-09-09 12:00:00,194
2021-09-09 13:00:00,1542
2021-09-09 14:00:00,2666
2021-09-09 15:00:00,888
2021-09-09 16:00:00,950
2021-09-09 17:00:00,494
2021-09-09 18:00:00,1136
2021-09-09 19:00:00,2702
2021-09-09 20:00:00,2
2021-09-09 21:00:00,84
2021-09-09 22:00:00,30
2021-09-09 23:00:00,186
2021-09-10 00:00:00,0
2021-09-10 01:00:00,270
2021-09-10 02:00:00,143
2021-09-10 03:00:00,144
2021-09-10 04:00:00,125
2021-09-10 05:00:00,13
2021-09-10 06:00:00,54
2021-09-10 07:00:00,1777
2021-09-10 08:00:00,196
2021-09-10 09:00:00,1038
2021-09-10 10:00:00,1409
2021-09-10 11:00:00,1647
2021-09-10 12:00:00,480
2021-09-10 13:00:00,838
2021-09-10 14:00:00,968
2021-09-10 15:00:00,1214
2021-09-10 16:00:00,5858
2021-09-10 17:00:00,261
2021-09-10 18:00:00,774
2021-09-10 19:00:00,1387
2021-09-10 20:00:00,3
2021-09-10 21:00:00,9
2021-09-10 22:00:00,157
2021-09-10 23:00:00,24
2021-09-11 00:00:00,0
2021-09-11 01:00:00,4
2021-09-11 02:00:00,155
2021-09-11 03:00:00,0
2021-09-11 04:00:00,144
2021-09-11 05:00:00,48
2021-09-11 06:00:00,104
2021-09-11 07:00:00,1718
2021-09-11 08:00:00,0
2021-09-11 09:00:00,0
2021-09-11 10:00:00,0
2021-09-11 11:00:00,0
2021-09-11 12:00:00,0
2021-09-11 13:00:00,0
2021-09-11 14:00:00,0
2021-09-11 15:00:00,0
2021-09-11 16:00:00,0
2021-09-11 17:00:00,0
2021-09-11 18:00:00,0
2021-09-11 19:00:00,0
2021-09-11 20:00:00,0
2021-09-11 21:00:00,0
2021-09-11 22:00:00,0
2021-09-11 23:00:00,0
2021-09-12 00:00:00,0
2021-09-12 01:00:00,0
2021-09-12 02:00:00,0
2021-09-12 03:00:00,0
2021-09-12 04:00:00,0
2021-09-12 05:00:00,0
2021-09-12 06:00:00,0
2021-09-12 07:00:00,0
2021-09-12 08:00:00,0
2021-09-12 09:00:00,0
2021-09-12 10:00:00,0
2021-09-12 11:00:00,0
2021-09-12 12:00:00,0
2021-09-12 13:00:00,0
2021-09-12 14:00:00,0
2021-09-12 15:00:00,0
2021-09-12 16:00:00,0
2021-09-12 17:00:00,0
2021-09-12 18:00:00,0
2021-09-12 19:00:00,0
2021-09-12 20:00:00,0
2021-09-12 21:00:00,0
2021-09-12 22:00:00,0
2021-09-12 23:00:00,0
2021-09-13 00:00:00,0
2021-09-13 01:00:00,0
2021-09-13 02:00:00,0
2021-09-13 03:00:00,0
2021-09-13 04:00:00,0
2021-09-13 05:00:00,0
2021-09-13 06:00:00,0
2021-09-13 07:00:00,196
2021-09-13 08:00:00,630
2021-09-13 09:00:00,1043
2021-09-13 10:00:00,1924
2021-09-13 11:00:00,946
2021-09-13 12:00:00,20
2021-09-13 13:00:00,1996
2021-09-13 14:00:00,1018
2021-09-13 15:00:00,1138
2021-09-13 16:00:00,982
2021-09-13 17:00:00,435
2021-09-13 18:00:00,584
2021-09-13 19:00:00,2820
2021-09-13 20:00:00,14
2021-09-13 21:00:00,72
2021-09-13 22:00:00,11
2021-09-13 23:00:00,345
2021-09-14 00:00:00,128
2021-09-14 01:00:00,45
2021-09-14 02:00:00,479
2021-09-14 03:00:00,93
2021-09-14 04:00:00,255
2021-09-14 05:00:00,76
2021-09-14 06:00:00,1228
2021-09-14 07:00:00,1110
2021-09-14 08:00:00,432
2021-09-14 09:00:00,1672
2021-09-14 10:00:00,840
2021-09-14 11:00:00,2099
2021-09-14 12:00:00,2791
2021-09-14 13:00:00,1109
2021-09-14 14:00:00,1023
2021-09-14 15:00:00,1178
2021-09-14 16:00:00,1395
2021-09-14 17:00:00,230
2021-09-14 18:00:00,973
2021-09-14 19:00:00,1497
2021-09-14 20:00:00,45
2021-09-14 21:00:00,149
2021-09-14 22:00:00,66
2021-09-14 23:00:00,405
