v0,v1
2021-01-01 00:00:00,62
2021-01-01 01:00:00,116
2021-01-01 02:00:00,107
2021-01-01 03:00:00,110
2021-01-01 04:00:00,108
2021-01-01 05:00:00,99
2021-01-01 06:00:00,111
2021-01-01 07:00:00,92
2021-01-01 08:00:00,27
2021-01-01 09:00:00,22
2021-01-01 10:00:00,22
2021-01-01 11:00:00,28
2021-01-01 12:00:00,23
2021-01-01 13:00:00,23
2021-01-01 14:00:00,23
2021-01-01 15:00:00,28
2021-01-01 16:00:00,23
2021-01-01 17:00:00,23
2021-01-01 18:00:00,27
2021-01-01 19:00:00,22
2021-01-01 20:00:00,22
2021-01-01 21:00:00,27
2021-01-01 22:00:00,26
2021-01-01 23:00:00,22
2021-01-02 00:00:00,64
2021-01-02 01:00:00,116
2021-01-02 02:00:00,107
2021-01-02 03:00:00,110
2021-01-02 04:00:00,108
2021-01-02 05:00:00,99
2021-01-02 06:00:00,111
2021-01-02 07:00:00,92
2021-01-02 08:00:00,27
2021-01-02 09:00:00,22
2021-01-02 10:00:00,22
2021-01-02 11:00:00,28
2021-01-02 12:00:00,23
2021-01-02 13:00:00,23
2021-01-02 14:00:00,23
2021-01-02 15:00:00,28
2021-01-02 16:00:00,23
2021-01-02 17:00:00,23
2021-01-02 18:00:00,27
2021-01-02 19:00:00,22
2021-01-02 20:00:00,22
2021-01-02 21:00:00,27
2021-01-02 22:00:00,26
2021-01-02 23:00:00,22
2021-01-03 00:00:00,22
2021-01-03 01:00:00,27
2021-01-03 02:00:00,22
2021-01-03 03:00:00,22
2021-01-03 04:00:00,27
2021-01-03 05:00:00,22
2021-01-03 06:00:00,22
2021-01-03 07:00:00,26
2021-01-03 08:00:00,22
2021-01-03 09:00:00,24
2021-01-03 10:00:00,25
2021-01-03 11:00:00,27
2021-01-03 12:00:00,22
2021-01-03 13:00:00,22
2021-01-03 14:00:00,27
2021-01-03 15:00:00,22
2021-01-03 16:00:00,24
2021-01-03 17:00:00,25
2021-01-03 18:00:00,27
2021-01-03 19:00:00,22
2021-01-03 20:00:00,22
2021-01-03 21:00:00,27
2021-01-03 22:00:00,23
2021-01-03 23:00:00,24
2021-01-04 00:00:00,72
2021-01-04 01:00:00,119
2021-01-04 02:00:00,116
2021-01-04 03:00:00,113
2021-01-04 04:00:00,115
2021-01-04 05:00:00,107
2021-01-04 06:00:00,118
2021-01-04 07:00:00,142
2021-01-04 08:00:00,159
2021-01-04 09:00:00,166
2021-01-04 10:00:00,173
2021-01-04 11:00:00,155
2021-01-04 12:00:00,118
2021-01-04 13:00:00,158
2021-01-04 14:00:00,160
2021-01-04 15:00:00,149
2021-01-04 16:00:00,145
2021-01-04 17:00:00,143
2021-01-04 18:00:00,145
2021-01-04 19:00:00,135
2021-01-04 20:00:00,111
2021-01-04 21:00:00,110
2021-01-04 22:00:00,111
2021-01-04 23:00:00,112
2021-01-05 00:00:00,26
2021-01-05 01:00:00,22
2021-01-05 02:00:00,22
2021-01-05 03:00:00,24
2021-01-05 04:00:00,26
2021-01-05 05:00:00,22
2021-01-05 06:00:00,22
2021-01-05 07:00:00,26
2021-01-05 08:00:00,21
2021-01-05 09:00:00,21
2021-01-05 10:00:00,26
2021-01-05 11:00:00,25
2021-01-05 12:00:00,21
2021-01-05 13:00:00,21
2021-01-05 14:00:00,25
2021-01-05 15:00:00,21
2021-01-05 16:00:00,21
2021-01-05 17:00:00,26
2021-01-05 18:00:00,21
2021-01-05 19:00:00,21
2021-01-05 20:00:00,26
2021-01-05 21:00:00,22
2021-01-05 22:00:00,21
2021-01-05 23:00:00,26
2021-01-06 00:00:00,26
2021-01-06 01:00:00,22
2021-01-06 02:00:00,22
2021-01-06 03:00:00,24
2021-01-06 04:00:00,26
2021-01-06 05:00:00,22
2021-01-06 06:00:00,22
2021-01-06 07:00:00,26
2021-01-06 08:00:00,21
2021-01-06 09:00:00,21
2021-01-06 10:00:00,26
2021-01-06 11:00:00,25
2021-01-06 12:00:00,21
2021-01-06 13:00:00,21
2021-01-06 14:00:00,25
2021-01-06 15:00:00,21
2021-01-06 16:00:00,21
2021-01-06 17:00:00,26
2021-01-06 18:00:00,21
2021-01-06 19:00:00,21
2021-01-06 20:00:00,26
2021-01-06 21:00:00,22
2021-01-06 22:00:00,21
2021-01-06 23:00:00,26
2021-01-07 00:00:00,25
2021-01-07 01:00:00,26
2021-01-07 02:00:00,22
2021-01-07 03:00:00,23
2021-01-07 04:00:00,26
2021-01-07 05:00:00,22
2021-01-07 06:00:00,24
2021-01-07 07:00:00,90
2021-01-07 08:00:00,182
2021-01-07 09:00:00,179
2021-01-07 10:00:00,176
2021-01-07 11:00:00,170
2021-01-07 12:00:00,129
2021-01-07 13:00:00,182
2021-01-07 14:00:00,180
2021-01-07 15:00:00,175
2021-01-07 16:00:00,173
2021-01-07 17:00:00,151
2021-01-07 18:00:00,158
2021-01-07 19:00:00,147
2021-01-07 20:00:00,114
2021-01-07 21:00:00,113
2021-01-07 22:00:00,100
2021-01-07 23:00:00,110
2021-01-08 00:00:00,64
2021-01-08 01:00:00,110
2021-01-08 02:00:00,111
2021-01-08 03:00:00,105
2021-01-08 04:00:00,110
2021-01-08 05:00:00,101
2021-01-08 06:00:00,109
2021-01-08 07:00:00,117
2021-01-08 08:00:00,161
2021-01-08 09:00:00,165
2021-01-08 10:00:00,153
2021-01-08 11:00:00,171
2021-01-08 12:00:00,124
2021-01-08 13:00:00,174
2021-01-08 14:00:00,176
2021-01-08 15:00:00,180
2021-01-08 16:00:00,166
2021-01-08 17:00:00,161
2021-01-08 18:00:00,157
2021-01-08 19:00:00,155
2021-01-08 20:00:00,134
2021-01-08 21:00:00,132
2021-01-08 22:00:00,115
2021-01-08 23:00:00,114
2021-01-09 00:00:00,72
2021-01-09 01:00:00,103
2021-01-09 02:00:00,107
2021-01-09 03:00:00,110
2021-01-09 04:00:00,108
2021-01-09 05:00:00,99
2021-01-09 06:00:00,111
2021-01-09 07:00:00,92
2021-01-09 08:00:00,27
2021-01-09 09:00:00,22
2021-01-09 10:00:00,22
2021-01-09 11:00:00,28
2021-01-09 12:00:00,122
2021-01-09 13:00:00,181
2021-01-09 14:00:00,23
2021-01-09 15:00:00,28
2021-01-09 16:00:00,159
2021-01-09 17:00:00,161
2021-01-09 18:00:00,161
2021-01-09 19:00:00,148
2021-01-09 20:00:00,113
2021-01-09 21:00:00,110
2021-01-09 22:00:00,26
2021-01-09 23:00:00,106
2021-01-10 00:00:00,67
2021-01-10 01:00:00,107
2021-01-10 02:00:00,109
2021-01-10 03:00:00,104
2021-01-10 04:00:00,27
2021-01-10 05:00:00,22
2021-01-10 06:00:00,22
2021-01-10 07:00:00,26
2021-01-10 08:00:00,165
2021-01-10 09:00:00,24
2021-01-10 10:00:00,177
2021-01-10 11:00:00,168
2021-01-10 12:00:00,22
2021-01-10 13:00:00,22
2021-01-10 14:00:00,169
2021-01-10 15:00:00,22
2021-01-10 16:00:00,24
2021-01-10 17:00:00,25
2021-01-10 18:00:00,123
2021-01-10 19:00:00,22
2021-01-10 20:00:00,22
2021-01-10 21:00:00,141
2021-01-10 22:00:00,124
2021-01-10 23:00:00,115
2021-01-11 00:00:00,72
2021-01-11 01:00:00,113
2021-01-11 02:00:00,111
2021-01-11 03:00:00,107
2021-01-11 04:00:00,114
2021-01-11 05:00:00,103
2021-01-11 06:00:00,107
2021-01-11 07:00:00,149
2021-01-11 08:00:00,175
2021-01-11 09:00:00,175
2021-01-11 10:00:00,168
2021-01-11 11:00:00,174
2021-01-11 12:00:00,122
2021-01-11 13:00:00,160
2021-01-11 14:00:00,160
2021-01-11 15:00:00,160
2021-01-11 16:00:00,163
2021-01-11 17:00:00,159
2021-01-11 18:00:00,152
2021-01-11 19:00:00,142
2021-01-11 20:00:00,130
2021-01-11 21:00:00,116
2021-01-11 22:00:00,110
2021-01-11 23:00:00,110
2021-01-12 00:00:00,26
2021-01-12 01:00:00,22
2021-01-12 02:00:00,22
2021-01-12 03:00:00,24
2021-01-12 04:00:00,26
2021-01-12 05:00:00,22
2021-01-12 06:00:00,22
2021-01-12 07:00:00,26
2021-01-12 08:00:00,21
2021-01-12 09:00:00,21
2021-01-12 10:00:00,26
2021-01-12 11:00:00,25
2021-01-12 12:00:00,21
2021-01-12 13:00:00,21
2021-01-12 14:00:00,25
2021-01-12 15:00:00,21
2021-01-12 16:00:00,21
2021-01-12 17:00:00,26
2021-01-12 18:00:00,21
2021-01-12 19:00:00,21
2021-01-12 20:00:00,26
2021-01-12 21:00:00,22
2021-01-12 22:00:00,21
2021-01-12 23:00:00,26
2021-01-13 00:00:00,26
2021-01-13 01:00:00,22
2021-01-13 02:00:00,22
2021-01-13 03:00:00,24
2021-01-13 04:00:00,26
2021-01-13 05:00:00,22
2021-01-13 06:00:00,22
2021-01-13 07:00:00,26
2021-01-13 08:00:00,21
2021-01-13 09:00:00,21
2021-01-13 10:00:00,26
2021-01-13 11:00:00,25
2021-01-13 12:00:00,21
2021-01-13 13:00:00,21
2021-01-13 14:00:00,25
2021-01-13 15:00:00,21
2021-01-13 16:00:00,21
2021-01-13 17:00:00,26
2021-01-13 18:00:00,21
2021-01-13 19:00:00,21
2021-01-13 20:00:00,26
2021-01-13 21:00:00,22
2021-01-13 22:00:00,21
2021-01-13 23:00:00,26
2021-01-14 00:00:00,22
2021-01-14 01:00:00,23
2021-01-14 02:00:00,27
2021-01-14 03:00:00,22
2021-01-14 04:00:00,24
2021-01-14 05:00:00,27
2021-01-14 06:00:00,25
2021-01-14 07:00:00,112
2021-01-14 08:00:00,203.8223597327177
2021-01-14 09:00:00,185
2021-01-14 10:00:00,180.04441006682057
2021-01-14 11:00:00,190.04441006682057
2021-01-14 12:00:00,140
2021-01-14 13:00:00,192
2021-01-14 14:00:00,185
2021-01-14 15:00:00,192.04441006682057
2021-01-14 16:00:00,180.04441006682057
2021-01-14 17:00:00,179
2021-01-14 18:00:00,182
2021-01-14 19:00:00,164
2021-01-14 20:00:00,126
2021-01-14 21:00:00,125
2021-01-14 22:00:00,129
2021-01-14 23:00:00,118
2021-01-15 00:00:00,83
2021-01-15 01:00:00,116
2021-01-15 02:00:00,121
2021-01-15 03:00:00,123
2021-01-15 04:00:00,122
2021-01-15 05:00:00,112
2021-01-15 06:00:00,121
2021-01-15 07:00:00,150
2021-01-15 08:00:00,197.8821344198127
2021-01-15 09:00:00,195
2021-01-15 10:00:00,181.02946639504682
2021-01-15 11:00:00,184.02946639504682
2021-01-15 12:00:00,128
2021-01-15 13:00:00,177
2021-01-15 14:00:00,182
2021-01-15 15:00:00,176.02946639504682
2021-01-15 16:00:00,181.02946639504682
2021-01-15 17:00:00,159
2021-01-15 18:00:00,170
2021-01-15 19:00:00,162
2021-01-15 20:00:00,133
2021-01-15 21:00:00,131
2021-01-15 22:00:00,123
2021-01-15 23:00:00,120
2021-01-16 00:00:00,64
2021-01-16 01:00:00,116
2021-01-16 02:00:00,107
2021-01-16 03:00:00,114
2021-01-16 04:00:00,108
2021-01-16 05:00:00,99
2021-01-16 06:00:00,121
2021-01-16 07:00:00,92
2021-01-16 08:00:00,185
2021-01-16 09:00:00,22
2021-01-16 10:00:00,22
2021-01-16 11:00:00,28
2021-01-16 12:00:00,23
2021-01-16 13:00:00,23
2021-01-16 14:00:00,174
2021-01-16 15:00:00,180
2021-01-16 16:00:00,23
2021-01-16 17:00:00,23
2021-01-16 18:00:00,177
2021-01-16 19:00:00,152
2021-01-16 20:00:00,22
2021-01-16 21:00:00,27
2021-01-16 22:00:00,26
2021-01-16 23:00:00,119
2021-01-17 00:00:00,72
2021-01-17 01:00:00,118
2021-01-17 02:00:00,117
2021-01-17 03:00:00,120
2021-01-17 04:00:00,115
2021-01-17 05:00:00,112
2021-01-17 06:00:00,126
2021-01-17 07:00:00,162
2021-01-17 08:00:00,197
2021-01-17 09:00:00,188
2021-01-17 10:00:00,177
2021-01-17 11:00:00,190
2021-01-17 12:00:00,123
2021-01-17 13:00:00,192
2021-01-17 14:00:00,189
2021-01-17 15:00:00,179
2021-01-17 16:00:00,174
2021-01-17 17:00:00,158
2021-01-17 18:00:00,177
2021-01-17 19:00:00,169
2021-01-17 20:00:00,143
2021-01-17 21:00:00,134
2021-01-17 22:00:00,128
2021-01-17 23:00:00,125
2021-01-18 00:00:00,90
2021-01-18 01:00:00,117
2021-01-18 02:00:00,121
2021-01-18 03:00:00,126
2021-01-18 04:00:00,117
2021-01-18 05:00:00,120
2021-01-18 06:00:00,123
2021-01-18 07:00:00,157
2021-01-18 08:00:00,177
2021-01-18 09:00:00,186
2021-01-18 10:00:00,179
2021-01-18 11:00:00,185
2021-01-18 12:00:00,124
2021-01-18 13:00:00,180
2021-01-18 14:00:00,170
2021-01-18 15:00:00,170
2021-01-18 16:00:00,174
2021-01-18 17:00:00,164
2021-01-18 18:00:00,154
2021-01-18 19:00:00,142
2021-01-18 20:00:00,124
2021-01-18 21:00:00,121
2021-01-18 22:00:00,117
2021-01-18 23:00:00,120
2021-01-19 00:00:00,26
2021-01-19 01:00:00,22
2021-01-19 02:00:00,22
2021-01-19 03:00:00,24
2021-01-19 04:00:00,26
2021-01-19 05:00:00,22
2021-01-19 06:00:00,22
2021-01-19 07:00:00,26
2021-01-19 08:00:00,21
2021-01-19 09:00:00,21
2021-01-19 10:00:00,26
2021-01-19 11:00:00,25
2021-01-19 12:00:00,21
2021-01-19 13:00:00,21
2021-01-19 14:00:00,25
2021-01-19 15:00:00,21
2021-01-19 16:00:00,21
2021-01-19 17:00:00,26
2021-01-19 18:00:00,21
2021-01-19 19:00:00,21
2021-01-19 20:00:00,26
2021-01-19 21:00:00,22
2021-01-19 22:00:00,21
2021-01-19 23:00:00,26
2021-01-20 00:00:00,26
2021-01-20 01:00:00,22
2021-01-20 02:00:00,22
2021-01-20 03:00:00,24
2021-01-20 04:00:00,26
2021-01-20 05:00:00,22
2021-01-20 06:00:00,22
2021-01-20 07:00:00,26
2021-01-20 08:00:00,21
2021-01-20 09:00:00,21
2021-01-20 10:00:00,26
2021-01-20 11:00:00,25
2021-01-20 12:00:00,21
2021-01-20 13:00:00,21
2021-01-20 14:00:00,25
2021-01-20 15:00:00,21
2021-01-20 16:00:00,21
2021-01-20 17:00:00,26
2021-01-20 18:00:00,21
2021-01-20 19:00:00,21
2021-01-20 20:00:00,26
2021-01-20 21:00:00,22
2021-01-20 22:00:00,21
2021-01-20 23:00:00,26
2021-01-21 00:00:00,25
2021-01-21 01:00:00,28
2021-01-21 02:00:00,23
2021-01-21 03:00:00,23
2021-01-21 04:00:00,27
2021-01-21 05:00:00,23
2021-01-21 06:00:00,23
2021-01-21 07:00:00,101
2021-01-21 08:00:00,207.89707809158642
2021-01-21 09:00:00,194
2021-01-21 10:00:00,202.02573047710339
2021-01-21 11:00:00,191.02573047710339
2021-01-21 12:00:00,132
2021-01-21 13:00:00,199
2021-01-21 14:00:00,201
2021-01-21 15:00:00,184.02573047710339
2021-01-21 16:00:00,164.02573047710339
2021-01-21 17:00:00,162
2021-01-21 18:00:00,157
2021-01-21 19:00:00,159
2021-01-21 20:00:00,134
2021-01-21 21:00:00,133
2021-01-21 22:00:00,121
2021-01-21 23:00:00,130
2021-01-22 00:00:00,74
2021-01-22 01:00:00,118
2021-01-22 02:00:00,120
2021-01-22 03:00:00,123
2021-01-22 04:00:00,121
2021-01-22 05:00:00,112
2021-01-22 06:00:00,117
2021-01-22 07:00:00,162
2021-01-22 08:00:00,178
2021-01-22 09:00:00,176
2021-01-22 10:00:00,188.80741606094395
2021-01-22 11:00:00,180.06419464635201
2021-01-22 12:00:00,122
2021-01-22 13:00:00,186
2021-01-22 14:00:00,172
2021-01-22 15:00:00,171.06419464635201
2021-01-22 16:00:00,175.06419464635201
2021-01-22 17:00:00,159
2021-01-22 18:00:00,164
2021-01-22 19:00:00,174
2021-01-22 20:00:00,134
2021-01-22 21:00:00,128
2021-01-22 22:00:00,122
2021-01-22 23:00:00,131
2021-01-23 00:00:00,70
2021-01-23 01:00:00,106
2021-01-23 02:00:00,123
2021-01-23 03:00:00,113
2021-01-23 04:00:00,116
2021-01-23 05:00:00,125
2021-01-23 06:00:00,125
2021-01-23 07:00:00,158
2021-01-23 08:00:00,174
2021-01-23 09:00:00,162
2021-01-23 10:00:00,160
2021-01-23 11:00:00,166
2021-01-23 12:00:00,104
2021-01-23 13:00:00,161
2021-01-23 14:00:00,156
2021-01-23 15:00:00,165
2021-01-23 16:00:00,168
2021-01-23 17:00:00,170
2021-01-23 18:00:00,166
2021-01-23 19:00:00,146
2021-01-23 20:00:00,136
2021-01-23 21:00:00,127
2021-01-23 22:00:00,123
2021-01-23 23:00:00,120
2021-01-24 00:00:00,73
2021-01-24 01:00:00,121
2021-01-24 02:00:00,126
2021-01-24 03:00:00,123
2021-01-24 04:00:00,121
2021-01-24 05:00:00,116
2021-01-24 06:00:00,124
2021-01-24 07:00:00,172
2021-01-24 08:00:00,188
2021-01-24 09:00:00,172
2021-01-24 10:00:00,171
2021-01-24 11:00:00,170
2021-01-24 12:00:00,116
2021-01-24 13:00:00,190
2021-01-24 14:00:00,175
2021-01-24 15:00:00,180
2021-01-24 16:00:00,165
2021-01-24 17:00:00,164
2021-01-24 18:00:00,159
2021-01-24 19:00:00,168
2021-01-24 20:00:00,142
2021-01-24 21:00:00,142
2021-01-24 22:00:00,135
2021-01-24 23:00:00,129
2021-01-25 00:00:00,74
2021-01-25 01:00:00,128
2021-01-25 02:00:00,126
2021-01-25 03:00:00,128
2021-01-25 04:00:00,122
2021-01-25 05:00:00,114
2021-01-25 06:00:00,122
2021-01-25 07:00:00,152
2021-01-25 08:00:00,168
2021-01-25 09:00:00,178
2021-01-25 10:00:00,182
2021-01-25 11:00:00,184
2021-01-25 12:00:00,136
2021-01-25 13:00:00,185
2021-01-25 14:00:00,184
2021-01-25 15:00:00,186
2021-01-25 16:00:00,176
2021-01-25 17:00:00,180
2021-01-25 18:00:00,164
2021-01-25 19:00:00,127
2021-01-25 20:00:00,115
2021-01-25 21:00:00,121
2021-01-25 22:00:00,136
2021-01-25 23:00:00,122
2021-01-26 00:00:00,26
2021-01-26 01:00:00,22
2021-01-26 02:00:00,22
2021-01-26 03:00:00,24
2021-01-26 04:00:00,26
2021-01-26 05:00:00,22
2021-01-26 06:00:00,22
2021-01-26 07:00:00,26
2021-01-26 08:00:00,21
2021-01-26 09:00:00,21
2021-01-26 10:00:00,26
2021-01-26 11:00:00,25
2021-01-26 12:00:00,21
2021-01-26 13:00:00,21
2021-01-26 14:00:00,25
2021-01-26 15:00:00,21
2021-01-26 16:00:00,21
2021-01-26 17:00:00,26
2021-01-26 18:00:00,21
2021-01-26 19:00:00,21
2021-01-26 20:00:00,26
2021-01-26 21:00:00,22
2021-01-26 22:00:00,21
2021-01-26 23:00:00,26
2021-01-27 00:00:00,26
2021-01-27 01:00:00,22
2021-01-27 02:00:00,22
2021-01-27 03:00:00,24
2021-01-27 04:00:00,26
2021-01-27 05:00:00,22
2021-01-27 06:00:00,22
2021-01-27 07:00:00,26
2021-01-27 08:00:00,21
2021-01-27 09:00:00,21
2021-01-27 10:00:00,26
2021-01-27 11:00:00,25
2021-01-27 12:00:00,21
2021-01-27 13:00:00,21
2021-01-27 14:00:00,25
2021-01-27 15:00:00,21
2021-01-27 16:00:00,21
2021-01-27 17:00:00,26
2021-01-27 18:00:00,21
2021-01-27 19:00:00,21
2021-01-27 20:00:00,26
2021-01-27 21:00:00,22
2021-01-27 22:00:00,21
2021-01-27 23:00:00,26
2021-01-28 00:00:00,24
2021-01-28 01:00:00,28
2021-01-28 02:00:00,25
2021-01-28 03:00:00,24
2021-01-28 04:00:00,28
2021-01-28 05:00:00,24
2021-01-28 06:00:00,23
2021-01-28 07:00:00,92
2021-01-28 08:00:00,197.92107215612458
2021-01-28 09:00:00,185
2021-01-28 10:00:00,184.01973196096887
2021-01-28 11:00:00,193.01973196096887
2021-01-28 12:00:00,135
2021-01-28 13:00:00,191
2021-01-28 14:00:00,189
2021-01-28 15:00:00,194.01973196096887
2021-01-28 16:00:00,172.01973196096887
2021-01-28 17:00:00,179
2021-01-28 18:00:00,185
2021-01-28 19:00:00,169
2021-01-28 20:00:00,113
2021-01-28 21:00:00,123
2021-01-28 22:00:00,119
2021-01-28 23:00:00,126
2021-01-29 00:00:00,67
2021-01-29 01:00:00,112
2021-01-29 02:00:00,124
2021-01-29 03:00:00,115
2021-01-29 04:00:00,114
2021-01-29 05:00:00,110
2021-01-29 06:00:00,119
2021-01-29 07:00:00,160
2021-01-29 08:00:00,221.92338737287824
2021-01-29 09:00:00,183
2021-01-29 10:00:00,175.01915315678045
2021-01-29 11:00:00,200.01915315678045
2021-01-29 12:00:00,134
2021-01-29 13:00:00,194
2021-01-29 14:00:00,183
2021-01-29 15:00:00,179.01915315678045
2021-01-29 16:00:00,167.01915315678045
2021-01-29 17:00:00,153
2021-01-29 18:00:00,175
2021-01-29 19:00:00,177
2021-01-29 20:00:00,137
2021-01-29 21:00:00,126
2021-01-29 22:00:00,121
2021-01-29 23:00:00,113
2021-01-30 00:00:00,69
2021-01-30 01:00:00,112
2021-01-30 02:00:00,118
2021-01-30 03:00:00,120
2021-01-30 04:00:00,116
2021-01-30 05:00:00,115
2021-01-30 06:00:00,118
2021-01-30 07:00:00,143
2021-01-30 08:00:00,193
2021-01-30 09:00:00,187
2021-01-30 10:00:00,171
2021-01-30 11:00:00,150
2021-01-30 12:00:00,119
2021-01-30 13:00:00,184
2021-01-30 14:00:00,177
2021-01-30 15:00:00,178
2021-01-30 16:00:00,165
2021-01-30 17:00:00,181
2021-01-30 18:00:00,165
2021-01-30 19:00:00,162
2021-01-30 20:00:00,115
2021-01-30 21:00:00,117
2021-01-30 22:00:00,118
2021-01-30 23:00:00,120
2021-01-31 00:00:00,26
2021-01-31 01:00:00,22
2021-01-31 02:00:00,22
2021-01-31 03:00:00,24
2021-01-31 04:00:00,26
2021-01-31 05:00:00,22
2021-01-31 06:00:00,22
2021-01-31 07:00:00,26
2021-01-31 08:00:00,21
2021-01-31 09:00:00,21
2021-01-31 10:00:00,26
2021-01-31 11:00:00,25
2021-01-31 12:00:00,21
2021-01-31 13:00:00,21
2021-01-31 14:00:00,25
2021-01-31 15:00:00,21
2021-01-31 16:00:00,21
2021-01-31 17:00:00,26
2021-01-31 18:00:00,21
2021-01-31 19:00:00,21
2021-01-31 20:00:00,26
2021-01-31 21:00:00,22
2021-01-31 22:00:00,21
2021-01-31 23:00:00,26
2021-02-01 00:00:00,62
2021-02-01 01:00:00,106
2021-02-01 02:00:00,107
2021-02-01 03:00:00,107
2021-02-01 04:00:00,107
2021-02-01 05:00:00,103
2021-02-01 06:00:00,116
2021-02-01 07:00:00,139
2021-02-01 08:00:00,194.88613343056903
2021-02-01 09:00:00,182
2021-02-01 10:00:00,187.02846664235773
2021-02-01 11:00:00,184.02846664235773
2021-02-01 12:00:00,121
2021-02-01 13:00:00,177
2021-02-01 14:00:00,167
2021-02-01 15:00:00,162.02846664235773
2021-02-01 16:00:00,169.02846664235773
2021-02-01 17:00:00,155
2021-02-01 18:00:00,161
2021-02-01 19:00:00,158
2021-02-01 20:00:00,124
2021-02-01 21:00:00,128
2021-02-01 22:00:00,113
2021-02-01 23:00:00,110
2021-02-02 00:00:00,63
2021-02-02 01:00:00,111
2021-02-02 02:00:00,113
2021-02-02 03:00:00,110
2021-02-02 04:00:00,107
2021-02-02 05:00:00,106
2021-02-02 06:00:00,116
2021-02-02 07:00:00,151
2021-02-02 08:00:00,177
2021-02-02 09:00:00,180
2021-02-02 10:00:00,190.82172830996669
2021-02-02 11:00:00,185.05942389667777
2021-02-02 12:00:00,131
2021-02-02 13:00:00,189
2021-02-02 14:00:00,180
2021-02-02 15:00:00,166.05942389667777
2021-02-02 16:00:00,172.05942389667777
2021-02-02 17:00:00,158
2021-02-02 18:00:00,154
2021-02-02 19:00:00,142
2021-02-02 20:00:00,118
2021-02-02 21:00:00,114
2021-02-02 22:00:00,106
2021-02-02 23:00:00,109
2021-02-03 00:00:00,69
2021-02-03 01:00:00,115
2021-02-03 02:00:00,115
2021-02-03 03:00:00,110
2021-02-03 04:00:00,109
2021-02-03 05:00:00,107
2021-02-03 06:00:00,118
2021-02-03 07:00:00,149
2021-02-03 08:00:00,181
2021-02-03 09:00:00,171
2021-02-03 10:00:00,170
2021-02-03 11:00:00,172
2021-02-03 12:00:00,121
2021-02-03 13:00:00,165
2021-02-03 14:00:00,163
2021-02-03 15:00:00,161
2021-02-03 16:00:00,163
2021-02-03 17:00:00,151
2021-02-03 18:00:00,150
2021-02-03 19:00:00,119
2021-02-03 20:00:00,130
2021-02-03 21:00:00,132
2021-02-03 22:00:00,118
2021-02-03 23:00:00,114
2021-02-04 00:00:00,72
2021-02-04 01:00:00,119
2021-02-04 02:00:00,116
2021-02-04 03:00:00,113
2021-02-04 04:00:00,115
2021-02-04 05:00:00,107
2021-02-04 06:00:00,118
2021-02-04 07:00:00,142
2021-02-04 08:00:00,159
2021-02-04 09:00:00,166
2021-02-04 10:00:00,173
2021-02-04 11:00:00,155
2021-02-04 12:00:00,118
2021-02-04 13:00:00,158
2021-02-04 14:00:00,160
2021-02-04 15:00:00,149
2021-02-04 16:00:00,145
2021-02-04 17:00:00,143
2021-02-04 18:00:00,145
2021-02-04 19:00:00,135
2021-02-04 20:00:00,111
2021-02-04 21:00:00,110
2021-02-04 22:00:00,111
2021-02-04 23:00:00,112
2021-02-05 00:00:00,64
2021-02-05 01:00:00,116
2021-02-05 02:00:00,107
2021-02-05 03:00:00,110
2021-02-05 04:00:00,108
2021-02-05 05:00:00,99
2021-02-05 06:00:00,111
2021-02-05 07:00:00,92
2021-02-05 08:00:00,27
2021-02-05 09:00:00,22
2021-02-05 10:00:00,22
2021-02-05 11:00:00,28
2021-02-05 12:00:00,23
2021-02-05 13:00:00,23
2021-02-05 14:00:00,23
2021-02-05 15:00:00,28
2021-02-05 16:00:00,23
2021-02-05 17:00:00,23
2021-02-05 18:00:00,27
2021-02-05 19:00:00,22
2021-02-05 20:00:00,22
2021-02-05 21:00:00,27
2021-02-05 22:00:00,26
2021-02-05 23:00:00,22
2021-02-06 00:00:00,71
2021-02-06 01:00:00,111
2021-02-06 02:00:00,111
2021-02-06 03:00:00,112
2021-02-06 04:00:00,113
2021-02-06 05:00:00,110
2021-02-06 06:00:00,106
2021-02-06 07:00:00,92
2021-02-06 08:00:00,24
2021-02-06 09:00:00,28
2021-02-06 10:00:00,29
2021-02-06 11:00:00,29
2021-02-06 12:00:00,25
2021-02-06 13:00:00,27
2021-02-06 14:00:00,23
2021-02-06 15:00:00,23
2021-02-06 16:00:00,27
2021-02-06 17:00:00,23
2021-02-06 18:00:00,22
2021-02-06 19:00:00,27
2021-02-06 20:00:00,23
2021-02-06 21:00:00,23
2021-02-06 22:00:00,23
2021-02-06 23:00:00,27
2021-02-07 00:00:00,23
2021-02-07 01:00:00,22
2021-02-07 02:00:00,27
2021-02-07 03:00:00,22
2021-02-07 04:00:00,23
2021-02-07 05:00:00,23
2021-02-07 06:00:00,26
2021-02-07 07:00:00,22
2021-02-07 08:00:00,22
2021-02-07 09:00:00,26
2021-02-07 10:00:00,23
2021-02-07 11:00:00,22
2021-02-07 12:00:00,27
2021-02-07 13:00:00,25
2021-02-07 14:00:00,23
2021-02-07 15:00:00,23
2021-02-07 16:00:00,27
2021-02-07 17:00:00,22
2021-02-07 18:00:00,22
2021-02-07 19:00:00,26
2021-02-07 20:00:00,22
2021-02-07 21:00:00,23
2021-02-07 22:00:00,25
2021-02-07 23:00:00,26
2021-02-08 00:00:00,64
2021-02-08 01:00:00,110
2021-02-08 02:00:00,111
2021-02-08 03:00:00,105
2021-02-08 04:00:00,110
2021-02-08 05:00:00,101
2021-02-08 06:00:00,109
2021-02-08 07:00:00,117
2021-02-08 08:00:00,161
2021-02-08 09:00:00,165
2021-02-08 10:00:00,153
2021-02-08 11:00:00,171
2021-02-08 12:00:00,124
2021-02-08 13:00:00,174
2021-02-08 14:00:00,176
2021-02-08 15:00:00,180
2021-02-08 16:00:00,166
2021-02-08 17:00:00,161
2021-02-08 18:00:00,157
2021-02-08 19:00:00,155
2021-02-08 20:00:00,134
2021-02-08 21:00:00,132
2021-02-08 22:00:00,115
2021-02-08 23:00:00,114
2021-02-09 00:00:00,72
2021-02-09 01:00:00,103
2021-02-09 02:00:00,107
2021-02-09 03:00:00,113
2021-02-09 04:00:00,101
2021-02-09 05:00:00,91
2021-02-09 06:00:00,106
2021-02-09 07:00:00,150
2021-02-09 08:00:00,174
2021-02-09 09:00:00,179
2021-02-09 10:00:00,180
2021-02-09 11:00:00,178
2021-02-09 12:00:00,122
2021-02-09 13:00:00,181
2021-02-09 14:00:00,170
2021-02-09 15:00:00,170
2021-02-09 16:00:00,159
2021-02-09 17:00:00,161
2021-02-09 18:00:00,161
2021-02-09 19:00:00,148
2021-02-09 20:00:00,113
2021-02-09 21:00:00,110
2021-02-09 22:00:00,109
2021-02-09 23:00:00,106
2021-02-10 00:00:00,67
2021-02-10 01:00:00,107
2021-02-10 02:00:00,109
2021-02-10 03:00:00,104
2021-02-10 04:00:00,108
2021-02-10 05:00:00,98
2021-02-10 06:00:00,107
2021-02-10 07:00:00,131
2021-02-10 08:00:00,165
2021-02-10 09:00:00,169
2021-02-10 10:00:00,177
2021-02-10 11:00:00,168
2021-02-10 12:00:00,125
2021-02-10 13:00:00,158
2021-02-10 14:00:00,169
2021-02-10 15:00:00,162
2021-02-10 16:00:00,156
2021-02-10 17:00:00,143
2021-02-10 18:00:00,123
2021-02-10 19:00:00,128
2021-02-10 20:00:00,145
2021-02-10 21:00:00,141
2021-02-10 22:00:00,124
2021-02-10 23:00:00,115
2021-02-11 00:00:00,72
2021-02-11 01:00:00,113
2021-02-11 02:00:00,111
2021-02-11 03:00:00,107
2021-02-11 04:00:00,114
2021-02-11 05:00:00,103
2021-02-11 06:00:00,107
2021-02-11 07:00:00,149
2021-02-11 08:00:00,175
2021-02-11 09:00:00,175
2021-02-11 10:00:00,168
2021-02-11 11:00:00,174
2021-02-11 12:00:00,122
2021-02-11 13:00:00,160
2021-02-11 14:00:00,160
2021-02-11 15:00:00,160
2021-02-11 16:00:00,163
2021-02-11 17:00:00,159
2021-02-11 18:00:00,152
2021-02-11 19:00:00,142
2021-02-11 20:00:00,130
2021-02-11 21:00:00,116
2021-02-11 22:00:00,110
2021-02-11 23:00:00,110
2021-02-12 00:00:00,71
2021-02-12 01:00:00,111
2021-02-12 02:00:00,111
2021-02-12 03:00:00,112
2021-02-12 04:00:00,113
2021-02-12 05:00:00,110
2021-02-12 06:00:00,106
2021-02-12 07:00:00,92
2021-02-12 08:00:00,24
2021-02-12 09:00:00,28
2021-02-12 10:00:00,29
2021-02-12 11:00:00,29
2021-02-12 12:00:00,25
2021-02-12 13:00:00,27
2021-02-12 14:00:00,23
2021-02-12 15:00:00,23
2021-02-12 16:00:00,27
2021-02-12 17:00:00,23
2021-02-12 18:00:00,22
2021-02-12 19:00:00,27
2021-02-12 20:00:00,23
2021-02-12 21:00:00,23
2021-02-12 22:00:00,23
2021-02-12 23:00:00,27
2021-02-13 00:00:00,71
2021-02-13 01:00:00,111
2021-02-13 02:00:00,111
2021-02-13 03:00:00,112
2021-02-13 04:00:00,113
2021-02-13 05:00:00,110
2021-02-13 06:00:00,106
2021-02-13 07:00:00,92
2021-02-13 08:00:00,24
2021-02-13 09:00:00,28
2021-02-13 10:00:00,29
2021-02-13 11:00:00,29
2021-02-13 12:00:00,25
2021-02-13 13:00:00,27
2021-02-13 14:00:00,23
2021-02-13 15:00:00,23
2021-02-13 16:00:00,27
2021-02-13 17:00:00,23
2021-02-13 18:00:00,22
2021-02-13 19:00:00,27
2021-02-13 20:00:00,23
2021-02-13 21:00:00,23
2021-02-13 22:00:00,23
2021-02-13 23:00:00,27
2021-02-14 00:00:00,23
2021-02-14 01:00:00,22
2021-02-14 02:00:00,27
2021-02-14 03:00:00,22
2021-02-14 04:00:00,23
2021-02-14 05:00:00,23
2021-02-14 06:00:00,26
2021-02-14 07:00:00,22
2021-02-14 08:00:00,22
2021-02-14 09:00:00,26
2021-02-14 10:00:00,23
2021-02-14 11:00:00,22
2021-02-14 12:00:00,27
2021-02-14 13:00:00,25
2021-02-14 14:00:00,23
2021-02-14 15:00:00,23
2021-02-14 16:00:00,27
2021-02-14 17:00:00,22
2021-02-14 18:00:00,22
2021-02-14 19:00:00,26
2021-02-14 20:00:00,22
2021-02-14 21:00:00,23
2021-02-14 22:00:00,25
2021-02-14 23:00:00,26
2021-02-15 00:00:00,83
2021-02-15 01:00:00,116
2021-02-15 02:00:00,121
2021-02-15 03:00:00,123
2021-02-15 04:00:00,122
2021-02-15 05:00:00,112
2021-02-15 06:00:00,121
2021-02-15 07:00:00,150
2021-02-15 08:00:00,197.8663488510376
2021-02-15 09:00:00,195
2021-02-15 10:00:00,181.03341278724059
2021-02-15 11:00:00,184.03341278724059
2021-02-15 12:00:00,128
2021-02-15 13:00:00,177
2021-02-15 14:00:00,182
2021-02-15 15:00:00,176.03341278724059
2021-02-15 16:00:00,181.03341278724059
2021-02-15 17:00:00,159
2021-02-15 18:00:00,170
2021-02-15 19:00:00,162
2021-02-15 20:00:00,133
2021-02-15 21:00:00,131
2021-02-15 22:00:00,123
2021-02-15 23:00:00,120
2021-02-16 00:00:00,76
2021-02-16 01:00:00,120
2021-02-16 02:00:00,117
2021-02-16 03:00:00,114
2021-02-16 04:00:00,118
2021-02-16 05:00:00,111
2021-02-16 06:00:00,121
2021-02-16 07:00:00,161
2021-02-16 08:00:00,185
2021-02-16 09:00:00,192
2021-02-16 10:00:00,192.8309891769814
2021-02-16 11:00:00,186.05633694100621
2021-02-16 12:00:00,120
2021-02-16 13:00:00,175
2021-02-16 14:00:00,174
2021-02-16 15:00:00,180.05633694100621
2021-02-16 16:00:00,177.05633694100621
2021-02-16 17:00:00,177
2021-02-16 18:00:00,177
2021-02-16 19:00:00,152
2021-02-16 20:00:00,120
2021-02-16 21:00:00,123
2021-02-16 22:00:00,107
2021-02-16 23:00:00,119
2021-02-17 00:00:00,72
2021-02-17 01:00:00,118
2021-02-17 02:00:00,117
2021-02-17 03:00:00,120
2021-02-17 04:00:00,115
2021-02-17 05:00:00,112
2021-02-17 06:00:00,126
2021-02-17 07:00:00,162
2021-02-17 08:00:00,196.89918283408977
2021-02-17 09:00:00,188
2021-02-17 10:00:00,177.02520429147756
2021-02-17 11:00:00,190.02520429147756
2021-02-17 12:00:00,123
2021-02-17 13:00:00,192
2021-02-17 14:00:00,189
2021-02-17 15:00:00,179.02520429147756
2021-02-17 16:00:00,174.02520429147756
2021-02-17 17:00:00,158
2021-02-17 18:00:00,177
2021-02-17 19:00:00,169
2021-02-17 20:00:00,143
2021-02-17 21:00:00,134
2021-02-17 22:00:00,128
2021-02-17 23:00:00,125
2021-02-18 00:00:00,90
2021-02-18 01:00:00,117
2021-02-18 02:00:00,121
2021-02-18 03:00:00,126
2021-02-18 04:00:00,117
2021-02-18 05:00:00,120
2021-02-18 06:00:00,123
2021-02-18 07:00:00,157
2021-02-18 08:00:00,177
2021-02-18 09:00:00,186
2021-02-18 10:00:00,179
2021-02-18 11:00:00,185
2021-02-18 12:00:00,124
2021-02-18 13:00:00,180
2021-02-18 14:00:00,170
2021-02-18 15:00:00,170
2021-02-18 16:00:00,174
2021-02-18 17:00:00,164
2021-02-18 18:00:00,154
2021-02-18 19:00:00,142
2021-02-18 20:00:00,124
2021-02-18 21:00:00,121
2021-02-18 22:00:00,117
2021-02-18 23:00:00,120
2021-02-19 00:00:00,70
2021-02-19 01:00:00,118
2021-02-19 02:00:00,119
2021-02-19 03:00:00,109
2021-02-19 04:00:00,114
2021-02-19 05:00:00,102
2021-02-19 06:00:00,109
2021-02-19 07:00:00,82
2021-02-19 08:00:00,25
2021-02-19 09:00:00,22
2021-02-19 10:00:00,22
2021-02-19 11:00:00,27
2021-02-19 12:00:00,22
2021-02-19 13:00:00,22
2021-02-19 14:00:00,27
2021-02-19 15:00:00,23
2021-02-19 16:00:00,22
2021-02-19 17:00:00,23
2021-02-19 18:00:00,27
2021-02-19 19:00:00,22
2021-02-19 20:00:00,22
2021-02-19 21:00:00,27
2021-02-19 22:00:00,25
2021-02-19 23:00:00,22
2021-02-20 00:00:00,71
2021-02-20 01:00:00,111
2021-02-20 02:00:00,111
2021-02-20 03:00:00,112
2021-02-20 04:00:00,113
2021-02-20 05:00:00,110
2021-02-20 06:00:00,106
2021-02-20 07:00:00,92
2021-02-20 08:00:00,24
2021-02-20 09:00:00,28
2021-02-20 10:00:00,29
2021-02-20 11:00:00,29
2021-02-20 12:00:00,25
2021-02-20 13:00:00,27
2021-02-20 14:00:00,23
2021-02-20 15:00:00,23
2021-02-20 16:00:00,27
2021-02-20 17:00:00,23
2021-02-20 18:00:00,22
2021-02-20 19:00:00,27
2021-02-20 20:00:00,23
2021-02-20 21:00:00,23
2021-02-20 22:00:00,23
2021-02-20 23:00:00,27
2021-02-21 00:00:00,23
2021-02-21 01:00:00,22
2021-02-21 02:00:00,27
2021-02-21 03:00:00,22
2021-02-21 04:00:00,23
2021-02-21 05:00:00,23
2021-02-21 06:00:00,26
2021-02-21 07:00:00,22
2021-02-21 08:00:00,22
2021-02-21 09:00:00,26
2021-02-21 10:00:00,23
2021-02-21 11:00:00,22
2021-02-21 12:00:00,27
2021-02-21 13:00:00,25
2021-02-21 14:00:00,23
2021-02-21 15:00:00,23
2021-02-21 16:00:00,27
2021-02-21 17:00:00,22
2021-02-21 18:00:00,22
2021-02-21 19:00:00,26
2021-02-21 20:00:00,22
2021-02-21 21:00:00,23
2021-02-21 22:00:00,25
2021-02-21 23:00:00,26
2021-02-22 00:00:00,74
2021-02-22 01:00:00,118
2021-02-22 02:00:00,120
2021-02-22 03:00:00,123
2021-02-22 04:00:00,121
2021-02-22 05:00:00,112
2021-02-22 06:00:00,117
2021-02-22 07:00:00,162
2021-02-22 08:00:00,178
2021-02-22 09:00:00,176
2021-02-22 10:00:00,188.81625597945799
2021-02-22 11:00:00,180.06124800684734
2021-02-22 12:00:00,122
2021-02-22 13:00:00,186
2021-02-22 14:00:00,172
2021-02-22 15:00:00,171.06124800684734
2021-02-22 16:00:00,175.06124800684734
2021-02-22 17:00:00,159
2021-02-22 18:00:00,164
2021-02-22 19:00:00,174
2021-02-22 20:00:00,134
2021-02-22 21:00:00,128
2021-02-22 22:00:00,122
2021-02-22 23:00:00,131
2021-02-23 00:00:00,70
2021-02-23 01:00:00,106
2021-02-23 02:00:00,123
2021-02-23 03:00:00,113
2021-02-23 04:00:00,116
2021-02-23 05:00:00,125
2021-02-23 06:00:00,125
2021-02-23 07:00:00,158
2021-02-23 08:00:00,174
2021-02-23 09:00:00,162
2021-02-23 10:00:00,160
2021-02-23 11:00:00,166
2021-02-23 12:00:00,104
2021-02-23 13:00:00,161
2021-02-23 14:00:00,156
2021-02-23 15:00:00,165
2021-02-23 16:00:00,168
2021-02-23 17:00:00,170
2021-02-23 18:00:00,166
2021-02-23 19:00:00,146
2021-02-23 20:00:00,136
2021-02-23 21:00:00,127
2021-02-23 22:00:00,123
2021-02-23 23:00:00,120
2021-02-24 00:00:00,73
2021-02-24 01:00:00,121
2021-02-24 02:00:00,126
2021-02-24 03:00:00,123
2021-02-24 04:00:00,121
2021-02-24 05:00:00,116
2021-02-24 06:00:00,124
2021-02-24 07:00:00,172
2021-02-24 08:00:00,188
2021-02-24 09:00:00,172
2021-02-24 10:00:00,171.09266128870976
2021-02-24 11:00:00,170.09266128870976
2021-02-24 12:00:00,116
2021-02-24 13:00:00,189.62935484516098
2021-02-24 14:00:00,175
2021-02-24 15:00:00,180.09266128870976
2021-02-24 16:00:00,165.09266128870976
2021-02-24 17:00:00,164
2021-02-24 18:00:00,159
2021-02-24 19:00:00,168
2021-02-24 20:00:00,142
2021-02-24 21:00:00,142
2021-02-24 22:00:00,135
2021-02-24 23:00:00,129
2021-02-25 00:00:00,74
2021-02-25 01:00:00,128
2021-02-25 02:00:00,126
2021-02-25 03:00:00,128
2021-02-25 04:00:00,122
2021-02-25 05:00:00,114
2021-02-25 06:00:00,122
2021-02-25 07:00:00,152
2021-02-25 08:00:00,168
2021-02-25 09:00:00,178
2021-02-25 10:00:00,182
2021-02-25 11:00:00,184
2021-02-25 12:00:00,136
2021-02-25 13:00:00,185
2021-02-25 14:00:00,184
2021-02-25 15:00:00,186
2021-02-25 16:00:00,176
2021-02-25 17:00:00,180
2021-02-25 18:00:00,164
2021-02-25 19:00:00,127
2021-02-25 20:00:00,115
2021-02-25 21:00:00,121
2021-02-25 22:00:00,136
2021-02-25 23:00:00,122
2021-02-26 00:00:00,71
2021-02-26 01:00:00,124
2021-02-26 02:00:00,125
2021-02-26 03:00:00,113
2021-02-26 04:00:00,131
2021-02-26 05:00:00,113
2021-02-26 06:00:00,127
2021-02-26 07:00:00,95
2021-02-26 08:00:00,24
2021-02-26 09:00:00,23
2021-02-26 10:00:00,28
2021-02-26 11:00:00,24
2021-02-26 12:00:00,24
2021-02-26 13:00:00,28
2021-02-26 14:00:00,25
2021-02-26 15:00:00,24
2021-02-26 16:00:00,24
2021-02-26 17:00:00,28
2021-02-26 18:00:00,24
2021-02-26 19:00:00,24
2021-02-26 20:00:00,28
2021-02-26 21:00:00,24
2021-02-26 22:00:00,24
2021-02-26 23:00:00,28
2021-02-27 00:00:00,71
2021-02-27 01:00:00,111
2021-02-27 02:00:00,111
2021-02-27 03:00:00,112
2021-02-27 04:00:00,113
2021-02-27 05:00:00,110
2021-02-27 06:00:00,106
2021-02-27 07:00:00,92
2021-02-27 08:00:00,24
2021-02-27 09:00:00,28
2021-02-27 10:00:00,29
2021-02-27 11:00:00,29
2021-02-27 12:00:00,25
2021-02-27 13:00:00,27
2021-02-27 14:00:00,23
2021-02-27 15:00:00,23
2021-02-27 16:00:00,27
2021-02-27 17:00:00,23
2021-02-27 18:00:00,22
2021-02-27 19:00:00,27
2021-02-27 20:00:00,23
2021-02-27 21:00:00,23
2021-02-27 22:00:00,23
2021-02-27 23:00:00,27
2021-02-28 00:00:00,23
2021-02-28 01:00:00,22
2021-02-28 02:00:00,27
2021-02-28 03:00:00,22
2021-02-28 04:00:00,23
2021-02-28 05:00:00,23
2021-02-28 06:00:00,26
2021-02-28 07:00:00,22
2021-02-28 08:00:00,22
2021-02-28 09:00:00,26
2021-02-28 10:00:00,23
2021-02-28 11:00:00,22
2021-02-28 12:00:00,27
2021-02-28 13:00:00,25
2021-02-28 14:00:00,23
2021-02-28 15:00:00,23
2021-02-28 16:00:00,27
2021-02-28 17:00:00,22
2021-02-28 18:00:00,22
2021-02-28 19:00:00,26
2021-02-28 20:00:00,22
2021-02-28 21:00:00,23
2021-02-28 22:00:00,25
2021-02-28 23:00:00,26
2021-03-01 00:00:00,62
2021-03-01 01:00:00,106
2021-03-01 02:00:00,107
2021-03-01 03:00:00,107
2021-03-01 04:00:00,107
2021-03-01 05:00:00,103
2021-03-01 06:00:00,116
2021-03-01 07:00:00,139
2021-03-01 08:00:00,195
2021-03-01 09:00:00,182
2021-03-01 10:00:00,187
2021-03-01 11:00:00,184
2021-03-01 12:00:00,121
2021-03-01 13:00:00,177
2021-03-01 14:00:00,167
2021-03-01 15:00:00,162
2021-03-01 16:00:00,169
2021-03-01 17:00:00,155
2021-03-01 18:00:00,161
2021-03-01 19:00:00,158
2021-03-01 20:00:00,124
2021-03-01 21:00:00,128
2021-03-01 22:00:00,113
2021-03-01 23:00:00,110
2021-03-02 00:00:00,63
2021-03-02 01:00:00,111
2021-03-02 02:00:00,113
2021-03-02 03:00:00,110
2021-03-02 04:00:00,107
2021-03-02 05:00:00,106
2021-03-02 06:00:00,116
2021-03-02 07:00:00,151
2021-03-02 08:00:00,177
2021-03-02 09:00:00,180
2021-03-02 10:00:00,190.88908007007373
2021-03-02 11:00:00,185.03697330997542
2021-03-02 12:00:00,131
2021-03-02 13:00:00,189
2021-03-02 14:00:00,180
2021-03-02 15:00:00,166.03697330997542
2021-03-02 16:00:00,172.03697330997542
2021-03-02 17:00:00,158
2021-03-02 18:00:00,154
2021-03-02 19:00:00,142
2021-03-02 20:00:00,118
2021-03-02 21:00:00,114
2021-03-02 22:00:00,106
2021-03-02 23:00:00,109
2021-03-03 00:00:00,69
2021-03-03 01:00:00,115
2021-03-03 02:00:00,115
2021-03-03 03:00:00,110
2021-03-03 04:00:00,109
2021-03-03 05:00:00,107
2021-03-03 06:00:00,118
2021-03-03 07:00:00,149
2021-03-03 08:00:00,181
2021-03-03 09:00:00,171
2021-03-03 10:00:00,170
2021-03-03 11:00:00,172
2021-03-03 12:00:00,121
2021-03-03 13:00:00,165
2021-03-03 14:00:00,163
2021-03-03 15:00:00,161
2021-03-03 16:00:00,163
2021-03-03 17:00:00,151
2021-03-03 18:00:00,150
2021-03-03 19:00:00,119
2021-03-03 20:00:00,130
2021-03-03 21:00:00,132
2021-03-03 22:00:00,118
2021-03-03 23:00:00,114
2021-03-04 00:00:00,72
2021-03-04 01:00:00,119
2021-03-04 02:00:00,116
2021-03-04 03:00:00,113
2021-03-04 04:00:00,115
2021-03-04 05:00:00,107
2021-03-04 06:00:00,118
2021-03-04 07:00:00,142
2021-03-04 08:00:00,159
2021-03-04 09:00:00,166
2021-03-04 10:00:00,173
2021-03-04 11:00:00,155
2021-03-04 12:00:00,118
2021-03-04 13:00:00,158
2021-03-04 14:00:00,160
2021-03-04 15:00:00,149
2021-03-04 16:00:00,145
2021-03-04 17:00:00,143
2021-03-04 18:00:00,145
2021-03-04 19:00:00,135
2021-03-04 20:00:00,111
2021-03-04 21:00:00,110
2021-03-04 22:00:00,111
2021-03-04 23:00:00,112
2021-03-05 00:00:00,26
2021-03-05 01:00:00,22
2021-03-05 02:00:00,22
2021-03-05 03:00:00,24
2021-03-05 04:00:00,26
2021-03-05 05:00:00,22
2021-03-05 06:00:00,22
2021-03-05 07:00:00,26
2021-03-05 08:00:00,21
2021-03-05 09:00:00,21
2021-03-05 10:00:00,26
2021-03-05 11:00:00,25
2021-03-05 12:00:00,21
2021-03-05 13:00:00,21
2021-03-05 14:00:00,25
2021-03-05 15:00:00,21
2021-03-05 16:00:00,21
2021-03-05 17:00:00,26
2021-03-05 18:00:00,21
2021-03-05 19:00:00,21
2021-03-05 20:00:00,26
2021-03-05 21:00:00,22
2021-03-05 22:00:00,21
2021-03-05 23:00:00,26
2021-03-06 00:00:00,64
2021-03-06 01:00:00,116
2021-03-06 02:00:00,107
2021-03-06 03:00:00,110
2021-03-06 04:00:00,108
2021-03-06 05:00:00,99
2021-03-06 06:00:00,111
2021-03-06 07:00:00,92
2021-03-06 08:00:00,27
2021-03-06 09:00:00,22
2021-03-06 10:00:00,22
2021-03-06 11:00:00,28
2021-03-06 12:00:00,23
2021-03-06 13:00:00,23
2021-03-06 14:00:00,23
2021-03-06 15:00:00,28
2021-03-06 16:00:00,23
2021-03-06 17:00:00,23
2021-03-06 18:00:00,27
2021-03-06 19:00:00,22
2021-03-06 20:00:00,22
2021-03-06 21:00:00,27
2021-03-06 22:00:00,26
2021-03-06 23:00:00,22
2021-03-07 00:00:00,25
2021-03-07 01:00:00,26
2021-03-07 02:00:00,22
2021-03-07 03:00:00,23
2021-03-07 04:00:00,27
2021-03-07 05:00:00,22
2021-03-07 06:00:00,22
2021-03-07 07:00:00,90
2021-03-07 08:00:00,182
2021-03-07 09:00:00,179
2021-03-07 10:00:00,176
2021-03-07 11:00:00,170
2021-03-07 12:00:00,129
2021-03-07 13:00:00,182
2021-03-07 14:00:00,180
2021-03-07 15:00:00,175
2021-03-07 16:00:00,173
2021-03-07 17:00:00,151
2021-03-07 18:00:00,158
2021-03-07 19:00:00,147
2021-03-07 20:00:00,114
2021-03-07 21:00:00,113
2021-03-07 22:00:00,100
2021-03-07 23:00:00,110
2021-03-08 00:00:00,64
2021-03-08 01:00:00,110
2021-03-08 02:00:00,111
2021-03-08 03:00:00,105
2021-03-08 04:00:00,110
2021-03-08 05:00:00,101
2021-03-08 06:00:00,109
2021-03-08 07:00:00,117
2021-03-08 08:00:00,161
2021-03-08 09:00:00,165
2021-03-08 10:00:00,153
2021-03-08 11:00:00,171
2021-03-08 12:00:00,124
2021-03-08 13:00:00,174
2021-03-08 14:00:00,176
2021-03-08 15:00:00,180
2021-03-08 16:00:00,166
2021-03-08 17:00:00,161
2021-03-08 18:00:00,157
2021-03-08 19:00:00,155
2021-03-08 20:00:00,134
2021-03-08 21:00:00,132
2021-03-08 22:00:00,115
2021-03-08 23:00:00,114
2021-03-09 00:00:00,72
2021-03-09 01:00:00,103
2021-03-09 02:00:00,107
2021-03-09 03:00:00,113
2021-03-09 04:00:00,101
2021-03-09 05:00:00,91
2021-03-09 06:00:00,106
2021-03-09 07:00:00,150
2021-03-09 08:00:00,174
2021-03-09 09:00:00,179
2021-03-09 10:00:00,180
2021-03-09 11:00:00,178
2021-03-09 12:00:00,122
2021-03-09 13:00:00,181
2021-03-09 14:00:00,170
2021-03-09 15:00:00,170
2021-03-09 16:00:00,159
2021-03-09 17:00:00,161
2021-03-09 18:00:00,161
2021-03-09 19:00:00,148
2021-03-09 20:00:00,113
2021-03-09 21:00:00,110
2021-03-09 22:00:00,109
2021-03-09 23:00:00,106
2021-03-10 00:00:00,67
2021-03-10 01:00:00,107
2021-03-10 02:00:00,109
2021-03-10 03:00:00,104
2021-03-10 04:00:00,108
2021-03-10 05:00:00,98
2021-03-10 06:00:00,107
2021-03-10 07:00:00,131
2021-03-10 08:00:00,165
2021-03-10 09:00:00,169
2021-03-10 10:00:00,177
2021-03-10 11:00:00,168
2021-03-10 12:00:00,125
2021-03-10 13:00:00,158
2021-03-10 14:00:00,169
2021-03-10 15:00:00,162
2021-03-10 16:00:00,156
2021-03-10 17:00:00,143
2021-03-10 18:00:00,123
2021-03-10 19:00:00,128
2021-03-10 20:00:00,145
2021-03-10 21:00:00,141
2021-03-10 22:00:00,124
2021-03-10 23:00:00,115
2021-03-11 00:00:00,72
2021-03-11 01:00:00,113
2021-03-11 02:00:00,111
2021-03-11 03:00:00,107
2021-03-11 04:00:00,114
2021-03-11 05:00:00,103
2021-03-11 06:00:00,107
2021-03-11 07:00:00,149
2021-03-11 08:00:00,175
2021-03-11 09:00:00,175
2021-03-11 10:00:00,168
2021-03-11 11:00:00,174
2021-03-11 12:00:00,122
2021-03-11 13:00:00,160
2021-03-11 14:00:00,160
2021-03-11 15:00:00,160
2021-03-11 16:00:00,163
2021-03-11 17:00:00,159
2021-03-11 18:00:00,152
2021-03-11 19:00:00,142
2021-03-11 20:00:00,130
2021-03-11 21:00:00,116
2021-03-11 22:00:00,110
2021-03-11 23:00:00,110
2021-03-12 00:00:00,26
2021-03-12 01:00:00,22
2021-03-12 02:00:00,22
2021-03-12 03:00:00,24
2021-03-12 04:00:00,26
2021-03-12 05:00:00,22
2021-03-12 06:00:00,22
2021-03-12 07:00:00,26
2021-03-12 08:00:00,21
2021-03-12 09:00:00,21
2021-03-12 10:00:00,26
2021-03-12 11:00:00,25
2021-03-12 12:00:00,21
2021-03-12 13:00:00,21
2021-03-12 14:00:00,25
2021-03-12 15:00:00,21
2021-03-12 16:00:00,21
2021-03-12 17:00:00,26
2021-03-12 18:00:00,21
2021-03-12 19:00:00,21
2021-03-12 20:00:00,26
2021-03-12 21:00:00,22
2021-03-12 22:00:00,21
2021-03-12 23:00:00,26
2021-03-13 00:00:00,64
2021-03-13 01:00:00,116
2021-03-13 02:00:00,107
2021-03-13 03:00:00,110
2021-03-13 04:00:00,108
2021-03-13 05:00:00,99
2021-03-13 06:00:00,111
2021-03-13 07:00:00,92
2021-03-13 08:00:00,27
2021-03-13 09:00:00,22
2021-03-13 10:00:00,22
2021-03-13 11:00:00,28
2021-03-13 12:00:00,23
2021-03-13 13:00:00,23
2021-03-13 14:00:00,23
2021-03-13 15:00:00,28
2021-03-13 16:00:00,23
2021-03-13 17:00:00,23
2021-03-13 18:00:00,27
2021-03-13 19:00:00,22
2021-03-13 20:00:00,22
2021-03-13 21:00:00,27
2021-03-13 22:00:00,26
2021-03-13 23:00:00,22
2021-03-14 00:00:00,22
2021-03-14 01:00:00,23
2021-03-14 02:00:00,27
2021-03-14 03:00:00,22
2021-03-14 04:00:00,24
2021-03-14 05:00:00,27
2021-03-14 06:00:00,25
2021-03-14 07:00:00,112
2021-03-14 08:00:00,204
2021-03-14 09:00:00,185
2021-03-14 10:00:00,180
2021-03-14 11:00:00,190
2021-03-14 12:00:00,140
2021-03-14 13:00:00,192
2021-03-14 14:00:00,185
2021-03-14 15:00:00,192
2021-03-14 16:00:00,180
2021-03-14 17:00:00,179
2021-03-14 18:00:00,182
2021-03-14 19:00:00,164
2021-03-14 20:00:00,126
2021-03-14 21:00:00,125
2021-03-14 22:00:00,129
2021-03-14 23:00:00,118
2021-03-15 00:00:00,83
2021-03-15 01:00:00,116
2021-03-15 02:00:00,121
2021-03-15 03:00:00,123
2021-03-15 04:00:00,122
2021-03-15 05:00:00,112
2021-03-15 06:00:00,121
2021-03-15 07:00:00,150
2021-03-15 08:00:00,197.78805242991317
2021-03-15 09:00:00,195
2021-03-15 10:00:00,181.05298689252172
2021-03-15 11:00:00,184.05298689252172
2021-03-15 12:00:00,128
2021-03-15 13:00:00,177
2021-03-15 14:00:00,182
2021-03-15 15:00:00,176.05298689252172
2021-03-15 16:00:00,181.05298689252172
2021-03-15 17:00:00,159
2021-03-15 18:00:00,170
2021-03-15 19:00:00,162
2021-03-15 20:00:00,133
2021-03-15 21:00:00,131
2021-03-15 22:00:00,123
2021-03-15 23:00:00,120
2021-03-16 00:00:00,76
2021-03-16 01:00:00,120
2021-03-16 02:00:00,117
2021-03-16 03:00:00,114
2021-03-16 04:00:00,118
2021-03-16 05:00:00,111
2021-03-16 06:00:00,121
2021-03-16 07:00:00,161
2021-03-16 08:00:00,185
2021-03-16 09:00:00,192
2021-03-16 10:00:00,192.79983898793191
2021-03-16 11:00:00,186.06672033735603
2021-03-16 12:00:00,120
2021-03-16 13:00:00,175
2021-03-16 14:00:00,174
2021-03-16 15:00:00,180.06672033735603
2021-03-16 16:00:00,177.06672033735603
2021-03-16 17:00:00,177
2021-03-16 18:00:00,177
2021-03-16 19:00:00,152
2021-03-16 20:00:00,120
2021-03-16 21:00:00,123
2021-03-16 22:00:00,107
2021-03-16 23:00:00,119
2021-03-17 00:00:00,72
2021-03-17 01:00:00,118
2021-03-17 02:00:00,117
2021-03-17 03:00:00,120
2021-03-17 04:00:00,115
2021-03-17 05:00:00,112
2021-03-17 06:00:00,126
2021-03-17 07:00:00,162
2021-03-17 08:00:00,196.94569764341369
2021-03-17 09:00:00,188
2021-03-17 10:00:00,177.01357558914657
2021-03-17 11:00:00,190.01357558914657
2021-03-17 12:00:00,123
2021-03-17 13:00:00,192
2021-03-17 14:00:00,189
2021-03-17 15:00:00,179.01357558914657
2021-03-17 16:00:00,174.01357558914657
2021-03-17 17:00:00,158
2021-03-17 18:00:00,177
2021-03-17 19:00:00,169
2021-03-17 20:00:00,143
2021-03-17 21:00:00,134
2021-03-17 22:00:00,128
2021-03-17 23:00:00,125
2021-03-18 00:00:00,90
2021-03-18 01:00:00,117
2021-03-18 02:00:00,121
2021-03-18 03:00:00,126
2021-03-18 04:00:00,117
2021-03-18 05:00:00,120
2021-03-18 06:00:00,123
2021-03-18 07:00:00,157
2021-03-18 08:00:00,177
2021-03-18 09:00:00,186
2021-03-18 10:00:00,179
2021-03-18 11:00:00,185
2021-03-18 12:00:00,124
2021-03-18 13:00:00,180
2021-03-18 14:00:00,170
2021-03-18 15:00:00,170
2021-03-18 16:00:00,174
2021-03-18 17:00:00,164
2021-03-18 18:00:00,154
2021-03-18 19:00:00,142
2021-03-18 20:00:00,124
2021-03-18 21:00:00,121
2021-03-18 22:00:00,117
2021-03-18 23:00:00,120
2021-03-19 00:00:00,26
2021-03-19 01:00:00,22
2021-03-19 02:00:00,22
2021-03-19 03:00:00,24
2021-03-19 04:00:00,26
2021-03-19 05:00:00,22
2021-03-19 06:00:00,22
2021-03-19 07:00:00,26
2021-03-19 08:00:00,21
2021-03-19 09:00:00,21
2021-03-19 10:00:00,26
2021-03-19 11:00:00,25
2021-03-19 12:00:00,21
2021-03-19 13:00:00,21
2021-03-19 14:00:00,25
2021-03-19 15:00:00,21
2021-03-19 16:00:00,21
2021-03-19 17:00:00,26
2021-03-19 18:00:00,21
2021-03-19 19:00:00,21
2021-03-19 20:00:00,26
2021-03-19 21:00:00,22
2021-03-19 22:00:00,21
2021-03-19 23:00:00,26
2021-03-20 00:00:00,64
2021-03-20 01:00:00,116
2021-03-20 02:00:00,107
2021-03-20 03:00:00,110
2021-03-20 04:00:00,108
2021-03-20 05:00:00,99
2021-03-20 06:00:00,111
2021-03-20 07:00:00,92
2021-03-20 08:00:00,27
2021-03-20 09:00:00,22
2021-03-20 10:00:00,22
2021-03-20 11:00:00,28
2021-03-20 12:00:00,23
2021-03-20 13:00:00,23
2021-03-20 14:00:00,23
2021-03-20 15:00:00,28
2021-03-20 16:00:00,23
2021-03-20 17:00:00,23
2021-03-20 18:00:00,27
2021-03-20 19:00:00,22
2021-03-20 20:00:00,22
2021-03-20 21:00:00,27
2021-03-20 22:00:00,26
2021-03-20 23:00:00,22
2021-03-21 00:00:00,25
2021-03-21 01:00:00,28
2021-03-21 02:00:00,23
2021-03-21 03:00:00,23
2021-03-21 04:00:00,27
2021-03-21 05:00:00,23
2021-03-21 06:00:00,22
2021-03-21 07:00:00,26
2021-03-21 08:00:00,208
2021-03-21 09:00:00,194
2021-03-21 10:00:00,202
2021-03-21 11:00:00,191
2021-03-21 12:00:00,132
2021-03-21 13:00:00,199
2021-03-21 14:00:00,201
2021-03-21 15:00:00,184
2021-03-21 16:00:00,164
2021-03-21 17:00:00,162
2021-03-21 18:00:00,157
2021-03-21 19:00:00,159
2021-03-21 20:00:00,134
2021-03-21 21:00:00,133
2021-03-21 22:00:00,121
2021-03-21 23:00:00,130
2021-03-22 00:00:00,74
2021-03-22 01:00:00,118
2021-03-22 02:00:00,120
2021-03-22 03:00:00,123
2021-03-22 04:00:00,121
2021-03-22 05:00:00,112
2021-03-22 06:00:00,117
2021-03-22 07:00:00,162
2021-03-22 08:00:00,178
2021-03-22 09:00:00,176
2021-03-22 10:00:00,188.38457329202197
2021-03-22 11:00:00,180.20514223599267
2021-03-22 12:00:00,122
2021-03-22 13:00:00,186
2021-03-22 14:00:00,172
2021-03-22 15:00:00,171.20514223599267
2021-03-22 16:00:00,175.20514223599267
2021-03-22 17:00:00,159
2021-03-22 18:00:00,164
2021-03-22 19:00:00,174
2021-03-22 20:00:00,134
2021-03-22 21:00:00,128
2021-03-22 22:00:00,122
2021-03-22 23:00:00,131
2021-03-23 00:00:00,70
2021-03-23 01:00:00,106
2021-03-23 02:00:00,123
2021-03-23 03:00:00,113
2021-03-23 04:00:00,116
2021-03-23 05:00:00,125
2021-03-23 06:00:00,125
2021-03-23 07:00:00,158
2021-03-23 08:00:00,174
2021-03-23 09:00:00,162
2021-03-23 10:00:00,160
2021-03-23 11:00:00,166
2021-03-23 12:00:00,104
2021-03-23 13:00:00,161
2021-03-23 14:00:00,156
2021-03-23 15:00:00,165
2021-03-23 16:00:00,168
2021-03-23 17:00:00,170
2021-03-23 18:00:00,166
2021-03-23 19:00:00,146
2021-03-23 20:00:00,136
2021-03-23 21:00:00,127
2021-03-23 22:00:00,123
2021-03-23 23:00:00,120
2021-03-24 00:00:00,73
2021-03-24 01:00:00,121
2021-03-24 02:00:00,126
2021-03-24 03:00:00,123
2021-03-24 04:00:00,121
2021-03-24 05:00:00,116
2021-03-24 06:00:00,124
2021-03-24 07:00:00,172
2021-03-24 08:00:00,188
2021-03-24 09:00:00,172
2021-03-24 10:00:00,171.10513188804208
2021-03-24 11:00:00,170.10513188804208
2021-03-24 12:00:00,116
2021-03-24 13:00:00,189.57947244783171
2021-03-24 14:00:00,175
2021-03-24 15:00:00,180.10513188804208
2021-03-24 16:00:00,165.10513188804208
2021-03-24 17:00:00,164
2021-03-24 18:00:00,159
2021-03-24 19:00:00,168
2021-03-24 20:00:00,142
2021-03-24 21:00:00,142
2021-03-24 22:00:00,135
2021-03-24 23:00:00,129
2021-03-25 00:00:00,74
2021-03-25 01:00:00,128
2021-03-25 02:00:00,126
2021-03-25 03:00:00,128
2021-03-25 04:00:00,122
2021-03-25 05:00:00,114
2021-03-25 06:00:00,122
2021-03-25 07:00:00,152
2021-03-25 08:00:00,168
2021-03-25 09:00:00,178
2021-03-25 10:00:00,182
2021-03-25 11:00:00,184
2021-03-25 12:00:00,136
2021-03-25 13:00:00,185
2021-03-25 14:00:00,184
2021-03-25 15:00:00,186
2021-03-25 16:00:00,176
2021-03-25 17:00:00,180
2021-03-25 18:00:00,164
2021-03-25 19:00:00,127
2021-03-25 20:00:00,115
2021-03-25 21:00:00,121
2021-03-25 22:00:00,136
2021-03-25 23:00:00,122
2021-03-26 00:00:00,26
2021-03-26 01:00:00,22
2021-03-26 02:00:00,22
2021-03-26 03:00:00,24
2021-03-26 04:00:00,26
2021-03-26 05:00:00,22
2021-03-26 06:00:00,22
2021-03-26 07:00:00,26
2021-03-26 08:00:00,21
2021-03-26 09:00:00,21
2021-03-26 10:00:00,26
2021-03-26 11:00:00,25
2021-03-26 12:00:00,21
2021-03-26 13:00:00,21
2021-03-26 14:00:00,25
2021-03-26 15:00:00,21
2021-03-26 16:00:00,21
2021-03-26 17:00:00,26
2021-03-26 18:00:00,21
2021-03-26 19:00:00,21
2021-03-26 20:00:00,26
2021-03-26 21:00:00,22
2021-03-26 22:00:00,21
2021-03-26 23:00:00,26
2021-03-27 00:00:00,64
2021-03-27 01:00:00,116
2021-03-27 02:00:00,107
2021-03-27 03:00:00,110
2021-03-27 04:00:00,108
2021-03-27 05:00:00,99
2021-03-27 06:00:00,111
2021-03-27 07:00:00,92
2021-03-27 08:00:00,27
2021-03-27 09:00:00,22
2021-03-27 10:00:00,22
2021-03-27 11:00:00,28
2021-03-27 12:00:00,23
2021-03-27 13:00:00,23
2021-03-27 14:00:00,23
2021-03-27 15:00:00,28
2021-03-27 16:00:00,23
2021-03-27 17:00:00,23
2021-03-27 18:00:00,27
2021-03-27 19:00:00,22
2021-03-27 20:00:00,22
2021-03-27 21:00:00,27
2021-03-27 22:00:00,26
2021-03-27 23:00:00,22
2021-03-28 00:00:00,24
2021-03-28 01:00:00,28
2021-03-28 02:00:00,22
2021-03-28 03:00:00,24
2021-03-28 04:00:00,28
2021-03-28 05:00:00,22
2021-03-28 06:00:00,23
2021-03-28 07:00:00,26
2021-03-28 08:00:00,198
2021-03-28 09:00:00,185
2021-03-28 10:00:00,184
2021-03-28 11:00:00,193
2021-03-28 12:00:00,135
2021-03-28 13:00:00,191
2021-03-28 14:00:00,189
2021-03-28 15:00:00,194
2021-03-28 16:00:00,172
2021-03-28 17:00:00,179
2021-03-28 18:00:00,185
2021-03-28 19:00:00,169
2021-03-28 20:00:00,113
2021-03-28 21:00:00,123
2021-03-28 22:00:00,119
2021-03-28 23:00:00,126
2021-03-29 00:00:00,67
2021-03-29 01:00:00,112
2021-03-29 02:00:00,124
2021-03-29 03:00:00,115
2021-03-29 04:00:00,114
2021-03-29 05:00:00,110
2021-03-29 06:00:00,119
2021-03-29 07:00:00,160
2021-03-29 08:00:00,221.65398033245012
2021-03-29 09:00:00,183
2021-03-29 10:00:00,175.08650491688746
2021-03-29 11:00:00,200.08650491688746
2021-03-29 12:00:00,134
2021-03-29 13:00:00,194
2021-03-29 14:00:00,183
2021-03-29 15:00:00,179.08650491688746
2021-03-29 16:00:00,167.08650491688746
2021-03-29 17:00:00,153
2021-03-29 18:00:00,175
2021-03-29 19:00:00,177
2021-03-29 20:00:00,137
2021-03-29 21:00:00,126
2021-03-29 22:00:00,121
2021-03-29 23:00:00,113
2021-03-30 00:00:00,69
2021-03-30 01:00:00,112
2021-03-30 02:00:00,118
2021-03-30 03:00:00,120
2021-03-30 04:00:00,116
2021-03-30 05:00:00,115
2021-03-30 06:00:00,118
2021-03-30 07:00:00,143
2021-03-30 08:00:00,192.84509095175383
2021-03-30 09:00:00,187
2021-03-30 10:00:00,171.03872726206154
2021-03-30 11:00:00,150.03872726206154
2021-03-30 12:00:00,119
2021-03-30 13:00:00,184
2021-03-30 14:00:00,177
2021-03-30 15:00:00,178.03872726206154
2021-03-30 16:00:00,165.03872726206154
2021-03-30 17:00:00,181
2021-03-30 18:00:00,165
2021-03-30 19:00:00,162
2021-03-30 20:00:00,115
2021-03-30 21:00:00,117
2021-03-30 22:00:00,118
2021-03-30 23:00:00,120
2021-03-31 00:00:00,26
2021-03-31 01:00:00,22
2021-03-31 02:00:00,22
2021-03-31 03:00:00,24
2021-03-31 04:00:00,26
2021-03-31 05:00:00,22
2021-03-31 06:00:00,22
2021-03-31 07:00:00,26
2021-03-31 08:00:00,21
2021-03-31 09:00:00,21
2021-03-31 10:00:00,26
2021-03-31 11:00:00,25
2021-03-31 12:00:00,21
2021-03-31 13:00:00,21
2021-03-31 14:00:00,25
2021-03-31 15:00:00,21
2021-03-31 16:00:00,21
2021-03-31 17:00:00,26
2021-03-31 18:00:00,21
2021-03-31 19:00:00,21
2021-03-31 20:00:00,26
2021-03-31 21:00:00,22
2021-03-31 22:00:00,21
2021-03-31 23:00:00,26
2021-04-01 00:00:00,26
2021-04-01 01:00:00,21
2021-04-01 02:00:00,21
2021-04-01 03:00:00,26
2021-04-01 04:00:00,21
2021-04-01 05:00:00,21
2021-04-01 06:00:00,25
2021-04-01 07:00:00,97
2021-04-01 08:00:00,184
2021-04-01 09:00:00,181
2021-04-01 10:00:00,164
2021-04-01 11:00:00,179
2021-04-01 12:00:00,134
2021-04-01 13:00:00,182
2021-04-01 14:00:00,170
2021-04-01 15:00:00,167
2021-04-01 16:00:00,162
2021-04-01 17:00:00,146
2021-04-01 18:00:00,141
2021-04-01 19:00:00,133
2021-04-01 20:00:00,117
2021-04-01 21:00:00,110
2021-04-01 22:00:00,110
2021-04-01 23:00:00,114
2021-04-02 00:00:00,68
2021-04-02 01:00:00,117
2021-04-02 02:00:00,120
2021-04-02 03:00:00,113
2021-04-02 04:00:00,108
2021-04-02 05:00:00,94
2021-04-02 06:00:00,112
2021-04-02 07:00:00,142
2021-04-02 08:00:00,181
2021-04-02 09:00:00,177
2021-04-02 10:00:00,174
2021-04-02 11:00:00,178
2021-04-02 12:00:00,129
2021-04-02 13:00:00,170
2021-04-02 14:00:00,180
2021-04-02 15:00:00,177
2021-04-02 16:00:00,164
2021-04-02 17:00:00,153
2021-04-02 18:00:00,169
2021-04-02 19:00:00,172
2021-04-02 20:00:00,129
2021-04-02 21:00:00,134
2021-04-02 22:00:00,115
2021-04-02 23:00:00,106
2021-04-03 00:00:00,76
2021-04-03 01:00:00,116
2021-04-03 02:00:00,118
2021-04-03 03:00:00,105
2021-04-03 04:00:00,107
2021-04-03 05:00:00,92
2021-04-03 06:00:00,103
2021-04-03 07:00:00,97
2021-04-03 08:00:00,25
2021-04-03 09:00:00,21
2021-04-03 10:00:00,21
2021-04-03 11:00:00,26
2021-04-03 12:00:00,24
2021-04-03 13:00:00,21
2021-04-03 14:00:00,21
2021-04-03 15:00:00,26
2021-04-03 16:00:00,21
2021-04-03 17:00:00,21
2021-04-03 18:00:00,25
2021-04-03 19:00:00,21
2021-04-03 20:00:00,21
2021-04-03 21:00:00,26
2021-04-03 22:00:00,22
2021-04-03 23:00:00,21
2021-04-04 00:00:00,22
2021-04-04 01:00:00,25
2021-04-04 02:00:00,21
2021-04-04 03:00:00,21
2021-04-04 04:00:00,26
2021-04-04 05:00:00,21
2021-04-04 06:00:00,21
2021-04-04 07:00:00,25
2021-04-04 08:00:00,21
2021-04-04 09:00:00,21
2021-04-04 10:00:00,26
2021-04-04 11:00:00,24
2021-04-04 12:00:00,21
2021-04-04 13:00:00,24
2021-04-04 14:00:00,26
2021-04-04 15:00:00,21
2021-04-04 16:00:00,20
2021-04-04 17:00:00,25
2021-04-04 18:00:00,21
2021-04-04 19:00:00,21
2021-04-04 20:00:00,26
2021-04-04 21:00:00,22
2021-04-04 22:00:00,21
2021-04-04 23:00:00,25
2021-04-05 00:00:00,26
2021-04-05 01:00:00,21
2021-04-05 02:00:00,21
2021-04-05 03:00:00,26
2021-04-05 04:00:00,21
2021-04-05 05:00:00,21
2021-04-05 06:00:00,25
2021-04-05 07:00:00,97
2021-04-05 08:00:00,184
2021-04-05 09:00:00,181
2021-04-05 10:00:00,164
2021-04-05 11:00:00,179
2021-04-05 12:00:00,134
2021-04-05 13:00:00,182
2021-04-05 14:00:00,170
2021-04-05 15:00:00,167
2021-04-05 16:00:00,162
2021-04-05 17:00:00,146
2021-04-05 18:00:00,141
2021-04-05 19:00:00,133
2021-04-05 20:00:00,117
2021-04-05 21:00:00,110
2021-04-05 22:00:00,110
2021-04-05 23:00:00,114
2021-04-06 00:00:00,68
2021-04-06 01:00:00,117
2021-04-06 02:00:00,120
2021-04-06 03:00:00,113
2021-04-06 04:00:00,108
2021-04-06 05:00:00,94
2021-04-06 06:00:00,112
2021-04-06 07:00:00,142
2021-04-06 08:00:00,181
2021-04-06 09:00:00,177
2021-04-06 10:00:00,174
2021-04-06 11:00:00,178
2021-04-06 12:00:00,129
2021-04-06 13:00:00,170
2021-04-06 14:00:00,180
2021-04-06 15:00:00,177
2021-04-06 16:00:00,164
2021-04-06 17:00:00,153
2021-04-06 18:00:00,169
2021-04-06 19:00:00,172
2021-04-06 20:00:00,129
2021-04-06 21:00:00,134
2021-04-06 22:00:00,115
2021-04-06 23:00:00,106
2021-04-07 00:00:00,21
2021-04-07 01:00:00,21
2021-04-07 02:00:00,26
2021-04-07 03:00:00,24
2021-04-07 04:00:00,21
2021-04-07 05:00:00,25
2021-04-07 06:00:00,26
2021-04-07 07:00:00,95
2021-04-07 08:00:00,198.85919272652623
2021-04-07 09:00:00,187
2021-04-07 10:00:00,177.03520181836845
2021-04-07 11:00:00,179.03520181836845
2021-04-07 12:00:00,123
2021-04-07 13:00:00,173
2021-04-07 14:00:00,167
2021-04-07 15:00:00,173.03520181836845
2021-04-07 16:00:00,163.03520181836845
2021-04-07 17:00:00,155
2021-04-07 18:00:00,140
2021-04-07 19:00:00,124
2021-04-07 20:00:00,138
2021-04-07 21:00:00,128
2021-04-07 22:00:00,120
2021-04-07 23:00:00,118
2021-04-08 00:00:00,72
2021-04-08 01:00:00,112
2021-04-08 02:00:00,106
2021-04-08 03:00:00,113
2021-04-08 04:00:00,102
2021-04-08 05:00:00,109
2021-04-08 06:00:00,115
2021-04-08 07:00:00,134
2021-04-08 08:00:00,181
2021-04-08 09:00:00,174
2021-04-08 10:00:00,174
2021-04-08 11:00:00,167
2021-04-08 12:00:00,130
2021-04-08 13:00:00,174
2021-04-08 14:00:00,158
2021-04-08 15:00:00,146
2021-04-08 16:00:00,153
2021-04-08 17:00:00,140
2021-04-08 18:00:00,111
2021-04-08 19:00:00,106
2021-04-08 20:00:00,110
2021-04-08 21:00:00,107
2021-04-08 22:00:00,107
2021-04-08 23:00:00,101
2021-04-09 00:00:00,23
2021-04-09 01:00:00,23
2021-04-09 02:00:00,27
2021-04-09 03:00:00,23
2021-04-09 04:00:00,23
2021-04-09 05:00:00,26
2021-04-09 06:00:00,27
2021-04-09 07:00:00,131
2021-04-09 08:00:00,184
2021-04-09 09:00:00,164
2021-04-09 10:00:00,169
2021-04-09 11:00:00,173
2021-04-09 12:00:00,126
2021-04-09 13:00:00,159
2021-04-09 14:00:00,163
2021-04-09 15:00:00,151
2021-04-09 16:00:00,157
2021-04-09 17:00:00,153
2021-04-09 18:00:00,165
2021-04-09 19:00:00,155
2021-04-09 20:00:00,114
2021-04-09 21:00:00,121
2021-04-09 22:00:00,122
2021-04-09 23:00:00,110
2021-04-10 00:00:00,63
2021-04-10 01:00:00,115
2021-04-10 02:00:00,110
2021-04-10 03:00:00,111
2021-04-10 04:00:00,114
2021-04-10 05:00:00,99
2021-04-10 06:00:00,114
2021-04-10 07:00:00,88
2021-04-10 08:00:00,27
2021-04-10 09:00:00,23
2021-04-10 10:00:00,22
2021-04-10 11:00:00,27
2021-04-10 12:00:00,23
2021-04-10 13:00:00,22
2021-04-10 14:00:00,26
2021-04-10 15:00:00,27
2021-04-10 16:00:00,23
2021-04-10 17:00:00,23
2021-04-10 18:00:00,27
2021-04-10 19:00:00,22
2021-04-10 20:00:00,22
2021-04-10 21:00:00,28
2021-04-10 22:00:00,23
2021-04-10 23:00:00,23
2021-04-11 00:00:00,20
2021-04-11 01:00:00,25
2021-04-11 02:00:00,20
2021-04-11 03:00:00,20
2021-04-11 04:00:00,25
2021-04-11 05:00:00,20
2021-04-11 06:00:00,20
2021-04-11 07:00:00,23
2021-04-11 08:00:00,24
2021-04-11 09:00:00,20
2021-04-11 10:00:00,23
2021-04-11 11:00:00,24
2021-04-11 12:00:00,20
2021-04-11 13:00:00,20
2021-04-11 14:00:00,25
2021-04-11 15:00:00,20
2021-04-11 16:00:00,20
2021-04-11 17:00:00,25
2021-04-11 18:00:00,20
2021-04-11 19:00:00,20
2021-04-11 20:00:00,25
2021-04-11 21:00:00,24
2021-04-11 22:00:00,20
2021-04-11 23:00:00,22
2021-04-12 00:00:00,71
2021-04-12 01:00:00,97
2021-04-12 02:00:00,96
2021-04-12 03:00:00,96
2021-04-12 04:00:00,91
2021-04-12 05:00:00,105
2021-04-12 06:00:00,102
2021-04-12 07:00:00,134
2021-04-12 08:00:00,179
2021-04-12 09:00:00,175
2021-04-12 10:00:00,172
2021-04-12 11:00:00,172
2021-04-12 12:00:00,130
2021-04-12 13:00:00,182
2021-04-12 14:00:00,173
2021-04-12 15:00:00,179
2021-04-12 16:00:00,163
2021-04-12 17:00:00,142
2021-04-12 18:00:00,147
2021-04-12 19:00:00,154
2021-04-12 20:00:00,119
2021-04-12 21:00:00,114
2021-04-12 22:00:00,107
2021-04-12 23:00:00,104
2021-04-13 00:00:00,71
2021-04-13 01:00:00,97
2021-04-13 02:00:00,96
2021-04-13 03:00:00,96
2021-04-13 04:00:00,91
2021-04-13 05:00:00,105
2021-04-13 06:00:00,102
2021-04-13 07:00:00,134
2021-04-13 08:00:00,179
2021-04-13 09:00:00,175
2021-04-13 10:00:00,172
2021-04-13 11:00:00,172
2021-04-13 12:00:00,130
2021-04-13 13:00:00,182
2021-04-13 14:00:00,173
2021-04-13 15:00:00,179
2021-04-13 16:00:00,163
2021-04-13 17:00:00,142
2021-04-13 18:00:00,147
2021-04-13 19:00:00,154
2021-04-13 20:00:00,119
2021-04-13 21:00:00,114
2021-04-13 22:00:00,107
2021-04-13 23:00:00,104
2021-04-14 00:00:00,71
2021-04-14 01:00:00,97
2021-04-14 02:00:00,96
2021-04-14 03:00:00,96
2021-04-14 04:00:00,91
2021-04-14 05:00:00,105
2021-04-14 06:00:00,102
2021-04-14 07:00:00,134
2021-04-14 08:00:00,179
2021-04-14 09:00:00,175
2021-04-14 10:00:00,172
2021-04-14 11:00:00,172
2021-04-14 12:00:00,130
2021-04-14 13:00:00,182
2021-04-14 14:00:00,173
2021-04-14 15:00:00,179
2021-04-14 16:00:00,163
2021-04-14 17:00:00,142
2021-04-14 18:00:00,147
2021-04-14 19:00:00,154
2021-04-14 20:00:00,119
2021-04-14 21:00:00,114
2021-04-14 22:00:00,107
2021-04-14 23:00:00,104
2021-04-15 00:00:00,71
2021-04-15 01:00:00,97
2021-04-15 02:00:00,96
2021-04-15 03:00:00,96
2021-04-15 04:00:00,91
2021-04-15 05:00:00,105
2021-04-15 06:00:00,102
2021-04-15 07:00:00,134
2021-04-15 08:00:00,179
2021-04-15 09:00:00,175
2021-04-15 10:00:00,172
2021-04-15 11:00:00,172
2021-04-15 12:00:00,130
2021-04-15 13:00:00,182
2021-04-15 14:00:00,173
2021-04-15 15:00:00,179
2021-04-15 16:00:00,163
2021-04-15 17:00:00,142
2021-04-15 18:00:00,147
2021-04-15 19:00:00,154
2021-04-15 20:00:00,119
2021-04-15 21:00:00,114
2021-04-15 22:00:00,107
2021-04-15 23:00:00,104
2021-04-16 00:00:00,71
2021-04-16 01:00:00,97
2021-04-16 02:00:00,96
2021-04-16 03:00:00,96
2021-04-16 04:00:00,91
2021-04-16 05:00:00,105
2021-04-16 06:00:00,102
2021-04-16 07:00:00,134
2021-04-16 08:00:00,179
2021-04-16 09:00:00,175
2021-04-16 10:00:00,172
2021-04-16 11:00:00,172
2021-04-16 12:00:00,130
2021-04-16 13:00:00,182
2021-04-16 14:00:00,173
2021-04-16 15:00:00,179
2021-04-16 16:00:00,163
2021-04-16 17:00:00,142
2021-04-16 18:00:00,147
2021-04-16 19:00:00,154
2021-04-16 20:00:00,119
2021-04-16 21:00:00,114
2021-04-16 22:00:00,107
2021-04-16 23:00:00,104
2021-04-17 00:00:00,63
2021-04-17 01:00:00,115
2021-04-17 02:00:00,110
2021-04-17 03:00:00,111
2021-04-17 04:00:00,114
2021-04-17 05:00:00,99
2021-04-17 06:00:00,114
2021-04-17 07:00:00,88
2021-04-17 08:00:00,27
2021-04-17 09:00:00,23
2021-04-17 10:00:00,22
2021-04-17 11:00:00,27
2021-04-17 12:00:00,23
2021-04-17 13:00:00,22
2021-04-17 14:00:00,26
2021-04-17 15:00:00,27
2021-04-17 16:00:00,23
2021-04-17 17:00:00,23
2021-04-17 18:00:00,27
2021-04-17 19:00:00,22
2021-04-17 20:00:00,22
2021-04-17 21:00:00,28
2021-04-17 22:00:00,23
2021-04-17 23:00:00,23
2021-04-18 00:00:00,20
2021-04-18 01:00:00,25
2021-04-18 02:00:00,20
2021-04-18 03:00:00,20
2021-04-18 04:00:00,25
2021-04-18 05:00:00,20
2021-04-18 06:00:00,20
2021-04-18 07:00:00,23
2021-04-18 08:00:00,24
2021-04-18 09:00:00,20
2021-04-18 10:00:00,23
2021-04-18 11:00:00,24
2021-04-18 12:00:00,20
2021-04-18 13:00:00,20
2021-04-18 14:00:00,25
2021-04-18 15:00:00,20
2021-04-18 16:00:00,20
2021-04-18 17:00:00,25
2021-04-18 18:00:00,20
2021-04-18 19:00:00,20
2021-04-18 20:00:00,25
2021-04-18 21:00:00,24
2021-04-18 22:00:00,20
2021-04-18 23:00:00,22
2021-04-19 00:00:00,21
2021-04-19 01:00:00,25
2021-04-19 02:00:00,21
2021-04-19 03:00:00,21
2021-04-19 04:00:00,25
2021-04-19 05:00:00,20
2021-04-19 06:00:00,20
2021-04-19 07:00:00,101
2021-04-19 08:00:00,172
2021-04-19 09:00:00,167
2021-04-19 10:00:00,165
2021-04-19 11:00:00,168
2021-04-19 12:00:00,123
2021-04-19 13:00:00,160
2021-04-19 14:00:00,164
2021-04-19 15:00:00,165
2021-04-19 16:00:00,152
2021-04-19 17:00:00,163
2021-04-19 18:00:00,152
2021-04-19 19:00:00,146
2021-04-19 20:00:00,110
2021-04-19 21:00:00,109
2021-04-19 22:00:00,115
2021-04-19 23:00:00,112
2021-04-20 00:00:00,21
2021-04-20 01:00:00,25
2021-04-20 02:00:00,21
2021-04-20 03:00:00,21
2021-04-20 04:00:00,25
2021-04-20 05:00:00,20
2021-04-20 06:00:00,20
2021-04-20 07:00:00,101
2021-04-20 08:00:00,172
2021-04-20 09:00:00,167
2021-04-20 10:00:00,165
2021-04-20 11:00:00,168
2021-04-20 12:00:00,123
2021-04-20 13:00:00,160
2021-04-20 14:00:00,164
2021-04-20 15:00:00,165
2021-04-20 16:00:00,152
2021-04-20 17:00:00,163
2021-04-20 18:00:00,152
2021-04-20 19:00:00,146
2021-04-20 20:00:00,110
2021-04-20 21:00:00,109
2021-04-20 22:00:00,115
2021-04-20 23:00:00,112
2021-04-21 00:00:00,62
2021-04-21 01:00:00,106
2021-04-21 02:00:00,107
2021-04-21 03:00:00,104
2021-04-21 04:00:00,111
2021-04-21 05:00:00,110
2021-04-21 06:00:00,112
2021-04-21 07:00:00,140
2021-04-21 08:00:00,174
2021-04-21 09:00:00,163
2021-04-21 10:00:00,173
2021-04-21 11:00:00,165
2021-04-21 12:00:00,110
2021-04-21 13:00:00,158
2021-04-21 14:00:00,167
2021-04-21 15:00:00,161
2021-04-21 16:00:00,155
2021-04-21 17:00:00,134
2021-04-21 18:00:00,148
2021-04-21 19:00:00,139
2021-04-21 20:00:00,136
2021-04-21 21:00:00,124
2021-04-21 22:00:00,118
2021-04-21 23:00:00,117
2021-04-22 00:00:00,62
2021-04-22 01:00:00,106
2021-04-22 02:00:00,107
2021-04-22 03:00:00,104
2021-04-22 04:00:00,111
2021-04-22 05:00:00,110
2021-04-22 06:00:00,112
2021-04-22 07:00:00,140
2021-04-22 08:00:00,174
2021-04-22 09:00:00,163
2021-04-22 10:00:00,173
2021-04-22 11:00:00,165
2021-04-22 12:00:00,110
2021-04-22 13:00:00,158
2021-04-22 14:00:00,167
2021-04-22 15:00:00,161
2021-04-22 16:00:00,155
2021-04-22 17:00:00,134
2021-04-22 18:00:00,148
2021-04-22 19:00:00,139
2021-04-22 20:00:00,136
2021-04-22 21:00:00,124
2021-04-22 22:00:00,118
2021-04-22 23:00:00,117
2021-04-23 00:00:00,62
2021-04-23 01:00:00,106
2021-04-23 02:00:00,107
2021-04-23 03:00:00,104
2021-04-23 04:00:00,111
2021-04-23 05:00:00,110
2021-04-23 06:00:00,112
2021-04-23 07:00:00,140
2021-04-23 08:00:00,174
2021-04-23 09:00:00,163
2021-04-23 10:00:00,173
2021-04-23 11:00:00,165
2021-04-23 12:00:00,110
2021-04-23 13:00:00,158
2021-04-23 14:00:00,167
2021-04-23 15:00:00,161
2021-04-23 16:00:00,155
2021-04-23 17:00:00,134
2021-04-23 18:00:00,148
2021-04-23 19:00:00,139
2021-04-23 20:00:00,136
2021-04-23 21:00:00,124
2021-04-23 22:00:00,118
2021-04-23 23:00:00,117
2021-04-24 00:00:00,61
2021-04-24 01:00:00,105
2021-04-24 02:00:00,100
2021-04-24 03:00:00,104
2021-04-24 04:00:00,105
2021-04-24 05:00:00,107
2021-04-24 06:00:00,112
2021-04-24 07:00:00,82
2021-04-24 08:00:00,21
2021-04-24 09:00:00,21
2021-04-24 10:00:00,25
2021-04-24 11:00:00,21
2021-04-24 12:00:00,21
2021-04-24 13:00:00,25
2021-04-24 14:00:00,22
2021-04-24 15:00:00,20
2021-04-24 16:00:00,23
2021-04-24 17:00:00,25
2021-04-24 18:00:00,20
2021-04-24 19:00:00,20
2021-04-24 20:00:00,24
2021-04-24 21:00:00,21
2021-04-24 22:00:00,20
2021-04-24 23:00:00,25
2021-04-25 00:00:00,20
2021-04-25 01:00:00,25
2021-04-25 02:00:00,20
2021-04-25 03:00:00,20
2021-04-25 04:00:00,25
2021-04-25 05:00:00,20
2021-04-25 06:00:00,20
2021-04-25 07:00:00,23
2021-04-25 08:00:00,24
2021-04-25 09:00:00,20
2021-04-25 10:00:00,23
2021-04-25 11:00:00,24
2021-04-25 12:00:00,20
2021-04-25 13:00:00,20
2021-04-25 14:00:00,25
2021-04-25 15:00:00,20
2021-04-25 16:00:00,20
2021-04-25 17:00:00,25
2021-04-25 18:00:00,20
2021-04-25 19:00:00,20
2021-04-25 20:00:00,25
2021-04-25 21:00:00,24
2021-04-25 22:00:00,20
2021-04-25 23:00:00,22
2021-04-26 00:00:00,68
2021-04-26 01:00:00,102
2021-04-26 02:00:00,107
2021-04-26 03:00:00,102
2021-04-26 04:00:00,105
2021-04-26 05:00:00,101
2021-04-26 06:00:00,105
2021-04-26 07:00:00,149
2021-04-26 08:00:00,176
2021-04-26 09:00:00,167
2021-04-26 10:00:00,165
2021-04-26 11:00:00,168
2021-04-26 12:00:00,111
2021-04-26 13:00:00,165
2021-04-26 14:00:00,163
2021-04-26 15:00:00,152
2021-04-26 16:00:00,149
2021-04-26 17:00:00,142
2021-04-26 18:00:00,140
2021-04-26 19:00:00,109
2021-04-26 20:00:00,127
2021-04-26 21:00:00,117
2021-04-26 22:00:00,109
2021-04-26 23:00:00,107
2021-04-27 00:00:00,68
2021-04-27 01:00:00,102
2021-04-27 02:00:00,107
2021-04-27 03:00:00,102
2021-04-27 04:00:00,105
2021-04-27 05:00:00,101
2021-04-27 06:00:00,105
2021-04-27 07:00:00,149
2021-04-27 08:00:00,176
2021-04-27 09:00:00,167
2021-04-27 10:00:00,165
2021-04-27 11:00:00,168
2021-04-27 12:00:00,111
2021-04-27 13:00:00,165
2021-04-27 14:00:00,163
2021-04-27 15:00:00,152
2021-04-27 16:00:00,149
2021-04-27 17:00:00,142
2021-04-27 18:00:00,140
2021-04-27 19:00:00,109
2021-04-27 20:00:00,127
2021-04-27 21:00:00,117
2021-04-27 22:00:00,109
2021-04-27 23:00:00,107
2021-04-28 00:00:00,63
2021-04-28 01:00:00,109
2021-04-28 02:00:00,103
2021-04-28 03:00:00,113
2021-04-28 04:00:00,109
2021-04-28 05:00:00,114
2021-04-28 06:00:00,114
2021-04-28 07:00:00,134
2021-04-28 08:00:00,175
2021-04-28 09:00:00,168
2021-04-28 10:00:00,166
2021-04-28 11:00:00,172
2021-04-28 12:00:00,118
2021-04-28 13:00:00,168
2021-04-28 14:00:00,152
2021-04-28 15:00:00,152
2021-04-28 16:00:00,145
2021-04-28 17:00:00,158
2021-04-28 18:00:00,157
2021-04-28 19:00:00,123
2021-04-28 20:00:00,112
2021-04-28 21:00:00,116
2021-04-28 22:00:00,111
2021-04-28 23:00:00,100
2021-04-29 00:00:00,63
2021-04-29 01:00:00,109
2021-04-29 02:00:00,103
2021-04-29 03:00:00,113
2021-04-29 04:00:00,109
2021-04-29 05:00:00,114
2021-04-29 06:00:00,114
2021-04-29 07:00:00,134
2021-04-29 08:00:00,175
2021-04-29 09:00:00,168
2021-04-29 10:00:00,166
2021-04-29 11:00:00,172
2021-04-29 12:00:00,118
2021-04-29 13:00:00,168
2021-04-29 14:00:00,152
2021-04-29 15:00:00,152
2021-04-29 16:00:00,145
2021-04-29 17:00:00,158
2021-04-29 18:00:00,157
2021-04-29 19:00:00,123
2021-04-29 20:00:00,112
2021-04-29 21:00:00,116
2021-04-29 22:00:00,111
2021-04-29 23:00:00,100
2021-04-30 00:00:00,62
2021-04-30 01:00:00,106
2021-04-30 02:00:00,107
2021-04-30 03:00:00,104
2021-04-30 04:00:00,111
2021-04-30 05:00:00,110
2021-04-30 06:00:00,112
2021-04-30 07:00:00,140
2021-04-30 08:00:00,174
2021-04-30 09:00:00,163
2021-04-30 10:00:00,173
2021-04-30 11:00:00,165
2021-04-30 12:00:00,110
2021-04-30 13:00:00,158
2021-04-30 14:00:00,167
2021-04-30 15:00:00,161
2021-04-30 16:00:00,155
2021-04-30 17:00:00,134
2021-04-30 18:00:00,148
2021-04-30 19:00:00,139
2021-04-30 20:00:00,136
2021-04-30 21:00:00,124
2021-04-30 22:00:00,118
2021-04-30 23:00:00,117
2021-05-01 00:00:00,76
2021-05-01 01:00:00,116
2021-05-01 02:00:00,118
2021-05-01 03:00:00,105
2021-05-01 04:00:00,107
2021-05-01 05:00:00,92
2021-05-01 06:00:00,103
2021-05-01 07:00:00,97
2021-05-01 08:00:00,25
2021-05-01 09:00:00,21
2021-05-01 10:00:00,21
2021-05-01 11:00:00,26
2021-05-01 12:00:00,24
2021-05-01 13:00:00,21
2021-05-01 14:00:00,21
2021-05-01 15:00:00,26
2021-05-01 16:00:00,21
2021-05-01 17:00:00,21
2021-05-01 18:00:00,25
2021-05-01 19:00:00,21
2021-05-01 20:00:00,21
2021-05-01 21:00:00,26
2021-05-01 22:00:00,22
2021-05-01 23:00:00,21
2021-05-02 00:00:00,22
2021-05-02 01:00:00,25
2021-05-02 02:00:00,21
2021-05-02 03:00:00,21
2021-05-02 04:00:00,26
2021-05-02 05:00:00,21
2021-05-02 06:00:00,21
2021-05-02 07:00:00,25
2021-05-02 08:00:00,21
2021-05-02 09:00:00,21
2021-05-02 10:00:00,26
2021-05-02 11:00:00,24
2021-05-02 12:00:00,21
2021-05-02 13:00:00,24
2021-05-02 14:00:00,26
2021-05-02 15:00:00,21
2021-05-02 16:00:00,20
2021-05-02 17:00:00,25
2021-05-02 18:00:00,21
2021-05-02 19:00:00,21
2021-05-02 20:00:00,26
2021-05-02 21:00:00,22
2021-05-02 22:00:00,21
2021-05-02 23:00:00,25
2021-05-03 00:00:00,26
2021-05-03 01:00:00,21
2021-05-03 02:00:00,21
2021-05-03 03:00:00,26
2021-05-03 04:00:00,21
2021-05-03 05:00:00,21
2021-05-03 06:00:00,25
2021-05-03 07:00:00,97
2021-05-03 08:00:00,184
2021-05-03 09:00:00,181
2021-05-03 10:00:00,164
2021-05-03 11:00:00,179
2021-05-03 12:00:00,134
2021-05-03 13:00:00,182
2021-05-03 14:00:00,170
2021-05-03 15:00:00,167
2021-05-03 16:00:00,162
2021-05-03 17:00:00,146
2021-05-03 18:00:00,141
2021-05-03 19:00:00,133
2021-05-03 20:00:00,117
2021-05-03 21:00:00,110
2021-05-03 22:00:00,110
2021-05-03 23:00:00,114
2021-05-04 00:00:00,68
2021-05-04 01:00:00,117
2021-05-04 02:00:00,120
2021-05-04 03:00:00,113
2021-05-04 04:00:00,108
2021-05-04 05:00:00,94
2021-05-04 06:00:00,112
2021-05-04 07:00:00,142
2021-05-04 08:00:00,181
2021-05-04 09:00:00,177
2021-05-04 10:00:00,174
2021-05-04 11:00:00,178
2021-05-04 12:00:00,129
2021-05-04 13:00:00,170
2021-05-04 14:00:00,180
2021-05-04 15:00:00,177
2021-05-04 16:00:00,164
2021-05-04 17:00:00,153
2021-05-04 18:00:00,169
2021-05-04 19:00:00,172
2021-05-04 20:00:00,129
2021-05-04 21:00:00,134
2021-05-04 22:00:00,115
2021-05-04 23:00:00,106
2021-05-05 00:00:00,67
2021-05-05 01:00:00,111
2021-05-05 02:00:00,115
2021-05-05 03:00:00,110
2021-05-05 04:00:00,120
2021-05-05 05:00:00,97
2021-05-05 06:00:00,109
2021-05-05 07:00:00,92
2021-05-05 08:00:00,21
2021-05-05 09:00:00,21
2021-05-05 10:00:00,25
2021-05-05 11:00:00,22
2021-05-05 12:00:00,21
2021-05-05 13:00:00,26
2021-05-05 14:00:00,21
2021-05-05 15:00:00,21
2021-05-05 16:00:00,26
2021-05-05 17:00:00,25
2021-05-05 18:00:00,21
2021-05-05 19:00:00,21
2021-05-05 20:00:00,26
2021-05-05 21:00:00,22
2021-05-05 22:00:00,22
2021-05-05 23:00:00,26
2021-05-06 00:00:00,21
2021-05-06 01:00:00,21
2021-05-06 02:00:00,26
2021-05-06 03:00:00,24
2021-05-06 04:00:00,21
2021-05-06 05:00:00,25
2021-05-06 06:00:00,26
2021-05-06 07:00:00,95
2021-05-06 08:00:00,198.91075891785817
2021-05-06 09:00:00,187
2021-05-06 10:00:00,177.02231027053546
2021-05-06 11:00:00,179.02231027053546
2021-05-06 12:00:00,123
2021-05-06 13:00:00,173
2021-05-06 14:00:00,167
2021-05-06 15:00:00,173.02231027053546
2021-05-06 16:00:00,163.02231027053546
2021-05-06 17:00:00,155
2021-05-06 18:00:00,140
2021-05-06 19:00:00,124
2021-05-06 20:00:00,138
2021-05-06 21:00:00,128
2021-05-06 22:00:00,120
2021-05-06 23:00:00,118
2021-05-07 00:00:00,72
2021-05-07 01:00:00,112
2021-05-07 02:00:00,106
2021-05-07 03:00:00,113
2021-05-07 04:00:00,102
2021-05-07 05:00:00,109
2021-05-07 06:00:00,115
2021-05-07 07:00:00,134
2021-05-07 08:00:00,181
2021-05-07 09:00:00,174
2021-05-07 10:00:00,174
2021-05-07 11:00:00,167
2021-05-07 12:00:00,130
2021-05-07 13:00:00,174
2021-05-07 14:00:00,158
2021-05-07 15:00:00,146
2021-05-07 16:00:00,153
2021-05-07 17:00:00,140
2021-05-07 18:00:00,111
2021-05-07 19:00:00,106
2021-05-07 20:00:00,110
2021-05-07 21:00:00,107
2021-05-07 22:00:00,107
2021-05-07 23:00:00,101
2021-05-08 00:00:00,63
2021-05-08 01:00:00,115
2021-05-08 02:00:00,110
2021-05-08 03:00:00,111
2021-05-08 04:00:00,114
2021-05-08 05:00:00,99
2021-05-08 06:00:00,114
2021-05-08 07:00:00,88
2021-05-08 08:00:00,27
2021-05-08 09:00:00,23
2021-05-08 10:00:00,22
2021-05-08 11:00:00,27
2021-05-08 12:00:00,23
2021-05-08 13:00:00,22
2021-05-08 14:00:00,26
2021-05-08 15:00:00,27
2021-05-08 16:00:00,23
2021-05-08 17:00:00,23
2021-05-08 18:00:00,27
2021-05-08 19:00:00,22
2021-05-08 20:00:00,22
2021-05-08 21:00:00,28
2021-05-08 22:00:00,23
2021-05-08 23:00:00,23
2021-05-09 00:00:00,23
2021-05-09 01:00:00,23
2021-05-09 02:00:00,27
2021-05-09 03:00:00,23
2021-05-09 04:00:00,23
2021-05-09 05:00:00,26
2021-05-09 06:00:00,27
2021-05-09 07:00:00,131
2021-05-09 08:00:00,184
2021-05-09 09:00:00,164
2021-05-09 10:00:00,169
2021-05-09 11:00:00,173
2021-05-09 12:00:00,126
2021-05-09 13:00:00,159
2021-05-09 14:00:00,163
2021-05-09 15:00:00,151
2021-05-09 16:00:00,157
2021-05-09 17:00:00,153
2021-05-09 18:00:00,165
2021-05-09 19:00:00,155
2021-05-09 20:00:00,114
2021-05-09 21:00:00,121
2021-05-09 22:00:00,122
2021-05-09 23:00:00,110
2021-05-10 00:00:00,23
2021-05-10 01:00:00,23
2021-05-10 02:00:00,27
2021-05-10 03:00:00,23
2021-05-10 04:00:00,23
2021-05-10 05:00:00,26
2021-05-10 06:00:00,27
2021-05-10 07:00:00,131
2021-05-10 08:00:00,184
2021-05-10 09:00:00,164
2021-05-10 10:00:00,169
2021-05-10 11:00:00,173
2021-05-10 12:00:00,126
2021-05-10 13:00:00,159
2021-05-10 14:00:00,163
2021-05-10 15:00:00,151
2021-05-10 16:00:00,157
2021-05-10 17:00:00,153
2021-05-10 18:00:00,165
2021-05-10 19:00:00,155
2021-05-10 20:00:00,114
2021-05-10 21:00:00,121
2021-05-10 22:00:00,122
2021-05-10 23:00:00,110
2021-05-11 00:00:00,68
2021-05-11 01:00:00,110
2021-05-11 02:00:00,108
2021-05-11 03:00:00,105
2021-05-11 04:00:00,113
2021-05-11 05:00:00,111
2021-05-11 06:00:00,117
2021-05-11 07:00:00,140
2021-05-11 08:00:00,177
2021-05-11 09:00:00,177
2021-05-11 10:00:00,171
2021-05-11 11:00:00,173
2021-05-11 12:00:00,129
2021-05-11 13:00:00,185
2021-05-11 14:00:00,166
2021-05-11 15:00:00,163
2021-05-11 16:00:00,151
2021-05-11 17:00:00,144
2021-05-11 18:00:00,141
2021-05-11 19:00:00,138
2021-05-11 20:00:00,131
2021-05-11 21:00:00,131
2021-05-11 22:00:00,112
2021-05-11 23:00:00,121
2021-05-12 00:00:00,75
2021-05-12 01:00:00,104
2021-05-12 02:00:00,113
2021-05-12 03:00:00,109
2021-05-12 04:00:00,111
2021-05-12 05:00:00,107
2021-05-12 06:00:00,110
2021-05-12 07:00:00,147
2021-05-12 08:00:00,178
2021-05-12 09:00:00,165
2021-05-12 10:00:00,166
2021-05-12 11:00:00,183
2021-05-12 12:00:00,125
2021-05-12 13:00:00,184
2021-05-12 14:00:00,172
2021-05-12 15:00:00,168
2021-05-12 16:00:00,163
2021-05-12 17:00:00,169
2021-05-12 18:00:00,169
2021-05-12 19:00:00,153
2021-05-12 20:00:00,109
2021-05-12 21:00:00,115
2021-05-12 22:00:00,116
2021-05-12 23:00:00,111
2021-05-13 00:00:00,75
2021-05-13 01:00:00,107
2021-05-13 02:00:00,113
2021-05-13 03:00:00,110
2021-05-13 04:00:00,113
2021-05-13 05:00:00,105
2021-05-13 06:00:00,105
2021-05-13 07:00:00,135
2021-05-13 08:00:00,176
2021-05-13 09:00:00,174
2021-05-13 10:00:00,176
2021-05-13 11:00:00,170
2021-05-13 12:00:00,119
2021-05-13 13:00:00,175
2021-05-13 14:00:00,169
2021-05-13 15:00:00,156
2021-05-13 16:00:00,155
2021-05-13 17:00:00,117
2021-05-13 18:00:00,108
2021-05-13 19:00:00,106
2021-05-13 20:00:00,139
2021-05-13 21:00:00,135
2021-05-13 22:00:00,123
2021-05-13 23:00:00,115
2021-05-14 00:00:00,72
2021-05-14 01:00:00,110
2021-05-14 02:00:00,111
2021-05-14 03:00:00,104
2021-05-14 04:00:00,108
2021-05-14 05:00:00,104
2021-05-14 06:00:00,107
2021-05-14 07:00:00,135
2021-05-14 08:00:00,157
2021-05-14 09:00:00,143
2021-05-14 10:00:00,155
2021-05-14 11:00:00,155
2021-05-14 12:00:00,113
2021-05-14 13:00:00,156
2021-05-14 14:00:00,147
2021-05-14 15:00:00,148
2021-05-14 16:00:00,143
2021-05-14 17:00:00,148
2021-05-14 18:00:00,156
2021-05-14 19:00:00,144
2021-05-14 20:00:00,109
2021-05-14 21:00:00,112
2021-05-14 22:00:00,112
2021-05-14 23:00:00,98
2021-05-15 00:00:00,54
2021-05-15 01:00:00,104
2021-05-15 02:00:00,100
2021-05-15 03:00:00,101
2021-05-15 04:00:00,105
2021-05-15 05:00:00,96
2021-05-15 06:00:00,103
2021-05-15 07:00:00,86
2021-05-15 08:00:00,24
2021-05-15 09:00:00,20
2021-05-15 10:00:00,20
2021-05-15 11:00:00,24
2021-05-15 12:00:00,20
2021-05-15 13:00:00,20
2021-05-15 14:00:00,24
2021-05-15 15:00:00,23
2021-05-15 16:00:00,20
2021-05-15 17:00:00,20
2021-05-15 18:00:00,25
2021-05-15 19:00:00,20
2021-05-15 20:00:00,20
2021-05-15 21:00:00,25
2021-05-15 22:00:00,21
2021-05-15 23:00:00,20
2021-05-16 00:00:00,20
2021-05-16 01:00:00,25
2021-05-16 02:00:00,20
2021-05-16 03:00:00,20
2021-05-16 04:00:00,25
2021-05-16 05:00:00,20
2021-05-16 06:00:00,20
2021-05-16 07:00:00,23
2021-05-16 08:00:00,24
2021-05-16 09:00:00,20
2021-05-16 10:00:00,23
2021-05-16 11:00:00,24
2021-05-16 12:00:00,20
2021-05-16 13:00:00,20
2021-05-16 14:00:00,25
2021-05-16 15:00:00,20
2021-05-16 16:00:00,20
2021-05-16 17:00:00,25
2021-05-16 18:00:00,20
2021-05-16 19:00:00,20
2021-05-16 20:00:00,25
2021-05-16 21:00:00,24
2021-05-16 22:00:00,20
2021-05-16 23:00:00,22
2021-05-17 00:00:00,25
2021-05-17 01:00:00,20
2021-05-17 02:00:00,20
2021-05-17 03:00:00,25
2021-05-17 04:00:00,20
2021-05-17 05:00:00,20
2021-05-17 06:00:00,24
2021-05-17 07:00:00,87
2021-05-17 08:00:00,191.90149805084346
2021-05-17 09:00:00,183
2021-05-17 10:00:00,180.02462548728914
2021-05-17 11:00:00,186.02462548728914
2021-05-17 12:00:00,129
2021-05-17 13:00:00,173
2021-05-17 14:00:00,175
2021-05-17 15:00:00,168.02462548728914
2021-05-17 16:00:00,163.02462548728914
2021-05-17 17:00:00,158
2021-05-17 18:00:00,161
2021-05-17 19:00:00,140
2021-05-17 20:00:00,99
2021-05-17 21:00:00,96
2021-05-17 22:00:00,95
2021-05-17 23:00:00,93
2021-05-18 00:00:00,71
2021-05-18 01:00:00,97
2021-05-18 02:00:00,96
2021-05-18 03:00:00,96
2021-05-18 04:00:00,91
2021-05-18 05:00:00,105
2021-05-18 06:00:00,102
2021-05-18 07:00:00,134
2021-05-18 08:00:00,179
2021-05-18 09:00:00,175
2021-05-18 10:00:00,172
2021-05-18 11:00:00,172
2021-05-18 12:00:00,130
2021-05-18 13:00:00,182
2021-05-18 14:00:00,173
2021-05-18 15:00:00,179
2021-05-18 16:00:00,163
2021-05-18 17:00:00,142
2021-05-18 18:00:00,147
2021-05-18 19:00:00,154
2021-05-18 20:00:00,119
2021-05-18 21:00:00,114
2021-05-18 22:00:00,107
2021-05-18 23:00:00,104
2021-05-19 00:00:00,68
2021-05-19 01:00:00,95
2021-05-19 02:00:00,100
2021-05-19 03:00:00,104
2021-05-19 04:00:00,101
2021-05-19 05:00:00,100
2021-05-19 06:00:00,108
2021-05-19 07:00:00,75
2021-05-19 08:00:00,23
2021-05-19 09:00:00,25
2021-05-19 10:00:00,21
2021-05-19 11:00:00,21
2021-05-19 12:00:00,25
2021-05-19 13:00:00,24
2021-05-19 14:00:00,20
2021-05-19 15:00:00,20
2021-05-19 16:00:00,25
2021-05-19 17:00:00,21
2021-05-19 18:00:00,21
2021-05-19 19:00:00,25
2021-05-19 20:00:00,21
2021-05-19 21:00:00,24
2021-05-19 22:00:00,26
2021-05-19 23:00:00,22
2021-05-20 00:00:00,20
2021-05-20 01:00:00,22
2021-05-20 02:00:00,25
2021-05-20 03:00:00,20
2021-05-20 04:00:00,20
2021-05-20 05:00:00,25
2021-05-20 06:00:00,21
2021-05-20 07:00:00,105
2021-05-20 08:00:00,176
2021-05-20 09:00:00,167
2021-05-20 10:00:00,169
2021-05-20 11:00:00,178
2021-05-20 12:00:00,130
2021-05-20 13:00:00,181
2021-05-20 14:00:00,167
2021-05-20 15:00:00,161
2021-05-20 16:00:00,159
2021-05-20 17:00:00,110
2021-05-20 18:00:00,112
2021-05-20 19:00:00,114
2021-05-20 20:00:00,117
2021-05-20 21:00:00,107
2021-05-20 22:00:00,111
2021-05-20 23:00:00,103
2021-05-21 00:00:00,64
2021-05-21 01:00:00,100
2021-05-21 02:00:00,108
2021-05-21 03:00:00,107
2021-05-21 04:00:00,100
2021-05-21 05:00:00,95
2021-05-21 06:00:00,105
2021-05-21 07:00:00,135
2021-05-21 08:00:00,160
2021-05-21 09:00:00,146
2021-05-21 10:00:00,157
2021-05-21 11:00:00,160
2021-05-21 12:00:00,116
2021-05-21 13:00:00,153
2021-05-21 14:00:00,158
2021-05-21 15:00:00,142
2021-05-21 16:00:00,147
2021-05-21 17:00:00,140
2021-05-21 18:00:00,140
2021-05-21 19:00:00,140
2021-05-21 20:00:00,111
2021-05-21 21:00:00,109
2021-05-21 22:00:00,109
2021-05-21 23:00:00,106
2021-05-22 00:00:00,61
2021-05-22 01:00:00,105
2021-05-22 02:00:00,100
2021-05-22 03:00:00,104
2021-05-22 04:00:00,105
2021-05-22 05:00:00,107
2021-05-22 06:00:00,112
2021-05-22 07:00:00,82
2021-05-22 08:00:00,21
2021-05-22 09:00:00,21
2021-05-22 10:00:00,25
2021-05-22 11:00:00,21
2021-05-22 12:00:00,21
2021-05-22 13:00:00,25
2021-05-22 14:00:00,22
2021-05-22 15:00:00,20
2021-05-22 16:00:00,23
2021-05-22 17:00:00,25
2021-05-22 18:00:00,20
2021-05-22 19:00:00,20
2021-05-22 20:00:00,24
2021-05-22 21:00:00,21
2021-05-22 22:00:00,20
2021-05-22 23:00:00,25
2021-05-23 00:00:00,21
2021-05-23 01:00:00,21
2021-05-23 02:00:00,25
2021-05-23 03:00:00,22
2021-05-23 04:00:00,21
2021-05-23 05:00:00,24
2021-05-23 06:00:00,25
2021-05-23 07:00:00,21
2021-05-23 08:00:00,21
2021-05-23 09:00:00,25
2021-05-23 10:00:00,20
2021-05-23 11:00:00,21
2021-05-23 12:00:00,25
2021-05-23 13:00:00,21
2021-05-23 14:00:00,21
2021-05-23 15:00:00,23
2021-05-23 16:00:00,25
2021-05-23 17:00:00,20
2021-05-23 18:00:00,23
2021-05-23 19:00:00,25
2021-05-23 20:00:00,20
2021-05-23 21:00:00,21
2021-05-23 22:00:00,25
2021-05-23 23:00:00,21
2021-05-24 00:00:00,21
2021-05-24 01:00:00,25
2021-05-24 02:00:00,21
2021-05-24 03:00:00,21
2021-05-24 04:00:00,25
2021-05-24 05:00:00,20
2021-05-24 06:00:00,20
2021-05-24 07:00:00,101
2021-05-24 08:00:00,172
2021-05-24 09:00:00,167
2021-05-24 10:00:00,165
2021-05-24 11:00:00,168
2021-05-24 12:00:00,123
2021-05-24 13:00:00,160
2021-05-24 14:00:00,164
2021-05-24 15:00:00,165
2021-05-24 16:00:00,152
2021-05-24 17:00:00,163
2021-05-24 18:00:00,152
2021-05-24 19:00:00,146
2021-05-24 20:00:00,110
2021-05-24 21:00:00,109
2021-05-24 22:00:00,115
2021-05-24 23:00:00,112
2021-05-25 00:00:00,62
2021-05-25 01:00:00,106
2021-05-25 02:00:00,107
2021-05-25 03:00:00,104
2021-05-25 04:00:00,111
2021-05-25 05:00:00,110
2021-05-25 06:00:00,112
2021-05-25 07:00:00,140
2021-05-25 08:00:00,174
2021-05-25 09:00:00,163
2021-05-25 10:00:00,173
2021-05-25 11:00:00,165
2021-05-25 12:00:00,110
2021-05-25 13:00:00,158
2021-05-25 14:00:00,167
2021-05-25 15:00:00,161
2021-05-25 16:00:00,155
2021-05-25 17:00:00,134
2021-05-25 18:00:00,148
2021-05-25 19:00:00,139
2021-05-25 20:00:00,136
2021-05-25 21:00:00,124
2021-05-25 22:00:00,118
2021-05-25 23:00:00,117
2021-05-26 00:00:00,62
2021-05-26 01:00:00,104
2021-05-26 02:00:00,105
2021-05-26 03:00:00,106
2021-05-26 04:00:00,104
2021-05-26 05:00:00,119
2021-05-26 06:00:00,103
2021-05-26 07:00:00,140
2021-05-26 08:00:00,165
2021-05-26 09:00:00,160
2021-05-26 10:00:00,164
2021-05-26 11:00:00,166
2021-05-26 12:00:00,118
2021-05-26 13:00:00,166
2021-05-26 14:00:00,163
2021-05-26 15:00:00,160
2021-05-26 16:00:00,144
2021-05-26 17:00:00,148
2021-05-26 18:00:00,143
2021-05-26 19:00:00,137
2021-05-26 20:00:00,119
2021-05-26 21:00:00,107
2021-05-26 22:00:00,102
2021-05-26 23:00:00,107
2021-05-27 00:00:00,68
2021-05-27 01:00:00,102
2021-05-27 02:00:00,107
2021-05-27 03:00:00,102
2021-05-27 04:00:00,105
2021-05-27 05:00:00,101
2021-05-27 06:00:00,105
2021-05-27 07:00:00,149
2021-05-27 08:00:00,176
2021-05-27 09:00:00,167
2021-05-27 10:00:00,165
2021-05-27 11:00:00,168
2021-05-27 12:00:00,111
2021-05-27 13:00:00,165
2021-05-27 14:00:00,163
2021-05-27 15:00:00,152
2021-05-27 16:00:00,149
2021-05-27 17:00:00,142
2021-05-27 18:00:00,140
2021-05-27 19:00:00,109
2021-05-27 20:00:00,127
2021-05-27 21:00:00,117
2021-05-27 22:00:00,109
2021-05-27 23:00:00,107
2021-05-28 00:00:00,63
2021-05-28 01:00:00,109
2021-05-28 02:00:00,103
2021-05-28 03:00:00,113
2021-05-28 04:00:00,109
2021-05-28 05:00:00,114
2021-05-28 06:00:00,114
2021-05-28 07:00:00,134
2021-05-28 08:00:00,175
2021-05-28 09:00:00,168
2021-05-28 10:00:00,166
2021-05-28 11:00:00,172
2021-05-28 12:00:00,118
2021-05-28 13:00:00,168
2021-05-28 14:00:00,152
2021-05-28 15:00:00,152
2021-05-28 16:00:00,145
2021-05-28 17:00:00,158
2021-05-28 18:00:00,157
2021-05-28 19:00:00,123
2021-05-28 20:00:00,112
2021-05-28 21:00:00,116
2021-05-28 22:00:00,111
2021-05-28 23:00:00,100
2021-05-29 00:00:00,67
2021-05-29 01:00:00,107
2021-05-29 02:00:00,103
2021-05-29 03:00:00,105
2021-05-29 04:00:00,106
2021-05-29 05:00:00,101
2021-05-29 06:00:00,105
2021-05-29 07:00:00,84
2021-05-29 08:00:00,26
2021-05-29 09:00:00,21
2021-05-29 10:00:00,21
2021-05-29 11:00:00,26
2021-05-29 12:00:00,21
2021-05-29 13:00:00,21
2021-05-29 14:00:00,26
2021-05-29 15:00:00,23
2021-05-29 16:00:00,21
2021-05-29 17:00:00,24
2021-05-29 18:00:00,26
2021-05-29 19:00:00,21
2021-05-29 20:00:00,21
2021-05-29 21:00:00,26
2021-05-29 22:00:00,22
2021-05-29 23:00:00,21
2021-05-30 00:00:00,26
2021-05-30 01:00:00,22
2021-05-30 02:00:00,22
2021-05-30 03:00:00,24
2021-05-30 04:00:00,26
2021-05-30 05:00:00,22
2021-05-30 06:00:00,22
2021-05-30 07:00:00,26
2021-05-30 08:00:00,21
2021-05-30 09:00:00,21
2021-05-30 10:00:00,26
2021-05-30 11:00:00,25
2021-05-30 12:00:00,21
2021-05-30 13:00:00,21
2021-05-30 14:00:00,25
2021-05-30 15:00:00,21
2021-05-30 16:00:00,21
2021-05-30 17:00:00,26
2021-05-30 18:00:00,21
2021-05-30 19:00:00,21
2021-05-30 20:00:00,26
2021-05-30 21:00:00,22
2021-05-30 22:00:00,21
2021-05-30 23:00:00,26
2021-05-31 00:00:00,21
2021-05-31 01:00:00,21
2021-05-31 02:00:00,22
2021-05-31 03:00:00,26
2021-05-31 04:00:00,21
2021-05-31 05:00:00,21
2021-05-31 06:00:00,26
2021-05-31 07:00:00,83
2021-05-31 08:00:00,171
2021-05-31 09:00:00,171
2021-05-31 10:00:00,172
2021-05-31 11:00:00,170
2021-05-31 12:00:00,119
2021-05-31 13:00:00,164
2021-05-31 14:00:00,161
2021-05-31 15:00:00,154
2021-05-31 16:00:00,150
2021-05-31 17:00:00,162
2021-05-31 18:00:00,168
2021-05-31 19:00:00,158
2021-05-31 20:00:00,118
2021-05-31 21:00:00,121
2021-05-31 22:00:00,107
2021-05-31 23:00:00,110
2021-06-01 00:00:00,62
2021-06-01 01:00:00,106
2021-06-01 02:00:00,107
2021-06-01 03:00:00,107
2021-06-01 04:00:00,107
2021-06-01 05:00:00,103
2021-06-01 06:00:00,116
2021-06-01 07:00:00,139
2021-06-01 08:00:00,194.68050008799224
2021-06-01 09:00:00,182
2021-06-01 10:00:00,187.07987497800193
2021-06-01 11:00:00,184.07987497800193
2021-06-01 12:00:00,121
2021-06-01 13:00:00,177
2021-06-01 14:00:00,167
2021-06-01 15:00:00,162.07987497800193
2021-06-01 16:00:00,169.07987497800193
2021-06-01 17:00:00,155
2021-06-01 18:00:00,161
2021-06-01 19:00:00,158
2021-06-01 20:00:00,124
2021-06-01 21:00:00,128
2021-06-01 22:00:00,113
2021-06-01 23:00:00,110
2021-06-02 00:00:00,63
2021-06-02 01:00:00,111
2021-06-02 02:00:00,113
2021-06-02 03:00:00,110
2021-06-02 04:00:00,107
2021-06-02 05:00:00,106
2021-06-02 06:00:00,116
2021-06-02 07:00:00,151
2021-06-02 08:00:00,177
2021-06-02 09:00:00,180
2021-06-02 10:00:00,190.83919767274446
2021-06-02 11:00:00,185.05360077575185
2021-06-02 12:00:00,131
2021-06-02 13:00:00,189
2021-06-02 14:00:00,180
2021-06-02 15:00:00,166.05360077575185
2021-06-02 16:00:00,172.05360077575185
2021-06-02 17:00:00,158
2021-06-02 18:00:00,154
2021-06-02 19:00:00,142
2021-06-02 20:00:00,118
2021-06-02 21:00:00,114
2021-06-02 22:00:00,106
2021-06-02 23:00:00,109
2021-06-03 00:00:00,69
2021-06-03 01:00:00,115
2021-06-03 02:00:00,115
2021-06-03 03:00:00,110
2021-06-03 04:00:00,109
2021-06-03 05:00:00,107
2021-06-03 06:00:00,118
2021-06-03 07:00:00,149
2021-06-03 08:00:00,181
2021-06-03 09:00:00,171
2021-06-03 10:00:00,170
2021-06-03 11:00:00,172
2021-06-03 12:00:00,121
2021-06-03 13:00:00,165
2021-06-03 14:00:00,163
2021-06-03 15:00:00,161
2021-06-03 16:00:00,163
2021-06-03 17:00:00,151
2021-06-03 18:00:00,150
2021-06-03 19:00:00,119
2021-06-03 20:00:00,130
2021-06-03 21:00:00,132
2021-06-03 22:00:00,118
2021-06-03 23:00:00,114
2021-06-04 00:00:00,72
2021-06-04 01:00:00,119
2021-06-04 02:00:00,116
2021-06-04 03:00:00,113
2021-06-04 04:00:00,115
2021-06-04 05:00:00,107
2021-06-04 06:00:00,118
2021-06-04 07:00:00,142
2021-06-04 08:00:00,159
2021-06-04 09:00:00,166
2021-06-04 10:00:00,173
2021-06-04 11:00:00,155
2021-06-04 12:00:00,118
2021-06-04 13:00:00,158
2021-06-04 14:00:00,160
2021-06-04 15:00:00,149
2021-06-04 16:00:00,145
2021-06-04 17:00:00,143
2021-06-04 18:00:00,145
2021-06-04 19:00:00,135
2021-06-04 20:00:00,111
2021-06-04 21:00:00,110
2021-06-04 22:00:00,111
2021-06-04 23:00:00,112
2021-06-05 00:00:00,64
2021-06-05 01:00:00,116
2021-06-05 02:00:00,107
2021-06-05 03:00:00,110
2021-06-05 04:00:00,108
2021-06-05 05:00:00,99
2021-06-05 06:00:00,111
2021-06-05 07:00:00,92
2021-06-05 08:00:00,27
2021-06-05 09:00:00,22
2021-06-05 10:00:00,22
2021-06-05 11:00:00,28
2021-06-05 12:00:00,23
2021-06-05 13:00:00,23
2021-06-05 14:00:00,23
2021-06-05 15:00:00,28
2021-06-05 16:00:00,23
2021-06-05 17:00:00,23
2021-06-05 18:00:00,27
2021-06-05 19:00:00,22
2021-06-05 20:00:00,22
2021-06-05 21:00:00,27
2021-06-05 22:00:00,26
2021-06-05 23:00:00,22
2021-06-06 00:00:00,22
2021-06-06 01:00:00,27
2021-06-06 02:00:00,22
2021-06-06 03:00:00,22
2021-06-06 04:00:00,27
2021-06-06 05:00:00,22
2021-06-06 06:00:00,22
2021-06-06 07:00:00,26
2021-06-06 08:00:00,22
2021-06-06 09:00:00,24
2021-06-06 10:00:00,25
2021-06-06 11:00:00,27
2021-06-06 12:00:00,22
2021-06-06 13:00:00,22
2021-06-06 14:00:00,27
2021-06-06 15:00:00,22
2021-06-06 16:00:00,24
2021-06-06 17:00:00,25
2021-06-06 18:00:00,27
2021-06-06 19:00:00,22
2021-06-06 20:00:00,22
2021-06-06 21:00:00,27
2021-06-06 22:00:00,23
2021-06-06 23:00:00,24
2021-06-07 00:00:00,25
2021-06-07 01:00:00,26
2021-06-07 02:00:00,22
2021-06-07 03:00:00,23
2021-06-07 04:00:00,26
2021-06-07 05:00:00,22
2021-06-07 06:00:00,24
2021-06-07 07:00:00,90
2021-06-07 08:00:00,182
2021-06-07 09:00:00,179
2021-06-07 10:00:00,176
2021-06-07 11:00:00,170
2021-06-07 12:00:00,129
2021-06-07 13:00:00,182
2021-06-07 14:00:00,180
2021-06-07 15:00:00,175
2021-06-07 16:00:00,173
2021-06-07 17:00:00,151
2021-06-07 18:00:00,158
2021-06-07 19:00:00,147
2021-06-07 20:00:00,114
2021-06-07 21:00:00,113
2021-06-07 22:00:00,100
2021-06-07 23:00:00,110
2021-06-08 00:00:00,64
2021-06-08 01:00:00,110
2021-06-08 02:00:00,111
2021-06-08 03:00:00,105
2021-06-08 04:00:00,110
2021-06-08 05:00:00,101
2021-06-08 06:00:00,109
2021-06-08 07:00:00,117
2021-06-08 08:00:00,161
2021-06-08 09:00:00,165
2021-06-08 10:00:00,153
2021-06-08 11:00:00,171
2021-06-08 12:00:00,124
2021-06-08 13:00:00,174
2021-06-08 14:00:00,176
2021-06-08 15:00:00,180
2021-06-08 16:00:00,166
2021-06-08 17:00:00,161
2021-06-08 18:00:00,157
2021-06-08 19:00:00,155
2021-06-08 20:00:00,134
2021-06-08 21:00:00,132
2021-06-08 22:00:00,115
2021-06-08 23:00:00,114
2021-06-09 00:00:00,72
2021-06-09 01:00:00,103
2021-06-09 02:00:00,107
2021-06-09 03:00:00,113
2021-06-09 04:00:00,101
2021-06-09 05:00:00,91
2021-06-09 06:00:00,106
2021-06-09 07:00:00,150
2021-06-09 08:00:00,174
2021-06-09 09:00:00,179
2021-06-09 10:00:00,180
2021-06-09 11:00:00,178
2021-06-09 12:00:00,122
2021-06-09 13:00:00,181
2021-06-09 14:00:00,170
2021-06-09 15:00:00,170
2021-06-09 16:00:00,159
2021-06-09 17:00:00,161
2021-06-09 18:00:00,161
2021-06-09 19:00:00,148
2021-06-09 20:00:00,113
2021-06-09 21:00:00,110
2021-06-09 22:00:00,109
2021-06-09 23:00:00,106
2021-06-10 00:00:00,67
2021-06-10 01:00:00,107
2021-06-10 02:00:00,109
2021-06-10 03:00:00,104
2021-06-10 04:00:00,108
2021-06-10 05:00:00,98
2021-06-10 06:00:00,107
2021-06-10 07:00:00,131
2021-06-10 08:00:00,165
2021-06-10 09:00:00,169
2021-06-10 10:00:00,177
2021-06-10 11:00:00,168
2021-06-10 12:00:00,125
2021-06-10 13:00:00,158
2021-06-10 14:00:00,169
2021-06-10 15:00:00,162
2021-06-10 16:00:00,156
2021-06-10 17:00:00,143
2021-06-10 18:00:00,123
2021-06-10 19:00:00,128
2021-06-10 20:00:00,145
2021-06-10 21:00:00,141
2021-06-10 22:00:00,124
2021-06-10 23:00:00,115
2021-06-11 00:00:00,72
2021-06-11 01:00:00,113
2021-06-11 02:00:00,111
2021-06-11 03:00:00,107
2021-06-11 04:00:00,114
2021-06-11 05:00:00,103
2021-06-11 06:00:00,107
2021-06-11 07:00:00,149
2021-06-11 08:00:00,175
2021-06-11 09:00:00,175
2021-06-11 10:00:00,168
2021-06-11 11:00:00,174
2021-06-11 12:00:00,122
2021-06-11 13:00:00,160
2021-06-11 14:00:00,160
2021-06-11 15:00:00,160
2021-06-11 16:00:00,163
2021-06-11 17:00:00,159
2021-06-11 18:00:00,152
2021-06-11 19:00:00,142
2021-06-11 20:00:00,130
2021-06-11 21:00:00,116
2021-06-11 22:00:00,110
2021-06-11 23:00:00,110
2021-06-12 00:00:00,71
2021-06-12 01:00:00,111
2021-06-12 02:00:00,111
2021-06-12 03:00:00,112
2021-06-12 04:00:00,113
2021-06-12 05:00:00,110
2021-06-12 06:00:00,106
2021-06-12 07:00:00,92
2021-06-12 08:00:00,24
2021-06-12 09:00:00,28
2021-06-12 10:00:00,29
2021-06-12 11:00:00,29
2021-06-12 12:00:00,25
2021-06-12 13:00:00,27
2021-06-12 14:00:00,23
2021-06-12 15:00:00,23
2021-06-12 16:00:00,27
2021-06-12 17:00:00,23
2021-06-12 18:00:00,22
2021-06-12 19:00:00,27
2021-06-12 20:00:00,23
2021-06-12 21:00:00,23
2021-06-12 22:00:00,23
2021-06-12 23:00:00,27
2021-06-13 00:00:00,23
2021-06-13 01:00:00,22
2021-06-13 02:00:00,27
2021-06-13 03:00:00,22
2021-06-13 04:00:00,23
2021-06-13 05:00:00,23
2021-06-13 06:00:00,26
2021-06-13 07:00:00,22
2021-06-13 08:00:00,22
2021-06-13 09:00:00,26
2021-06-13 10:00:00,23
2021-06-13 11:00:00,22
2021-06-13 12:00:00,27
2021-06-13 13:00:00,25
2021-06-13 14:00:00,23
2021-06-13 15:00:00,23
2021-06-13 16:00:00,27
2021-06-13 17:00:00,22
2021-06-13 18:00:00,22
2021-06-13 19:00:00,26
2021-06-13 20:00:00,22
2021-06-13 21:00:00,23
2021-06-13 22:00:00,25
2021-06-13 23:00:00,26
2021-06-14 00:00:00,22
2021-06-14 01:00:00,23
2021-06-14 02:00:00,27
2021-06-14 03:00:00,22
2021-06-14 04:00:00,24
2021-06-14 05:00:00,27
2021-06-14 06:00:00,25
2021-06-14 07:00:00,112
2021-06-14 08:00:00,203.95411661342709
2021-06-14 09:00:00,185
2021-06-14 10:00:00,180.01147084664322
2021-06-14 11:00:00,190.01147084664322
2021-06-14 12:00:00,140
2021-06-14 13:00:00,192
2021-06-14 14:00:00,185
2021-06-14 15:00:00,192.01147084664322
2021-06-14 16:00:00,180.01147084664322
2021-06-14 17:00:00,179
2021-06-14 18:00:00,182
2021-06-14 19:00:00,164
2021-06-14 20:00:00,126
2021-06-14 21:00:00,125
2021-06-14 22:00:00,129
2021-06-14 23:00:00,118
2021-06-15 00:00:00,83
2021-06-15 01:00:00,116
2021-06-15 02:00:00,121
2021-06-15 03:00:00,123
2021-06-15 04:00:00,122
2021-06-15 05:00:00,112
2021-06-15 06:00:00,121
2021-06-15 07:00:00,150
2021-06-15 08:00:00,197.5537945892909
2021-06-15 09:00:00,195
2021-06-15 10:00:00,181.11155135267728
2021-06-15 11:00:00,184.11155135267728
2021-06-15 12:00:00,128
2021-06-15 13:00:00,177
2021-06-15 14:00:00,182
2021-06-15 15:00:00,176.11155135267728
2021-06-15 16:00:00,181.11155135267728
2021-06-15 17:00:00,159
2021-06-15 18:00:00,170
2021-06-15 19:00:00,162
2021-06-15 20:00:00,133
2021-06-15 21:00:00,131
2021-06-15 22:00:00,123
2021-06-15 23:00:00,120
2021-06-16 00:00:00,76
2021-06-16 01:00:00,120
2021-06-16 02:00:00,117
2021-06-16 03:00:00,114
2021-06-16 04:00:00,118
2021-06-16 05:00:00,111
2021-06-16 06:00:00,121
2021-06-16 07:00:00,161
2021-06-16 08:00:00,185
2021-06-16 09:00:00,192
2021-06-16 10:00:00,192.81625597945799
2021-06-16 11:00:00,186.06124800684734
2021-06-16 12:00:00,120
2021-06-16 13:00:00,175
2021-06-16 14:00:00,174
2021-06-16 15:00:00,180.06124800684734
2021-06-16 16:00:00,177.06124800684734
2021-06-16 17:00:00,177
2021-06-16 18:00:00,177
2021-06-16 19:00:00,152
2021-06-16 20:00:00,120
2021-06-16 21:00:00,123
2021-06-16 22:00:00,107
2021-06-16 23:00:00,119
2021-06-17 00:00:00,72
2021-06-17 01:00:00,118
2021-06-17 02:00:00,117
2021-06-17 03:00:00,120
2021-06-17 04:00:00,115
2021-06-17 05:00:00,112
2021-06-17 06:00:00,126
2021-06-17 07:00:00,162
2021-06-17 08:00:00,196.74932516785162
2021-06-17 09:00:00,188
2021-06-17 10:00:00,177.06266870803708
2021-06-17 11:00:00,190.06266870803708
2021-06-17 12:00:00,123
2021-06-17 13:00:00,192
2021-06-17 14:00:00,189
2021-06-17 15:00:00,179.06266870803708
2021-06-17 16:00:00,174.06266870803708
2021-06-17 17:00:00,158
2021-06-17 18:00:00,177
2021-06-17 19:00:00,169
2021-06-17 20:00:00,143
2021-06-17 21:00:00,134
2021-06-17 22:00:00,128
2021-06-17 23:00:00,125
2021-06-18 00:00:00,90
2021-06-18 01:00:00,117
2021-06-18 02:00:00,121
2021-06-18 03:00:00,126
2021-06-18 04:00:00,117
2021-06-18 05:00:00,120
2021-06-18 06:00:00,123
2021-06-18 07:00:00,157
2021-06-18 08:00:00,177
2021-06-18 09:00:00,186
2021-06-18 10:00:00,179
2021-06-18 11:00:00,185
2021-06-18 12:00:00,124
2021-06-18 13:00:00,180
2021-06-18 14:00:00,170
2021-06-18 15:00:00,170
2021-06-18 16:00:00,174
2021-06-18 17:00:00,164
2021-06-18 18:00:00,154
2021-06-18 19:00:00,142
2021-06-18 20:00:00,124
2021-06-18 21:00:00,121
2021-06-18 22:00:00,117
2021-06-18 23:00:00,120
2021-06-19 00:00:00,70
2021-06-19 01:00:00,118
2021-06-19 02:00:00,119
2021-06-19 03:00:00,109
2021-06-19 04:00:00,114
2021-06-19 05:00:00,102
2021-06-19 06:00:00,109
2021-06-19 07:00:00,82
2021-06-19 08:00:00,25
2021-06-19 09:00:00,22
2021-06-19 10:00:00,22
2021-06-19 11:00:00,27
2021-06-19 12:00:00,22
2021-06-19 13:00:00,22
2021-06-19 14:00:00,27
2021-06-19 15:00:00,23
2021-06-19 16:00:00,22
2021-06-19 17:00:00,23
2021-06-19 18:00:00,27
2021-06-19 19:00:00,22
2021-06-19 20:00:00,22
2021-06-19 21:00:00,27
2021-06-19 22:00:00,25
2021-06-19 23:00:00,22
2021-06-20 00:00:00,22
2021-06-20 01:00:00,27
2021-06-20 02:00:00,22
2021-06-20 03:00:00,22
2021-06-20 04:00:00,27
2021-06-20 05:00:00,26
2021-06-20 06:00:00,22
2021-06-20 07:00:00,22
2021-06-20 08:00:00,26
2021-06-20 09:00:00,22
2021-06-20 10:00:00,22
2021-06-20 11:00:00,27
2021-06-20 12:00:00,22
2021-06-20 13:00:00,23
2021-06-20 14:00:00,24
2021-06-20 15:00:00,28
2021-06-20 16:00:00,24
2021-06-20 17:00:00,24
2021-06-20 18:00:00,26
2021-06-20 19:00:00,23
2021-06-20 20:00:00,22
2021-06-20 21:00:00,27
2021-06-20 22:00:00,23
2021-06-20 23:00:00,23
2021-06-21 00:00:00,25
2021-06-21 01:00:00,28
2021-06-21 02:00:00,23
2021-06-21 03:00:00,23
2021-06-21 04:00:00,27
2021-06-21 05:00:00,23
2021-06-21 06:00:00,23
2021-06-21 07:00:00,101
2021-06-21 08:00:00,207.96211463493978
2021-06-21 09:00:00,194
2021-06-21 10:00:00,202.00947134126505
2021-06-21 11:00:00,191.00947134126505
2021-06-21 12:00:00,132
2021-06-21 13:00:00,199
2021-06-21 14:00:00,201
2021-06-21 15:00:00,184.00947134126505
2021-06-21 16:00:00,164.00947134126505
2021-06-21 17:00:00,162
2021-06-21 18:00:00,157
2021-06-21 19:00:00,159
2021-06-21 20:00:00,134
2021-06-21 21:00:00,133
2021-06-21 22:00:00,121
2021-06-21 23:00:00,130
2021-06-22 00:00:00,74
2021-06-22 01:00:00,118
2021-06-22 02:00:00,120
2021-06-22 03:00:00,123
2021-06-22 04:00:00,121
2021-06-22 05:00:00,112
2021-06-22 06:00:00,117
2021-06-22 07:00:00,162
2021-06-22 08:00:00,178
2021-06-22 09:00:00,176
2021-06-22 10:00:00,188.78258009940447
2021-06-22 11:00:00,180.07247330019851
2021-06-22 12:00:00,122
2021-06-22 13:00:00,186
2021-06-22 14:00:00,172
2021-06-22 15:00:00,171.07247330019851
2021-06-22 16:00:00,175.07247330019851
2021-06-22 17:00:00,159
2021-06-22 18:00:00,164
2021-06-22 19:00:00,174
2021-06-22 20:00:00,134
2021-06-22 21:00:00,128
2021-06-22 22:00:00,122
2021-06-22 23:00:00,131
2021-06-23 00:00:00,70
2021-06-23 01:00:00,106
2021-06-23 02:00:00,123
2021-06-23 03:00:00,113
2021-06-23 04:00:00,116
2021-06-23 05:00:00,125
2021-06-23 06:00:00,125
2021-06-23 07:00:00,158
2021-06-23 08:00:00,174
2021-06-23 09:00:00,162
2021-06-23 10:00:00,160
2021-06-23 11:00:00,166
2021-06-23 12:00:00,104
2021-06-23 13:00:00,161
2021-06-23 14:00:00,156
2021-06-23 15:00:00,165
2021-06-23 16:00:00,168
2021-06-23 17:00:00,170
2021-06-23 18:00:00,166
2021-06-23 19:00:00,146
2021-06-23 20:00:00,136
2021-06-23 21:00:00,127
2021-06-23 22:00:00,123
2021-06-23 23:00:00,120
2021-06-24 00:00:00,73
2021-06-24 01:00:00,121
2021-06-24 02:00:00,126
2021-06-24 03:00:00,123
2021-06-24 04:00:00,121
2021-06-24 05:00:00,116
2021-06-24 06:00:00,124
2021-06-24 07:00:00,172
2021-06-24 08:00:00,188
2021-06-24 09:00:00,172
2021-06-24 10:00:00,171.04283150994306
2021-06-24 11:00:00,170.04283150994306
2021-06-24 12:00:00,116
2021-06-24 13:00:00,189.82867396022772
2021-06-24 14:00:00,175
2021-06-24 15:00:00,180.04283150994306
2021-06-24 16:00:00,165.04283150994306
2021-06-24 17:00:00,164
2021-06-24 18:00:00,159
2021-06-24 19:00:00,168
2021-06-24 20:00:00,142
2021-06-24 21:00:00,142
2021-06-24 22:00:00,135
2021-06-24 23:00:00,129
2021-06-25 00:00:00,74
2021-06-25 01:00:00,128
2021-06-25 02:00:00,126
2021-06-25 03:00:00,128
2021-06-25 04:00:00,122
2021-06-25 05:00:00,114
2021-06-25 06:00:00,122
2021-06-25 07:00:00,152
2021-06-25 08:00:00,168
2021-06-25 09:00:00,178
2021-06-25 10:00:00,182
2021-06-25 11:00:00,184
2021-06-25 12:00:00,136
2021-06-25 13:00:00,185
2021-06-25 14:00:00,184
2021-06-25 15:00:00,186
2021-06-25 16:00:00,176
2021-06-25 17:00:00,180
2021-06-25 18:00:00,164
2021-06-25 19:00:00,127
2021-06-25 20:00:00,115
2021-06-25 21:00:00,121
2021-06-25 22:00:00,136
2021-06-25 23:00:00,122
2021-06-26 00:00:00,71
2021-06-26 01:00:00,124
2021-06-26 02:00:00,125
2021-06-26 03:00:00,113
2021-06-26 04:00:00,131
2021-06-26 05:00:00,113
2021-06-26 06:00:00,127
2021-06-26 07:00:00,95
2021-06-26 08:00:00,24
2021-06-26 09:00:00,23
2021-06-26 10:00:00,28
2021-06-26 11:00:00,24
2021-06-26 12:00:00,24
2021-06-26 13:00:00,28
2021-06-26 14:00:00,25
2021-06-26 15:00:00,24
2021-06-26 16:00:00,24
2021-06-26 17:00:00,28
2021-06-26 18:00:00,24
2021-06-26 19:00:00,24
2021-06-26 20:00:00,28
2021-06-26 21:00:00,24
2021-06-26 22:00:00,24
2021-06-26 23:00:00,28
2021-06-27 00:00:00,23
2021-06-27 01:00:00,23
2021-06-27 02:00:00,24
2021-06-27 03:00:00,27
2021-06-27 04:00:00,23
2021-06-27 05:00:00,24
2021-06-27 06:00:00,27
2021-06-27 07:00:00,23
2021-06-27 08:00:00,26
2021-06-27 09:00:00,28
2021-06-27 10:00:00,24
2021-06-27 11:00:00,24
2021-06-27 12:00:00,31
2021-06-27 13:00:00,24
2021-06-27 14:00:00,24
2021-06-27 15:00:00,29
2021-06-27 16:00:00,24
2021-06-27 17:00:00,24
2021-06-27 18:00:00,28
2021-06-27 19:00:00,25
2021-06-27 20:00:00,24
2021-06-27 21:00:00,24
2021-06-27 22:00:00,29
2021-06-27 23:00:00,24
2021-06-28 00:00:00,24
2021-06-28 01:00:00,28
2021-06-28 02:00:00,25
2021-06-28 03:00:00,24
2021-06-28 04:00:00,28
2021-06-28 05:00:00,24
2021-06-28 06:00:00,23
2021-06-28 07:00:00,92
2021-06-28 08:00:00,197.94169863265734
2021-06-28 09:00:00,185
2021-06-28 10:00:00,184.01457534183567
2021-06-28 11:00:00,193.01457534183567
2021-06-28 12:00:00,135
2021-06-28 13:00:00,191
2021-06-28 14:00:00,189
2021-06-28 15:00:00,194.01457534183567
2021-06-28 16:00:00,172.01457534183567
2021-06-28 17:00:00,179
2021-06-28 18:00:00,185
2021-06-28 19:00:00,169
2021-06-28 20:00:00,113
2021-06-28 21:00:00,123
2021-06-28 22:00:00,119
2021-06-28 23:00:00,126
2021-06-29 00:00:00,67
2021-06-29 01:00:00,112
2021-06-29 02:00:00,124
2021-06-29 03:00:00,115
2021-06-29 04:00:00,114
2021-06-29 05:00:00,110
2021-06-29 06:00:00,119
2021-06-29 07:00:00,160
2021-06-29 08:00:00,221.81204649445129
2021-06-29 09:00:00,183
2021-06-29 10:00:00,175.04698837638716
2021-06-29 11:00:00,200.04698837638716
2021-06-29 12:00:00,134
2021-06-29 13:00:00,194
2021-06-29 14:00:00,183
2021-06-29 15:00:00,179.04698837638716
2021-06-29 16:00:00,167.04698837638716
2021-06-29 17:00:00,153
2021-06-29 18:00:00,175
2021-06-29 19:00:00,177
2021-06-29 20:00:00,137
2021-06-29 21:00:00,126
2021-06-29 22:00:00,121
2021-06-29 23:00:00,113
2021-06-30 00:00:00,69
2021-06-30 01:00:00,112
2021-06-30 02:00:00,118
2021-06-30 03:00:00,120
2021-06-30 04:00:00,116
2021-06-30 05:00:00,115
2021-06-30 06:00:00,118
2021-06-30 07:00:00,143
2021-06-30 08:00:00,192.82993680572974
2021-06-30 09:00:00,187
2021-06-30 10:00:00,171.04251579856756
2021-06-30 11:00:00,150.04251579856756
2021-06-30 12:00:00,119
2021-06-30 13:00:00,184
2021-06-30 14:00:00,177
2021-06-30 15:00:00,178.04251579856756
2021-06-30 16:00:00,165.04251579856756
2021-06-30 17:00:00,181
2021-06-30 18:00:00,165
2021-06-30 19:00:00,162
2021-06-30 20:00:00,115
2021-06-30 21:00:00,117
2021-06-30 22:00:00,118
2021-06-30 23:00:00,120
2021-07-01 00:00:00,69
2021-07-01 01:00:00,115
2021-07-01 02:00:00,116
2021-07-01 03:00:00,112
2021-07-01 04:00:00,111
2021-07-01 05:00:00,114
2021-07-01 06:00:00,115
2021-07-01 07:00:00,148
2021-07-01 08:00:00,194
2021-07-01 09:00:00,184
2021-07-01 10:00:00,185.02494119866464
2021-07-01 11:00:00,190.02494119866464
2021-07-01 12:00:00,115
2021-07-01 13:00:00,205.90023520534146
2021-07-01 14:00:00,192
2021-07-01 15:00:00,197.02494119866464
2021-07-01 16:00:00,188.02494119866464
2021-07-01 17:00:00,160
2021-07-01 18:00:00,164
2021-07-01 19:00:00,171
2021-07-01 20:00:00,147
2021-07-01 21:00:00,141
2021-07-01 22:00:00,122
2021-07-01 23:00:00,124
2021-07-02 00:00:00,69
2021-07-02 01:00:00,115
2021-07-02 02:00:00,121
2021-07-02 03:00:00,115
2021-07-02 04:00:00,110
2021-07-02 05:00:00,120
2021-07-02 06:00:00,117
2021-07-02 07:00:00,143
2021-07-02 08:00:00,173
2021-07-02 09:00:00,186.82067593871503
2021-07-02 10:00:00,179.04483101532125
2021-07-02 11:00:00,186.04483101532125
2021-07-02 12:00:00,117
2021-07-02 13:00:00,178
2021-07-02 14:00:00,183
2021-07-02 15:00:00,160.04483101532125
2021-07-02 16:00:00,164.04483101532125
2021-07-02 17:00:00,175
2021-07-02 18:00:00,169
2021-07-02 19:00:00,149
2021-07-02 20:00:00,130
2021-07-02 21:00:00,121
2021-07-02 22:00:00,117
2021-07-02 23:00:00,103
2021-07-03 00:00:00,76
2021-07-03 01:00:00,110
2021-07-03 02:00:00,107
2021-07-03 03:00:00,108
2021-07-03 04:00:00,112
2021-07-03 05:00:00,105
2021-07-03 06:00:00,105
2021-07-03 07:00:00,83
2021-07-03 08:00:00,23
2021-07-03 09:00:00,27
2021-07-03 10:00:00,23
2021-07-03 11:00:00,23
2021-07-03 12:00:00,27
2021-07-03 13:00:00,22
2021-07-03 14:00:00,23
2021-07-03 15:00:00,25
2021-07-03 16:00:00,26
2021-07-03 17:00:00,22
2021-07-03 18:00:00,23
2021-07-03 19:00:00,27
2021-07-03 20:00:00,23
2021-07-03 21:00:00,23
2021-07-03 22:00:00,27
2021-07-03 23:00:00,23
2021-07-04 00:00:00,23
2021-07-04 01:00:00,27
2021-07-04 02:00:00,24
2021-07-04 03:00:00,23
2021-07-04 04:00:00,23
2021-07-04 05:00:00,27
2021-07-04 06:00:00,23
2021-07-04 07:00:00,23
2021-07-04 08:00:00,28
2021-07-04 09:00:00,22
2021-07-04 10:00:00,23
2021-07-04 11:00:00,28
2021-07-04 12:00:00,24
2021-07-04 13:00:00,24
2021-07-04 14:00:00,27
2021-07-04 15:00:00,27
2021-07-04 16:00:00,25
2021-07-04 17:00:00,22
2021-07-04 18:00:00,27
2021-07-04 19:00:00,23
2021-07-04 20:00:00,23
2021-07-04 21:00:00,28
2021-07-04 22:00:00,24
2021-07-04 23:00:00,23
2021-07-05 00:00:00,28
2021-07-05 01:00:00,23
2021-07-05 02:00:00,23
2021-07-05 03:00:00,25
2021-07-05 04:00:00,27
2021-07-05 05:00:00,23
2021-07-05 06:00:00,23
2021-07-05 07:00:00,104
2021-07-05 08:00:00,183
2021-07-05 09:00:00,175
2021-07-05 10:00:00,185
2021-07-05 11:00:00,185
2021-07-05 12:00:00,116
2021-07-05 13:00:00,181
2021-07-05 14:00:00,170
2021-07-05 15:00:00,183
2021-07-05 16:00:00,173
2021-07-05 17:00:00,140
2021-07-05 18:00:00,163
2021-07-05 19:00:00,153
2021-07-05 20:00:00,130
2021-07-05 21:00:00,124
2021-07-05 22:00:00,115
2021-07-05 23:00:00,116
2021-07-06 00:00:00,68
2021-07-06 01:00:00,111
2021-07-06 02:00:00,110
2021-07-06 03:00:00,116
2021-07-06 04:00:00,112
2021-07-06 05:00:00,110
2021-07-06 06:00:00,105
2021-07-06 07:00:00,145
2021-07-06 08:00:00,192.93412155964532
2021-07-06 09:00:00,185
2021-07-06 10:00:00,176.01646961008868
2021-07-06 11:00:00,182.01646961008868
2021-07-06 12:00:00,132
2021-07-06 13:00:00,170
2021-07-06 14:00:00,185
2021-07-06 15:00:00,173.01646961008868
2021-07-06 16:00:00,177.01646961008868
2021-07-06 17:00:00,148
2021-07-06 18:00:00,161
2021-07-06 19:00:00,157
2021-07-06 20:00:00,138
2021-07-06 21:00:00,132
2021-07-06 22:00:00,115
2021-07-06 23:00:00,114
2021-07-07 00:00:00,89
2021-07-07 01:00:00,112
2021-07-07 02:00:00,107
2021-07-07 03:00:00,115
2021-07-07 04:00:00,108
2021-07-07 05:00:00,101
2021-07-07 06:00:00,106
2021-07-07 07:00:00,145
2021-07-07 08:00:00,202.85792988102423
2021-07-07 09:00:00,187
2021-07-07 10:00:00,186.03551752974394
2021-07-07 11:00:00,183.03551752974394
2021-07-07 12:00:00,131
2021-07-07 13:00:00,185
2021-07-07 14:00:00,185
2021-07-07 15:00:00,176.03551752974394
2021-07-07 16:00:00,181.03551752974394
2021-07-07 17:00:00,179
2021-07-07 18:00:00,173
2021-07-07 19:00:00,169
2021-07-07 20:00:00,127
2021-07-07 21:00:00,120
2021-07-07 22:00:00,113
2021-07-07 23:00:00,110
2021-07-08 00:00:00,78
2021-07-08 01:00:00,104
2021-07-08 02:00:00,110
2021-07-08 03:00:00,115
2021-07-08 04:00:00,109
2021-07-08 05:00:00,107
2021-07-08 06:00:00,115
2021-07-08 07:00:00,146
2021-07-08 08:00:00,187
2021-07-08 09:00:00,186
2021-07-08 10:00:00,200.97642688396255
2021-07-08 11:00:00,192.00785770534583
2021-07-08 12:00:00,131
2021-07-08 13:00:00,201
2021-07-08 14:00:00,200
2021-07-08 15:00:00,184.00785770534583
2021-07-08 16:00:00,186.00785770534583
2021-07-08 17:00:00,155
2021-07-08 18:00:00,155
2021-07-08 19:00:00,153
2021-07-08 20:00:00,132
2021-07-08 21:00:00,128
2021-07-08 22:00:00,118
2021-07-08 23:00:00,119
2021-07-09 00:00:00,78
2021-07-09 01:00:00,105
2021-07-09 02:00:00,114
2021-07-09 03:00:00,109
2021-07-09 04:00:00,106
2021-07-09 05:00:00,105
2021-07-09 06:00:00,125
2021-07-09 07:00:00,156
2021-07-09 08:00:00,188
2021-07-09 09:00:00,168
2021-07-09 10:00:00,176.11728677599891
2021-07-09 11:00:00,176.11728677599891
2021-07-09 12:00:00,112
2021-07-09 13:00:00,186
2021-07-09 14:00:00,191.53085289600443
2021-07-09 15:00:00,188.11728677599891
2021-07-09 16:00:00,176.11728677599891
2021-07-09 17:00:00,165
2021-07-09 18:00:00,174
2021-07-09 19:00:00,140
2021-07-09 20:00:00,111
2021-07-09 21:00:00,109
2021-07-09 22:00:00,111
2021-07-09 23:00:00,106
2021-07-10 00:00:00,70
2021-07-10 01:00:00,102
2021-07-10 02:00:00,100
2021-07-10 03:00:00,106
2021-07-10 04:00:00,106
2021-07-10 05:00:00,97
2021-07-10 06:00:00,104
2021-07-10 07:00:00,105
2021-07-10 08:00:00,27
2021-07-10 09:00:00,27
2021-07-10 10:00:00,32
2021-07-10 11:00:00,31
2021-07-10 12:00:00,26
2021-07-10 13:00:00,28
2021-07-10 14:00:00,23
2021-07-10 15:00:00,25
2021-07-10 16:00:00,27
2021-07-10 17:00:00,23
2021-07-10 18:00:00,22
2021-07-10 19:00:00,26
2021-07-10 20:00:00,23
2021-07-10 21:00:00,23
2021-07-10 22:00:00,26
2021-07-10 23:00:00,23
2021-07-11 00:00:00,23
2021-07-11 01:00:00,27
2021-07-11 02:00:00,23
2021-07-11 03:00:00,24
2021-07-11 04:00:00,24
2021-07-11 05:00:00,27
2021-07-11 06:00:00,22
2021-07-11 07:00:00,22
2021-07-11 08:00:00,27
2021-07-11 09:00:00,22
2021-07-11 10:00:00,23
2021-07-11 11:00:00,28
2021-07-11 12:00:00,24
2021-07-11 13:00:00,24
2021-07-11 14:00:00,28
2021-07-11 15:00:00,24
2021-07-11 16:00:00,26
2021-07-11 17:00:00,26
2021-07-11 18:00:00,26
2021-07-11 19:00:00,23
2021-07-11 20:00:00,23
2021-07-11 21:00:00,28
2021-07-11 22:00:00,24
2021-07-11 23:00:00,23
2021-07-12 00:00:00,26
2021-07-12 01:00:00,23
2021-07-12 02:00:00,23
2021-07-12 03:00:00,27
2021-07-12 04:00:00,23
2021-07-12 05:00:00,23
2021-07-12 06:00:00,25
2021-07-12 07:00:00,123
2021-07-12 08:00:00,197.89013244132539
2021-07-12 09:00:00,195
2021-07-12 10:00:00,186.02746688966866
2021-07-12 11:00:00,188.02746688966866
2021-07-12 12:00:00,134
2021-07-12 13:00:00,178
2021-07-12 14:00:00,190
2021-07-12 15:00:00,188.02746688966866
2021-07-12 16:00:00,177.02746688966866
2021-07-12 17:00:00,173
2021-07-12 18:00:00,164
2021-07-12 19:00:00,175
2021-07-12 20:00:00,136
2021-07-12 21:00:00,133
2021-07-12 22:00:00,125
2021-07-12 23:00:00,115
2021-07-13 00:00:00,70
2021-07-13 01:00:00,119
2021-07-13 02:00:00,117
2021-07-13 03:00:00,115
2021-07-13 04:00:00,112
2021-07-13 05:00:00,162
2021-07-13 06:00:00,125
2021-07-13 07:00:00,113
2021-07-13 08:00:00,112
2021-07-13 09:00:00,118
2021-07-13 10:00:00,138
2021-07-13 11:00:00,167
2021-07-13 12:00:00,129
2021-07-13 13:00:00,112
2021-07-13 14:00:00,174
2021-07-13 15:00:00,186
2021-07-13 16:00:00,181
2021-07-13 17:00:00,147
2021-07-13 18:00:00,160
2021-07-13 19:00:00,187
2021-07-13 20:00:00,189
2021-07-13 21:00:00,179
2021-07-13 22:00:00,187
2021-07-13 23:00:00,190
2021-07-14 00:00:00,75
2021-07-14 01:00:00,112
2021-07-14 02:00:00,109
2021-07-14 03:00:00,114
2021-07-14 04:00:00,107
2021-07-14 05:00:00,115
2021-07-14 06:00:00,112
2021-07-14 07:00:00,154
2021-07-14 08:00:00,186
2021-07-14 09:00:00,194.72554157756383
2021-07-14 10:00:00,185.06861460560904
2021-07-14 11:00:00,193.06861460560904
2021-07-14 12:00:00,110
2021-07-14 13:00:00,179
2021-07-14 14:00:00,186
2021-07-14 15:00:00,141.06861460560904
2021-07-14 16:00:00,156.06861460560904
2021-07-14 17:00:00,179
2021-07-14 18:00:00,169
2021-07-14 19:00:00,148
2021-07-14 20:00:00,120
2021-07-14 21:00:00,113
2021-07-14 22:00:00,115
2021-07-14 23:00:00,112
2021-07-15 00:00:00,70
2021-07-15 01:00:00,106
2021-07-15 02:00:00,119
2021-07-15 03:00:00,111
2021-07-15 04:00:00,121
2021-07-15 05:00:00,96
2021-07-15 06:00:00,108
2021-07-15 07:00:00,110
2021-07-15 08:00:00,144
2021-07-15 09:00:00,120
2021-07-15 10:00:00,110
2021-07-15 11:00:00,168
2021-07-15 12:00:00,123
2021-07-15 13:00:00,130
2021-07-15 14:00:00,169
2021-07-15 15:00:00,159
2021-07-15 16:00:00,193
2021-07-15 17:00:00,174
2021-07-15 18:00:00,202
2021-07-15 19:00:00,162
2021-07-15 20:00:00,166
2021-07-15 21:00:00,190
2021-07-15 22:00:00,202
2021-07-15 23:00:00,193
2021-07-16 00:00:00,67
2021-07-16 01:00:00,100
2021-07-16 02:00:00,103
2021-07-16 03:00:00,114
2021-07-16 04:00:00,109
2021-07-16 05:00:00,107
2021-07-16 06:00:00,109
2021-07-16 07:00:00,157
2021-07-16 08:00:00,194
2021-07-16 09:00:00,190
2021-07-16 10:00:00,187.13779047588565
2021-07-16 11:00:00,196.58662857234307
2021-07-16 12:00:00,128
2021-07-16 13:00:00,181
2021-07-16 14:00:00,181
2021-07-16 15:00:00,189.13779047588565
2021-07-16 16:00:00,178.13779047588565
2021-07-16 17:00:00,176
2021-07-16 18:00:00,168
2021-07-16 19:00:00,146
2021-07-16 20:00:00,123
2021-07-16 21:00:00,120
2021-07-16 22:00:00,112
2021-07-16 23:00:00,118
2021-07-17 00:00:00,66
2021-07-17 01:00:00,110
2021-07-17 02:00:00,105
2021-07-17 03:00:00,102
2021-07-17 04:00:00,103
2021-07-17 05:00:00,108
2021-07-17 06:00:00,96
2021-07-17 07:00:00,88
2021-07-17 08:00:00,27
2021-07-17 09:00:00,24
2021-07-17 10:00:00,24
2021-07-17 11:00:00,27
2021-07-17 12:00:00,26
2021-07-17 13:00:00,24
2021-07-17 14:00:00,24
2021-07-17 15:00:00,28
2021-07-17 16:00:00,24
2021-07-17 17:00:00,23
2021-07-17 18:00:00,27
2021-07-17 19:00:00,23
2021-07-17 20:00:00,23
2021-07-17 21:00:00,24
2021-07-17 22:00:00,28
2021-07-17 23:00:00,24
2021-07-18 00:00:00,24
2021-07-18 01:00:00,28
2021-07-18 02:00:00,24
2021-07-18 03:00:00,24
2021-07-18 04:00:00,28
2021-07-18 05:00:00,22
2021-07-18 06:00:00,23
2021-07-18 07:00:00,28
2021-07-18 08:00:00,24
2021-07-18 09:00:00,23
2021-07-18 10:00:00,23
2021-07-18 11:00:00,27
2021-07-18 12:00:00,23
2021-07-18 13:00:00,23
2021-07-18 14:00:00,27
2021-07-18 15:00:00,26
2021-07-18 16:00:00,23
2021-07-18 17:00:00,27
2021-07-18 18:00:00,25
2021-07-18 19:00:00,23
2021-07-18 20:00:00,23
2021-07-18 21:00:00,28
2021-07-18 22:00:00,24
2021-07-18 23:00:00,23
2021-07-19 00:00:00,28
2021-07-19 01:00:00,24
2021-07-19 02:00:00,24
2021-07-19 03:00:00,24
2021-07-19 04:00:00,27
2021-07-19 05:00:00,23
2021-07-19 06:00:00,23
2021-07-19 07:00:00,119
2021-07-19 08:00:00,200
2021-07-19 09:00:00,185
2021-07-19 10:00:00,209.08980234680939
2021-07-19 11:00:00,221.73059295957185
2021-07-19 12:00:00,134
2021-07-19 13:00:00,193
2021-07-19 14:00:00,190
2021-07-19 15:00:00,201.08980234680939
2021-07-19 16:00:00,187.08980234680939
2021-07-19 17:00:00,190
2021-07-19 18:00:00,188
2021-07-19 19:00:00,162
2021-07-19 20:00:00,136
2021-07-19 21:00:00,129
2021-07-19 22:00:00,114
2021-07-19 23:00:00,120
2021-07-20 00:00:00,76
2021-07-20 01:00:00,112
2021-07-20 02:00:00,106
2021-07-20 03:00:00,116
2021-07-20 04:00:00,110
2021-07-20 05:00:00,106
2021-07-20 06:00:00,117
2021-07-20 07:00:00,148
2021-07-20 08:00:00,200.73732813558257
2021-07-20 09:00:00,200
2021-07-20 10:00:00,197.06566796610437
2021-07-20 11:00:00,192.06566796610437
2021-07-20 12:00:00,142
2021-07-20 13:00:00,194
2021-07-20 14:00:00,192
2021-07-20 15:00:00,199.06566796610437
2021-07-20 16:00:00,201.06566796610437
2021-07-20 17:00:00,159
2021-07-20 18:00:00,182
2021-07-20 19:00:00,176
2021-07-20 20:00:00,132
2021-07-20 21:00:00,137
2021-07-20 22:00:00,121
2021-07-20 23:00:00,117
2021-07-21 00:00:00,85
2021-07-21 01:00:00,113
2021-07-21 02:00:00,108
2021-07-21 03:00:00,111
2021-07-21 04:00:00,117
2021-07-21 05:00:00,111
2021-07-21 06:00:00,110
2021-07-21 07:00:00,149
2021-07-21 08:00:00,209
2021-07-21 09:00:00,213.78678958441117
2021-07-21 10:00:00,197.05330260389721
2021-07-21 11:00:00,206.05330260389721
2021-07-21 12:00:00,150
2021-07-21 13:00:00,204
2021-07-21 14:00:00,203
2021-07-21 15:00:00,199.05330260389721
2021-07-21 16:00:00,189.05330260389721
2021-07-21 17:00:00,153
2021-07-21 18:00:00,168
2021-07-21 19:00:00,174
2021-07-21 20:00:00,138
2021-07-21 21:00:00,118
2021-07-21 22:00:00,114
2021-07-21 23:00:00,111
2021-07-22 00:00:00,73
2021-07-22 01:00:00,106
2021-07-22 02:00:00,111
2021-07-22 03:00:00,105
2021-07-22 04:00:00,108
2021-07-22 05:00:00,103
2021-07-22 06:00:00,109
2021-07-22 07:00:00,146
2021-07-22 08:00:00,212.85077375651284
2021-07-22 09:00:00,197
2021-07-22 10:00:00,192.0373065608718
2021-07-22 11:00:00,192.0373065608718
2021-07-22 12:00:00,119
2021-07-22 13:00:00,177
2021-07-22 14:00:00,189
2021-07-22 15:00:00,182.0373065608718
2021-07-22 16:00:00,172.0373065608718
2021-07-22 17:00:00,155
2021-07-22 18:00:00,169
2021-07-22 19:00:00,163
2021-07-22 20:00:00,138
2021-07-22 21:00:00,123
2021-07-22 22:00:00,122
2021-07-22 23:00:00,114
2021-07-23 00:00:00,87
2021-07-23 01:00:00,111
2021-07-23 02:00:00,110
2021-07-23 03:00:00,109
2021-07-23 04:00:00,101
2021-07-23 05:00:00,99
2021-07-23 06:00:00,105
2021-07-23 07:00:00,144
2021-07-23 08:00:00,202
2021-07-23 09:00:00,190
2021-07-23 10:00:00,189.06475591101957
2021-07-23 11:00:00,199.06475591101957
2021-07-23 12:00:00,125
2021-07-23 13:00:00,192
2021-07-23 14:00:00,190
2021-07-23 15:00:00,205.80573226694128
2021-07-23 16:00:00,197.06475591101957
2021-07-23 17:00:00,178
2021-07-23 18:00:00,176
2021-07-23 19:00:00,165
2021-07-23 20:00:00,115
2021-07-23 21:00:00,110
2021-07-23 22:00:00,107
2021-07-23 23:00:00,111
2021-07-24 00:00:00,72
2021-07-24 01:00:00,101
2021-07-24 02:00:00,100
2021-07-24 03:00:00,104
2021-07-24 04:00:00,100
2021-07-24 05:00:00,91
2021-07-24 06:00:00,98
2021-07-24 07:00:00,81
2021-07-24 08:00:00,28
2021-07-24 09:00:00,24
2021-07-24 10:00:00,24
2021-07-24 11:00:00,29
2021-07-24 12:00:00,24
2021-07-24 13:00:00,24
2021-07-24 14:00:00,24
2021-07-24 15:00:00,28
2021-07-24 16:00:00,25
2021-07-24 17:00:00,24
2021-07-24 18:00:00,29
2021-07-24 19:00:00,28
2021-07-24 20:00:00,25
2021-07-24 21:00:00,25
2021-07-24 22:00:00,28
2021-07-24 23:00:00,24
2021-07-25 00:00:00,24
2021-07-25 01:00:00,26
2021-07-25 02:00:00,29
2021-07-25 03:00:00,26
2021-07-25 04:00:00,24
2021-07-25 05:00:00,28
2021-07-25 06:00:00,24
2021-07-25 07:00:00,24
2021-07-25 08:00:00,24
2021-07-25 09:00:00,29
2021-07-25 10:00:00,24
2021-07-25 11:00:00,24
2021-07-25 12:00:00,28
2021-07-25 13:00:00,24
2021-07-25 14:00:00,25
2021-07-25 15:00:00,25
2021-07-25 16:00:00,29
2021-07-25 17:00:00,24
2021-07-25 18:00:00,24
2021-07-25 19:00:00,28
2021-07-25 20:00:00,24
2021-07-25 21:00:00,24
2021-07-25 22:00:00,24
2021-07-25 23:00:00,28
2021-07-26 00:00:00,24
2021-07-26 01:00:00,24
2021-07-26 02:00:00,27
2021-07-26 03:00:00,27
2021-07-26 04:00:00,24
2021-07-26 05:00:00,24
2021-07-26 06:00:00,27
2021-07-26 07:00:00,127
2021-07-26 08:00:00,216.83056822848073
2021-07-26 09:00:00,189
2021-07-26 10:00:00,207.04235794287982
2021-07-26 11:00:00,202.04235794287982
2021-07-26 12:00:00,130
2021-07-26 13:00:00,180
2021-07-26 14:00:00,199
2021-07-26 15:00:00,180.04235794287982
2021-07-26 16:00:00,177.04235794287982
2021-07-26 17:00:00,169
2021-07-26 18:00:00,186
2021-07-26 19:00:00,177
2021-07-26 20:00:00,103
2021-07-26 21:00:00,116
2021-07-26 22:00:00,116
2021-07-26 23:00:00,107
2021-07-27 00:00:00,70
2021-07-27 01:00:00,110
2021-07-27 02:00:00,119
2021-07-27 03:00:00,111
2021-07-27 04:00:00,114
2021-07-27 05:00:00,106
2021-07-27 06:00:00,111
2021-07-27 07:00:00,161
2021-07-27 08:00:00,207
2021-07-27 09:00:00,192
2021-07-27 10:00:00,206.06012547751223
2021-07-27 11:00:00,210.81962356746334
2021-07-27 12:00:00,124
2021-07-27 13:00:00,198
2021-07-27 14:00:00,199
2021-07-27 15:00:00,201.06012547751223
2021-07-27 16:00:00,187.06012547751223
2021-07-27 17:00:00,184
2021-07-27 18:00:00,174
2021-07-27 19:00:00,180
2021-07-27 20:00:00,147
2021-07-27 21:00:00,148
2021-07-27 22:00:00,132
2021-07-27 23:00:00,139
2021-07-28 00:00:00,91
2021-07-28 01:00:00,130
2021-07-28 02:00:00,130
2021-07-28 03:00:00,128
2021-07-28 04:00:00,123
2021-07-28 05:00:00,119
2021-07-28 06:00:00,127
2021-07-28 07:00:00,174
2021-07-28 08:00:00,204
2021-07-28 09:00:00,204
2021-07-28 10:00:00,202.17041398468749
2021-07-28 11:00:00,211.48875804593754
2021-07-28 12:00:00,145
2021-07-28 13:00:00,200
2021-07-28 14:00:00,203
2021-07-28 15:00:00,187.17041398468749
2021-07-28 16:00:00,181.17041398468749
2021-07-28 17:00:00,190
2021-07-28 18:00:00,190
2021-07-28 19:00:00,175
2021-07-28 20:00:00,113
2021-07-28 21:00:00,115
2021-07-28 22:00:00,109
2021-07-28 23:00:00,116
2021-07-29 00:00:00,70
2021-07-29 01:00:00,118
2021-07-29 02:00:00,118
2021-07-29 03:00:00,117
2021-07-29 04:00:00,116
2021-07-29 05:00:00,119
2021-07-29 06:00:00,121
2021-07-29 07:00:00,159
2021-07-29 08:00:00,204
2021-07-29 09:00:00,205
2021-07-29 10:00:00,203.1120424592614
2021-07-29 11:00:00,210.66387262221582
2021-07-29 12:00:00,133
2021-07-29 13:00:00,206
2021-07-29 14:00:00,201
2021-07-29 15:00:00,186.1120424592614
2021-07-29 16:00:00,172.1120424592614
2021-07-29 17:00:00,152
2021-07-29 18:00:00,180
2021-07-29 19:00:00,181
2021-07-29 20:00:00,134
2021-07-29 21:00:00,131
2021-07-29 22:00:00,130
2021-07-29 23:00:00,127
2021-07-30 00:00:00,91
2021-07-30 01:00:00,130
2021-07-30 02:00:00,130
2021-07-30 03:00:00,128
2021-07-30 04:00:00,123
2021-07-30 05:00:00,119
2021-07-30 06:00:00,127
2021-07-30 07:00:00,174
2021-07-30 08:00:00,204
2021-07-30 09:00:00,204
2021-07-30 10:00:00,202.07605136245419
2021-07-30 11:00:00,211.77184591263742
2021-07-30 12:00:00,145
2021-07-30 13:00:00,200
2021-07-30 14:00:00,203
2021-07-30 15:00:00,187.07605136245419
2021-07-30 16:00:00,181.07605136245419
2021-07-30 17:00:00,190
2021-07-30 18:00:00,190
2021-07-30 19:00:00,175
2021-07-30 20:00:00,113
2021-07-30 21:00:00,115
2021-07-30 22:00:00,109
2021-07-30 23:00:00,116
2021-07-31 00:00:00,24
2021-07-31 01:00:00,21
2021-07-31 02:00:00,21
2021-07-31 03:00:00,21
2021-07-31 04:00:00,26
2021-07-31 05:00:00,21
2021-07-31 06:00:00,21
2021-07-31 07:00:00,23
2021-07-31 08:00:00,21
2021-07-31 09:00:00,21
2021-07-31 10:00:00,23
2021-07-31 11:00:00,26
2021-07-31 12:00:00,21
2021-07-31 13:00:00,21
2021-07-31 14:00:00,25
2021-07-31 15:00:00,23
2021-07-31 16:00:00,21
2021-07-31 17:00:00,21
2021-07-31 18:00:00,28
2021-07-31 19:00:00,21
2021-07-31 20:00:00,21
2021-07-31 21:00:00,25
2021-07-31 22:00:00,21
2021-07-31 23:00:00,21
2021-08-01 00:00:00,21
2021-08-01 01:00:00,26
2021-08-01 02:00:00,21
2021-08-01 03:00:00,21
2021-08-01 04:00:00,25
2021-08-01 05:00:00,24
2021-08-01 06:00:00,21
2021-08-01 07:00:00,21
2021-08-01 08:00:00,28
2021-08-01 09:00:00,24
2021-08-01 10:00:00,21
2021-08-01 11:00:00,21
2021-08-01 12:00:00,25
2021-08-01 13:00:00,21
2021-08-01 14:00:00,21
2021-08-01 15:00:00,23
2021-08-01 16:00:00,25
2021-08-01 17:00:00,21
2021-08-01 18:00:00,21
2021-08-01 19:00:00,22
2021-08-01 20:00:00,26
2021-08-01 21:00:00,22
2021-08-01 22:00:00,23
2021-08-01 23:00:00,24
2021-08-02 00:00:00,23
2021-08-02 01:00:00,21
2021-08-02 02:00:00,21
2021-08-02 03:00:00,26
2021-08-02 04:00:00,21
2021-08-02 05:00:00,21
2021-08-02 06:00:00,25
2021-08-02 07:00:00,24
2021-08-02 08:00:00,21
2021-08-02 09:00:00,21
2021-08-02 10:00:00,25
2021-08-02 11:00:00,21
2021-08-02 12:00:00,21
2021-08-02 13:00:00,23
2021-08-02 14:00:00,25
2021-08-02 15:00:00,21
2021-08-02 16:00:00,21
2021-08-02 17:00:00,24
2021-08-02 18:00:00,26
2021-08-02 19:00:00,21
2021-08-02 20:00:00,24
2021-08-02 21:00:00,24
2021-08-02 22:00:00,24
2021-08-02 23:00:00,21
2021-08-03 00:00:00,22
2021-08-03 01:00:00,26
2021-08-03 02:00:00,21
2021-08-03 03:00:00,22
2021-08-03 04:00:00,21
2021-08-03 05:00:00,24
2021-08-03 06:00:00,21
2021-08-03 07:00:00,21
2021-08-03 08:00:00,25
2021-08-03 09:00:00,21
2021-08-03 10:00:00,21
2021-08-03 11:00:00,24
2021-08-03 12:00:00,25
2021-08-03 13:00:00,21
2021-08-03 14:00:00,22
2021-08-03 15:00:00,26
2021-08-03 16:00:00,24
2021-08-03 17:00:00,21
2021-08-03 18:00:00,24
2021-08-03 19:00:00,25
2021-08-03 20:00:00,22
2021-08-03 21:00:00,22
2021-08-03 22:00:00,21
2021-08-03 23:00:00,26
2021-08-04 00:00:00,21
2021-08-04 01:00:00,21
2021-08-04 02:00:00,21
2021-08-04 03:00:00,25
2021-08-04 04:00:00,21
2021-08-04 05:00:00,21
2021-08-04 06:00:00,26
2021-08-04 07:00:00,21
2021-08-04 08:00:00,23
2021-08-04 09:00:00,21
2021-08-04 10:00:00,25
2021-08-04 11:00:00,21
2021-08-04 12:00:00,21
2021-08-04 13:00:00,25
2021-08-04 14:00:00,24
2021-08-04 15:00:00,24
2021-08-04 16:00:00,22
2021-08-04 17:00:00,26
2021-08-04 18:00:00,22
2021-08-04 19:00:00,21
2021-08-04 20:00:00,21
2021-08-04 21:00:00,26
2021-08-04 22:00:00,21
2021-08-04 23:00:00,22
2021-08-05 00:00:00,21
2021-08-05 01:00:00,25
2021-08-05 02:00:00,21
2021-08-05 03:00:00,21
2021-08-05 04:00:00,25
2021-08-05 05:00:00,22
2021-08-05 06:00:00,22
2021-08-05 07:00:00,20
2021-08-05 08:00:00,24
2021-08-05 09:00:00,21
2021-08-05 10:00:00,21
2021-08-05 11:00:00,25
2021-08-05 12:00:00,24
2021-08-05 13:00:00,24
2021-08-05 14:00:00,22
2021-08-05 15:00:00,25
2021-08-05 16:00:00,22
2021-08-05 17:00:00,22
2021-08-05 18:00:00,21
2021-08-05 19:00:00,25
2021-08-05 20:00:00,22
2021-08-05 21:00:00,22
2021-08-05 22:00:00,23
2021-08-05 23:00:00,26
2021-08-06 00:00:00,21
2021-08-06 01:00:00,21
2021-08-06 02:00:00,21
2021-08-06 03:00:00,25
2021-08-06 04:00:00,23
2021-08-06 05:00:00,21
2021-08-06 06:00:00,25
2021-08-06 07:00:00,21
2021-08-06 08:00:00,21
2021-08-06 09:00:00,21
2021-08-06 10:00:00,25
2021-08-06 11:00:00,25
2021-08-06 12:00:00,24
2021-08-06 13:00:00,24
2021-08-06 14:00:00,27
2021-08-06 15:00:00,22
2021-08-06 16:00:00,22
2021-08-06 17:00:00,25
2021-08-06 18:00:00,22
2021-08-06 19:00:00,21
2021-08-06 20:00:00,21
2021-08-06 21:00:00,26
2021-08-06 22:00:00,21
2021-08-06 23:00:00,21
2021-08-07 00:00:00,24
2021-08-07 01:00:00,25
2021-08-07 02:00:00,21
2021-08-07 03:00:00,21
2021-08-07 04:00:00,21
2021-08-07 05:00:00,24
2021-08-07 06:00:00,21
2021-08-07 07:00:00,21
2021-08-07 08:00:00,25
2021-08-07 09:00:00,24
2021-08-07 10:00:00,21
2021-08-07 11:00:00,21
2021-08-07 12:00:00,26
2021-08-07 13:00:00,21
2021-08-07 14:00:00,21
2021-08-07 15:00:00,22
2021-08-07 16:00:00,25
2021-08-07 17:00:00,21
2021-08-07 18:00:00,21
2021-08-07 19:00:00,24
2021-08-07 20:00:00,26
2021-08-07 21:00:00,22
2021-08-07 22:00:00,21
2021-08-07 23:00:00,25
2021-08-08 00:00:00,21
2021-08-08 01:00:00,21
2021-08-08 02:00:00,21
2021-08-08 03:00:00,24
2021-08-08 04:00:00,21
2021-08-08 05:00:00,21
2021-08-08 06:00:00,23
2021-08-08 07:00:00,25
2021-08-08 08:00:00,21
2021-08-08 09:00:00,21
2021-08-08 10:00:00,25
2021-08-08 11:00:00,21
2021-08-08 12:00:00,21
2021-08-08 13:00:00,23
2021-08-08 14:00:00,25
2021-08-08 15:00:00,21
2021-08-08 16:00:00,21
2021-08-08 17:00:00,25
2021-08-08 18:00:00,24
2021-08-08 19:00:00,21
2021-08-08 20:00:00,22
2021-08-08 21:00:00,26
2021-08-08 22:00:00,22
2021-08-08 23:00:00,21
2021-08-09 00:00:00,21
2021-08-09 01:00:00,25
2021-08-09 02:00:00,21
2021-08-09 03:00:00,23
2021-08-09 04:00:00,22
2021-08-09 05:00:00,25
2021-08-09 06:00:00,20
2021-08-09 07:00:00,112
2021-08-09 08:00:00,214.84235478649947
2021-08-09 09:00:00,197
2021-08-09 10:00:00,201.03941130337515
2021-08-09 11:00:00,192.03941130337515
2021-08-09 12:00:00,144
2021-08-09 13:00:00,200
2021-08-09 14:00:00,191
2021-08-09 15:00:00,183.03941130337515
2021-08-09 16:00:00,191.03941130337515
2021-08-09 17:00:00,169
2021-08-09 18:00:00,103
2021-08-09 19:00:00,95
2021-08-09 20:00:00,113
2021-08-09 21:00:00,119
2021-08-09 22:00:00,112
2021-08-09 23:00:00,108
2021-08-10 00:00:00,71
2021-08-10 01:00:00,104
2021-08-10 02:00:00,97
2021-08-10 03:00:00,104
2021-08-10 04:00:00,103
2021-08-10 05:00:00,99
2021-08-10 06:00:00,105
2021-08-10 07:00:00,138
2021-08-10 08:00:00,194.89413145208175
2021-08-10 09:00:00,193
2021-08-10 10:00:00,192.02646713697956
2021-08-10 11:00:00,191.02646713697956
2021-08-10 12:00:00,119
2021-08-10 13:00:00,190
2021-08-10 14:00:00,180
2021-08-10 15:00:00,181.02646713697956
2021-08-10 16:00:00,182.02646713697956
2021-08-10 17:00:00,156
2021-08-10 18:00:00,168
2021-08-10 19:00:00,163
2021-08-10 20:00:00,135
2021-08-10 21:00:00,127
2021-08-10 22:00:00,114
2021-08-10 23:00:00,109
2021-08-11 00:00:00,83
2021-08-11 01:00:00,108
2021-08-11 02:00:00,114
2021-08-11 03:00:00,113
2021-08-11 04:00:00,116
2021-08-11 05:00:00,105
2021-08-11 06:00:00,129
2021-08-11 07:00:00,150
2021-08-11 08:00:00,217.8351986619881
2021-08-11 09:00:00,189
2021-08-11 10:00:00,192.04120033450297
2021-08-11 11:00:00,192.04120033450297
2021-08-11 12:00:00,132
2021-08-11 13:00:00,205
2021-08-11 14:00:00,207
2021-08-11 15:00:00,177.04120033450297
2021-08-11 16:00:00,187.04120033450297
2021-08-11 17:00:00,177
2021-08-11 18:00:00,194
2021-08-11 19:00:00,163
2021-08-11 20:00:00,128
2021-08-11 21:00:00,115
2021-08-11 22:00:00,116
2021-08-11 23:00:00,109
2021-08-12 00:00:00,81
2021-08-12 01:00:00,115
2021-08-12 02:00:00,110
2021-08-12 03:00:00,110
2021-08-12 04:00:00,114
2021-08-12 05:00:00,103
2021-08-12 06:00:00,117
2021-08-12 07:00:00,149
2021-08-12 08:00:00,196
2021-08-12 09:00:00,189
2021-08-12 10:00:00,186.07541993970318
2021-08-12 11:00:00,198.77374018089043
2021-08-12 12:00:00,133
2021-08-12 13:00:00,191
2021-08-12 14:00:00,193
2021-08-12 15:00:00,197.07541993970318
2021-08-12 16:00:00,176.07541993970318
2021-08-12 17:00:00,160
2021-08-12 18:00:00,177
2021-08-12 19:00:00,182
2021-08-12 20:00:00,127
2021-08-12 21:00:00,114
2021-08-12 22:00:00,122
2021-08-12 23:00:00,118
2021-08-13 00:00:00,79
2021-08-13 01:00:00,105
2021-08-13 02:00:00,117
2021-08-13 03:00:00,120
2021-08-13 04:00:00,116
2021-08-13 05:00:00,108
2021-08-13 06:00:00,116
2021-08-13 07:00:00,166
2021-08-13 08:00:00,206.76700500487973
2021-08-13 09:00:00,191
2021-08-13 10:00:00,201.05824874878007
2021-08-13 11:00:00,204.05824874878007
2021-08-13 12:00:00,134
2021-08-13 13:00:00,195
2021-08-13 14:00:00,200
2021-08-13 15:00:00,195.05824874878007
2021-08-13 16:00:00,186.05824874878007
2021-08-13 17:00:00,176
2021-08-13 18:00:00,177
2021-08-13 19:00:00,168
2021-08-13 20:00:00,125
2021-08-13 21:00:00,119
2021-08-13 22:00:00,118
2021-08-13 23:00:00,116
2021-08-14 00:00:00,67
2021-08-14 01:00:00,106
2021-08-14 02:00:00,108
2021-08-14 03:00:00,98
2021-08-14 04:00:00,100
2021-08-14 05:00:00,91
2021-08-14 06:00:00,91
2021-08-14 07:00:00,75
2021-08-14 08:00:00,26
2021-08-14 09:00:00,23
2021-08-14 10:00:00,21
2021-08-14 11:00:00,26
2021-08-14 12:00:00,23
2021-08-14 13:00:00,21
2021-08-14 14:00:00,22
2021-08-14 15:00:00,26
2021-08-14 16:00:00,22
2021-08-14 17:00:00,22
2021-08-14 18:00:00,24
2021-08-14 19:00:00,26
2021-08-14 20:00:00,22
2021-08-14 21:00:00,23
2021-08-14 22:00:00,25
2021-08-14 23:00:00,22
2021-08-15 00:00:00,22
2021-08-15 01:00:00,28
2021-08-15 02:00:00,24
2021-08-15 03:00:00,22
2021-08-15 04:00:00,22
2021-08-15 05:00:00,25
2021-08-15 06:00:00,22
2021-08-15 07:00:00,21
2021-08-15 08:00:00,26
2021-08-15 09:00:00,24
2021-08-15 10:00:00,21
2021-08-15 11:00:00,22
2021-08-15 12:00:00,26
2021-08-15 13:00:00,22
2021-08-15 14:00:00,22
2021-08-15 15:00:00,21
2021-08-15 16:00:00,25
2021-08-15 17:00:00,22
2021-08-15 18:00:00,21
2021-08-15 19:00:00,25
2021-08-15 20:00:00,22
2021-08-15 21:00:00,22
2021-08-15 22:00:00,24
2021-08-15 23:00:00,25
2021-08-16 00:00:00,22
2021-08-16 01:00:00,23
2021-08-16 02:00:00,26
2021-08-16 03:00:00,21
2021-08-16 04:00:00,22
2021-08-16 05:00:00,22
2021-08-16 06:00:00,26
2021-08-16 07:00:00,122
2021-08-16 08:00:00,183
2021-08-16 09:00:00,189.86487553128526
2021-08-16 10:00:00,157.03378111717868
2021-08-16 11:00:00,157.03378111717868
2021-08-16 12:00:00,107
2021-08-16 13:00:00,157
2021-08-16 14:00:00,153
2021-08-16 15:00:00,146.03378111717868
2021-08-16 16:00:00,125.03378111717869
2021-08-16 17:00:00,105
2021-08-16 18:00:00,94
2021-08-16 19:00:00,95
2021-08-16 20:00:00,102
2021-08-16 21:00:00,116
2021-08-16 22:00:00,102
2021-08-16 23:00:00,102
2021-08-17 00:00:00,71
2021-08-17 01:00:00,100
2021-08-17 02:00:00,101
2021-08-17 03:00:00,99
2021-08-17 04:00:00,98
2021-08-17 05:00:00,103
2021-08-17 06:00:00,96
2021-08-17 07:00:00,146
2021-08-17 08:00:00,171
2021-08-17 09:00:00,170
2021-08-17 10:00:00,165
2021-08-17 11:00:00,173
2021-08-17 12:00:00,134
2021-08-17 13:00:00,164
2021-08-17 14:00:00,164
2021-08-17 15:00:00,168
2021-08-17 16:00:00,158
2021-08-17 17:00:00,135
2021-08-17 18:00:00,158
2021-08-17 19:00:00,143
2021-08-17 20:00:00,128
2021-08-17 21:00:00,121
2021-08-17 22:00:00,118
2021-08-17 23:00:00,118
2021-08-18 00:00:00,66
2021-08-18 01:00:00,105
2021-08-18 02:00:00,105
2021-08-18 03:00:00,101
2021-08-18 04:00:00,99
2021-08-18 05:00:00,98
2021-08-18 06:00:00,107
2021-08-18 07:00:00,146
2021-08-18 08:00:00,174
2021-08-18 09:00:00,172
2021-08-18 10:00:00,176.13561557529886
2021-08-18 11:00:00,183.13561557529886
2021-08-18 12:00:00,120
2021-08-18 13:00:00,177
2021-08-18 14:00:00,185
2021-08-18 15:00:00,184.13561557529886
2021-08-18 16:00:00,187.59315327410343
2021-08-18 17:00:00,186
2021-08-18 18:00:00,174
2021-08-18 19:00:00,158
2021-08-18 20:00:00,124
2021-08-18 21:00:00,123
2021-08-18 22:00:00,125
2021-08-18 23:00:00,112
2021-08-19 00:00:00,77
2021-08-19 01:00:00,114
2021-08-19 02:00:00,116
2021-08-19 03:00:00,119
2021-08-19 04:00:00,108
2021-08-19 05:00:00,106
2021-08-19 06:00:00,119
2021-08-19 07:00:00,143
2021-08-19 08:00:00,185
2021-08-19 09:00:00,182
2021-08-19 10:00:00,177.17834184811676
2021-08-19 11:00:00,187.46497445564972
2021-08-19 12:00:00,120
2021-08-19 13:00:00,172
2021-08-19 14:00:00,184
2021-08-19 15:00:00,185.17834184811676
2021-08-19 16:00:00,171.17834184811676
2021-08-19 17:00:00,155
2021-08-19 18:00:00,161
2021-08-19 19:00:00,153
2021-08-19 20:00:00,134
2021-08-19 21:00:00,123
2021-08-19 22:00:00,125
2021-08-19 23:00:00,117
2021-08-20 00:00:00,80
2021-08-20 01:00:00,109
2021-08-20 02:00:00,110
2021-08-20 03:00:00,107
2021-08-20 04:00:00,106
2021-08-20 05:00:00,104
2021-08-20 06:00:00,115
2021-08-20 07:00:00,146
2021-08-20 08:00:00,179
2021-08-20 09:00:00,175
2021-08-20 10:00:00,168.26007601532999
2021-08-20 11:00:00,192.21977195401007
2021-08-20 12:00:00,134
2021-08-20 13:00:00,180
2021-08-20 14:00:00,184
2021-08-20 15:00:00,176.26007601532999
2021-08-20 16:00:00,177.26007601532999
2021-08-20 17:00:00,164
2021-08-20 18:00:00,158
2021-08-20 19:00:00,146
2021-08-20 20:00:00,125
2021-08-20 21:00:00,121
2021-08-20 22:00:00,113
2021-08-20 23:00:00,106
2021-08-21 00:00:00,64
2021-08-21 01:00:00,99
2021-08-21 02:00:00,109
2021-08-21 03:00:00,102
2021-08-21 04:00:00,107
2021-08-21 05:00:00,110
2021-08-21 06:00:00,103
2021-08-21 07:00:00,94
2021-08-21 08:00:00,26
2021-08-21 09:00:00,21
2021-08-21 10:00:00,22
2021-08-21 11:00:00,26
2021-08-21 12:00:00,22
2021-08-21 13:00:00,21
2021-08-21 14:00:00,26
2021-08-21 15:00:00,23
2021-08-21 16:00:00,22
2021-08-21 17:00:00,22
2021-08-21 18:00:00,27
2021-08-21 19:00:00,21
2021-08-21 20:00:00,22
2021-08-21 21:00:00,23
2021-08-21 22:00:00,27
2021-08-21 23:00:00,23
2021-08-22 00:00:00,23
2021-08-22 01:00:00,26
2021-08-22 02:00:00,27
2021-08-22 03:00:00,24
2021-08-22 04:00:00,22
2021-08-22 05:00:00,26
2021-08-22 06:00:00,22
2021-08-22 07:00:00,22
2021-08-22 08:00:00,22
2021-08-22 09:00:00,27
2021-08-22 10:00:00,22
2021-08-22 11:00:00,23
2021-08-22 12:00:00,24
2021-08-22 13:00:00,26
2021-08-22 14:00:00,23
2021-08-22 15:00:00,23
2021-08-22 16:00:00,27
2021-08-22 17:00:00,22
2021-08-22 18:00:00,22
2021-08-22 19:00:00,22
2021-08-22 20:00:00,26
2021-08-22 21:00:00,23
2021-08-22 22:00:00,24
2021-08-22 23:00:00,26
2021-08-23 00:00:00,25
2021-08-23 01:00:00,23
2021-08-23 02:00:00,23
2021-08-23 03:00:00,27
2021-08-23 04:00:00,22
2021-08-23 05:00:00,22
2021-08-23 06:00:00,22
2021-08-23 07:00:00,92
2021-08-23 08:00:00,181
2021-08-23 09:00:00,187
2021-08-23 10:00:00,182.04728654824183
2021-08-23 11:00:00,191.04728654824183
2021-08-23 12:00:00,136
2021-08-23 13:00:00,193
2021-08-23 14:00:00,190
2021-08-23 15:00:00,195.85814035527454
2021-08-23 16:00:00,177.04728654824183
2021-08-23 17:00:00,177
2021-08-23 18:00:00,179
2021-08-23 19:00:00,137
2021-08-23 20:00:00,118
2021-08-23 21:00:00,117
2021-08-23 22:00:00,113
2021-08-23 23:00:00,107
2021-08-24 00:00:00,67
2021-08-24 01:00:00,111
2021-08-24 02:00:00,115
2021-08-24 03:00:00,115
2021-08-24 04:00:00,113
2021-08-24 05:00:00,106
2021-08-24 06:00:00,115
2021-08-24 07:00:00,145
2021-08-24 08:00:00,196
2021-08-24 09:00:00,190
2021-08-24 10:00:00,181.10783297425471
2021-08-24 11:00:00,188.10783297425471
2021-08-24 12:00:00,130
2021-08-24 13:00:00,180
2021-08-24 14:00:00,190
2021-08-24 15:00:00,200.67650107723588
2021-08-24 16:00:00,191.10783297425471
2021-08-24 17:00:00,157
2021-08-24 18:00:00,156
2021-08-24 19:00:00,164
2021-08-24 20:00:00,125
2021-08-24 21:00:00,123
2021-08-24 22:00:00,120
2021-08-24 23:00:00,107
2021-08-25 00:00:00,81
2021-08-25 01:00:00,111
2021-08-25 02:00:00,115
2021-08-25 03:00:00,106
2021-08-25 04:00:00,110
2021-08-25 05:00:00,107
2021-08-25 06:00:00,108
2021-08-25 07:00:00,162
2021-08-25 08:00:00,182
2021-08-25 09:00:00,181
2021-08-25 10:00:00,188.7613222001207
2021-08-25 11:00:00,184.07955926662643
2021-08-25 12:00:00,121
2021-08-25 13:00:00,180
2021-08-25 14:00:00,184
2021-08-25 15:00:00,180.07955926662643
2021-08-25 16:00:00,172.07955926662643
2021-08-25 17:00:00,176
2021-08-25 18:00:00,172
2021-08-25 19:00:00,152
2021-08-25 20:00:00,124
2021-08-25 21:00:00,131
2021-08-25 22:00:00,114
2021-08-25 23:00:00,119
2021-08-26 00:00:00,73
2021-08-26 01:00:00,110
2021-08-26 02:00:00,118
2021-08-26 03:00:00,104
2021-08-26 04:00:00,115
2021-08-26 05:00:00,108
2021-08-26 06:00:00,111
2021-08-26 07:00:00,147
2021-08-26 08:00:00,196
2021-08-26 09:00:00,199
2021-08-26 10:00:00,193.14270154172678
2021-08-26 11:00:00,194.14270154172678
2021-08-26 12:00:00,127
2021-08-26 13:00:00,199
2021-08-26 14:00:00,190
2021-08-26 15:00:00,201.57189537481966
2021-08-26 16:00:00,186.14270154172678
2021-08-26 17:00:00,161
2021-08-26 18:00:00,167
2021-08-26 19:00:00,170
2021-08-26 20:00:00,121
2021-08-26 21:00:00,128
2021-08-26 22:00:00,116
2021-08-26 23:00:00,113
2021-08-27 00:00:00,77
2021-08-27 01:00:00,111
2021-08-27 02:00:00,115
2021-08-27 03:00:00,114
2021-08-27 04:00:00,112
2021-08-27 05:00:00,104
2021-08-27 06:00:00,103
2021-08-27 07:00:00,135
2021-08-27 08:00:00,189.94464527216203
2021-08-27 09:00:00,185
2021-08-27 10:00:00,177.0138386819595
2021-08-27 11:00:00,182.0138386819595
2021-08-27 12:00:00,125
2021-08-27 13:00:00,179
2021-08-27 14:00:00,169
2021-08-27 15:00:00,175.0138386819595
2021-08-27 16:00:00,161.0138386819595
2021-08-27 17:00:00,163
2021-08-27 18:00:00,157
2021-08-27 19:00:00,138
2021-08-27 20:00:00,111
2021-08-27 21:00:00,115
2021-08-27 22:00:00,105
2021-08-27 23:00:00,113
2021-08-28 00:00:00,75
2021-08-28 01:00:00,111
2021-08-28 02:00:00,119
2021-08-28 03:00:00,109
2021-08-28 04:00:00,107
2021-08-28 05:00:00,107
2021-08-28 06:00:00,103
2021-08-28 07:00:00,94
2021-08-28 08:00:00,36
2021-08-28 09:00:00,36
2021-08-28 10:00:00,41
2021-08-28 11:00:00,39
2021-08-28 12:00:00,38
2021-08-28 13:00:00,41
2021-08-28 14:00:00,41
2021-08-28 15:00:00,38
2021-08-28 16:00:00,52
2021-08-28 17:00:00,47
2021-08-28 18:00:00,47
2021-08-28 19:00:00,47
2021-08-28 20:00:00,47
2021-08-28 21:00:00,47
2021-08-28 22:00:00,47
2021-08-28 23:00:00,47
2021-08-29 00:00:00,47
2021-08-29 01:00:00,47
2021-08-29 02:00:00,47
2021-08-29 03:00:00,47
2021-08-29 04:00:00,47
2021-08-29 05:00:00,47
2021-08-29 06:00:00,47
2021-08-29 07:00:00,47
2021-08-29 08:00:00,47
2021-08-29 09:00:00,47
2021-08-29 10:00:00,47
2021-08-29 11:00:00,41
2021-08-29 12:00:00,23
2021-08-29 13:00:00,19
2021-08-29 14:00:00,22
2021-08-29 15:00:00,21
2021-08-29 16:00:00,23
2021-08-29 17:00:00,26
2021-08-29 18:00:00,25
2021-08-29 19:00:00,21
2021-08-29 20:00:00,20
2021-08-29 21:00:00,21
2021-08-29 22:00:00,24
2021-08-29 23:00:00,21
2021-08-30 00:00:00,20
2021-08-30 01:00:00,23
2021-08-30 02:00:00,24
2021-08-30 03:00:00,21
2021-08-30 04:00:00,20
2021-08-30 05:00:00,20
2021-08-30 06:00:00,24
2021-08-30 07:00:00,80
2021-08-30 08:00:00,183
2021-08-30 09:00:00,180
2021-08-30 10:00:00,186
2021-08-30 11:00:00,180
2021-08-30 12:00:00,134
2021-08-30 13:00:00,177
2021-08-30 14:00:00,174
2021-08-30 15:00:00,177
2021-08-30 16:00:00,174
2021-08-30 17:00:00,172
2021-08-30 18:00:00,172
2021-08-30 19:00:00,162
2021-08-30 20:00:00,132
2021-08-30 21:00:00,135
2021-08-30 22:00:00,123
2021-08-30 23:00:00,115
2021-08-31 00:00:00,76
2021-08-31 01:00:00,111
2021-08-31 02:00:00,114
2021-08-31 03:00:00,107
2021-08-31 04:00:00,114
2021-08-31 05:00:00,114
2021-08-31 06:00:00,114
2021-08-31 07:00:00,144
2021-08-31 08:00:00,177
2021-08-31 09:00:00,185
2021-08-31 10:00:00,186.78405341915681
2021-08-31 11:00:00,182.07198219361439
2021-08-31 12:00:00,135
2021-08-31 13:00:00,184
2021-08-31 14:00:00,187
2021-08-31 15:00:00,170.07198219361439
2021-08-31 16:00:00,180.07198219361439
2021-08-31 17:00:00,139
2021-08-31 18:00:00,162
2021-08-31 19:00:00,154
2021-08-31 20:00:00,152
2021-08-31 21:00:00,132
2021-08-31 22:00:00,127
2021-08-31 23:00:00,128
2021-09-01 00:00:00,83
2021-09-01 01:00:00,117
2021-09-01 02:00:00,121
2021-09-01 03:00:00,103
2021-09-01 04:00:00,119
2021-09-01 05:00:00,112
2021-09-01 06:00:00,119
2021-09-01 07:00:00,139
2021-09-01 08:00:00,197.82551684647271
2021-09-01 09:00:00,189
2021-09-01 10:00:00,196.04362078838182
2021-09-01 11:00:00,180.04362078838182
2021-09-01 12:00:00,138
2021-09-01 13:00:00,190
2021-09-01 14:00:00,192
2021-09-01 15:00:00,182.04362078838182
2021-09-01 16:00:00,187.04362078838182
2021-09-01 17:00:00,180
2021-09-01 18:00:00,167
2021-09-01 19:00:00,163
2021-09-01 20:00:00,139
2021-09-01 21:00:00,133
2021-09-01 22:00:00,128
2021-09-01 23:00:00,121
2021-09-02 00:00:00,87
2021-09-02 01:00:00,119
2021-09-02 02:00:00,119
2021-09-02 03:00:00,118
2021-09-02 04:00:00,120
2021-09-02 05:00:00,108
2021-09-02 06:00:00,117
2021-09-02 07:00:00,160
2021-09-02 08:00:00,171
2021-09-02 09:00:00,197.79163049216885
2021-09-02 10:00:00,188.05209237695777
2021-09-02 11:00:00,188.05209237695777
2021-09-02 12:00:00,130
2021-09-02 13:00:00,183
2021-09-02 14:00:00,195
2021-09-02 15:00:00,177.05209237695777
2021-09-02 16:00:00,181.05209237695777
2021-09-02 17:00:00,153
2021-09-02 18:00:00,167
2021-09-02 19:00:00,173
2021-09-02 20:00:00,143
2021-09-02 21:00:00,138
2021-09-02 22:00:00,129
2021-09-02 23:00:00,129
2021-09-03 00:00:00,71
2021-09-03 01:00:00,119
2021-09-03 02:00:00,117
2021-09-03 03:00:00,114
2021-09-03 04:00:00,113
2021-09-03 05:00:00,111
2021-09-03 06:00:00,114
2021-09-03 07:00:00,147
2021-09-03 08:00:00,179
2021-09-03 09:00:00,178
2021-09-03 10:00:00,169.0236432741209
2021-09-03 11:00:00,189.92907017763727
2021-09-03 12:00:00,122
2021-09-03 13:00:00,176
2021-09-03 14:00:00,181
2021-09-03 15:00:00,162.0236432741209
2021-09-03 16:00:00,165.0236432741209
2021-09-03 17:00:00,170
2021-09-03 18:00:00,158
2021-09-03 19:00:00,156
2021-09-03 20:00:00,118
2021-09-03 21:00:00,113
2021-09-03 22:00:00,119
2021-09-03 23:00:00,112
2021-09-04 00:00:00,69
2021-09-04 01:00:00,114
2021-09-04 02:00:00,107
2021-09-04 03:00:00,103
2021-09-04 04:00:00,112
2021-09-04 05:00:00,105
2021-09-04 06:00:00,116
2021-09-04 07:00:00,97
2021-09-04 08:00:00,37
2021-09-04 09:00:00,32
2021-09-04 10:00:00,36
2021-09-04 11:00:00,32
2021-09-04 12:00:00,34
2021-09-04 13:00:00,37
2021-09-04 14:00:00,35
2021-09-04 15:00:00,33
2021-09-04 16:00:00,43
2021-09-04 17:00:00,40
2021-09-04 18:00:00,29
2021-09-04 19:00:00,25
2021-09-04 20:00:00,27
2021-09-04 21:00:00,23
2021-09-04 22:00:00,23
2021-09-04 23:00:00,23
2021-09-05 00:00:00,26
2021-09-05 01:00:00,22
2021-09-05 02:00:00,22
2021-09-05 03:00:00,22
2021-09-05 04:00:00,27
2021-09-05 05:00:00,22
2021-09-05 06:00:00,22
2021-09-05 07:00:00,22
2021-09-05 08:00:00,27
2021-09-05 09:00:00,23
2021-09-05 10:00:00,22
2021-09-05 11:00:00,22
2021-09-05 12:00:00,26
2021-09-05 13:00:00,23
2021-09-05 14:00:00,23
2021-09-05 15:00:00,28
2021-09-05 16:00:00,25
2021-09-05 17:00:00,23
2021-09-05 18:00:00,22
2021-09-05 19:00:00,27
2021-09-05 20:00:00,23
2021-09-05 21:00:00,23
2021-09-05 22:00:00,27
2021-09-05 23:00:00,24
2021-09-06 00:00:00,22
2021-09-06 01:00:00,22
2021-09-06 02:00:00,27
2021-09-06 03:00:00,22
2021-09-06 04:00:00,22
2021-09-06 05:00:00,24
2021-09-06 06:00:00,26
2021-09-06 07:00:00,81
2021-09-06 08:00:00,180
2021-09-06 09:00:00,165
2021-09-06 10:00:00,189.8705583360443
2021-09-06 11:00:00,180.04314722131858
2021-09-06 12:00:00,124
2021-09-06 13:00:00,164
2021-09-06 14:00:00,163
2021-09-06 15:00:00,171.04314722131858
2021-09-06 16:00:00,152.04314722131858
2021-09-06 17:00:00,148
2021-09-06 18:00:00,154
2021-09-06 19:00:00,145
2021-09-06 20:00:00,128
2021-09-06 21:00:00,133
2021-09-06 22:00:00,114
2021-09-06 23:00:00,118
2021-09-07 00:00:00,74
2021-09-07 01:00:00,121
2021-09-07 02:00:00,118
2021-09-07 03:00:00,123
2021-09-07 04:00:00,120
2021-09-07 05:00:00,116
2021-09-07 06:00:00,124
2021-09-07 07:00:00,160
2021-09-07 08:00:00,191.73985382658657
2021-09-07 09:00:00,174
2021-09-07 10:00:00,178.06503654335336
2021-09-07 11:00:00,183.06503654335336
2021-09-07 12:00:00,140
2021-09-07 13:00:00,189
2021-09-07 14:00:00,191
2021-09-07 15:00:00,174.06503654335336
2021-09-07 16:00:00,167.06503654335336
2021-09-07 17:00:00,161
2021-09-07 18:00:00,165
2021-09-07 19:00:00,158
2021-09-07 20:00:00,141
2021-09-07 21:00:00,134
2021-09-07 22:00:00,122
2021-09-07 23:00:00,126
2021-09-08 00:00:00,78
2021-09-08 01:00:00,115
2021-09-08 02:00:00,126
2021-09-08 03:00:00,122
2021-09-08 04:00:00,116
2021-09-08 05:00:00,109
2021-09-08 06:00:00,123
2021-09-08 07:00:00,154
2021-09-08 08:00:00,181
2021-09-08 09:00:00,163
2021-09-08 10:00:00,160
2021-09-08 11:00:00,168
2021-09-08 12:00:00,63
2021-09-08 13:00:00,165
2021-09-08 14:00:00,178
2021-09-08 15:00:00,183
2021-09-08 16:00:00,170
2021-09-08 17:00:00,182
2021-09-08 18:00:00,170
2021-09-08 19:00:00,163
2021-09-08 20:00:00,111
2021-09-08 21:00:00,127
2021-09-08 22:00:00,116
2021-09-08 23:00:00,111
2021-09-09 00:00:00,79
2021-09-09 01:00:00,99
2021-09-09 02:00:00,114
2021-09-09 03:00:00,116
2021-09-09 04:00:00,114
2021-09-09 05:00:00,109
2021-09-09 06:00:00,121
2021-09-09 07:00:00,152
2021-09-09 08:00:00,187
2021-09-09 09:00:00,176
2021-09-09 10:00:00,169.04826876141004
2021-09-09 11:00:00,189.85519371576987
2021-09-09 12:00:00,129
2021-09-09 13:00:00,176
2021-09-09 14:00:00,168
2021-09-09 15:00:00,185.04826876141004
2021-09-09 16:00:00,168.04826876141004
2021-09-09 17:00:00,168
2021-09-09 18:00:00,172
2021-09-09 19:00:00,158
2021-09-09 20:00:00,134
2021-09-09 21:00:00,134
2021-09-09 22:00:00,118
2021-09-09 23:00:00,116
2021-09-10 00:00:00,83
2021-09-10 01:00:00,109
2021-09-10 02:00:00,118
2021-09-10 03:00:00,116
2021-09-10 04:00:00,117
2021-09-10 05:00:00,107
2021-09-10 06:00:00,118
2021-09-10 07:00:00,150
2021-09-10 08:00:00,192
2021-09-10 09:00:00,203.78152772815281
2021-09-10 10:00:00,181.0546180679618
2021-09-10 11:00:00,188.0546180679618
2021-09-10 12:00:00,128
2021-09-10 13:00:00,191
2021-09-10 14:00:00,190
2021-09-10 15:00:00,191.0546180679618
2021-09-10 16:00:00,171.0546180679618
2021-09-10 17:00:00,157
2021-09-10 18:00:00,162
2021-09-10 19:00:00,148
2021-09-10 20:00:00,121
2021-09-10 21:00:00,126
2021-09-10 22:00:00,109
2021-09-10 23:00:00,105
2021-09-11 00:00:00,69
2021-09-11 01:00:00,105
2021-09-11 02:00:00,99
2021-09-11 03:00:00,107
2021-09-11 04:00:00,93
2021-09-11 05:00:00,98
2021-09-11 06:00:00,97
2021-09-11 07:00:00,73
2021-09-11 08:00:00,23
2021-09-11 09:00:00,23
2021-09-11 10:00:00,23
2021-09-11 11:00:00,23
2021-09-11 12:00:00,28
2021-09-11 13:00:00,25
2021-09-11 14:00:00,24
2021-09-11 15:00:00,24
2021-09-11 16:00:00,24
2021-09-11 17:00:00,24
2021-09-11 18:00:00,24
2021-09-11 19:00:00,28
2021-09-11 20:00:00,24
2021-09-11 21:00:00,24
2021-09-11 22:00:00,24
2021-09-11 23:00:00,23
2021-09-12 00:00:00,23
2021-09-12 01:00:00,24
2021-09-12 02:00:00,27
2021-09-12 03:00:00,23
2021-09-12 04:00:00,23
2021-09-12 05:00:00,23
2021-09-12 06:00:00,23
2021-09-12 07:00:00,23
2021-09-12 08:00:00,28
2021-09-12 09:00:00,24
2021-09-12 10:00:00,24
2021-09-12 11:00:00,23
2021-09-12 12:00:00,23
2021-09-12 13:00:00,23
2021-09-12 14:00:00,28
2021-09-12 15:00:00,24
2021-09-12 16:00:00,24
2021-09-12 17:00:00,23
2021-09-12 18:00:00,24
2021-09-12 19:00:00,24
2021-09-12 20:00:00,24
2021-09-12 21:00:00,28
2021-09-12 22:00:00,24
2021-09-12 23:00:00,24
2021-09-13 00:00:00,23
2021-09-13 01:00:00,23
2021-09-13 02:00:00,23
2021-09-13 03:00:00,25
2021-09-13 04:00:00,28
2021-09-13 05:00:00,23
2021-09-13 06:00:00,24
2021-09-13 07:00:00,111
2021-09-13 08:00:00,195.86740122228926
2021-09-13 09:00:00,188
2021-09-13 10:00:00,189.03314969442769
2021-09-13 11:00:00,191.03314969442769
2021-09-13 12:00:00,130
2021-09-13 13:00:00,191
2021-09-13 14:00:00,182
2021-09-13 15:00:00,177.03314969442769
2021-09-13 16:00:00,182.03314969442769
2021-09-13 17:00:00,160
2021-09-13 18:00:00,162
2021-09-13 19:00:00,162
2021-09-13 20:00:00,126
2021-09-13 21:00:00,131
2021-09-13 22:00:00,122
2021-09-13 23:00:00,123
2021-09-14 00:00:00,72
2021-09-14 01:00:00,116
2021-09-14 02:00:00,115
2021-09-14 03:00:00,114
2021-09-14 04:00:00,115
2021-09-14 05:00:00,115
2021-09-14 06:00:00,112
2021-09-14 07:00:00,156
2021-09-14 08:00:00,184
2021-09-14 09:00:00,178
2021-09-14 10:00:00,161
2021-09-14 11:00:00,180
2021-09-14 12:00:00,135
2021-09-14 13:00:00,173
2021-09-14 14:00:00,162
2021-09-14 15:00:00,175
2021-09-14 16:00:00,165
2021-09-14 17:00:00,146
2021-09-14 18:00:00,164
2021-09-14 19:00:00,171
2021-09-14 20:00:00,130
2021-09-14 21:00:00,134
2021-09-14 22:00:00,120
2021-09-14 23:00:00,119
