v0,v1,v2,v3,v4,v5,v6,v7,v8,v9,v10,v11,v12,v13,v14,v15,v16,v17,v18,v19,v20,v21,v22,v23,v24
0,74,83,0,77,81,-1,2021-09-01 00:00:00,2021-09-01,2021-08-31 23:00:00,2021-08-31 23:00:00,False,False,False,True,187,158.92000000000002,"""Seasonal Naive""","""D1""",,,0,"""frozen_reference""","""median_internal_fold_tau""",
1,109,117,0,104,111,-1,2021-09-01 01:00:00,2021-09-01,2021-08-31 23:00:00,2021-08-31 23:00:00,False,False,False,True,187,158.92000000000002,"""Seasonal Naive""","""D1""",,,0,"""frozen_reference""","""median_internal_fold_tau""",
2,114,121,0,109,115,-1,2021-09-01 02:00:00,2021-09-01,2021-08-31 23:00:00,2021-08-31 23:00:00,False,False,False,True,187,158.92000000000002,"""Seasonal Naive""","""D1""",,,0,"""frozen_reference""","""median_internal_fold_tau""",
3,99,103,0,99,106,-1,2021-09-01 03:00:00,2021-09-01,2021-08-31 23:00:00,2021-08-31 23:00:00,False,False,False,True,187,158.92000000000002,"""Seasonal Naive""","""D1""",,,0,"""frozen_reference""","""median_internal_fold_tau""",
4,115,119,0,109,110,-1,2021-09-01 04:00:00,2021-09-01,2021-08-31 23:00:00,2021-08-31 23:00:00,False,False,False,True,187,158.92000000000002,"""Seasonal Naive""","""D1""",,,0,"""frozen_reference""","""median_internal_fold_tau""",
5,92,112,0,91,107,-1,2021-09-01 05:00:00,2021-09-01,2021-08-31 23:00:00,2021-08-31 23:00:00,False,False,False,True,187,158.92000000000002,"""Seasonal Naive""","""D1""",,,0,"""frozen_reference""","""median_internal_fold_tau""",
6,116,119,0,104,108,-1,2021-09-01 06:00:00,2021-09-01,2021-08-31 23:00:00,2021-08-31 23:00:00,False,False,False,True,187,158.92000000000002,"""Seasonal Naive""","""D1""",,,0,"""frozen_reference""","""median_internal_fold_tau""",
7,124,139,0,139,162,-1,2021-09-01 07:00:00,2021-09-01,2021-08-31 23:00:00,2021-08-31 23:00:00,False,False,False,True,187,158.92000000000002,"""Seasonal Naive""","""D1""",,,1,"""frozen_reference""","""median_internal_fold_tau""",
8,180,198,1,174,182,-1,2021-09-01 08:00:00,2021-09-01,2021-08-31 23:00:00,2021-08-31 23:00:00,False,False,False,True,187,158.92000000000002,"""Seasonal Naive""","""D1""",,,1,"""frozen_reference""","""median_internal_fold_tau""",
9,182,189,1,171,181,-1,2021-09-01 09:00:00,2021-09-01,2021-08-31 23:00:00,2021-08-31 23:00:00,False,False,False,True,187,158.92000000000002,"""Seasonal Naive""","""D1""",,,1,"""frozen_reference""","""median_internal_fold_tau""",
10,185,196,1,177,189,-1,2021-09-01 10:00:00,2021-09-01,2021-08-31 23:00:00,2021-08-31 23:00:00,False,False,False,True,187,158.92000000000002,"""Seasonal Naive""","""D1""",,,1,"""frozen_reference""","""median_internal_fold_tau""",
11,174,180,0,173,184,-1,2021-09-01 11:00:00,2021-09-01,2021-08-31 23:00:00,2021-08-31 23:00:00,False,False,False,True,187,158.92000000000002,"""Seasonal Naive""","""D1""",,,1,"""frozen_reference""","""median_internal_fold_tau""",
12,117,138,0,110,121,-1,2021-09-01 12:00:00,2021-09-01,2021-08-31 23:00:00,2021-08-31 23:00:00,False,False,False,True,187,158.92000000000002,"""Seasonal Naive""","""D1""",,,0,"""frozen_reference""","""median_internal_fold_tau""",
13,182,190,1,174,180,-1,2021-09-01 13:00:00,2021-09-01,2021-08-31 23:00:00,2021-08-31 23:00:00,False,False,False,True,187,158.92000000000002,"""Seasonal Naive""","""D1""",,,1,"""frozen_reference""","""median_internal_fold_tau""",
14,184,192,1,177,184,-1,2021-09-01 14:00:00,2021-09-01,2021-08-31 23:00:00,2021-08-31 23:00:00,False,False,False,True,187,158.92000000000002,"""Seasonal Naive""","""D1""",,,1,"""frozen_reference""","""median_internal_fold_tau""",
15,173,182,0,169,180,-1,2021-09-01 15:00:00,2021-09-01,2021-08-31 23:00:00,2021-08-31 23:00:00,False,False,False,True,187,158.92000000000002,"""Seasonal Naive""","""D1""",,,1,"""frozen_reference""","""median_internal_fold_tau""",
16,176,187,1,162,172,-1,2021-09-01 16:00:00,2021-09-01,2021-08-31 23:00:00,2021-08-31 23:00:00,False,False,False,True,187,158.92000000000002,"""Seasonal Naive""","""D1""",,,1,"""frozen_reference""","""median_internal_fold_tau""",
17,139,180,0,146,176,-1,2021-09-01 17:00:00,2021-09-01,2021-08-31 23:00:00,2021-08-31 23:00:00,False,False,False,True,187,158.92000000000002,"""Seasonal Naive""","""D1""",,,1,"""frozen_reference""","""median_internal_fold_tau""",
18,163,167,0,167,172,-1,2021-09-01 18:00:00,2021-09-01,2021-08-31 23:00:00,2021-08-31 23:00:00,False,False,False,True,187,158.92000000000002,"""Seasonal Naive""","""D1""",,,1,"""frozen_reference""","""median_internal_fold_tau""",
19,152,163,0,139,152,-1,2021-09-01 19:00:00,2021-09-01,2021-08-31 23:00:00,2021-08-31 23:00:00,False,False,False,True,187,158.92000000000002,"""Seasonal Naive""","""D1""",,,0,"""frozen_reference""","""median_internal_fold_tau""",
20,129,139,0,111,124,-1,2021-09-01 20:00:00,2021-09-01,2021-08-31 23:00:00,2021-08-31 23:00:00,False,False,False,True,187,158.92000000000002,"""Seasonal Naive""","""D1""",,,0,"""frozen_reference""","""median_internal_fold_tau""",
21,131,133,0,121,131,-1,2021-09-01 21:00:00,2021-09-01,2021-08-31 23:00:00,2021-08-31 23:00:00,False,False,False,True,187,158.92000000000002,"""Seasonal Naive""","""D1""",,,0,"""frozen_reference""","""median_internal_fold_tau""",
22,119,128,0,110,114,-1,2021-09-01 22:00:00,2021-09-01,2021-08-31 23:00:00,2021-08-31 23:00:00,False,False,False,True,187,158.92000000000002,"""Seasonal Naive""","""D1""",,,0,"""frozen_reference""","""median_internal_fold_tau""",
23,114,121,0,105,119,-1,2021-09-01 23:00:00,2021-09-01,2021-08-31 23:00:00,2021-08-31 23:00:00,False,False,False,True,187,158.92000000000002,"""Seasonal Naive""","""D1""",,,0,"""frozen_reference""","""median_internal_fold_tau""",
24,79,87,0,72,73,-1,2021-09-02 00:00:00,2021-09-02,2021-09-01 23:00:00,2021-08-31 23:00:00,False,False,False,True,187,158.92000000000002,"""Seasonal Naive""","""D1""",,,0,"""frozen_reference""","""median_internal_fold_tau""",
25,112,119,0,103,110,-1,2021-09-02 01:00:00,2021-09-02,2021-09-01 23:00:00,2021-08-31 23:00:00,False,False,False,True,187,158.92000000000002,"""Seasonal Naive""","""D1""",,,0,"""frozen_reference""","""median_internal_fold_tau""",
26,114,119,0,115,118,-1,2021-09-02 02:00:00,2021-09-02,2021-09-01 23:00:00,2021-08-31 23:00:00,False,False,False,True,187,158.92000000000002,"""Seasonal Naive""","""D1""",,,0,"""frozen_reference""","""median_internal_fold_tau""",
27,106,118,0,99,104,-1,2021-09-02 03:00:00,2021-09-02,2021-09-01 23:00:00,2021-08-31 23:00:00,False,False,False,True,187,158.92000000000002,"""Seasonal Naive""","""D1""",,,0,"""frozen_reference""","""median_internal_fold_tau""",
28,114,120,0,110,115,-1,2021-09-02 04:00:00,2021-09-02,2021-09-01 23:00:00,2021-08-31 23:00:00,False,False,False,True,187,158.92000000000002,"""Seasonal Naive""","""D1""",,,0,"""frozen_reference""","""median_internal_fold_tau""",
29,93,108,0,92,108,-1,2021-09-02 05:00:00,2021-09-02,2021-09-01 23:00:00,2021-08-31 23:00:00,False,False,False,True,187,158.92000000000002,"""Seasonal Naive""","""D1""",,,0,"""frozen_reference""","""median_internal_fold_tau""",
30,115,117,0,105,111,-1,2021-09-02 06:00:00,2021-09-02,2021-09-01 23:00:00,2021-08-31 23:00:00,False,False,False,True,187,158.92000000000002,"""Seasonal Naive""","""D1""",,,0,"""frozen_reference""","""median_internal_fold_tau""",
31,141,160,0,134,147,-1,2021-09-02 07:00:00,2021-09-02,2021-09-01 23:00:00,2021-08-31 23:00:00,False,False,False,True,187,158.92000000000002,"""Seasonal Naive""","""D1""",,,0,"""frozen_reference""","""median_internal_fold_tau""",
32,166,171,0,183,196,-1,2021-09-02 08:00:00,2021-09-02,2021-09-01 23:00:00,2021-08-31 23:00:00,False,False,False,True,187,158.92000000000002,"""Seasonal Naive""","""D1""",,,1,"""frozen_reference""","""median_internal_fold_tau""",
33,184,198,1,195,199,-1,2021-09-02 09:00:00,2021-09-02,2021-09-01 23:00:00,2021-08-31 23:00:00,False,False,False,True,187,158.92000000000002,"""Seasonal Naive""","""D1""",,,1,"""frozen_reference""","""median_internal_fold_tau""",
34,179,188,1,180,193,-1,2021-09-02 10:00:00,2021-09-02,2021-09-01 23:00:00,2021-08-31 23:00:00,False,False,False,True,187,158.92000000000002,"""Seasonal Naive""","""D1""",,,1,"""frozen_reference""","""median_internal_fold_tau""",
35,182,188,1,188,194,-1,2021-09-02 11:00:00,2021-09-02,2021-09-01 23:00:00,2021-08-31 23:00:00,False,False,False,True,187,158.92000000000002,"""Seasonal Naive""","""D1""",,,1,"""frozen_reference""","""median_internal_fold_tau""",
36,112,130,0,111,127,-1,2021-09-02 12:00:00,2021-09-02,2021-09-01 23:00:00,2021-08-31 23:00:00,False,False,False,True,187,158.92000000000002,"""Seasonal Naive""","""D1""",,,0,"""frozen_reference""","""median_internal_fold_tau""",
37,174,183,0,183,199,-1,2021-09-02 13:00:00,2021-09-02,2021-09-01 23:00:00,2021-08-31 23:00:00,False,False,False,True,187,158.92000000000002,"""Seasonal Naive""","""D1""",,,1,"""frozen_reference""","""median_internal_fold_tau""",
38,192,195,1,185,190,-1,2021-09-02 14:00:00,2021-09-02,2021-09-01 23:00:00,2021-08-31 23:00:00,False,False,False,True,187,158.92000000000002,"""Seasonal Naive""","""D1""",,,1,"""frozen_reference""","""median_internal_fold_tau""",
39,170,177,0,188,202,-1,2021-09-02 15:00:00,2021-09-02,2021-09-01 23:00:00,2021-08-31 23:00:00,False,False,False,True,187,158.92000000000002,"""Seasonal Naive""","""D1""",,,1,"""frozen_reference""","""median_internal_fold_tau""",
40,174,181,0,173,186,-1,2021-09-02 16:00:00,2021-09-02,2021-09-01 23:00:00,2021-08-31 23:00:00,False,False,False,True,187,158.92000000000002,"""Seasonal Naive""","""D1""",,,1,"""frozen_reference""","""median_internal_fold_tau""",
41,132,153,0,132,161,-1,2021-09-02 17:00:00,2021-09-02,2021-09-01 23:00:00,2021-08-31 23:00:00,False,False,False,True,187,158.92000000000002,"""Seasonal Naive""","""D1""",,,1,"""frozen_reference""","""median_internal_fold_tau""",
42,159,167,0,162,167,-1,2021-09-02 18:00:00,2021-09-02,2021-09-01 23:00:00,2021-08-31 23:00:00,False,False,False,True,187,158.92000000000002,"""Seasonal Naive""","""D1""",,,1,"""frozen_reference""","""median_internal_fold_tau""",
43,161,173,0,156,170,-1,2021-09-02 19:00:00,2021-09-02,2021-09-01 23:00:00,2021-08-31 23:00:00,False,False,False,True,187,158.92000000000002,"""Seasonal Naive""","""D1""",,,1,"""frozen_reference""","""median_internal_fold_tau""",
44,132,143,0,116,121,-1,2021-09-02 20:00:00,2021-09-02,2021-09-01 23:00:00,2021-08-31 23:00:00,False,False,False,True,187,158.92000000000002,"""Seasonal Naive""","""D1""",,,0,"""frozen_reference""","""median_internal_fold_tau""",
45,131,138,0,125,128,-1,2021-09-02 21:00:00,2021-09-02,2021-09-01 23:00:00,2021-08-31 23:00:00,False,False,False,True,187,158.92000000000002,"""Seasonal Naive""","""D1""",,,0,"""frozen_reference""","""median_internal_fold_tau""",
46,114,129,0,111,116,-1,2021-09-02 22:00:00,2021-09-02,2021-09-01 23:00:00,2021-08-31 23:00:00,False,False,False,True,187,158.92000000000002,"""Seasonal Naive""","""D1""",,,0,"""frozen_reference""","""median_internal_fold_tau""",
47,119,129,0,105,113,-1,2021-09-02 23:00:00,2021-09-02,2021-09-01 23:00:00,2021-08-31 23:00:00,False,False,False,True,187,158.92000000000002,"""Seasonal Naive""","""D1""",,,0,"""frozen_reference""","""median_internal_fold_tau""",
48,69,71,0,72,77,-1,2021-09-03 00:00:00,2021-09-03,2021-09-02 23:00:00,2021-08-31 23:00:00,False,False,False,True,187,158.92000000000002,"""Seasonal Naive""","""D1""",,,0,"""frozen_reference""","""median_internal_fold_tau""",
49,109,119,0,102,111,-1,2021-09-03 01:00:00,2021-09-03,2021-09-02 23:00:00,2021-08-31 23:00:00,False,False,False,True,187,158.92000000000002,"""Seasonal Naive""","""D1""",,,0,"""frozen_reference""","""median_internal_fold_tau""",
50,112,117,0,111,115,-1,2021-09-03 02:00:00,2021-09-03,2021-09-02 23:00:00,2021-08-31 23:00:00,False,False,False,True,187,158.92000000000002,"""Seasonal Naive""","""D1""",,,0,"""frozen_reference""","""median_internal_fold_tau""",
51,110,114,0,102,114,-1,2021-09-03 03:00:00,2021-09-03,2021-09-02 23:00:00,2021-08-31 23:00:00,False,False,False,True,187,158.92000000000002,"""Seasonal Naive""","""D1""",,,0,"""frozen_reference""","""median_internal_fold_tau""",
52,107,113,0,108,112,-1,2021-09-03 04:00:00,2021-09-03,2021-09-02 23:00:00,2021-08-31 23:00:00,False,False,False,True,187,158.92000000000002,"""Seasonal Naive""","""D1""",,,0,"""frozen_reference""","""median_internal_fold_tau""",
53,93,111,0,86,104,-1,2021-09-03 05:00:00,2021-09-03,2021-09-02 23:00:00,2021-08-31 23:00:00,False,False,False,True,187,158.92000000000002,"""Seasonal Naive""","""D1""",,,0,"""frozen_reference""","""median_internal_fold_tau""",
54,107,114,0,101,103,-1,2021-09-03 06:00:00,2021-09-03,2021-09-02 23:00:00,2021-08-31 23:00:00,False,False,False,True,187,158.92000000000002,"""Seasonal Naive""","""D1""",,,0,"""frozen_reference""","""median_internal_fold_tau""",
55,134,147,0,125,135,-1,2021-09-03 07:00:00,2021-09-03,2021-09-02 23:00:00,2021-08-31 23:00:00,False,False,False,True,187,158.92000000000002,"""Seasonal Naive""","""D1""",,,0,"""frozen_reference""","""median_internal_fold_tau""",
56,170,179,0,181,190,-1,2021-09-03 08:00:00,2021-09-03,2021-09-02 23:00:00,2021-08-31 23:00:00,False,False,False,True,187,158.92000000000002,"""Seasonal Naive""","""D1""",,,1,"""frozen_reference""","""median_internal_fold_tau""",
57,171,178,0,176,185,-1,2021-09-03 09:00:00,2021-09-03,2021-09-02 23:00:00,2021-08-31 23:00:00,False,False,False,True,187,158.92000000000002,"""Seasonal Naive""","""D1""",,,1,"""frozen_reference""","""median_internal_fold_tau""",
58,163,169,0,169,177,-1,2021-09-03 10:00:00,2021-09-03,2021-09-02 23:00:00,2021-08-31 23:00:00,False,False,False,True,187,158.92000000000002,"""Seasonal Naive""","""D1""",,,1,"""frozen_reference""","""median_internal_fold_tau""",
59,187,190,1,175,182,-1,2021-09-03 11:00:00,2021-09-03,2021-09-02 23:00:00,2021-08-31 23:00:00,False,False,False,True,187,158.92000000000002,"""Seasonal Naive""","""D1""",,,1,"""frozen_reference""","""median_internal_fold_tau""",
60,108,122,0,106,125,-1,2021-09-03 12:00:00,2021-09-03,2021-09-02 23:00:00,2021-08-31 23:00:00,False,False,False,True,187,158.92000000000002,"""Seasonal Naive""","""D1""",,,0,"""frozen_reference""","""median_internal_fold_tau""",
61,169,176,0,173,179,-1,2021-09-03 13:00:00,2021-09-03,2021-09-02 23:00:00,2021-08-31 23:00:00,False,False,False,True,187,158.92000000000002,"""Seasonal Naive""","""D1""",,,1,"""frozen_reference""","""median_internal_fold_tau""",
62,178,181,0,165,169,-1,2021-09-03 14:00:00,2021-09-03,2021-09-02 23:00:00,2021-08-31 23:00:00,False,False,False,True,187,158.92000000000002,"""Seasonal Naive""","""D1""",,,1,"""frozen_reference""","""median_internal_fold_tau""",
63,154,162,0,162,175,-1,2021-09-03 15:00:00,2021-09-03,2021-09-02 23:00:00,2021-08-31 23:00:00,False,False,False,True,187,158.92000000000002,"""Seasonal Naive""","""D1""",,,1,"""frozen_reference""","""median_internal_fold_tau""",
64,161,165,0,156,161,-1,2021-09-03 16:00:00,2021-09-03,2021-09-02 23:00:00,2021-08-31 23:00:00,False,False,False,True,187,158.92000000000002,"""Seasonal Naive""","""D1""",,,1,"""frozen_reference""","""median_internal_fold_tau""",
65,147,170,0,142,163,-1,2021-09-03 17:00:00,2021-09-03,2021-09-02 23:00:00,2021-08-31 23:00:00,False,False,False,True,187,158.92000000000002,"""Seasonal Naive""","""D1""",,,1,"""frozen_reference""","""median_internal_fold_tau""",
66,154,158,0,143,157,-1,2021-09-03 18:00:00,2021-09-03,2021-09-02 23:00:00,2021-08-31 23:00:00,False,False,False,True,187,158.92000000000002,"""Seasonal Naive""","""D1""",,,0,"""frozen_reference""","""median_internal_fold_tau""",
67,143,156,0,127,138,-1,2021-09-03 19:00:00,2021-09-03,2021-09-02 23:00:00,2021-08-31 23:00:00,False,False,False,True,187,158.92000000000002,"""Seasonal Naive""","""D1""",,,0,"""frozen_reference""","""median_internal_fold_tau""",
68,115,118,0,108,111,-1,2021-09-03 20:00:00,2021-09-03,2021-09-02 23:00:00,2021-08-31 23:00:00,False,False,False,True,187,158.92000000000002,"""Seasonal Naive""","""D1""",,,0,"""frozen_reference""","""median_internal_fold_tau""",
69,110,113,0,107,115,-1,2021-09-03 21:00:00,2021-09-03,2021-09-02 23:00:00,2021-08-31 23:00:00,False,False,False,True,187,158.92000000000002,"""Seasonal Naive""","""D1""",,,0,"""frozen_reference""","""median_internal_fold_tau""",
70,105,119,0,96,105,-1,2021-09-03 22:00:00,2021-09-03,2021-09-02 23:00:00,2021-08-31 23:00:00,False,False,False,True,187,158.92000000000002,"""Seasonal Naive""","""D1""",,,0,"""frozen_reference""","""median_internal_fold_tau""",
71,101,112,0,102,113,-1,2021-09-03 23:00:00,2021-09-03,2021-09-02 23:00:00,2021-08-31 23:00:00,False,False,False,True,187,158.92000000000002,"""Seasonal Naive""","""D1""",,,0,"""frozen_reference""","""median_internal_fold_tau""",
72,64,69,0,72,75,-1,2021-09-04 00:00:00,2021-09-04,2021-09-03 23:00:00,2021-08-31 23:00:00,False,False,False,True,187,158.92000000000002,"""Seasonal Naive""","""D1""",,,0,"""frozen_reference""","""median_internal_fold_tau""",
73,106,114,0,104,111,-1,2021-09-04 01:00:00,2021-09-04,2021-09-03 23:00:00,2021-08-31 23:00:00,False,False,False,True,187,158.92000000000002,"""Seasonal Naive""","""D1""",,,0,"""frozen_reference""","""median_internal_fold_tau""",
74,104,107,0,111,119,-1,2021-09-04 02:00:00,2021-09-04,2021-09-03 23:00:00,2021-08-31 23:00:00,False,False,False,True,187,158.92000000000002,"""Seasonal Naive""","""D1""",,,0,"""frozen_reference""","""median_internal_fold_tau""",
75,98,103,0,102,109,-1,2021-09-04 03:00:00,2021-09-04,2021-09-03 23:00:00,2021-08-31 23:00:00,False,False,False,True,187,158.92000000000002,"""Seasonal Naive""","""D1""",,,0,"""frozen_reference""","""median_internal_fold_tau""",
76,109,112,0,103,107,-1,2021-09-04 04:00:00,2021-09-04,2021-09-03 23:00:00,2021-08-31 23:00:00,False,False,False,True,187,158.92000000000002,"""Seasonal Naive""","""D1""",,,0,"""frozen_reference""","""median_internal_fold_tau""",
77,88,105,0,87,107,-1,2021-09-04 05:00:00,2021-09-04,2021-09-03 23:00:00,2021-08-31 23:00:00,False,False,False,True,187,158.92000000000002,"""Seasonal Naive""","""D1""",,,0,"""frozen_reference""","""median_internal_fold_tau""",
78,111,116,0,98,103,-1,2021-09-04 06:00:00,2021-09-04,2021-09-03 23:00:00,2021-08-31 23:00:00,False,False,False,True,187,158.92000000000002,"""Seasonal Naive""","""D1""",,,0,"""frozen_reference""","""median_internal_fold_tau""",
79,70,97,0,66,94,-1,2021-09-04 07:00:00,2021-09-04,2021-09-03 23:00:00,2021-08-31 23:00:00,False,False,False,True,187,158.92000000000002,"""Seasonal Naive""","""D1""",,,0,"""frozen_reference""","""median_internal_fold_tau""",
80,33,37,0,35,36,-1,2021-09-04 08:00:00,2021-09-04,2021-09-03 23:00:00,2021-08-31 23:00:00,False,False,False,True,187,158.92000000000002,"""Seasonal Naive""","""D1""",,,0,"""frozen_reference""","""median_internal_fold_tau""",
81,32,32,0,36,36,-1,2021-09-04 09:00:00,2021-09-04,2021-09-03 23:00:00,2021-08-31 23:00:00,False,False,False,True,187,158.92000000000002,"""Seasonal Naive""","""D1""",,,0,"""frozen_reference""","""median_internal_fold_tau""",
82,34,36,0,38,41,-1,2021-09-04 10:00:00,2021-09-04,2021-09-03 23:00:00,2021-08-31 23:00:00,False,False,False,True,187,158.92000000000002,"""Seasonal Naive""","""D1""",,,0,"""frozen_reference""","""median_internal_fold_tau""",
83,32,32,0,37,39,-1,2021-09-04 11:00:00,2021-09-04,2021-09-03 23:00:00,2021-08-31 23:00:00,False,False,False,True,187,158.92000000000002,"""Seasonal Naive""","""D1""",,,0,"""frozen_reference""","""median_internal_fold_tau""",
84,33,34,0,38,38,-1,2021-09-04 12:00:00,2021-09-04,2021-09-03 23:00:00,2021-08-31 23:00:00,False,False,False,True,187,158.92000000000002,"""Seasonal Naive""","""D1""",,,0,"""frozen_reference""","""median_internal_fold_tau""",
85,34,37,0,38,41,-1,2021-09-04 13:00:00,2021-09-04,2021-09-03 23:00:00,2021-08-31 23:00:00,False,False,False,True,187,158.92000000000002,"""Seasonal Naive""","""D1""",,,0,"""frozen_reference""","""median_internal_fold_tau""",
86,34,35,0,38,41,-1,2021-09-04 14:00:00,2021-09-04,2021-09-03 23:00:00,2021-08-31 23:00:00,False,False,False,True,187,158.92000000000002,"""Seasonal Naive""","""D1""",,,0,"""frozen_reference""","""median_internal_fold_tau""",
87,33,33,0,38,38,-1,2021-09-04 15:00:00,2021-09-04,2021-09-03 23:00:00,2021-08-31 23:00:00,False,False,False,True,187,158.92000000000002,"""Seasonal Naive""","""D1""",,,0,"""frozen_reference""","""median_internal_fold_tau""",
88,36,43,0,46,52,-1,2021-09-04 16:00:00,2021-09-04,2021-09-03 23:00:00,2021-08-31 23:00:00,False,False,False,True,187,158.92000000000002,"""Seasonal Naive""","""D1""",,,0,"""frozen_reference""","""median_internal_fold_tau""",
89,35,40,0,22,47,-1,2021-09-04 17:00:00,2021-09-04,2021-09-03 23:00:00,2021-08-31 23:00:00,False,False,False,True,187,158.92000000000002,"""Seasonal Naive""","""D1""",,,0,"""frozen_reference""","""median_internal_fold_tau""",
90,26,29,0,22,47,-1,2021-09-04 18:00:00,2021-09-04,2021-09-03 23:00:00,2021-08-31 23:00:00,False,False,False,True,187,158.92000000000002,"""Seasonal Naive""","""D1""",,,0,"""frozen_reference""","""median_internal_fold_tau""",
91,23,25,0,22,47,-1,2021-09-04 19:00:00,2021-09-04,2021-09-03 23:00:00,2021-08-31 23:00:00,False,False,False,True,187,158.92000000000002,"""Seasonal Naive""","""D1""",,,0,"""frozen_reference""","""median_internal_fold_tau""",
92,25,27,0,22,47,-1,2021-09-04 20:00:00,2021-09-04,2021-09-03 23:00:00,2021-08-31 23:00:00,False,False,False,True,187,158.92000000000002,"""Seasonal Naive""","""D1""",,,0,"""frozen_reference""","""median_internal_fold_tau""",
93,23,23,0,22,47,-1,2021-09-04 21:00:00,2021-09-04,2021-09-03 23:00:00,2021-08-31 23:00:00,False,False,False,True,187,158.92000000000002,"""Seasonal Naive""","""D1""",,,0,"""frozen_reference""","""median_internal_fold_tau""",
94,23,23,0,22,47,-1,2021-09-04 22:00:00,2021-09-04,2021-09-03 23:00:00,2021-08-31 23:00:00,False,False,False,True,187,158.92000000000002,"""Seasonal Naive""","""D1""",,,0,"""frozen_reference""","""median_internal_fold_tau""",
95,23,23,0,22,47,-1,2021-09-04 23:00:00,2021-09-04,2021-09-03 23:00:00,2021-08-31 23:00:00,False,False,False,True,187,158.92000000000002,"""Seasonal Naive""","""D1""",,,0,"""frozen_reference""","""median_internal_fold_tau""",
96,24,26,0,22,47,-1,2021-09-05 00:00:00,2021-09-05,2021-09-04 23:00:00,2021-08-31 23:00:00,False,False,False,True,187,158.92000000000002,"""Seasonal Naive""","""D1""",,,0,"""frozen_reference""","""median_internal_fold_tau""",
97,22,22,0,22,47,-1,2021-09-05 01:00:00,2021-09-05,2021-09-04 23:00:00,2021-08-31 23:00:00,False,False,False,True,187,158.92000000000002,"""Seasonal Naive""","""D1""",,,0,"""frozen_reference""","""median_internal_fold_tau""",
98,22,22,0,22,47,-1,2021-09-05 02:00:00,2021-09-05,2021-09-04 23:00:00,2021-08-31 23:00:00,False,False,False,True,187,158.92000000000002,"""Seasonal Naive""","""D1""",,,0,"""frozen_reference""","""median_internal_fold_tau""",
99,22,22,0,22,47,-1,2021-09-05 03:00:00,2021-09-05,2021-09-04 23:00:00,2021-08-31 23:00:00,False,False,False,True,187,158.92000000000002,"""Seasonal Naive""","""D1""",,,0,"""frozen_reference""","""median_internal_fold_tau""",
100,24,27,0,22,47,-1,2021-09-05 04:00:00,2021-09-05,2021-09-04 23:00:00,2021-08-31 23:00:00,False,False,False,True,187,158.92000000000002,"""Seasonal Naive""","""D1""",,,0,"""frozen_reference""","""median_internal_fold_tau""",
101,22,22,0,22,47,-1,2021-09-05 05:00:00,2021-09-05,2021-09-04 23:00:00,2021-08-31 23:00:00,False,False,False,True,187,158.92000000000002,"""Seasonal Naive""","""D1""",,,0,"""frozen_reference""","""median_internal_fold_tau""",
102,22,22,0,22,47,-1,2021-09-05 06:00:00,2021-09-05,2021-09-04 23:00:00,2021-08-31 23:00:00,False,False,False,True,187,158.92000000000002,"""Seasonal Naive""","""D1""",,,0,"""frozen_reference""","""median_internal_fold_tau""",
103,22,22,0,22,47,-1,2021-09-05 07:00:00,2021-09-05,2021-09-04 23:00:00,2021-08-31 23:00:00,False,False,False,True,187,158.92000000000002,"""Seasonal Naive""","""D1""",,,0,"""frozen_reference""","""median_internal_fold_tau""",
104,25,27,0,22,47,-1,2021-09-05 08:00:00,2021-09-05,2021-09-04 23:00:00,2021-08-31 23:00:00,False,False,False,True,187,158.92000000000002,"""Seasonal Naive""","""D1""",,,0,"""frozen_reference""","""median_internal_fold_tau""",
105,22,23,0,22,47,-1,2021-09-05 09:00:00,2021-09-05,2021-09-04 23:00:00,2021-08-31 23:00:00,False,False,False,True,187,158.92000000000002,"""Seasonal Naive""","""D1""",,,0,"""frozen_reference""","""median_internal_fold_tau""",
106,22,22,0,22,47,-1,2021-09-05 10:00:00,2021-09-05,2021-09-04 23:00:00,2021-08-31 23:00:00,False,False,False,True,187,158.92000000000002,"""Seasonal Naive""","""D1""",,,0,"""frozen_reference""","""median_internal_fold_tau""",
107,22,22,0,17,41,-1,2021-09-05 11:00:00,2021-09-05,2021-09-04 23:00:00,2021-08-31 23:00:00,False,False,False,True,187,158.92000000000002,"""Seasonal Naive""","""D1""",,,0,"""frozen_reference""","""median_internal_fold_tau""",
108,24,26,0,22,23,-1,2021-09-05 12:00:00,2021-09-05,2021-09-04 23:00:00,2021-08-31 23:00:00,False,False,False,True,187,158.92000000000002,"""Seasonal Naive""","""D1""",,,0,"""frozen_reference""","""median_internal_fold_tau""",
109,22,23,0,19,19,-1,2021-09-05 13:00:00,2021-09-05,2021-09-04 23:00:00,2021-08-31 23:00:00,False,False,False,True,187,158.92000000000002,"""Seasonal Naive""","""D1""",,,0,"""frozen_reference""","""median_internal_fold_tau""",
110,23,23,0,22,22,-1,2021-09-05 14:00:00,2021-09-05,2021-09-04 23:00:00,2021-08-31 23:00:00,False,False,False,True,187,158.92000000000002,"""Seasonal Naive""","""D1""",,,0,"""frozen_reference""","""median_internal_fold_tau""",
111,24,28,0,21,21,-1,2021-09-05 15:00:00,2021-09-05,2021-09-04 23:00:00,2021-08-31 23:00:00,False,False,False,True,187,158.92000000000002,"""Seasonal Naive""","""D1""",,,0,"""frozen_reference""","""median_internal_fold_tau""",
112,23,25,0,22,23,-1,2021-09-05 16:00:00,2021-09-05,2021-09-04 23:00:00,2021-08-31 23:00:00,False,False,False,True,187,158.92000000000002,"""Seasonal Naive""","""D1""",,,0,"""frozen_reference""","""median_internal_fold_tau""",
113,23,23,0,26,26,-1,2021-09-05 17:00:00,2021-09-05,2021-09-04 23:00:00,2021-08-31 23:00:00,False,False,False,True,187,158.92000000000002,"""Seasonal Naive""","""D1""",,,0,"""frozen_reference""","""median_internal_fold_tau""",
114,22,22,0,24,25,-1,2021-09-05 18:00:00,2021-09-05,2021-09-04 23:00:00,2021-08-31 23:00:00,False,False,False,True,187,158.92000000000002,"""Seasonal Naive""","""D1""",,,0,"""frozen_reference""","""median_internal_fold_tau""",
115,24,27,0,21,21,-1,2021-09-05 19:00:00,2021-09-05,2021-09-04 23:00:00,2021-08-31 23:00:00,False,False,False,True,187,158.92000000000002,"""Seasonal Naive""","""D1""",,,0,"""frozen_reference""","""median_internal_fold_tau""",
116,23,23,0,20,20,-1,2021-09-05 20:00:00,2021-09-05,2021-09-04 23:00:00,2021-08-31 23:00:00,False,False,False,True,187,158.92000000000002,"""Seasonal Naive""","""D1""",,,0,"""frozen_reference""","""median_internal_fold_tau""",
117,23,23,0,20,21,-1,2021-09-05 21:00:00,2021-09-05,2021-09-04 23:00:00,2021-08-31 23:00:00,False,False,False,True,187,158.92000000000002,"""Seasonal Naive""","""D1""",,,0,"""frozen_reference""","""median_internal_fold_tau""",
118,24,27,0,22,24,-1,2021-09-05 22:00:00,2021-09-05,2021-09-04 23:00:00,2021-08-31 23:00:00,False,False,False,True,187,158.92000000000002,"""Seasonal Naive""","""D1""",,,0,"""frozen_reference""","""median_internal_fold_tau""",
119,23,24,0,20,21,-1,2021-09-05 23:00:00,2021-09-05,2021-09-04 23:00:00,2021-08-31 23:00:00,False,False,False,True,187,158.92000000000002,"""Seasonal Naive""","""D1""",,,0,"""frozen_reference""","""median_internal_fold_tau""",
120,22,22,0,20,20,-1,2021-09-06 00:00:00,2021-09-06,2021-09-05 23:00:00,2021-08-31 23:00:00,False,False,False,True,187,158.92000000000002,"""Seasonal Naive""","""D1""",,,0,"""frozen_reference""","""median_internal_fold_tau""",
121,22,22,0,21,23,-1,2021-09-06 01:00:00,2021-09-06,2021-09-05 23:00:00,2021-08-31 23:00:00,False,False,False,True,187,158.92000000000002,"""Seasonal Naive""","""D1""",,,0,"""frozen_reference""","""median_internal_fold_tau""",
122,24,27,0,21,24,-1,2021-09-06 02:00:00,2021-09-06,2021-09-05 23:00:00,2021-08-31 23:00:00,False,False,False,True,187,158.92000000000002,"""Seasonal Naive""","""D1""",,,0,"""frozen_reference""","""median_internal_fold_tau""",
123,22,22,0,20,21,-1,2021-09-06 03:00:00,2021-09-06,2021-09-05 23:00:00,2021-08-31 23:00:00,False,False,False,True,187,158.92000000000002,"""Seasonal Naive""","""D1""",,,0,"""frozen_reference""","""median_internal_fold_tau""",
124,22,22,0,20,20,-1,2021-09-06 04:00:00,2021-09-06,2021-09-05 23:00:00,2021-08-31 23:00:00,False,False,False,True,187,158.92000000000002,"""Seasonal Naive""","""D1""",,,0,"""frozen_reference""","""median_internal_fold_tau""",
125,23,24,0,20,20,-1,2021-09-06 05:00:00,2021-09-06,2021-09-05 23:00:00,2021-08-31 23:00:00,False,False,False,True,187,158.92000000000002,"""Seasonal Naive""","""D1""",,,0,"""frozen_reference""","""median_internal_fold_tau""",
126,24,26,0,21,24,-1,2021-09-06 06:00:00,2021-09-06,2021-09-05 23:00:00,2021-08-31 23:00:00,False,False,False,True,187,158.92000000000002,"""Seasonal Naive""","""D1""",,,0,"""frozen_reference""","""median_internal_fold_tau""",
127,52,81,0,52,80,-1,2021-09-06 07:00:00,2021-09-06,2021-09-05 23:00:00,2021-08-31 23:00:00,False,False,False,True,187,158.92000000000002,"""Seasonal Naive""","""D1""",,,0,"""frozen_reference""","""median_internal_fold_tau""",
128,171,180,0,167,183,-1,2021-09-06 08:00:00,2021-09-06,2021-09-05 23:00:00,2021-08-31 23:00:00,False,False,False,True,187,158.92000000000002,"""Seasonal Naive""","""D1""",,,1,"""frozen_reference""","""median_internal_fold_tau""",
129,157,165,0,170,180,-1,2021-09-06 09:00:00,2021-09-06,2021-09-05 23:00:00,2021-08-31 23:00:00,False,False,False,True,187,158.92000000000002,"""Seasonal Naive""","""D1""",,,1,"""frozen_reference""","""median_internal_fold_tau""",
130,171,190,1,171,186,-1,2021-09-06 10:00:00,2021-09-06,2021-09-05 23:00:00,2021-08-31 23:00:00,False,False,False,True,187,158.92000000000002,"""Seasonal Naive""","""D1""",,,1,"""frozen_reference""","""median_internal_fold_tau""",
131,176,180,0,171,180,-1,2021-09-06 11:00:00,2021-09-06,2021-09-05 23:00:00,2021-08-31 23:00:00,False,False,False,True,187,158.92000000000002,"""Seasonal Naive""","""D1""",,,1,"""frozen_reference""","""median_internal_fold_tau""",
132,109,124,0,114,134,-1,2021-09-06 12:00:00,2021-09-06,2021-09-05 23:00:00,2021-08-31 23:00:00,False,False,False,True,187,158.92000000000002,"""Seasonal Naive""","""D1""",,,0,"""frozen_reference""","""median_internal_fold_tau""",
133,160,164,0,172,177,-1,2021-09-06 13:00:00,2021-09-06,2021-09-05 23:00:00,2021-08-31 23:00:00,False,False,False,True,187,158.92000000000002,"""Seasonal Naive""","""D1""",,,1,"""frozen_reference""","""median_internal_fold_tau""",
134,160,163,0,171,174,-1,2021-09-06 14:00:00,2021-09-06,2021-09-05 23:00:00,2021-08-31 23:00:00,False,False,False,True,187,158.92000000000002,"""Seasonal Naive""","""D1""",,,1,"""frozen_reference""","""median_internal_fold_tau""",
135,158,171,0,160,177,-1,2021-09-06 15:00:00,2021-09-06,2021-09-05 23:00:00,2021-08-31 23:00:00,False,False,False,True,187,158.92000000000002,"""Seasonal Naive""","""D1""",,,1,"""frozen_reference""","""median_internal_fold_tau""",
136,146,152,0,170,174,-1,2021-09-06 16:00:00,2021-09-06,2021-09-05 23:00:00,2021-08-31 23:00:00,False,False,False,True,187,158.92000000000002,"""Seasonal Naive""","""D1""",,,1,"""frozen_reference""","""median_internal_fold_tau""",
137,128,148,0,140,172,-1,2021-09-06 17:00:00,2021-09-06,2021-09-05 23:00:00,2021-08-31 23:00:00,False,False,False,True,187,158.92000000000002,"""Seasonal Naive""","""D1""",,,1,"""frozen_reference""","""median_internal_fold_tau""",
138,152,154,0,168,172,-1,2021-09-06 18:00:00,2021-09-06,2021-09-05 23:00:00,2021-08-31 23:00:00,False,False,False,True,187,158.92000000000002,"""Seasonal Naive""","""D1""",,,1,"""frozen_reference""","""median_internal_fold_tau""",
139,135,145,0,144,162,-1,2021-09-06 19:00:00,2021-09-06,2021-09-05 23:00:00,2021-08-31 23:00:00,False,False,False,True,187,158.92000000000002,"""Seasonal Naive""","""D1""",,,1,"""frozen_reference""","""median_internal_fold_tau""",
140,121,128,0,128,132,-1,2021-09-06 20:00:00,2021-09-06,2021-09-05 23:00:00,2021-08-31 23:00:00,False,False,False,True,187,158.92000000000002,"""Seasonal Naive""","""D1""",,,0,"""frozen_reference""","""median_internal_fold_tau""",
141,123,133,0,129,135,-1,2021-09-06 21:00:00,2021-09-06,2021-09-05 23:00:00,2021-08-31 23:00:00,False,False,False,True,187,158.92000000000002,"""Seasonal Naive""","""D1""",,,0,"""frozen_reference""","""median_internal_fold_tau""",
142,110,114,0,116,123,-1,2021-09-06 22:00:00,2021-09-06,2021-09-05 23:00:00,2021-08-31 23:00:00,False,False,False,True,187,158.92000000000002,"""Seasonal Naive""","""D1""",,,0,"""frozen_reference""","""median_internal_fold_tau""",
143,104,118,0,105,115,-1,2021-09-06 23:00:00,2021-09-06,2021-09-05 23:00:00,2021-08-31 23:00:00,False,False,False,True,187,158.92000000000002,"""Seasonal Naive""","""D1""",,,0,"""frozen_reference""","""median_internal_fold_tau""",
144,72,74,0,73,76,-1,2021-09-07 00:00:00,2021-09-07,2021-09-06 23:00:00,2021-08-31 23:00:00,False,False,False,True,187,158.92000000000002,"""Seasonal Naive""","""D1""",,,0,"""frozen_reference""","""median_internal_fold_tau""",
145,109,121,0,106,111,-1,2021-09-07 01:00:00,2021-09-07,2021-09-06 23:00:00,2021-08-31 23:00:00,False,False,False,True,187,158.92000000000002,"""Seasonal Naive""","""D1""",,,0,"""frozen_reference""","""median_internal_fold_tau""",
146,111,118,0,108,114,-1,2021-09-07 02:00:00,2021-09-07,2021-09-06 23:00:00,2021-08-31 23:00:00,False,False,False,True,187,158.92000000000002,"""Seasonal Naive""","""D1""",,,0,"""frozen_reference""","""median_internal_fold_tau""",
147,109,123,0,101,107,-1,2021-09-07 03:00:00,2021-09-07,2021-09-06 23:00:00,2021-08-31 23:00:00,False,False,False,True,187,158.92000000000002,"""Seasonal Naive""","""D1""",,,0,"""frozen_reference""","""median_internal_fold_tau""",
148,109,120,0,110,114,-1,2021-09-07 04:00:00,2021-09-07,2021-09-06 23:00:00,2021-08-31 23:00:00,False,False,False,True,187,158.92000000000002,"""Seasonal Naive""","""D1""",,,0,"""frozen_reference""","""median_internal_fold_tau""",
149,96,116,0,93,114,-1,2021-09-07 05:00:00,2021-09-07,2021-09-06 23:00:00,2021-08-31 23:00:00,False,False,False,True,187,158.92000000000002,"""Seasonal Naive""","""D1""",,,0,"""frozen_reference""","""median_internal_fold_tau""",
150,115,124,0,113,114,-1,2021-09-07 06:00:00,2021-09-07,2021-09-06 23:00:00,2021-08-31 23:00:00,False,False,False,True,187,158.92000000000002,"""Seasonal Naive""","""D1""",,,0,"""frozen_reference""","""median_internal_fold_tau""",
151,140,160,0,123,144,-1,2021-09-07 07:00:00,2021-09-07,2021-09-06 23:00:00,2021-08-31 23:00:00,False,False,False,True,187,158.92000000000002,"""Seasonal Naive""","""D1""",,,0,"""frozen_reference""","""median_internal_fold_tau""",
152,173,192,1,167,177,-1,2021-09-07 08:00:00,2021-09-07,2021-09-06 23:00:00,2021-08-31 23:00:00,False,False,False,True,187,158.92000000000002,"""Seasonal Naive""","""D1""",,,1,"""frozen_reference""","""median_internal_fold_tau""",
153,170,174,0,169,185,-1,2021-09-07 09:00:00,2021-09-07,2021-09-06 23:00:00,2021-08-31 23:00:00,False,False,False,True,187,158.92000000000002,"""Seasonal Naive""","""D1""",,,1,"""frozen_reference""","""median_internal_fold_tau""",
154,164,178,0,176,187,-1,2021-09-07 10:00:00,2021-09-07,2021-09-06 23:00:00,2021-08-31 23:00:00,False,False,False,True,187,158.92000000000002,"""Seasonal Naive""","""D1""",,,1,"""frozen_reference""","""median_internal_fold_tau""",
155,174,183,0,165,182,-1,2021-09-07 11:00:00,2021-09-07,2021-09-06 23:00:00,2021-08-31 23:00:00,False,False,False,True,187,158.92000000000002,"""Seasonal Naive""","""D1""",,,1,"""frozen_reference""","""median_internal_fold_tau""",
156,116,140,0,112,135,-1,2021-09-07 12:00:00,2021-09-07,2021-09-06 23:00:00,2021-08-31 23:00:00,False,False,False,True,187,158.92000000000002,"""Seasonal Naive""","""D1""",,,0,"""frozen_reference""","""median_internal_fold_tau""",
157,181,189,1,174,184,-1,2021-09-07 13:00:00,2021-09-07,2021-09-06 23:00:00,2021-08-31 23:00:00,False,False,False,True,187,158.92000000000002,"""Seasonal Naive""","""D1""",,,1,"""frozen_reference""","""median_internal_fold_tau""",
158,182,191,1,182,187,-1,2021-09-07 14:00:00,2021-09-07,2021-09-06 23:00:00,2021-08-31 23:00:00,False,False,False,True,187,158.92000000000002,"""Seasonal Naive""","""D1""",,,1,"""frozen_reference""","""median_internal_fold_tau""",
159,166,174,0,157,170,-1,2021-09-07 15:00:00,2021-09-07,2021-09-06 23:00:00,2021-08-31 23:00:00,False,False,False,True,187,158.92000000000002,"""Seasonal Naive""","""D1""",,,1,"""frozen_reference""","""median_internal_fold_tau""",
160,160,167,0,167,180,-1,2021-09-07 16:00:00,2021-09-07,2021-09-06 23:00:00,2021-08-31 23:00:00,False,False,False,True,187,158.92000000000002,"""Seasonal Naive""","""D1""",,,1,"""frozen_reference""","""median_internal_fold_tau""",
161,135,161,0,125,139,-1,2021-09-07 17:00:00,2021-09-07,2021-09-06 23:00:00,2021-08-31 23:00:00,False,False,False,True,187,158.92000000000002,"""Seasonal Naive""","""D1""",,,0,"""frozen_reference""","""median_internal_fold_tau""",
162,156,165,0,156,162,-1,2021-09-07 18:00:00,2021-09-07,2021-09-06 23:00:00,2021-08-31 23:00:00,False,False,False,True,187,158.92000000000002,"""Seasonal Naive""","""D1""",,,1,"""frozen_reference""","""median_internal_fold_tau""",
163,152,158,0,148,154,-1,2021-09-07 19:00:00,2021-09-07,2021-09-06 23:00:00,2021-08-31 23:00:00,False,False,False,True,187,158.92000000000002,"""Seasonal Naive""","""D1""",,,0,"""frozen_reference""","""median_internal_fold_tau""",
164,134,141,0,147,152,-1,2021-09-07 20:00:00,2021-09-07,2021-09-06 23:00:00,2021-08-31 23:00:00,False,False,False,True,187,158.92000000000002,"""Seasonal Naive""","""D1""",,,0,"""frozen_reference""","""median_internal_fold_tau""",
165,131,134,0,131,132,-1,2021-09-07 21:00:00,2021-09-07,2021-09-06 23:00:00,2021-08-31 23:00:00,False,False,False,True,187,158.92000000000002,"""Seasonal Naive""","""D1""",,,0,"""frozen_reference""","""median_internal_fold_tau""",
166,115,122,0,119,127,-1,2021-09-07 22:00:00,2021-09-07,2021-09-06 23:00:00,2021-08-31 23:00:00,False,False,False,True,187,158.92000000000002,"""Seasonal Naive""","""D1""",,,0,"""frozen_reference""","""median_internal_fold_tau""",
167,111,126,0,112,128,-1,2021-09-07 23:00:00,2021-09-07,2021-09-06 23:00:00,2021-08-31 23:00:00,False,False,False,True,187,158.92000000000002,"""Seasonal Naive""","""D1""",,,0,"""frozen_reference""","""median_internal_fold_tau""",
168,72,78,0,74,83,-1,2021-09-08 00:00:00,2021-09-08,2021-09-07 23:00:00,2021-08-31 23:00:00,False,False,False,True,187,158.92000000000002,"""Seasonal Naive""","""D1""",,,0,"""frozen_reference""","""median_internal_fold_tau""",
169,110,115,0,109,117,-1,2021-09-08 01:00:00,2021-09-08,2021-09-07 23:00:00,2021-08-31 23:00:00,False,False,False,True,187,158.92000000000002,"""Seasonal Naive""","""D1""",,,0,"""frozen_reference""","""median_internal_fold_tau""",
170,118,126,0,114,121,-1,2021-09-08 02:00:00,2021-09-08,2021-09-07 23:00:00,2021-08-31 23:00:00,False,False,False,True,187,158.92000000000002,"""Seasonal Naive""","""D1""",,,0,"""frozen_reference""","""median_internal_fold_tau""",
171,112,122,0,99,103,-1,2021-09-08 03:00:00,2021-09-08,2021-09-07 23:00:00,2021-08-31 23:00:00,False,False,False,True,187,158.92000000000002,"""Seasonal Naive""","""D1""",,,0,"""frozen_reference""","""median_internal_fold_tau""",
172,113,116,0,115,119,-1,2021-09-08 04:00:00,2021-09-08,2021-09-07 23:00:00,2021-08-31 23:00:00,False,False,False,True,187,158.92000000000002,"""Seasonal Naive""","""D1""",,,0,"""frozen_reference""","""median_internal_fold_tau""",
173,97,109,0,92,112,-1,2021-09-08 05:00:00,2021-09-08,2021-09-07 23:00:00,2021-08-31 23:00:00,False,False,False,True,187,158.92000000000002,"""Seasonal Naive""","""D1""",,,0,"""frozen_reference""","""median_internal_fold_tau""",
174,118,123,0,116,119,-1,2021-09-08 06:00:00,2021-09-08,2021-09-07 23:00:00,2021-08-31 23:00:00,False,False,False,True,187,158.92000000000002,"""Seasonal Naive""","""D1""",,,0,"""frozen_reference""","""median_internal_fold_tau""",
175,135,154,0,124,139,-1,2021-09-08 07:00:00,2021-09-08,2021-09-07 23:00:00,2021-08-31 23:00:00,False,False,False,True,187,158.92000000000002,"""Seasonal Naive""","""D1""",,,0,"""frozen_reference""","""median_internal_fold_tau""",
176,171,181,0,180,198,-1,2021-09-08 08:00:00,2021-09-08,2021-09-07 23:00:00,2021-08-31 23:00:00,False,False,False,True,187,158.92000000000002,"""Seasonal Naive""","""D1""",,,1,"""frozen_reference""","""median_internal_fold_tau""",
177,160,163,0,182,189,-1,2021-09-08 09:00:00,2021-09-08,2021-09-07 23:00:00,2021-08-31 23:00:00,False,False,False,True,187,158.92000000000002,"""Seasonal Naive""","""D1""",,,1,"""frozen_reference""","""median_internal_fold_tau""",
178,152,160,0,185,196,-1,2021-09-08 10:00:00,2021-09-08,2021-09-07 23:00:00,2021-08-31 23:00:00,False,False,False,True,187,158.92000000000002,"""Seasonal Naive""","""D1""",,,1,"""frozen_reference""","""median_internal_fold_tau""",
179,156,168,0,174,180,-1,2021-09-08 11:00:00,2021-09-08,2021-09-07 23:00:00,2021-08-31 23:00:00,False,False,False,True,187,158.92000000000002,"""Seasonal Naive""","""D1""",,,1,"""frozen_reference""","""median_internal_fold_tau""",
180,25,63,0,117,138,-1,2021-09-08 12:00:00,2021-09-08,2021-09-07 23:00:00,2021-08-31 23:00:00,False,False,False,True,187,158.92000000000002,"""Seasonal Naive""","""D1""",,,0,"""frozen_reference""","""median_internal_fold_tau""",
181,152,165,0,182,190,-1,2021-09-08 13:00:00,2021-09-08,2021-09-07 23:00:00,2021-08-31 23:00:00,False,False,False,True,187,158.92000000000002,"""Seasonal Naive""","""D1""",,,1,"""frozen_reference""","""median_internal_fold_tau""",
182,165,178,0,184,192,-1,2021-09-08 14:00:00,2021-09-08,2021-09-07 23:00:00,2021-08-31 23:00:00,False,False,False,True,187,158.92000000000002,"""Seasonal Naive""","""D1""",,,1,"""frozen_reference""","""median_internal_fold_tau""",
183,165,183,0,173,182,-1,2021-09-08 15:00:00,2021-09-08,2021-09-07 23:00:00,2021-08-31 23:00:00,False,False,False,True,187,158.92000000000002,"""Seasonal Naive""","""D1""",,,1,"""frozen_reference""","""median_internal_fold_tau""",
184,166,170,0,176,187,-1,2021-09-08 16:00:00,2021-09-08,2021-09-07 23:00:00,2021-08-31 23:00:00,False,False,False,True,187,158.92000000000002,"""Seasonal Naive""","""D1""",,,1,"""frozen_reference""","""median_internal_fold_tau""",
185,144,182,0,139,180,-1,2021-09-08 17:00:00,2021-09-08,2021-09-07 23:00:00,2021-08-31 23:00:00,False,False,False,True,187,158.92000000000002,"""Seasonal Naive""","""D1""",,,1,"""frozen_reference""","""median_internal_fold_tau""",
186,164,170,0,163,167,-1,2021-09-08 18:00:00,2021-09-08,2021-09-07 23:00:00,2021-08-31 23:00:00,False,False,False,True,187,158.92000000000002,"""Seasonal Naive""","""D1""",,,1,"""frozen_reference""","""median_internal_fold_tau""",
187,150,163,0,152,163,-1,2021-09-08 19:00:00,2021-09-08,2021-09-07 23:00:00,2021-08-31 23:00:00,False,False,False,True,187,158.92000000000002,"""Seasonal Naive""","""D1""",,,1,"""frozen_reference""","""median_internal_fold_tau""",
188,103,111,0,129,139,-1,2021-09-08 20:00:00,2021-09-08,2021-09-07 23:00:00,2021-08-31 23:00:00,False,False,False,True,187,158.92000000000002,"""Seasonal Naive""","""D1""",,,0,"""frozen_reference""","""median_internal_fold_tau""",
189,122,127,0,131,133,-1,2021-09-08 21:00:00,2021-09-08,2021-09-07 23:00:00,2021-08-31 23:00:00,False,False,False,True,187,158.92000000000002,"""Seasonal Naive""","""D1""",,,0,"""frozen_reference""","""median_internal_fold_tau""",
190,106,116,0,119,128,-1,2021-09-08 22:00:00,2021-09-08,2021-09-07 23:00:00,2021-08-31 23:00:00,False,False,False,True,187,158.92000000000002,"""Seasonal Naive""","""D1""",,,0,"""frozen_reference""","""median_internal_fold_tau""",
191,101,111,0,114,121,-1,2021-09-08 23:00:00,2021-09-08,2021-09-07 23:00:00,2021-08-31 23:00:00,False,False,False,True,187,158.92000000000002,"""Seasonal Naive""","""D1""",,,0,"""frozen_reference""","""median_internal_fold_tau""",
192,72,79,0,79,87,-1,2021-09-09 00:00:00,2021-09-09,2021-09-08 23:00:00,2021-08-31 23:00:00,False,False,False,True,187,158.92000000000002,"""Seasonal Naive""","""D1""",,,0,"""frozen_reference""","""median_internal_fold_tau""",
193,97,99,0,112,119,-1,2021-09-09 01:00:00,2021-09-09,2021-09-08 23:00:00,2021-08-31 23:00:00,False,False,False,True,187,158.92000000000002,"""Seasonal Naive""","""D1""",,,0,"""frozen_reference""","""median_internal_fold_tau""",
194,110,114,0,114,119,-1,2021-09-09 02:00:00,2021-09-09,2021-09-08 23:00:00,2021-08-31 23:00:00,False,False,False,True,187,158.92000000000002,"""Seasonal Naive""","""D1""",,,0,"""frozen_reference""","""median_internal_fold_tau""",
195,109,116,0,106,118,-1,2021-09-09 03:00:00,2021-09-09,2021-09-08 23:00:00,2021-08-31 23:00:00,False,False,False,True,187,158.92000000000002,"""Seasonal Naive""","""D1""",,,0,"""frozen_reference""","""median_internal_fold_tau""",
196,107,114,0,114,120,-1,2021-09-09 04:00:00,2021-09-09,2021-09-08 23:00:00,2021-08-31 23:00:00,False,False,False,True,187,158.92000000000002,"""Seasonal Naive""","""D1""",,,0,"""frozen_reference""","""median_internal_fold_tau""",
197,92,109,0,93,108,-1,2021-09-09 05:00:00,2021-09-09,2021-09-08 23:00:00,2021-08-31 23:00:00,False,False,False,True,187,158.92000000000002,"""Seasonal Naive""","""D1""",,,0,"""frozen_reference""","""median_internal_fold_tau""",
198,119,121,0,115,117,-1,2021-09-09 06:00:00,2021-09-09,2021-09-08 23:00:00,2021-08-31 23:00:00,False,False,False,True,187,158.92000000000002,"""Seasonal Naive""","""D1""",,,0,"""frozen_reference""","""median_internal_fold_tau""",
199,139,152,0,141,160,-1,2021-09-09 07:00:00,2021-09-09,2021-09-08 23:00:00,2021-08-31 23:00:00,False,False,False,True,187,158.92000000000002,"""Seasonal Naive""","""D1""",,,1,"""frozen_reference""","""median_internal_fold_tau""",
200,172,187,1,166,171,-1,2021-09-09 08:00:00,2021-09-09,2021-09-08 23:00:00,2021-08-31 23:00:00,False,False,False,True,187,158.92000000000002,"""Seasonal Naive""","""D1""",,,1,"""frozen_reference""","""median_internal_fold_tau""",
201,170,176,0,184,198,-1,2021-09-09 09:00:00,2021-09-09,2021-09-08 23:00:00,2021-08-31 23:00:00,False,False,False,True,187,158.92000000000002,"""Seasonal Naive""","""D1""",,,1,"""frozen_reference""","""median_internal_fold_tau""",
202,155,169,0,179,188,-1,2021-09-09 10:00:00,2021-09-09,2021-09-08 23:00:00,2021-08-31 23:00:00,False,False,False,True,187,158.92000000000002,"""Seasonal Naive""","""D1""",,,1,"""frozen_reference""","""median_internal_fold_tau""",
203,174,190,1,182,188,-1,2021-09-09 11:00:00,2021-09-09,2021-09-08 23:00:00,2021-08-31 23:00:00,False,False,False,True,187,158.92000000000002,"""Seasonal Naive""","""D1""",,,1,"""frozen_reference""","""median_internal_fold_tau""",
204,111,129,0,112,130,-1,2021-09-09 12:00:00,2021-09-09,2021-09-08 23:00:00,2021-08-31 23:00:00,False,False,False,True,187,158.92000000000002,"""Seasonal Naive""","""D1""",,,0,"""frozen_reference""","""median_internal_fold_tau""",
205,171,176,0,174,183,-1,2021-09-09 13:00:00,2021-09-09,2021-09-08 23:00:00,2021-08-31 23:00:00,False,False,False,True,187,158.92000000000002,"""Seasonal Naive""","""D1""",,,1,"""frozen_reference""","""median_internal_fold_tau""",
206,165,168,0,192,195,-1,2021-09-09 14:00:00,2021-09-09,2021-09-08 23:00:00,2021-08-31 23:00:00,False,False,False,True,187,158.92000000000002,"""Seasonal Naive""","""D1""",,,1,"""frozen_reference""","""median_internal_fold_tau""",
207,173,185,0,170,177,-1,2021-09-09 15:00:00,2021-09-09,2021-09-08 23:00:00,2021-08-31 23:00:00,False,False,False,True,187,158.92000000000002,"""Seasonal Naive""","""D1""",,,1,"""frozen_reference""","""median_internal_fold_tau""",
208,160,168,0,174,181,-1,2021-09-09 16:00:00,2021-09-09,2021-09-08 23:00:00,2021-08-31 23:00:00,False,False,False,True,187,158.92000000000002,"""Seasonal Naive""","""D1""",,,1,"""frozen_reference""","""median_internal_fold_tau""",
209,140,168,0,132,153,-1,2021-09-09 17:00:00,2021-09-09,2021-09-08 23:00:00,2021-08-31 23:00:00,False,False,False,True,187,158.92000000000002,"""Seasonal Naive""","""D1""",,,0,"""frozen_reference""","""median_internal_fold_tau""",
210,162,172,0,159,167,-1,2021-09-09 18:00:00,2021-09-09,2021-09-08 23:00:00,2021-08-31 23:00:00,False,False,False,True,187,158.92000000000002,"""Seasonal Naive""","""D1""",,,1,"""frozen_reference""","""median_internal_fold_tau""",
211,142,158,0,161,173,-1,2021-09-09 19:00:00,2021-09-09,2021-09-08 23:00:00,2021-08-31 23:00:00,False,False,False,True,187,158.92000000000002,"""Seasonal Naive""","""D1""",,,1,"""frozen_reference""","""median_internal_fold_tau""",
212,128,134,0,132,143,-1,2021-09-09 20:00:00,2021-09-09,2021-09-08 23:00:00,2021-08-31 23:00:00,False,False,False,True,187,158.92000000000002,"""Seasonal Naive""","""D1""",,,0,"""frozen_reference""","""median_internal_fold_tau""",
213,128,134,0,131,138,-1,2021-09-09 21:00:00,2021-09-09,2021-09-08 23:00:00,2021-08-31 23:00:00,False,False,False,True,187,158.92000000000002,"""Seasonal Naive""","""D1""",,,0,"""frozen_reference""","""median_internal_fold_tau""",
214,109,118,0,114,129,-1,2021-09-09 22:00:00,2021-09-09,2021-09-08 23:00:00,2021-08-31 23:00:00,False,False,False,True,187,158.92000000000002,"""Seasonal Naive""","""D1""",,,0,"""frozen_reference""","""median_internal_fold_tau""",
215,109,116,0,119,129,-1,2021-09-09 23:00:00,2021-09-09,2021-09-08 23:00:00,2021-08-31 23:00:00,False,False,False,True,187,158.92000000000002,"""Seasonal Naive""","""D1""",,,0,"""frozen_reference""","""median_internal_fold_tau""",
216,77,83,0,69,71,-1,2021-09-10 00:00:00,2021-09-10,2021-09-09 23:00:00,2021-08-31 23:00:00,False,False,False,True,187,158.92000000000002,"""Seasonal Naive""","""D1""",,,0,"""frozen_reference""","""median_internal_fold_tau""",
217,102,109,0,109,119,-1,2021-09-10 01:00:00,2021-09-10,2021-09-09 23:00:00,2021-08-31 23:00:00,False,False,False,True,187,158.92000000000002,"""Seasonal Naive""","""D1""",,,0,"""frozen_reference""","""median_internal_fold_tau""",
218,112,118,0,112,117,-1,2021-09-10 02:00:00,2021-09-10,2021-09-09 23:00:00,2021-08-31 23:00:00,False,False,False,True,187,158.92000000000002,"""Seasonal Naive""","""D1""",,,0,"""frozen_reference""","""median_internal_fold_tau""",
219,106,116,0,110,114,-1,2021-09-10 03:00:00,2021-09-10,2021-09-09 23:00:00,2021-08-31 23:00:00,False,False,False,True,187,158.92000000000002,"""Seasonal Naive""","""D1""",,,0,"""frozen_reference""","""median_internal_fold_tau""",
220,108,117,0,107,113,-1,2021-09-10 04:00:00,2021-09-10,2021-09-09 23:00:00,2021-08-31 23:00:00,False,False,False,True,187,158.92000000000002,"""Seasonal Naive""","""D1""",,,0,"""frozen_reference""","""median_internal_fold_tau""",
221,92,107,0,93,111,-1,2021-09-10 05:00:00,2021-09-10,2021-09-09 23:00:00,2021-08-31 23:00:00,False,False,False,True,187,158.92000000000002,"""Seasonal Naive""","""D1""",,,0,"""frozen_reference""","""median_internal_fold_tau""",
222,111,118,0,107,114,-1,2021-09-10 06:00:00,2021-09-10,2021-09-09 23:00:00,2021-08-31 23:00:00,False,False,False,True,187,158.92000000000002,"""Seasonal Naive""","""D1""",,,0,"""frozen_reference""","""median_internal_fold_tau""",
223,132,150,0,134,147,-1,2021-09-10 07:00:00,2021-09-10,2021-09-09 23:00:00,2021-08-31 23:00:00,False,False,False,True,187,158.92000000000002,"""Seasonal Naive""","""D1""",,,0,"""frozen_reference""","""median_internal_fold_tau""",
224,180,192,1,170,179,-1,2021-09-10 08:00:00,2021-09-10,2021-09-09 23:00:00,2021-08-31 23:00:00,False,False,False,True,187,158.92000000000002,"""Seasonal Naive""","""D1""",,,1,"""frozen_reference""","""median_internal_fold_tau""",
225,184,204,1,171,178,-1,2021-09-10 09:00:00,2021-09-10,2021-09-09 23:00:00,2021-08-31 23:00:00,False,False,False,True,187,158.92000000000002,"""Seasonal Naive""","""D1""",,,1,"""frozen_reference""","""median_internal_fold_tau""",
226,168,181,0,163,169,-1,2021-09-10 10:00:00,2021-09-10,2021-09-09 23:00:00,2021-08-31 23:00:00,False,False,False,True,187,158.92000000000002,"""Seasonal Naive""","""D1""",,,1,"""frozen_reference""","""median_internal_fold_tau""",
227,181,188,1,187,190,-1,2021-09-10 11:00:00,2021-09-10,2021-09-09 23:00:00,2021-08-31 23:00:00,False,False,False,True,187,158.92000000000002,"""Seasonal Naive""","""D1""",,,1,"""frozen_reference""","""median_internal_fold_tau""",
228,116,128,0,108,122,-1,2021-09-10 12:00:00,2021-09-10,2021-09-09 23:00:00,2021-08-31 23:00:00,False,False,False,True,187,158.92000000000002,"""Seasonal Naive""","""D1""",,,0,"""frozen_reference""","""median_internal_fold_tau""",
229,180,191,1,169,176,-1,2021-09-10 13:00:00,2021-09-10,2021-09-09 23:00:00,2021-08-31 23:00:00,False,False,False,True,187,158.92000000000002,"""Seasonal Naive""","""D1""",,,1,"""frozen_reference""","""median_internal_fold_tau""",
230,178,190,1,178,181,-1,2021-09-10 14:00:00,2021-09-10,2021-09-09 23:00:00,2021-08-31 23:00:00,False,False,False,True,187,158.92000000000002,"""Seasonal Naive""","""D1""",,,1,"""frozen_reference""","""median_internal_fold_tau""",
231,171,191,1,154,162,-1,2021-09-10 15:00:00,2021-09-10,2021-09-09 23:00:00,2021-08-31 23:00:00,False,False,False,True,187,158.92000000000002,"""Seasonal Naive""","""D1""",,,1,"""frozen_reference""","""median_internal_fold_tau""",
232,164,171,0,161,165,-1,2021-09-10 16:00:00,2021-09-10,2021-09-09 23:00:00,2021-08-31 23:00:00,False,False,False,True,187,158.92000000000002,"""Seasonal Naive""","""D1""",,,1,"""frozen_reference""","""median_internal_fold_tau""",
233,138,157,0,147,170,-1,2021-09-10 17:00:00,2021-09-10,2021-09-09 23:00:00,2021-08-31 23:00:00,False,False,False,True,187,158.92000000000002,"""Seasonal Naive""","""D1""",,,1,"""frozen_reference""","""median_internal_fold_tau""",
234,155,162,0,154,158,-1,2021-09-10 18:00:00,2021-09-10,2021-09-09 23:00:00,2021-08-31 23:00:00,False,False,False,True,187,158.92000000000002,"""Seasonal Naive""","""D1""",,,0,"""frozen_reference""","""median_internal_fold_tau""",
235,142,148,0,143,156,-1,2021-09-10 19:00:00,2021-09-10,2021-09-09 23:00:00,2021-08-31 23:00:00,False,False,False,True,187,158.92000000000002,"""Seasonal Naive""","""D1""",,,0,"""frozen_reference""","""median_internal_fold_tau""",
236,116,121,0,115,118,-1,2021-09-10 20:00:00,2021-09-10,2021-09-09 23:00:00,2021-08-31 23:00:00,False,False,False,True,187,158.92000000000002,"""Seasonal Naive""","""D1""",,,0,"""frozen_reference""","""median_internal_fold_tau""",
237,117,126,0,110,113,-1,2021-09-10 21:00:00,2021-09-10,2021-09-09 23:00:00,2021-08-31 23:00:00,False,False,False,True,187,158.92000000000002,"""Seasonal Naive""","""D1""",,,0,"""frozen_reference""","""median_internal_fold_tau""",
238,102,109,0,105,119,-1,2021-09-10 22:00:00,2021-09-10,2021-09-09 23:00:00,2021-08-31 23:00:00,False,False,False,True,187,158.92000000000002,"""Seasonal Naive""","""D1""",,,0,"""frozen_reference""","""median_internal_fold_tau""",
239,88,105,0,101,112,-1,2021-09-10 23:00:00,2021-09-10,2021-09-09 23:00:00,2021-08-31 23:00:00,False,False,False,True,187,158.92000000000002,"""Seasonal Naive""","""D1""",,,0,"""frozen_reference""","""median_internal_fold_tau""",
240,61,69,0,64,69,-1,2021-09-11 00:00:00,2021-09-11,2021-09-10 23:00:00,2021-08-31 23:00:00,False,False,False,True,187,158.92000000000002,"""Seasonal Naive""","""D1""",,,0,"""frozen_reference""","""median_internal_fold_tau""",
241,97,105,0,106,114,-1,2021-09-11 01:00:00,2021-09-11,2021-09-10 23:00:00,2021-08-31 23:00:00,False,False,False,True,187,158.92000000000002,"""Seasonal Naive""","""D1""",,,0,"""frozen_reference""","""median_internal_fold_tau""",
242,95,99,0,104,107,-1,2021-09-11 02:00:00,2021-09-11,2021-09-10 23:00:00,2021-08-31 23:00:00,False,False,False,True,187,158.92000000000002,"""Seasonal Naive""","""D1""",,,0,"""frozen_reference""","""median_internal_fold_tau""",
243,94,107,0,98,103,-1,2021-09-11 03:00:00,2021-09-11,2021-09-10 23:00:00,2021-08-31 23:00:00,False,False,False,True,187,158.92000000000002,"""Seasonal Naive""","""D1""",,,0,"""frozen_reference""","""median_internal_fold_tau""",
244,89,93,0,109,112,-1,2021-09-11 04:00:00,2021-09-11,2021-09-10 23:00:00,2021-08-31 23:00:00,False,False,False,True,187,158.92000000000002,"""Seasonal Naive""","""D1""",,,0,"""frozen_reference""","""median_internal_fold_tau""",
245,82,98,0,88,105,-1,2021-09-11 05:00:00,2021-09-11,2021-09-10 23:00:00,2021-08-31 23:00:00,False,False,False,True,187,158.92000000000002,"""Seasonal Naive""","""D1""",,,0,"""frozen_reference""","""median_internal_fold_tau""",
246,86,97,0,111,116,-1,2021-09-11 06:00:00,2021-09-11,2021-09-10 23:00:00,2021-08-31 23:00:00,False,False,False,True,187,158.92000000000002,"""Seasonal Naive""","""D1""",,,0,"""frozen_reference""","""median_internal_fold_tau""",
247,51,73,0,70,97,-1,2021-09-11 07:00:00,2021-09-11,2021-09-10 23:00:00,2021-08-31 23:00:00,False,False,False,True,187,158.92000000000002,"""Seasonal Naive""","""D1""",,,0,"""frozen_reference""","""median_internal_fold_tau""",
248,23,23,0,33,37,-1,2021-09-11 08:00:00,2021-09-11,2021-09-10 23:00:00,2021-08-31 23:00:00,False,False,False,True,187,158.92000000000002,"""Seasonal Naive""","""D1""",,,0,"""frozen_reference""","""median_internal_fold_tau""",
249,23,23,0,32,32,-1,2021-09-11 09:00:00,2021-09-11,2021-09-10 23:00:00,2021-08-31 23:00:00,False,False,False,True,187,158.92000000000002,"""Seasonal Naive""","""D1""",,,0,"""frozen_reference""","""median_internal_fold_tau""",
250,22,23,0,34,36,-1,2021-09-11 10:00:00,2021-09-11,2021-09-10 23:00:00,2021-08-31 23:00:00,False,False,False,True,187,158.92000000000002,"""Seasonal Naive""","""D1""",,,0,"""frozen_reference""","""median_internal_fold_tau""",
251,23,23,0,32,32,-1,2021-09-11 11:00:00,2021-09-11,2021-09-10 23:00:00,2021-08-31 23:00:00,False,False,False,True,187,158.92000000000002,"""Seasonal Naive""","""D1""",,,0,"""frozen_reference""","""median_internal_fold_tau""",
252,25,28,0,33,34,-1,2021-09-11 12:00:00,2021-09-11,2021-09-10 23:00:00,2021-08-31 23:00:00,False,False,False,True,187,158.92000000000002,"""Seasonal Naive""","""D1""",,,0,"""frozen_reference""","""median_internal_fold_tau""",
253,23,25,0,34,37,-1,2021-09-11 13:00:00,2021-09-11,2021-09-10 23:00:00,2021-08-31 23:00:00,False,False,False,True,187,158.92000000000002,"""Seasonal Naive""","""D1""",,,0,"""frozen_reference""","""median_internal_fold_tau""",
254,23,24,0,34,35,-1,2021-09-11 14:00:00,2021-09-11,2021-09-10 23:00:00,2021-08-31 23:00:00,False,False,False,True,187,158.92000000000002,"""Seasonal Naive""","""D1""",,,0,"""frozen_reference""","""median_internal_fold_tau""",
255,24,24,0,33,33,-1,2021-09-11 15:00:00,2021-09-11,2021-09-10 23:00:00,2021-08-31 23:00:00,False,False,False,True,187,158.92000000000002,"""Seasonal Naive""","""D1""",,,0,"""frozen_reference""","""median_internal_fold_tau""",
256,24,24,0,36,43,-1,2021-09-11 16:00:00,2021-09-11,2021-09-10 23:00:00,2021-08-31 23:00:00,False,False,False,True,187,158.92000000000002,"""Seasonal Naive""","""D1""",,,0,"""frozen_reference""","""median_internal_fold_tau""",
257,23,24,0,35,40,-1,2021-09-11 17:00:00,2021-09-11,2021-09-10 23:00:00,2021-08-31 23:00:00,False,False,False,True,187,158.92000000000002,"""Seasonal Naive""","""D1""",,,0,"""frozen_reference""","""median_internal_fold_tau""",
258,23,24,0,26,29,-1,2021-09-11 18:00:00,2021-09-11,2021-09-10 23:00:00,2021-08-31 23:00:00,False,False,False,True,187,158.92000000000002,"""Seasonal Naive""","""D1""",,,0,"""frozen_reference""","""median_internal_fold_tau""",
259,25,28,0,23,25,-1,2021-09-11 19:00:00,2021-09-11,2021-09-10 23:00:00,2021-08-31 23:00:00,False,False,False,True,187,158.92000000000002,"""Seasonal Naive""","""D1""",,,0,"""frozen_reference""","""median_internal_fold_tau""",
260,23,24,0,25,27,-1,2021-09-11 20:00:00,2021-09-11,2021-09-10 23:00:00,2021-08-31 23:00:00,False,False,False,True,187,158.92000000000002,"""Seasonal Naive""","""D1""",,,0,"""frozen_reference""","""median_internal_fold_tau""",
261,23,24,0,23,23,-1,2021-09-11 21:00:00,2021-09-11,2021-09-10 23:00:00,2021-08-31 23:00:00,False,False,False,True,187,158.92000000000002,"""Seasonal Naive""","""D1""",,,0,"""frozen_reference""","""median_internal_fold_tau""",
262,23,24,0,23,23,-1,2021-09-11 22:00:00,2021-09-11,2021-09-10 23:00:00,2021-08-31 23:00:00,False,False,False,True,187,158.92000000000002,"""Seasonal Naive""","""D1""",,,0,"""frozen_reference""","""median_internal_fold_tau""",
263,23,23,0,23,23,-1,2021-09-11 23:00:00,2021-09-11,2021-09-10 23:00:00,2021-08-31 23:00:00,False,False,False,True,187,158.92000000000002,"""Seasonal Naive""","""D1""",,,0,"""frozen_reference""","""median_internal_fold_tau""",
264,23,23,0,24,26,-1,2021-09-12 00:00:00,2021-09-12,2021-09-11 23:00:00,2021-08-31 23:00:00,False,False,False,True,187,158.92000000000002,"""Seasonal Naive""","""D1""",,,0,"""frozen_reference""","""median_internal_fold_tau""",
265,23,24,0,22,22,-1,2021-09-12 01:00:00,2021-09-12,2021-09-11 23:00:00,2021-08-31 23:00:00,False,False,False,True,187,158.92000000000002,"""Seasonal Naive""","""D1""",,,0,"""frozen_reference""","""median_internal_fold_tau""",
266,24,27,0,22,22,-1,2021-09-12 02:00:00,2021-09-12,2021-09-11 23:00:00,2021-08-31 23:00:00,False,False,False,True,187,158.92000000000002,"""Seasonal Naive""","""D1""",,,0,"""frozen_reference""","""median_internal_fold_tau""",
267,23,23,0,22,22,-1,2021-09-12 03:00:00,2021-09-12,2021-09-11 23:00:00,2021-08-31 23:00:00,False,False,False,True,187,158.92000000000002,"""Seasonal Naive""","""D1""",,,0,"""frozen_reference""","""median_internal_fold_tau""",
268,23,23,0,24,27,-1,2021-09-12 04:00:00,2021-09-12,2021-09-11 23:00:00,2021-08-31 23:00:00,False,False,False,True,187,158.92000000000002,"""Seasonal Naive""","""D1""",,,0,"""frozen_reference""","""median_internal_fold_tau""",
269,23,23,0,22,22,-1,2021-09-12 05:00:00,2021-09-12,2021-09-11 23:00:00,2021-08-31 23:00:00,False,False,False,True,187,158.92000000000002,"""Seasonal Naive""","""D1""",,,0,"""frozen_reference""","""median_internal_fold_tau""",
270,23,23,0,22,22,-1,2021-09-12 06:00:00,2021-09-12,2021-09-11 23:00:00,2021-08-31 23:00:00,False,False,False,True,187,158.92000000000002,"""Seasonal Naive""","""D1""",,,0,"""frozen_reference""","""median_internal_fold_tau""",
271,23,23,0,22,22,-1,2021-09-12 07:00:00,2021-09-12,2021-09-11 23:00:00,2021-08-31 23:00:00,False,False,False,True,187,158.92000000000002,"""Seasonal Naive""","""D1""",,,0,"""frozen_reference""","""median_internal_fold_tau""",
272,25,28,0,25,27,-1,2021-09-12 08:00:00,2021-09-12,2021-09-11 23:00:00,2021-08-31 23:00:00,False,False,False,True,187,158.92000000000002,"""Seasonal Naive""","""D1""",,,0,"""frozen_reference""","""median_internal_fold_tau""",
273,23,24,0,22,23,-1,2021-09-12 09:00:00,2021-09-12,2021-09-11 23:00:00,2021-08-31 23:00:00,False,False,False,True,187,158.92000000000002,"""Seasonal Naive""","""D1""",,,0,"""frozen_reference""","""median_internal_fold_tau""",
274,23,24,0,22,22,-1,2021-09-12 10:00:00,2021-09-12,2021-09-11 23:00:00,2021-08-31 23:00:00,False,False,False,True,187,158.92000000000002,"""Seasonal Naive""","""D1""",,,0,"""frozen_reference""","""median_internal_fold_tau""",
275,23,23,0,22,22,-1,2021-09-12 11:00:00,2021-09-12,2021-09-11 23:00:00,2021-08-31 23:00:00,False,False,False,True,187,158.92000000000002,"""Seasonal Naive""","""D1""",,,0,"""frozen_reference""","""median_internal_fold_tau""",
276,23,23,0,24,26,-1,2021-09-12 12:00:00,2021-09-12,2021-09-11 23:00:00,2021-08-31 23:00:00,False,False,False,True,187,158.92000000000002,"""Seasonal Naive""","""D1""",,,0,"""frozen_reference""","""median_internal_fold_tau""",
277,23,23,0,22,23,-1,2021-09-12 13:00:00,2021-09-12,2021-09-11 23:00:00,2021-08-31 23:00:00,False,False,False,True,187,158.92000000000002,"""Seasonal Naive""","""D1""",,,0,"""frozen_reference""","""median_internal_fold_tau""",
278,25,28,0,23,23,-1,2021-09-12 14:00:00,2021-09-12,2021-09-11 23:00:00,2021-08-31 23:00:00,False,False,False,True,187,158.92000000000002,"""Seasonal Naive""","""D1""",,,0,"""frozen_reference""","""median_internal_fold_tau""",
279,23,24,0,24,28,-1,2021-09-12 15:00:00,2021-09-12,2021-09-11 23:00:00,2021-08-31 23:00:00,False,False,False,True,187,158.92000000000002,"""Seasonal Naive""","""D1""",,,0,"""frozen_reference""","""median_internal_fold_tau""",
280,24,24,0,23,25,-1,2021-09-12 16:00:00,2021-09-12,2021-09-11 23:00:00,2021-08-31 23:00:00,False,False,False,True,187,158.92000000000002,"""Seasonal Naive""","""D1""",,,0,"""frozen_reference""","""median_internal_fold_tau""",
281,23,23,0,23,23,-1,2021-09-12 17:00:00,2021-09-12,2021-09-11 23:00:00,2021-08-31 23:00:00,False,False,False,True,187,158.92000000000002,"""Seasonal Naive""","""D1""",,,0,"""frozen_reference""","""median_internal_fold_tau""",
282,23,24,0,22,22,-1,2021-09-12 18:00:00,2021-09-12,2021-09-11 23:00:00,2021-08-31 23:00:00,False,False,False,True,187,158.92000000000002,"""Seasonal Naive""","""D1""",,,0,"""frozen_reference""","""median_internal_fold_tau""",
283,23,24,0,24,27,-1,2021-09-12 19:00:00,2021-09-12,2021-09-11 23:00:00,2021-08-31 23:00:00,False,False,False,True,187,158.92000000000002,"""Seasonal Naive""","""D1""",,,0,"""frozen_reference""","""median_internal_fold_tau""",
284,23,24,0,23,23,-1,2021-09-12 20:00:00,2021-09-12,2021-09-11 23:00:00,2021-08-31 23:00:00,False,False,False,True,187,158.92000000000002,"""Seasonal Naive""","""D1""",,,0,"""frozen_reference""","""median_internal_fold_tau""",
285,25,28,0,23,23,-1,2021-09-12 21:00:00,2021-09-12,2021-09-11 23:00:00,2021-08-31 23:00:00,False,False,False,True,187,158.92000000000002,"""Seasonal Naive""","""D1""",,,0,"""frozen_reference""","""median_internal_fold_tau""",
286,23,24,0,24,27,-1,2021-09-12 22:00:00,2021-09-12,2021-09-11 23:00:00,2021-08-31 23:00:00,False,False,False,True,187,158.92000000000002,"""Seasonal Naive""","""D1""",,,0,"""frozen_reference""","""median_internal_fold_tau""",
287,23,24,0,23,24,-1,2021-09-12 23:00:00,2021-09-12,2021-09-11 23:00:00,2021-08-31 23:00:00,False,False,False,True,187,158.92000000000002,"""Seasonal Naive""","""D1""",,,0,"""frozen_reference""","""median_internal_fold_tau""",
288,23,23,0,22,22,-1,2021-09-13 00:00:00,2021-09-13,2021-09-12 23:00:00,2021-08-31 23:00:00,False,False,False,True,187,158.92000000000002,"""Seasonal Naive""","""D1""",,,0,"""frozen_reference""","""median_internal_fold_tau""",
289,23,23,0,22,22,-1,2021-09-13 01:00:00,2021-09-13,2021-09-12 23:00:00,2021-08-31 23:00:00,False,False,False,True,187,158.92000000000002,"""Seasonal Naive""","""D1""",,,0,"""frozen_reference""","""median_internal_fold_tau""",
290,23,23,0,24,27,-1,2021-09-13 02:00:00,2021-09-13,2021-09-12 23:00:00,2021-08-31 23:00:00,False,False,False,True,187,158.92000000000002,"""Seasonal Naive""","""D1""",,,0,"""frozen_reference""","""median_internal_fold_tau""",
291,24,25,0,22,22,-1,2021-09-13 03:00:00,2021-09-13,2021-09-12 23:00:00,2021-08-31 23:00:00,False,False,False,True,187,158.92000000000002,"""Seasonal Naive""","""D1""",,,0,"""frozen_reference""","""median_internal_fold_tau""",
292,24,28,0,22,22,-1,2021-09-13 04:00:00,2021-09-13,2021-09-12 23:00:00,2021-08-31 23:00:00,False,False,False,True,187,158.92000000000002,"""Seasonal Naive""","""D1""",,,0,"""frozen_reference""","""median_internal_fold_tau""",
293,23,23,0,23,24,-1,2021-09-13 05:00:00,2021-09-13,2021-09-12 23:00:00,2021-08-31 23:00:00,False,False,False,True,187,158.92000000000002,"""Seasonal Naive""","""D1""",,,0,"""frozen_reference""","""median_internal_fold_tau""",
294,23,24,0,24,26,-1,2021-09-13 06:00:00,2021-09-13,2021-09-12 23:00:00,2021-08-31 23:00:00,False,False,False,True,187,158.92000000000002,"""Seasonal Naive""","""D1""",,,0,"""frozen_reference""","""median_internal_fold_tau""",
295,63,111,0,52,81,-1,2021-09-13 07:00:00,2021-09-13,2021-09-12 23:00:00,2021-08-31 23:00:00,False,False,False,True,187,158.92000000000002,"""Seasonal Naive""","""D1""",,,0,"""frozen_reference""","""median_internal_fold_tau""",
296,185,196,1,171,180,-1,2021-09-13 08:00:00,2021-09-13,2021-09-12 23:00:00,2021-08-31 23:00:00,False,False,False,True,187,158.92000000000002,"""Seasonal Naive""","""D1""",,,1,"""frozen_reference""","""median_internal_fold_tau""",
297,183,188,1,157,165,-1,2021-09-13 09:00:00,2021-09-13,2021-09-12 23:00:00,2021-08-31 23:00:00,False,False,False,True,187,158.92000000000002,"""Seasonal Naive""","""D1""",,,1,"""frozen_reference""","""median_internal_fold_tau""",
298,177,189,1,171,190,-1,2021-09-13 10:00:00,2021-09-13,2021-09-12 23:00:00,2021-08-31 23:00:00,False,False,False,True,187,158.92000000000002,"""Seasonal Naive""","""D1""",,,1,"""frozen_reference""","""median_internal_fold_tau""",
299,182,191,1,176,180,-1,2021-09-13 11:00:00,2021-09-13,2021-09-12 23:00:00,2021-08-31 23:00:00,False,False,False,True,187,158.92000000000002,"""Seasonal Naive""","""D1""",,,1,"""frozen_reference""","""median_internal_fold_tau""",
300,117,130,0,109,124,-1,2021-09-13 12:00:00,2021-09-13,2021-09-12 23:00:00,2021-08-31 23:00:00,False,False,False,True,187,158.92000000000002,"""Seasonal Naive""","""D1""",,,0,"""frozen_reference""","""median_internal_fold_tau""",
301,184,191,1,160,164,-1,2021-09-13 13:00:00,2021-09-13,2021-09-12 23:00:00,2021-08-31 23:00:00,False,False,False,True,187,158.92000000000002,"""Seasonal Naive""","""D1""",,,1,"""frozen_reference""","""median_internal_fold_tau""",
302,180,182,0,160,163,-1,2021-09-13 14:00:00,2021-09-13,2021-09-12 23:00:00,2021-08-31 23:00:00,False,False,False,True,187,158.92000000000002,"""Seasonal Naive""","""D1""",,,1,"""frozen_reference""","""median_internal_fold_tau""",
303,168,177,0,158,171,-1,2021-09-13 15:00:00,2021-09-13,2021-09-12 23:00:00,2021-08-31 23:00:00,False,False,False,True,187,158.92000000000002,"""Seasonal Naive""","""D1""",,,1,"""frozen_reference""","""median_internal_fold_tau""",
304,175,182,0,146,152,-1,2021-09-13 16:00:00,2021-09-13,2021-09-12 23:00:00,2021-08-31 23:00:00,False,False,False,True,187,158.92000000000002,"""Seasonal Naive""","""D1""",,,0,"""frozen_reference""","""median_internal_fold_tau""",
305,132,160,0,128,148,-1,2021-09-13 17:00:00,2021-09-13,2021-09-12 23:00:00,2021-08-31 23:00:00,False,False,False,True,187,158.92000000000002,"""Seasonal Naive""","""D1""",,,0,"""frozen_reference""","""median_internal_fold_tau""",
306,145,162,0,152,154,-1,2021-09-13 18:00:00,2021-09-13,2021-09-12 23:00:00,2021-08-31 23:00:00,False,False,False,True,187,158.92000000000002,"""Seasonal Naive""","""D1""",,,0,"""frozen_reference""","""median_internal_fold_tau""",
307,148,162,0,135,145,-1,2021-09-13 19:00:00,2021-09-13,2021-09-12 23:00:00,2021-08-31 23:00:00,False,False,False,True,187,158.92000000000002,"""Seasonal Naive""","""D1""",,,0,"""frozen_reference""","""median_internal_fold_tau""",
308,121,126,0,121,128,-1,2021-09-13 20:00:00,2021-09-13,2021-09-12 23:00:00,2021-08-31 23:00:00,False,False,False,True,187,158.92000000000002,"""Seasonal Naive""","""D1""",,,0,"""frozen_reference""","""median_internal_fold_tau""",
309,123,131,0,123,133,-1,2021-09-13 21:00:00,2021-09-13,2021-09-12 23:00:00,2021-08-31 23:00:00,False,False,False,True,187,158.92000000000002,"""Seasonal Naive""","""D1""",,,0,"""frozen_reference""","""median_internal_fold_tau""",
310,110,122,0,110,114,-1,2021-09-13 22:00:00,2021-09-13,2021-09-12 23:00:00,2021-08-31 23:00:00,False,False,False,True,187,158.92000000000002,"""Seasonal Naive""","""D1""",,,0,"""frozen_reference""","""median_internal_fold_tau""",
311,108,123,0,104,118,-1,2021-09-13 23:00:00,2021-09-13,2021-09-12 23:00:00,2021-08-31 23:00:00,False,False,False,True,187,158.92000000000002,"""Seasonal Naive""","""D1""",,,0,"""frozen_reference""","""median_internal_fold_tau""",
312,70,72,0,72,74,-1,2021-09-14 00:00:00,2021-09-14,2021-09-13 23:00:00,2021-08-31 23:00:00,False,False,False,True,187,158.92000000000002,"""Seasonal Naive""","""D1""",,,0,"""frozen_reference""","""median_internal_fold_tau""",
313,110,116,0,109,121,-1,2021-09-14 01:00:00,2021-09-14,2021-09-13 23:00:00,2021-08-31 23:00:00,False,False,False,True,187,158.92000000000002,"""Seasonal Naive""","""D1""",,,0,"""frozen_reference""","""median_internal_fold_tau""",
314,112,115,0,111,118,-1,2021-09-14 02:00:00,2021-09-14,2021-09-13 23:00:00,2021-08-31 23:00:00,False,False,False,True,187,158.92000000000002,"""Seasonal Naive""","""D1""",,,0,"""frozen_reference""","""median_internal_fold_tau""",
315,105,114,0,109,123,-1,2021-09-14 03:00:00,2021-09-14,2021-09-13 23:00:00,2021-08-31 23:00:00,False,False,False,True,187,158.92000000000002,"""Seasonal Naive""","""D1""",,,0,"""frozen_reference""","""median_internal_fold_tau""",
316,111,115,0,109,120,-1,2021-09-14 04:00:00,2021-09-14,2021-09-13 23:00:00,2021-08-31 23:00:00,False,False,False,True,187,158.92000000000002,"""Seasonal Naive""","""D1""",,,0,"""frozen_reference""","""median_internal_fold_tau""",
317,93,115,0,96,116,-1,2021-09-14 05:00:00,2021-09-14,2021-09-13 23:00:00,2021-08-31 23:00:00,False,False,False,True,187,158.92000000000002,"""Seasonal Naive""","""D1""",,,0,"""frozen_reference""","""median_internal_fold_tau""",
318,108,112,0,115,124,-1,2021-09-14 06:00:00,2021-09-14,2021-09-13 23:00:00,2021-08-31 23:00:00,False,False,False,True,187,158.92000000000002,"""Seasonal Naive""","""D1""",,,0,"""frozen_reference""","""median_internal_fold_tau""",
319,140,156,0,140,160,-1,2021-09-14 07:00:00,2021-09-14,2021-09-13 23:00:00,2021-08-31 23:00:00,False,False,False,True,187,158.92000000000002,"""Seasonal Naive""","""D1""",,,1,"""frozen_reference""","""median_internal_fold_tau""",
320,174,184,0,173,192,-1,2021-09-14 08:00:00,2021-09-14,2021-09-13 23:00:00,2021-08-31 23:00:00,False,False,False,True,187,158.92000000000002,"""Seasonal Naive""","""D1""",,,1,"""frozen_reference""","""median_internal_fold_tau""",
321,166,178,0,170,174,-1,2021-09-14 09:00:00,2021-09-14,2021-09-13 23:00:00,2021-08-31 23:00:00,False,False,False,True,187,158.92000000000002,"""Seasonal Naive""","""D1""",,,1,"""frozen_reference""","""median_internal_fold_tau""",
322,152,161,0,164,178,-1,2021-09-14 10:00:00,2021-09-14,2021-09-13 23:00:00,2021-08-31 23:00:00,False,False,False,True,187,158.92000000000002,"""Seasonal Naive""","""D1""",,,1,"""frozen_reference""","""median_internal_fold_tau""",
323,170,180,0,174,183,-1,2021-09-14 11:00:00,2021-09-14,2021-09-13 23:00:00,2021-08-31 23:00:00,False,False,False,True,187,158.92000000000002,"""Seasonal Naive""","""D1""",,,1,"""frozen_reference""","""median_internal_fold_tau""",
324,118,135,0,116,140,-1,2021-09-14 12:00:00,2021-09-14,2021-09-13 23:00:00,2021-08-31 23:00:00,False,False,False,True,187,158.92000000000002,"""Seasonal Naive""","""D1""",,,0,"""frozen_reference""","""median_internal_fold_tau""",
325,163,173,0,181,189,-1,2021-09-14 13:00:00,2021-09-14,2021-09-13 23:00:00,2021-08-31 23:00:00,False,False,False,True,187,158.92000000000002,"""Seasonal Naive""","""D1""",,,1,"""frozen_reference""","""median_internal_fold_tau""",
326,158,162,0,182,191,-1,2021-09-14 14:00:00,2021-09-14,2021-09-13 23:00:00,2021-08-31 23:00:00,False,False,False,True,187,158.92000000000002,"""Seasonal Naive""","""D1""",,,1,"""frozen_reference""","""median_internal_fold_tau""",
327,161,175,0,166,174,-1,2021-09-14 15:00:00,2021-09-14,2021-09-13 23:00:00,2021-08-31 23:00:00,False,False,False,True,187,158.92000000000002,"""Seasonal Naive""","""D1""",,,1,"""frozen_reference""","""median_internal_fold_tau""",
328,160,165,0,160,167,-1,2021-09-14 16:00:00,2021-09-14,2021-09-13 23:00:00,2021-08-31 23:00:00,False,False,False,True,187,158.92000000000002,"""Seasonal Naive""","""D1""",,,1,"""frozen_reference""","""median_internal_fold_tau""",
329,123,146,0,135,161,-1,2021-09-14 17:00:00,2021-09-14,2021-09-13 23:00:00,2021-08-31 23:00:00,False,False,False,True,187,158.92000000000002,"""Seasonal Naive""","""D1""",,,1,"""frozen_reference""","""median_internal_fold_tau""",
330,158,164,0,156,165,-1,2021-09-14 18:00:00,2021-09-14,2021-09-13 23:00:00,2021-08-31 23:00:00,False,False,False,True,187,158.92000000000002,"""Seasonal Naive""","""D1""",,,1,"""frozen_reference""","""median_internal_fold_tau""",
331,153,171,0,152,158,-1,2021-09-14 19:00:00,2021-09-14,2021-09-13 23:00:00,2021-08-31 23:00:00,False,False,False,True,187,158.92000000000002,"""Seasonal Naive""","""D1""",,,0,"""frozen_reference""","""median_internal_fold_tau""",
332,128,130,0,134,141,-1,2021-09-14 20:00:00,2021-09-14,2021-09-13 23:00:00,2021-08-31 23:00:00,False,False,False,True,187,158.92000000000002,"""Seasonal Naive""","""D1""",,,0,"""frozen_reference""","""median_internal_fold_tau""",
333,128,134,0,131,134,-1,2021-09-14 21:00:00,2021-09-14,2021-09-13 23:00:00,2021-08-31 23:00:00,False,False,False,True,187,158.92000000000002,"""Seasonal Naive""","""D1""",,,0,"""frozen_reference""","""median_internal_fold_tau""",
334,111,120,0,115,122,-1,2021-09-14 22:00:00,2021-09-14,2021-09-13 23:00:00,2021-08-31 23:00:00,False,False,False,True,187,158.92000000000002,"""Seasonal Naive""","""D1""",,,0,"""frozen_reference""","""median_internal_fold_tau""",
335,110,119,0,111,126,-1,2021-09-14 23:00:00,2021-09-14,2021-09-13 23:00:00,2021-08-31 23:00:00,False,False,False,True,187,158.92000000000002,"""Seasonal Naive""","""D1""",,,0,"""frozen_reference""","""median_internal_fold_tau""",
336,74,83,0,63.278100455100464,65.132051282051279,-1,2021-09-01 00:00:00,2021-09-01,2021-08-31 23:00:00,2021-08-31 23:00:00,False,False,False,True,187,172.13499999999999,"""Random Forest (보정)""","""D1""",,,0,"""frozen_reference""","""median_internal_fold_tau""",
337,109,117,0,97.735105437475141,109.24026629820743,-1,2021-09-01 01:00:00,2021-09-01,2021-08-31 23:00:00,2021-08-31 23:00:00,False,False,False,True,187,172.13499999999999,"""Random Forest (보정)""","""D1""",,,0,"""frozen_reference""","""median_internal_fold_tau""",
338,114,121,0,105.83923238718585,112.86050874506928,-1,2021-09-01 02:00:00,2021-09-01,2021-08-31 23:00:00,2021-08-31 23:00:00,False,False,False,True,187,172.13499999999999,"""Random Forest (보정)""","""D1""",,,0,"""frozen_reference""","""median_internal_fold_tau""",
339,99,103,0,100.48293427950463,111.10016239542436,-1,2021-09-01 03:00:00,2021-09-01,2021-08-31 23:00:00,2021-08-31 23:00:00,False,False,False,True,187,172.13499999999999,"""Random Forest (보정)""","""D1""",,,0,"""frozen_reference""","""median_internal_fold_tau""",
340,115,119,0,108.66298480524553,114.83389001635359,-1,2021-09-01 04:00:00,2021-09-01,2021-08-31 23:00:00,2021-08-31 23:00:00,False,False,False,True,187,172.13499999999999,"""Random Forest (보정)""","""D1""",,,0,"""frozen_reference""","""median_internal_fold_tau""",
341,92,112,0,91.210958351259791,113.10211308528511,-1,2021-09-01 05:00:00,2021-09-01,2021-08-31 23:00:00,2021-08-31 23:00:00,False,False,False,True,187,172.13499999999999,"""Random Forest (보정)""","""D1""",,,0,"""frozen_reference""","""median_internal_fold_tau""",
342,116,119,0,110.63578699841271,116.60771621734418,-1,2021-09-01 06:00:00,2021-09-01,2021-08-31 23:00:00,2021-08-31 23:00:00,False,False,False,True,187,172.13499999999999,"""Random Forest (보정)""","""D1""",,,0,"""frozen_reference""","""median_internal_fold_tau""",
343,124,139,0,137.03136083052752,153.42251805483156,-1,2021-09-01 07:00:00,2021-09-01,2021-08-31 23:00:00,2021-08-31 23:00:00,False,False,False,True,187,172.13499999999999,"""Random Forest (보정)""","""D1""",,,0,"""frozen_reference""","""median_internal_fold_tau""",
344,180,198,1,170.268171871965,181.00597864987299,-1,2021-09-01 08:00:00,2021-09-01,2021-08-31 23:00:00,2021-08-31 23:00:00,False,False,False,True,187,172.13499999999999,"""Random Forest (보정)""","""D1""",,,1,"""frozen_reference""","""median_internal_fold_tau""",
345,182,189,1,170.47549086391194,180.10447703125814,-1,2021-09-01 09:00:00,2021-09-01,2021-08-31 23:00:00,2021-08-31 23:00:00,False,False,False,True,187,172.13499999999999,"""Random Forest (보정)""","""D1""",,,1,"""frozen_reference""","""median_internal_fold_tau""",
346,185,196,1,173.38506205669398,183.182668075989,-1,2021-09-01 10:00:00,2021-09-01,2021-08-31 23:00:00,2021-08-31 23:00:00,False,False,False,True,187,172.13499999999999,"""Random Forest (보정)""","""D1""",,,1,"""frozen_reference""","""median_internal_fold_tau""",
347,174,180,0,172.88134013154598,182.29475199458335,-1,2021-09-01 11:00:00,2021-09-01,2021-08-31 23:00:00,2021-08-31 23:00:00,False,False,False,True,187,172.13499999999999,"""Random Forest (보정)""","""D1""",,,1,"""frozen_reference""","""median_internal_fold_tau""",
348,117,138,0,110.05198688045768,122.74233230142524,-1,2021-09-01 12:00:00,2021-09-01,2021-08-31 23:00:00,2021-08-31 23:00:00,False,False,False,True,187,172.13499999999999,"""Random Forest (보정)""","""D1""",,,0,"""frozen_reference""","""median_internal_fold_tau""",
349,182,190,1,176.22112542087541,184.2913166640123,-1,2021-09-01 13:00:00,2021-09-01,2021-08-31 23:00:00,2021-08-31 23:00:00,False,False,False,True,187,172.13499999999999,"""Random Forest (보정)""","""D1""",,,1,"""frozen_reference""","""median_internal_fold_tau""",
350,184,192,1,170.55889864492804,179.53822362650706,-1,2021-09-01 14:00:00,2021-09-01,2021-08-31 23:00:00,2021-08-31 23:00:00,False,False,False,True,187,172.13499999999999,"""Random Forest (보정)""","""D1""",,,1,"""frozen_reference""","""median_internal_fold_tau""",
351,173,182,0,158.76927788877791,177.0334386195747,-1,2021-09-01 15:00:00,2021-09-01,2021-08-31 23:00:00,2021-08-31 23:00:00,False,False,False,True,187,172.13499999999999,"""Random Forest (보정)""","""D1""",,,1,"""frozen_reference""","""median_internal_fold_tau""",
352,176,187,1,165.31162820512819,175.04691364808031,-1,2021-09-01 16:00:00,2021-09-01,2021-08-31 23:00:00,2021-08-31 23:00:00,False,False,False,True,187,172.13499999999999,"""Random Forest (보정)""","""D1""",,,1,"""frozen_reference""","""median_internal_fold_tau""",
353,139,180,0,138.0243655394525,167.92203118908384,-1,2021-09-01 17:00:00,2021-09-01,2021-08-31 23:00:00,2021-08-31 23:00:00,False,False,False,True,187,172.13499999999999,"""Random Forest (보정)""","""D1""",,,0,"""frozen_reference""","""median_internal_fold_tau""",
354,163,167,0,158.4677777777778,166.85937277537278,-1,2021-09-01 18:00:00,2021-09-01,2021-08-31 23:00:00,2021-08-31 23:00:00,False,False,False,True,187,172.13499999999999,"""Random Forest (보정)""","""D1""",,,0,"""frozen_reference""","""median_internal_fold_tau""",
355,152,163,0,142.17512698412699,152.23593797749203,-1,2021-09-01 19:00:00,2021-09-01,2021-08-31 23:00:00,2021-08-31 23:00:00,False,False,False,True,187,172.13499999999999,"""Random Forest (보정)""","""D1""",,,0,"""frozen_reference""","""median_internal_fold_tau""",
356,129,139,0,116.79774015376626,126.22271192029071,-1,2021-09-01 20:00:00,2021-09-01,2021-08-31 23:00:00,2021-08-31 23:00:00,False,False,False,True,187,172.13499999999999,"""Random Forest (보정)""","""D1""",,,0,"""frozen_reference""","""median_internal_fold_tau""",
357,131,133,0,123.59345275357305,129.37101609035747,-1,2021-09-01 21:00:00,2021-09-01,2021-08-31 23:00:00,2021-08-31 23:00:00,False,False,False,True,187,172.13499999999999,"""Random Forest (보정)""","""D1""",,,0,"""frozen_reference""","""median_internal_fold_tau""",
358,119,128,0,111.64617829665265,125.4344014789594,-1,2021-09-01 22:00:00,2021-09-01,2021-08-31 23:00:00,2021-08-31 23:00:00,False,False,False,True,187,172.13499999999999,"""Random Forest (보정)""","""D1""",,,0,"""frozen_reference""","""median_internal_fold_tau""",
359,114,121,0,106.56853983744485,116.89912571579953,-1,2021-09-01 23:00:00,2021-09-01,2021-08-31 23:00:00,2021-08-31 23:00:00,False,False,False,True,187,172.13499999999999,"""Random Forest (보정)""","""D1""",,,0,"""frozen_reference""","""median_internal_fold_tau""",
360,79,87,0,77.26166666666667,84.88333333333334,-1,2021-09-02 00:00:00,2021-09-02,2021-09-01 23:00:00,2021-08-31 23:00:00,False,False,False,True,187,172.13499999999999,"""Random Forest (보정)""","""D1""",,,0,"""frozen_reference""","""median_internal_fold_tau""",
361,112,119,0,106.90589086421276,113.38859392116625,-1,2021-09-02 01:00:00,2021-09-02,2021-09-01 23:00:00,2021-08-31 23:00:00,False,False,False,True,187,172.13499999999999,"""Random Forest (보정)""","""D1""",,,0,"""frozen_reference""","""median_internal_fold_tau""",
362,114,119,0,112.33362898356145,117.90511929008782,-1,2021-09-02 02:00:00,2021-09-02,2021-09-01 23:00:00,2021-08-31 23:00:00,False,False,False,True,187,172.13499999999999,"""Random Forest (보정)""","""D1""",,,0,"""frozen_reference""","""median_internal_fold_tau""",
363,106,118,0,101.22656907635265,110.31520108716403,-1,2021-09-02 03:00:00,2021-09-02,2021-09-01 23:00:00,2021-08-31 23:00:00,False,False,False,True,187,172.13499999999999,"""Random Forest (보정)""","""D1""",,,0,"""frozen_reference""","""median_internal_fold_tau""",
364,114,120,0,111.10606831197047,116.97644129944129,-1,2021-09-02 04:00:00,2021-09-02,2021-09-01 23:00:00,2021-08-31 23:00:00,False,False,False,True,187,172.13499999999999,"""Random Forest (보정)""","""D1""",,,0,"""frozen_reference""","""median_internal_fold_tau""",
365,93,108,0,94.686947923088852,112.72573077161978,-1,2021-09-02 05:00:00,2021-09-02,2021-09-01 23:00:00,2021-08-31 23:00:00,False,False,False,True,187,172.13499999999999,"""Random Forest (보정)""","""D1""",,,0,"""frozen_reference""","""median_internal_fold_tau""",
366,115,117,0,115.93175512054236,120.21684540008395,-1,2021-09-02 06:00:00,2021-09-02,2021-09-01 23:00:00,2021-08-31 23:00:00,False,False,False,True,187,172.13499999999999,"""Random Forest (보정)""","""D1""",,,0,"""frozen_reference""","""median_internal_fold_tau""",
367,141,160,0,130.74166412753911,145.55980691058457,-1,2021-09-02 07:00:00,2021-09-02,2021-09-01 23:00:00,2021-08-31 23:00:00,False,False,False,True,187,172.13499999999999,"""Random Forest (보정)""","""D1""",,,0,"""frozen_reference""","""median_internal_fold_tau""",
368,166,171,0,176.54583886483883,185.79374911370476,-1,2021-09-02 08:00:00,2021-09-02,2021-09-01 23:00:00,2021-08-31 23:00:00,False,False,False,True,187,172.13499999999999,"""Random Forest (보정)""","""D1""",,,1,"""frozen_reference""","""median_internal_fold_tau""",
369,184,198,1,176.48837854737852,184.93609018789772,-1,2021-09-02 09:00:00,2021-09-02,2021-09-01 23:00:00,2021-08-31 23:00:00,False,False,False,True,187,172.13499999999999,"""Random Forest (보정)""","""D1""",,,1,"""frozen_reference""","""median_internal_fold_tau""",
370,179,188,1,176.22876511751656,184.60991089440998,-1,2021-09-02 10:00:00,2021-09-02,2021-09-01 23:00:00,2021-08-31 23:00:00,False,False,False,True,187,172.13499999999999,"""Random Forest (보정)""","""D1""",,,1,"""frozen_reference""","""median_internal_fold_tau""",
371,182,188,1,176.06630976430972,184.01232196590931,-1,2021-09-02 11:00:00,2021-09-02,2021-09-01 23:00:00,2021-08-31 23:00:00,False,False,False,True,187,172.13499999999999,"""Random Forest (보정)""","""D1""",,,1,"""frozen_reference""","""median_internal_fold_tau""",
372,112,130,0,112.10825126108747,122.31825321811509,-1,2021-09-02 12:00:00,2021-09-02,2021-09-01 23:00:00,2021-08-31 23:00:00,False,False,False,True,187,172.13499999999999,"""Random Forest (보정)""","""D1""",,,0,"""frozen_reference""","""median_internal_fold_tau""",
373,174,183,0,177.47104208046858,184.8809554597139,-1,2021-09-02 13:00:00,2021-09-02,2021-09-01 23:00:00,2021-08-31 23:00:00,False,False,False,True,187,172.13499999999999,"""Random Forest (보정)""","""D1""",,,1,"""frozen_reference""","""median_internal_fold_tau""",
374,192,195,1,175.6769166595931,181.13743646635911,-1,2021-09-02 14:00:00,2021-09-02,2021-09-01 23:00:00,2021-08-31 23:00:00,False,False,False,True,187,172.13499999999999,"""Random Forest (보정)""","""D1""",,,1,"""frozen_reference""","""median_internal_fold_tau""",
375,170,177,0,164.94933333333336,177.40070646556177,-1,2021-09-02 15:00:00,2021-09-02,2021-09-01 23:00:00,2021-08-31 23:00:00,False,False,False,True,187,172.13499999999999,"""Random Forest (보정)""","""D1""",,,1,"""frozen_reference""","""median_internal_fold_tau""",
376,174,181,0,165.19772222222221,174.86882323232322,-1,2021-09-02 16:00:00,2021-09-02,2021-09-01 23:00:00,2021-08-31 23:00:00,False,False,False,True,187,172.13499999999999,"""Random Forest (보정)""","""D1""",,,1,"""frozen_reference""","""median_internal_fold_tau""",
377,132,153,0,131.59897256059122,160.88393650793651,-1,2021-09-02 17:00:00,2021-09-02,2021-09-01 23:00:00,2021-08-31 23:00:00,False,False,False,True,187,172.13499999999999,"""Random Forest (보정)""","""D1""",,,0,"""frozen_reference""","""median_internal_fold_tau""",
378,159,167,0,158.00333333333333,165.02333333333334,-1,2021-09-02 18:00:00,2021-09-02,2021-09-01 23:00:00,2021-08-31 23:00:00,False,False,False,True,187,172.13499999999999,"""Random Forest (보정)""","""D1""",,,0,"""frozen_reference""","""median_internal_fold_tau""",
379,161,173,0,150.42400793650796,165.28942117942117,-1,2021-09-02 19:00:00,2021-09-02,2021-09-01 23:00:00,2021-08-31 23:00:00,False,False,False,True,187,172.13499999999999,"""Random Forest (보정)""","""D1""",,,0,"""frozen_reference""","""median_internal_fold_tau""",
380,132,143,0,115.16788355261298,117.63623992385762,-1,2021-09-02 20:00:00,2021-09-02,2021-09-01 23:00:00,2021-08-31 23:00:00,False,False,False,True,187,172.13499999999999,"""Random Forest (보정)""","""D1""",,,0,"""frozen_reference""","""median_internal_fold_tau""",
381,131,138,0,119.70488182389505,126.11882392658828,-1,2021-09-02 21:00:00,2021-09-02,2021-09-01 23:00:00,2021-08-31 23:00:00,False,False,False,True,187,172.13499999999999,"""Random Forest (보정)""","""D1""",,,0,"""frozen_reference""","""median_internal_fold_tau""",
382,114,129,0,112.1338547485996,124.87774534357122,-1,2021-09-02 22:00:00,2021-09-02,2021-09-01 23:00:00,2021-08-31 23:00:00,False,False,False,True,187,172.13499999999999,"""Random Forest (보정)""","""D1""",,,0,"""frozen_reference""","""median_internal_fold_tau""",
383,119,129,0,108.0762677330802,115.28032866059444,-1,2021-09-02 23:00:00,2021-09-02,2021-09-01 23:00:00,2021-08-31 23:00:00,False,False,False,True,187,172.13499999999999,"""Random Forest (보정)""","""D1""",,,0,"""frozen_reference""","""median_internal_fold_tau""",
384,69,71,0,74.727121212121219,82.536666666666662,-1,2021-09-03 00:00:00,2021-09-03,2021-09-02 23:00:00,2021-08-31 23:00:00,False,False,False,True,187,172.13499999999999,"""Random Forest (보정)""","""D1""",,,0,"""frozen_reference""","""median_internal_fold_tau""",
385,109,119,0,110.78210132092785,117.69921145397134,-1,2021-09-03 01:00:00,2021-09-03,2021-09-02 23:00:00,2021-08-31 23:00:00,False,False,False,True,187,172.13499999999999,"""Random Forest (보정)""","""D1""",,,0,"""frozen_reference""","""median_internal_fold_tau""",
386,112,117,0,112.9043322462323,119.53329971594621,-1,2021-09-03 02:00:00,2021-09-03,2021-09-02 23:00:00,2021-08-31 23:00:00,False,False,False,True,187,172.13499999999999,"""Random Forest (보정)""","""D1""",,,0,"""frozen_reference""","""median_internal_fold_tau""",
387,110,114,0,104.6507749178777,113.02140494918683,-1,2021-09-03 03:00:00,2021-09-03,2021-09-02 23:00:00,2021-08-31 23:00:00,False,False,False,True,187,172.13499999999999,"""Random Forest (보정)""","""D1""",,,0,"""frozen_reference""","""median_internal_fold_tau""",
388,107,113,0,113.61225150501274,119.51733133652326,-1,2021-09-03 04:00:00,2021-09-03,2021-09-02 23:00:00,2021-08-31 23:00:00,False,False,False,True,187,172.13499999999999,"""Random Forest (보정)""","""D1""",,,0,"""frozen_reference""","""median_internal_fold_tau""",
389,93,111,0,90.341053635797763,109.76262392885536,-1,2021-09-03 05:00:00,2021-09-03,2021-09-02 23:00:00,2021-08-31 23:00:00,False,False,False,True,187,172.13499999999999,"""Random Forest (보정)""","""D1""",,,0,"""frozen_reference""","""median_internal_fold_tau""",
390,107,114,0,114.31487700158658,118.6742840366166,-1,2021-09-03 06:00:00,2021-09-03,2021-09-02 23:00:00,2021-08-31 23:00:00,False,False,False,True,187,172.13499999999999,"""Random Forest (보정)""","""D1""",,,0,"""frozen_reference""","""median_internal_fold_tau""",
391,134,147,0,131.01672084335419,137.46694444444447,-1,2021-09-03 07:00:00,2021-09-03,2021-09-02 23:00:00,2021-08-31 23:00:00,False,False,False,True,187,172.13499999999999,"""Random Forest (보정)""","""D1""",,,0,"""frozen_reference""","""median_internal_fold_tau""",
392,170,179,0,169.13436428678531,183.5278237952854,-1,2021-09-03 08:00:00,2021-09-03,2021-09-02 23:00:00,2021-08-31 23:00:00,False,False,False,True,187,172.13499999999999,"""Random Forest (보정)""","""D1""",,,1,"""frozen_reference""","""median_internal_fold_tau""",
393,171,178,0,172.28257454173431,184.92347616939412,-1,2021-09-03 09:00:00,2021-09-03,2021-09-02 23:00:00,2021-08-31 23:00:00,False,False,False,True,187,172.13499999999999,"""Random Forest (보정)""","""D1""",,,1,"""frozen_reference""","""median_internal_fold_tau""",
394,163,169,0,171.39399256410391,184.47324181162966,-1,2021-09-03 10:00:00,2021-09-03,2021-09-02 23:00:00,2021-08-31 23:00:00,False,False,False,True,187,172.13499999999999,"""Random Forest (보정)""","""D1""",,,1,"""frozen_reference""","""median_internal_fold_tau""",
395,187,190,1,173.97777049265969,183.23887266387771,-1,2021-09-03 11:00:00,2021-09-03,2021-09-02 23:00:00,2021-08-31 23:00:00,False,False,False,True,187,172.13499999999999,"""Random Forest (보정)""","""D1""",,,1,"""frozen_reference""","""median_internal_fold_tau""",
396,108,122,0,109.57530736886446,122.92546116442951,-1,2021-09-03 12:00:00,2021-09-03,2021-09-02 23:00:00,2021-08-31 23:00:00,False,False,False,True,187,172.13499999999999,"""Random Forest (보정)""","""D1""",,,0,"""frozen_reference""","""median_internal_fold_tau""",
397,169,176,0,173.27169676760499,183.15350133590601,-1,2021-09-03 13:00:00,2021-09-03,2021-09-02 23:00:00,2021-08-31 23:00:00,False,False,False,True,187,172.13499999999999,"""Random Forest (보정)""","""D1""",,,1,"""frozen_reference""","""median_internal_fold_tau""",
398,178,181,0,163.74463523187052,176.17931427256954,-1,2021-09-03 14:00:00,2021-09-03,2021-09-02 23:00:00,2021-08-31 23:00:00,False,False,False,True,187,172.13499999999999,"""Random Forest (보정)""","""D1""",,,1,"""frozen_reference""","""median_internal_fold_tau""",
399,154,162,0,162.09929487179488,175.91174862544864,-1,2021-09-03 15:00:00,2021-09-03,2021-09-02 23:00:00,2021-08-31 23:00:00,False,False,False,True,187,172.13499999999999,"""Random Forest (보정)""","""D1""",,,1,"""frozen_reference""","""median_internal_fold_tau""",
400,161,165,0,163.83666666666667,175.08459595959596,-1,2021-09-03 16:00:00,2021-09-03,2021-09-02 23:00:00,2021-08-31 23:00:00,False,False,False,True,187,172.13499999999999,"""Random Forest (보정)""","""D1""",,,1,"""frozen_reference""","""median_internal_fold_tau""",
401,147,170,0,137.45399999999998,164.60740740740741,-1,2021-09-03 17:00:00,2021-09-03,2021-09-02 23:00:00,2021-08-31 23:00:00,False,False,False,True,187,172.13499999999999,"""Random Forest (보정)""","""D1""",,,0,"""frozen_reference""","""median_internal_fold_tau""",
402,154,158,0,147.63666666666666,159.38194871794872,-1,2021-09-03 18:00:00,2021-09-03,2021-09-02 23:00:00,2021-08-31 23:00:00,False,False,False,True,187,172.13499999999999,"""Random Forest (보정)""","""D1""",,,0,"""frozen_reference""","""median_internal_fold_tau""",
403,143,156,0,135.45247777777777,150.83666666666667,-1,2021-09-03 19:00:00,2021-09-03,2021-09-02 23:00:00,2021-08-31 23:00:00,False,False,False,True,187,172.13499999999999,"""Random Forest (보정)""","""D1""",,,0,"""frozen_reference""","""median_internal_fold_tau""",
404,115,118,0,115.01584557974536,120.52619469119922,-1,2021-09-03 20:00:00,2021-09-03,2021-09-02 23:00:00,2021-08-31 23:00:00,False,False,False,True,187,172.13499999999999,"""Random Forest (보정)""","""D1""",,,0,"""frozen_reference""","""median_internal_fold_tau""",
405,110,113,0,113.73971679045188,116.63943335357077,-1,2021-09-03 21:00:00,2021-09-03,2021-09-02 23:00:00,2021-08-31 23:00:00,False,False,False,True,187,172.13499999999999,"""Random Forest (보정)""","""D1""",,,0,"""frozen_reference""","""median_internal_fold_tau""",
406,105,119,0,103.85448528500783,112.51413569516102,-1,2021-09-03 22:00:00,2021-09-03,2021-09-02 23:00:00,2021-08-31 23:00:00,False,False,False,True,187,172.13499999999999,"""Random Forest (보정)""","""D1""",,,0,"""frozen_reference""","""median_internal_fold_tau""",
407,101,112,0,111.66474902511739,120.85772712765198,-1,2021-09-03 23:00:00,2021-09-03,2021-09-02 23:00:00,2021-08-31 23:00:00,False,False,False,True,187,172.13499999999999,"""Random Forest (보정)""","""D1""",,,0,"""frozen_reference""","""median_internal_fold_tau""",
408,64,69,0,70.629594771241827,76.826761904761909,-1,2021-09-04 00:00:00,2021-09-04,2021-09-03 23:00:00,2021-08-31 23:00:00,False,False,False,True,187,172.13499999999999,"""Random Forest (보정)""","""D1""",,,0,"""frozen_reference""","""median_internal_fold_tau""",
409,106,114,0,106.71844363778641,111.06582778612717,-1,2021-09-04 01:00:00,2021-09-04,2021-09-03 23:00:00,2021-08-31 23:00:00,False,False,False,True,187,172.13499999999999,"""Random Forest (보정)""","""D1""",,,0,"""frozen_reference""","""median_internal_fold_tau""",
410,104,107,0,111.00378814603651,117.12236501422122,-1,2021-09-04 02:00:00,2021-09-04,2021-09-03 23:00:00,2021-08-31 23:00:00,False,False,False,True,187,172.13499999999999,"""Random Forest (보정)""","""D1""",,,0,"""frozen_reference""","""median_internal_fold_tau""",
411,98,103,0,108.16418978532005,111.84545370515731,-1,2021-09-04 03:00:00,2021-09-04,2021-09-03 23:00:00,2021-08-31 23:00:00,False,False,False,True,187,172.13499999999999,"""Random Forest (보정)""","""D1""",,,0,"""frozen_reference""","""median_internal_fold_tau""",
412,109,112,0,106.03607236748111,110.4717868089548,-1,2021-09-04 04:00:00,2021-09-04,2021-09-03 23:00:00,2021-08-31 23:00:00,False,False,False,True,187,172.13499999999999,"""Random Forest (보정)""","""D1""",,,0,"""frozen_reference""","""median_internal_fold_tau""",
413,88,105,0,86.952918149751483,107.90597223230472,-1,2021-09-04 05:00:00,2021-09-04,2021-09-03 23:00:00,2021-08-31 23:00:00,False,False,False,True,187,172.13499999999999,"""Random Forest (보정)""","""D1""",,,0,"""frozen_reference""","""median_internal_fold_tau""",
414,111,116,0,99.958539633912906,109.93073334411623,-1,2021-09-04 06:00:00,2021-09-04,2021-09-03 23:00:00,2021-08-31 23:00:00,False,False,False,True,187,172.13499999999999,"""Random Forest (보정)""","""D1""",,,0,"""frozen_reference""","""median_internal_fold_tau""",
415,70,97,0,73.495000000000005,97.723333333333329,-1,2021-09-04 07:00:00,2021-09-04,2021-09-03 23:00:00,2021-08-31 23:00:00,False,False,False,True,187,172.13499999999999,"""Random Forest (보정)""","""D1""",,,0,"""frozen_reference""","""median_internal_fold_tau""",
416,33,37,0,52.2872972972973,47.333201754385961,-1,2021-09-04 08:00:00,2021-09-04,2021-09-03 23:00:00,2021-08-31 23:00:00,False,False,False,True,187,172.13499999999999,"""Random Forest (보정)""","""D1""",,,0,"""frozen_reference""","""median_internal_fold_tau""",
417,32,32,0,52.102482482482486,47.457722222222216,-1,2021-09-04 09:00:00,2021-09-04,2021-09-03 23:00:00,2021-08-31 23:00:00,False,False,False,True,187,172.13499999999999,"""Random Forest (보정)""","""D1""",,,0,"""frozen_reference""","""median_internal_fold_tau""",
418,34,36,0,52.099149149149149,48.267944444444446,-1,2021-09-04 10:00:00,2021-09-04,2021-09-03 23:00:00,2021-08-31 23:00:00,False,False,False,True,187,172.13499999999999,"""Random Forest (보정)""","""D1""",,,0,"""frozen_reference""","""median_internal_fold_tau""",
419,32,32,0,51.515185185185182,48.524722222222223,-1,2021-09-04 11:00:00,2021-09-04,2021-09-03 23:00:00,2021-08-31 23:00:00,False,False,False,True,187,172.13499999999999,"""Random Forest (보정)""","""D1""",,,0,"""frozen_reference""","""median_internal_fold_tau""",
420,33,34,0,43.44914914914915,43.174801587301587,-1,2021-09-04 12:00:00,2021-09-04,2021-09-03 23:00:00,2021-08-31 23:00:00,False,False,False,True,187,172.13499999999999,"""Random Forest (보정)""","""D1""",,,0,"""frozen_reference""","""median_internal_fold_tau""",
421,34,37,0,51.568518518518516,47.734611111111114,-1,2021-09-04 13:00:00,2021-09-04,2021-09-03 23:00:00,2021-08-31 23:00:00,False,False,False,True,187,172.13499999999999,"""Random Forest (보정)""","""D1""",,,0,"""frozen_reference""","""median_internal_fold_tau""",
422,34,35,0,51.7872972972973,49.104388888888884,-1,2021-09-04 14:00:00,2021-09-04,2021-09-03 23:00:00,2021-08-31 23:00:00,False,False,False,True,187,172.13499999999999,"""Random Forest (보정)""","""D1""",,,0,"""frozen_reference""","""median_internal_fold_tau""",
423,33,33,0,51.209149149149148,48.425312865497077,-1,2021-09-04 15:00:00,2021-09-04,2021-09-03 23:00:00,2021-08-31 23:00:00,False,False,False,True,187,172.13499999999999,"""Random Forest (보정)""","""D1""",,,0,"""frozen_reference""","""median_internal_fold_tau""",
424,36,43,0,62.533333333333331,75.186666666666667,-1,2021-09-04 16:00:00,2021-09-04,2021-09-03 23:00:00,2021-08-31 23:00:00,False,False,False,True,187,172.13499999999999,"""Random Forest (보정)""","""D1""",,,0,"""frozen_reference""","""median_internal_fold_tau""",
425,35,40,0,51.13248248248248,57.210402597402606,-1,2021-09-04 17:00:00,2021-09-04,2021-09-03 23:00:00,2021-08-31 23:00:00,False,False,False,True,187,172.13499999999999,"""Random Forest (보정)""","""D1""",,,0,"""frozen_reference""","""median_internal_fold_tau""",
426,26,29,0,53.650630630630637,59.173656565656565,-1,2021-09-04 18:00:00,2021-09-04,2021-09-03 23:00:00,2021-08-31 23:00:00,False,False,False,True,187,172.13499999999999,"""Random Forest (보정)""","""D1""",,,0,"""frozen_reference""","""median_internal_fold_tau""",
427,23,25,0,51.995185185185186,57.976989898989899,-1,2021-09-04 19:00:00,2021-09-04,2021-09-03 23:00:00,2021-08-31 23:00:00,False,False,False,True,187,172.13499999999999,"""Random Forest (보정)""","""D1""",,,0,"""frozen_reference""","""median_internal_fold_tau""",
428,25,27,0,48.978798271956165,54.027069264069262,-1,2021-09-04 20:00:00,2021-09-04,2021-09-03 23:00:00,2021-08-31 23:00:00,False,False,False,True,187,172.13499999999999,"""Random Forest (보정)""","""D1""",,,0,"""frozen_reference""","""median_internal_fold_tau""",
429,23,23,0,49.628798271956164,54.565550745550745,-1,2021-09-04 21:00:00,2021-09-04,2021-09-03 23:00:00,2021-08-31 23:00:00,False,False,False,True,187,172.13499999999999,"""Random Forest (보정)""","""D1""",,,0,"""frozen_reference""","""median_internal_fold_tau""",
430,23,23,0,48.953963963963965,53.796607142857141,-1,2021-09-04 22:00:00,2021-09-04,2021-09-03 23:00:00,2021-08-31 23:00:00,False,False,False,True,187,172.13499999999999,"""Random Forest (보정)""","""D1""",,,0,"""frozen_reference""","""median_internal_fold_tau""",
431,23,23,0,48.856666666666669,53.736607142857146,-1,2021-09-04 23:00:00,2021-09-04,2021-09-03 23:00:00,2021-08-31 23:00:00,False,False,False,True,187,172.13499999999999,"""Random Forest (보정)""","""D1""",,,0,"""frozen_reference""","""median_internal_fold_tau""",
432,24,26,0,26.955606768943355,30.406081252837364,-1,2021-09-05 00:00:00,2021-09-05,2021-09-04 23:00:00,2021-08-31 23:00:00,False,False,False,True,187,172.13499999999999,"""Random Forest (보정)""","""D1""",,,0,"""frozen_reference""","""median_internal_fold_tau""",
433,22,22,0,26.517250164809688,30.795587588271829,-1,2021-09-05 01:00:00,2021-09-05,2021-09-04 23:00:00,2021-08-31 23:00:00,False,False,False,True,187,172.13499999999999,"""Random Forest (보정)""","""D1""",,,0,"""frozen_reference""","""median_internal_fold_tau""",
434,22,22,0,26.132432801976485,30.310994334303572,-1,2021-09-05 02:00:00,2021-09-05,2021-09-04 23:00:00,2021-08-31 23:00:00,False,False,False,True,187,172.13499999999999,"""Random Forest (보정)""","""D1""",,,0,"""frozen_reference""","""median_internal_fold_tau""",
435,22,22,0,26.178866939031906,30.221281735915607,-1,2021-09-05 03:00:00,2021-09-05,2021-09-04 23:00:00,2021-08-31 23:00:00,False,False,False,True,187,172.13499999999999,"""Random Forest (보정)""","""D1""",,,0,"""frozen_reference""","""median_internal_fold_tau""",
436,24,27,0,26.404389843515336,30.434301441299084,-1,2021-09-05 04:00:00,2021-09-05,2021-09-04 23:00:00,2021-08-31 23:00:00,False,False,False,True,187,172.13499999999999,"""Random Forest (보정)""","""D1""",,,0,"""frozen_reference""","""median_internal_fold_tau""",
437,22,22,0,26.483380186778362,30.915743717320172,-1,2021-09-05 05:00:00,2021-09-05,2021-09-04 23:00:00,2021-08-31 23:00:00,False,False,False,True,187,172.13499999999999,"""Random Forest (보정)""","""D1""",,,0,"""frozen_reference""","""median_internal_fold_tau""",
438,22,22,0,26.443814267994654,30.799410237595385,-1,2021-09-05 06:00:00,2021-09-05,2021-09-04 23:00:00,2021-08-31 23:00:00,False,False,False,True,187,172.13499999999999,"""Random Forest (보정)""","""D1""",,,0,"""frozen_reference""","""median_internal_fold_tau""",
439,22,22,0,26.131048536946711,31.668478702424714,-1,2021-09-05 07:00:00,2021-09-05,2021-09-04 23:00:00,2021-08-31 23:00:00,False,False,False,True,187,172.13499999999999,"""Random Forest (보정)""","""D1""",,,0,"""frozen_reference""","""median_internal_fold_tau""",
440,25,27,0,26.450659884877485,31.54762729726999,-1,2021-09-05 08:00:00,2021-09-05,2021-09-04 23:00:00,2021-08-31 23:00:00,False,False,False,True,187,172.13499999999999,"""Random Forest (보정)""","""D1""",,,0,"""frozen_reference""","""median_internal_fold_tau""",
441,22,23,0,26.279869622742339,31.953948914708356,-1,2021-09-05 09:00:00,2021-09-05,2021-09-04 23:00:00,2021-08-31 23:00:00,False,False,False,True,187,172.13499999999999,"""Random Forest (보정)""","""D1""",,,0,"""frozen_reference""","""median_internal_fold_tau""",
442,22,22,0,26.377482160025849,32.034052089311523,-1,2021-09-05 10:00:00,2021-09-05,2021-09-04 23:00:00,2021-08-31 23:00:00,False,False,False,True,187,172.13499999999999,"""Random Forest (보정)""","""D1""",,,0,"""frozen_reference""","""median_internal_fold_tau""",
443,22,22,0,21.920566072018211,24.084129680136211,-1,2021-09-05 11:00:00,2021-09-05,2021-09-04 23:00:00,2021-08-31 23:00:00,False,False,False,True,187,172.13499999999999,"""Random Forest (보정)""","""D1""",,,0,"""frozen_reference""","""median_internal_fold_tau""",
444,24,26,0,20.985644936654321,23.906655100201245,-1,2021-09-05 12:00:00,2021-09-05,2021-09-04 23:00:00,2021-08-31 23:00:00,False,False,False,True,187,172.13499999999999,"""Random Forest (보정)""","""D1""",,,0,"""frozen_reference""","""median_internal_fold_tau""",
445,22,23,0,21.778906059681059,23.856921037030002,-1,2021-09-05 13:00:00,2021-09-05,2021-09-04 23:00:00,2021-08-31 23:00:00,False,False,False,True,187,172.13499999999999,"""Random Forest (보정)""","""D1""",,,0,"""frozen_reference""","""median_internal_fold_tau""",
446,23,23,0,21.567707921975341,24.878293183665619,-1,2021-09-05 14:00:00,2021-09-05,2021-09-04 23:00:00,2021-08-31 23:00:00,False,False,False,True,187,172.13499999999999,"""Random Forest (보정)""","""D1""",,,0,"""frozen_reference""","""median_internal_fold_tau""",
447,24,28,0,22.108703772766276,22.87501612863911,-1,2021-09-05 15:00:00,2021-09-05,2021-09-04 23:00:00,2021-08-31 23:00:00,False,False,False,True,187,172.13499999999999,"""Random Forest (보정)""","""D1""",,,0,"""frozen_reference""","""median_internal_fold_tau""",
448,23,25,0,21.226982869841674,23.187907478332818,-1,2021-09-05 16:00:00,2021-09-05,2021-09-04 23:00:00,2021-08-31 23:00:00,False,False,False,True,187,172.13499999999999,"""Random Forest (보정)""","""D1""",,,0,"""frozen_reference""","""median_internal_fold_tau""",
449,23,23,0,22.050252192964457,22.865028074955536,-1,2021-09-05 17:00:00,2021-09-05,2021-09-04 23:00:00,2021-08-31 23:00:00,False,False,False,True,187,172.13499999999999,"""Random Forest (보정)""","""D1""",,,0,"""frozen_reference""","""median_internal_fold_tau""",
450,22,22,0,21.734687958646891,23.047034145277987,-1,2021-09-05 18:00:00,2021-09-05,2021-09-04 23:00:00,2021-08-31 23:00:00,False,False,False,True,187,172.13499999999999,"""Random Forest (보정)""","""D1""",,,0,"""frozen_reference""","""median_internal_fold_tau""",
451,24,27,0,22.466538945151598,23.423079400287257,-1,2021-09-05 19:00:00,2021-09-05,2021-09-04 23:00:00,2021-08-31 23:00:00,False,False,False,True,187,172.13499999999999,"""Random Forest (보정)""","""D1""",,,0,"""frozen_reference""","""median_internal_fold_tau""",
452,23,23,0,22.370416354084931,23.517788548545891,-1,2021-09-05 20:00:00,2021-09-05,2021-09-04 23:00:00,2021-08-31 23:00:00,False,False,False,True,187,172.13499999999999,"""Random Forest (보정)""","""D1""",,,0,"""frozen_reference""","""median_internal_fold_tau""",
453,23,23,0,22.666511892805467,23.730222528702672,-1,2021-09-05 21:00:00,2021-09-05,2021-09-04 23:00:00,2021-08-31 23:00:00,False,False,False,True,187,172.13499999999999,"""Random Forest (보정)""","""D1""",,,0,"""frozen_reference""","""median_internal_fold_tau""",
454,24,27,0,21.644597087526456,23.649363904032796,-1,2021-09-05 22:00:00,2021-09-05,2021-09-04 23:00:00,2021-08-31 23:00:00,False,False,False,True,187,172.13499999999999,"""Random Forest (보정)""","""D1""",,,0,"""frozen_reference""","""median_internal_fold_tau""",
455,23,24,0,22.638489433783011,24.104164507120053,-1,2021-09-05 23:00:00,2021-09-05,2021-09-04 23:00:00,2021-08-31 23:00:00,False,False,False,True,187,172.13499999999999,"""Random Forest (보정)""","""D1""",,,0,"""frozen_reference""","""median_internal_fold_tau""",
456,22,22,0,22.366643558837673,23.776532351317581,-1,2021-09-06 00:00:00,2021-09-06,2021-09-05 23:00:00,2021-08-31 23:00:00,False,False,False,True,187,172.13499999999999,"""Random Forest (보정)""","""D1""",,,0,"""frozen_reference""","""median_internal_fold_tau""",
457,22,22,0,22.403495712461229,23.793226537625859,-1,2021-09-06 01:00:00,2021-09-06,2021-09-05 23:00:00,2021-08-31 23:00:00,False,False,False,True,187,172.13499999999999,"""Random Forest (보정)""","""D1""",,,0,"""frozen_reference""","""median_internal_fold_tau""",
458,24,27,0,22.16444412515964,23.470561660225925,-1,2021-09-06 02:00:00,2021-09-06,2021-09-05 23:00:00,2021-08-31 23:00:00,False,False,False,True,187,172.13499999999999,"""Random Forest (보정)""","""D1""",,,0,"""frozen_reference""","""median_internal_fold_tau""",
459,22,22,0,22.712738229002241,24.378174515086268,-1,2021-09-06 03:00:00,2021-09-06,2021-09-05 23:00:00,2021-08-31 23:00:00,False,False,False,True,187,172.13499999999999,"""Random Forest (보정)""","""D1""",,,0,"""frozen_reference""","""median_internal_fold_tau""",
460,22,22,0,22.598669863489757,24.452846563883142,-1,2021-09-06 04:00:00,2021-09-06,2021-09-05 23:00:00,2021-08-31 23:00:00,False,False,False,True,187,172.13499999999999,"""Random Forest (보정)""","""D1""",,,0,"""frozen_reference""","""median_internal_fold_tau""",
461,23,24,0,22.652717743678874,24.418703717483979,-1,2021-09-06 05:00:00,2021-09-06,2021-09-05 23:00:00,2021-08-31 23:00:00,False,False,False,True,187,172.13499999999999,"""Random Forest (보정)""","""D1""",,,0,"""frozen_reference""","""median_internal_fold_tau""",
462,24,26,0,22.134025274991316,23.336006357347468,-1,2021-09-06 06:00:00,2021-09-06,2021-09-05 23:00:00,2021-08-31 23:00:00,False,False,False,True,187,172.13499999999999,"""Random Forest (보정)""","""D1""",,,0,"""frozen_reference""","""median_internal_fold_tau""",
463,52,81,0,54.48276094276094,83.056666666666672,-1,2021-09-06 07:00:00,2021-09-06,2021-09-05 23:00:00,2021-08-31 23:00:00,False,False,False,True,187,172.13499999999999,"""Random Forest (보정)""","""D1""",,,0,"""frozen_reference""","""median_internal_fold_tau""",
464,171,180,0,175.60068945868946,190.95069695714912,-1,2021-09-06 08:00:00,2021-09-06,2021-09-05 23:00:00,2021-08-31 23:00:00,False,False,False,True,187,172.13499999999999,"""Random Forest (보정)""","""D1""",,,1,"""frozen_reference""","""median_internal_fold_tau""",
465,157,165,0,175.43839905464907,186.69600113952262,-1,2021-09-06 09:00:00,2021-09-06,2021-09-05 23:00:00,2021-08-31 23:00:00,False,False,False,True,187,172.13499999999999,"""Random Forest (보정)""","""D1""",,,1,"""frozen_reference""","""median_internal_fold_tau""",
466,171,190,1,175.99501302401302,186.80680642459035,-1,2021-09-06 10:00:00,2021-09-06,2021-09-05 23:00:00,2021-08-31 23:00:00,False,False,False,True,187,172.13499999999999,"""Random Forest (보정)""","""D1""",,,1,"""frozen_reference""","""median_internal_fold_tau""",
467,176,180,0,175.40022923372925,185.58183276982166,-1,2021-09-06 11:00:00,2021-09-06,2021-09-05 23:00:00,2021-08-31 23:00:00,False,False,False,True,187,172.13499999999999,"""Random Forest (보정)""","""D1""",,,1,"""frozen_reference""","""median_internal_fold_tau""",
468,109,124,0,112.18684226897034,140.52349819307392,-1,2021-09-06 12:00:00,2021-09-06,2021-09-05 23:00:00,2021-08-31 23:00:00,False,False,False,True,187,172.13499999999999,"""Random Forest (보정)""","""D1""",,,0,"""frozen_reference""","""median_internal_fold_tau""",
469,160,164,0,176.48041970991972,188.13244186848615,-1,2021-09-06 13:00:00,2021-09-06,2021-09-05 23:00:00,2021-08-31 23:00:00,False,False,False,True,187,172.13499999999999,"""Random Forest (보정)""","""D1""",,,1,"""frozen_reference""","""median_internal_fold_tau""",
470,160,163,0,174.27286415436413,180.22548937908496,-1,2021-09-06 14:00:00,2021-09-06,2021-09-05 23:00:00,2021-08-31 23:00:00,False,False,False,True,187,172.13499999999999,"""Random Forest (보정)""","""D1""",,,1,"""frozen_reference""","""median_internal_fold_tau""",
471,158,171,0,162.25303399378399,178.3116952739245,-1,2021-09-06 15:00:00,2021-09-06,2021-09-05 23:00:00,2021-08-31 23:00:00,False,False,False,True,187,172.13499999999999,"""Random Forest (보정)""","""D1""",,,1,"""frozen_reference""","""median_internal_fold_tau""",
472,146,152,0,161.76307886557888,172.49405205714766,-1,2021-09-06 16:00:00,2021-09-06,2021-09-05 23:00:00,2021-08-31 23:00:00,False,False,False,True,187,172.13499999999999,"""Random Forest (보정)""","""D1""",,,1,"""frozen_reference""","""median_internal_fold_tau""",
473,128,148,0,138.85189065255733,166.16723701173703,-1,2021-09-06 17:00:00,2021-09-06,2021-09-05 23:00:00,2021-08-31 23:00:00,False,False,False,True,187,172.13499999999999,"""Random Forest (보정)""","""D1""",,,0,"""frozen_reference""","""median_internal_fold_tau""",
474,152,154,0,157.71400000000003,164.11690367840367,-1,2021-09-06 18:00:00,2021-09-06,2021-09-05 23:00:00,2021-08-31 23:00:00,False,False,False,True,187,172.13499999999999,"""Random Forest (보정)""","""D1""",,,0,"""frozen_reference""","""median_internal_fold_tau""",
475,135,145,0,143.06425925925927,164.33334529733227,-1,2021-09-06 19:00:00,2021-09-06,2021-09-05 23:00:00,2021-08-31 23:00:00,False,False,False,True,187,172.13499999999999,"""Random Forest (보정)""","""D1""",,,0,"""frozen_reference""","""median_internal_fold_tau""",
476,121,128,0,126.6259230293998,129.60682478197029,-1,2021-09-06 20:00:00,2021-09-06,2021-09-05 23:00:00,2021-08-31 23:00:00,False,False,False,True,187,172.13499999999999,"""Random Forest (보정)""","""D1""",,,0,"""frozen_reference""","""median_internal_fold_tau""",
477,123,133,0,127.34406297439845,129.80750637818574,-1,2021-09-06 21:00:00,2021-09-06,2021-09-05 23:00:00,2021-08-31 23:00:00,False,False,False,True,187,172.13499999999999,"""Random Forest (보정)""","""D1""",,,0,"""frozen_reference""","""median_internal_fold_tau""",
478,110,114,0,110.93755866122109,121.31154718304751,-1,2021-09-06 22:00:00,2021-09-06,2021-09-05 23:00:00,2021-08-31 23:00:00,False,False,False,True,187,172.13499999999999,"""Random Forest (보정)""","""D1""",,,0,"""frozen_reference""","""median_internal_fold_tau""",
479,104,118,0,105.81462857312711,119.29901554660357,-1,2021-09-06 23:00:00,2021-09-06,2021-09-05 23:00:00,2021-08-31 23:00:00,False,False,False,True,187,172.13499999999999,"""Random Forest (보정)""","""D1""",,,0,"""frozen_reference""","""median_internal_fold_tau""",
480,72,74,0,64.13333333333334,67.686666666666667,-1,2021-09-07 00:00:00,2021-09-07,2021-09-06 23:00:00,2021-08-31 23:00:00,False,False,False,True,187,172.13499999999999,"""Random Forest (보정)""","""D1""",,,0,"""frozen_reference""","""median_internal_fold_tau""",
481,109,121,0,101.69586082022823,108.97799762986999,-1,2021-09-07 01:00:00,2021-09-07,2021-09-06 23:00:00,2021-08-31 23:00:00,False,False,False,True,187,172.13499999999999,"""Random Forest (보정)""","""D1""",,,0,"""frozen_reference""","""median_internal_fold_tau""",
482,111,118,0,103.90459263996023,111.49636773605904,-1,2021-09-07 02:00:00,2021-09-07,2021-09-06 23:00:00,2021-08-31 23:00:00,False,False,False,True,187,172.13499999999999,"""Random Forest (보정)""","""D1""",,,0,"""frozen_reference""","""median_internal_fold_tau""",
483,109,123,0,101.89770850007051,108.60852703748031,-1,2021-09-07 03:00:00,2021-09-07,2021-09-06 23:00:00,2021-08-31 23:00:00,False,False,False,True,187,172.13499999999999,"""Random Forest (보정)""","""D1""",,,0,"""frozen_reference""","""median_internal_fold_tau""",
484,109,120,0,105.05333333333333,110.37532367149758,-1,2021-09-07 04:00:00,2021-09-07,2021-09-06 23:00:00,2021-08-31 23:00:00,False,False,False,True,187,172.13499999999999,"""Random Forest (보정)""","""D1""",,,0,"""frozen_reference""","""median_internal_fold_tau""",
485,96,116,0,91.620064096275499,109.20768803794043,-1,2021-09-07 05:00:00,2021-09-07,2021-09-06 23:00:00,2021-08-31 23:00:00,False,False,False,True,187,172.13499999999999,"""Random Forest (보정)""","""D1""",,,0,"""frozen_reference""","""median_internal_fold_tau""",
486,115,124,0,104.64136680622893,110.7870360865677,-1,2021-09-07 06:00:00,2021-09-07,2021-09-06 23:00:00,2021-08-31 23:00:00,False,False,False,True,187,172.13499999999999,"""Random Forest (보정)""","""D1""",,,0,"""frozen_reference""","""median_internal_fold_tau""",
487,140,160,0,118.45190312854123,147.52521219556513,-1,2021-09-07 07:00:00,2021-09-07,2021-09-06 23:00:00,2021-08-31 23:00:00,False,False,False,True,187,172.13499999999999,"""Random Forest (보정)""","""D1""",,,0,"""frozen_reference""","""median_internal_fold_tau""",
488,173,192,1,167.45800802331411,179.34652170862702,-1,2021-09-07 08:00:00,2021-09-07,2021-09-06 23:00:00,2021-08-31 23:00:00,False,False,False,True,187,172.13499999999999,"""Random Forest (보정)""","""D1""",,,1,"""frozen_reference""","""median_internal_fold_tau""",
489,170,174,0,165.15561693676699,176.82892007532772,-1,2021-09-07 09:00:00,2021-09-07,2021-09-06 23:00:00,2021-08-31 23:00:00,False,False,False,True,187,172.13499999999999,"""Random Forest (보정)""","""D1""",,,1,"""frozen_reference""","""median_internal_fold_tau""",
490,164,178,0,168.00502645502644,179.19973651957969,-1,2021-09-07 10:00:00,2021-09-07,2021-09-06 23:00:00,2021-08-31 23:00:00,False,False,False,True,187,172.13499999999999,"""Random Forest (보정)""","""D1""",,,1,"""frozen_reference""","""median_internal_fold_tau""",
491,174,183,0,172.39710099051274,179.8242028437696,-1,2021-09-07 11:00:00,2021-09-07,2021-09-06 23:00:00,2021-08-31 23:00:00,False,False,False,True,187,172.13499999999999,"""Random Forest (보정)""","""D1""",,,1,"""frozen_reference""","""median_internal_fold_tau""",
492,116,140,0,109.58026301091668,135.18548225860121,-1,2021-09-07 12:00:00,2021-09-07,2021-09-06 23:00:00,2021-08-31 23:00:00,False,False,False,True,187,172.13499999999999,"""Random Forest (보정)""","""D1""",,,0,"""frozen_reference""","""median_internal_fold_tau""",
493,181,189,1,174.30811026936027,184.67684972362423,-1,2021-09-07 13:00:00,2021-09-07,2021-09-06 23:00:00,2021-08-31 23:00:00,False,False,False,True,187,172.13499999999999,"""Random Forest (보정)""","""D1""",,,1,"""frozen_reference""","""median_internal_fold_tau""",
494,182,191,1,173.55237281237282,182.34656080883533,-1,2021-09-07 14:00:00,2021-09-07,2021-09-06 23:00:00,2021-08-31 23:00:00,False,False,False,True,187,172.13499999999999,"""Random Forest (보정)""","""D1""",,,1,"""frozen_reference""","""median_internal_fold_tau""",
495,166,174,0,164.45712698412697,178.32230547774665,-1,2021-09-07 15:00:00,2021-09-07,2021-09-06 23:00:00,2021-08-31 23:00:00,False,False,False,True,187,172.13499999999999,"""Random Forest (보정)""","""D1""",,,1,"""frozen_reference""","""median_internal_fold_tau""",
496,160,167,0,164.88884427609426,175.43209595959598,-1,2021-09-07 16:00:00,2021-09-07,2021-09-06 23:00:00,2021-08-31 23:00:00,False,False,False,True,187,172.13499999999999,"""Random Forest (보정)""","""D1""",,,1,"""frozen_reference""","""median_internal_fold_tau""",
497,135,161,0,127.94949807064748,148.05129636079195,-1,2021-09-07 17:00:00,2021-09-07,2021-09-06 23:00:00,2021-08-31 23:00:00,False,False,False,True,187,172.13499999999999,"""Random Forest (보정)""","""D1""",,,0,"""frozen_reference""","""median_internal_fold_tau""",
498,156,165,0,159.86833333333334,163.73995421245419,-1,2021-09-07 18:00:00,2021-09-07,2021-09-06 23:00:00,2021-08-31 23:00:00,False,False,False,True,187,172.13499999999999,"""Random Forest (보정)""","""D1""",,,0,"""frozen_reference""","""median_internal_fold_tau""",
499,152,158,0,141.64139820586016,157.0794505918654,-1,2021-09-07 19:00:00,2021-09-07,2021-09-06 23:00:00,2021-08-31 23:00:00,False,False,False,True,187,172.13499999999999,"""Random Forest (보정)""","""D1""",,,0,"""frozen_reference""","""median_internal_fold_tau""",
500,134,141,0,133.77456287679675,146.70608578263841,-1,2021-09-07 20:00:00,2021-09-07,2021-09-06 23:00:00,2021-08-31 23:00:00,False,False,False,True,187,172.13499999999999,"""Random Forest (보정)""","""D1""",,,0,"""frozen_reference""","""median_internal_fold_tau""",
501,131,134,0,128.2640913437514,129.81354315992039,-1,2021-09-07 21:00:00,2021-09-07,2021-09-06 23:00:00,2021-08-31 23:00:00,False,False,False,True,187,172.13499999999999,"""Random Forest (보정)""","""D1""",,,0,"""frozen_reference""","""median_internal_fold_tau""",
502,115,122,0,112.10071098074123,121.57039570697937,-1,2021-09-07 22:00:00,2021-09-07,2021-09-06 23:00:00,2021-08-31 23:00:00,False,False,False,True,187,172.13499999999999,"""Random Forest (보정)""","""D1""",,,0,"""frozen_reference""","""median_internal_fold_tau""",
503,111,126,0,105.89415235896146,119.001810661756,-1,2021-09-07 23:00:00,2021-09-07,2021-09-06 23:00:00,2021-08-31 23:00:00,False,False,False,True,187,172.13499999999999,"""Random Forest (보정)""","""D1""",,,0,"""frozen_reference""","""median_internal_fold_tau""",
504,72,78,0,70.466666666666669,76.269999999999996,-1,2021-09-08 00:00:00,2021-09-08,2021-09-07 23:00:00,2021-08-31 23:00:00,False,False,False,True,187,172.13499999999999,"""Random Forest (보정)""","""D1""",,,0,"""frozen_reference""","""median_internal_fold_tau""",
505,110,115,0,107.94396549591156,110.01590570228963,-1,2021-09-08 01:00:00,2021-09-08,2021-09-07 23:00:00,2021-08-31 23:00:00,False,False,False,True,187,172.13499999999999,"""Random Forest (보정)""","""D1""",,,0,"""frozen_reference""","""median_internal_fold_tau""",
506,118,126,0,110.86347918561498,117.35719082736982,-1,2021-09-08 02:00:00,2021-09-08,2021-09-07 23:00:00,2021-08-31 23:00:00,False,False,False,True,187,172.13499999999999,"""Random Forest (보정)""","""D1""",,,0,"""frozen_reference""","""median_internal_fold_tau""",
507,112,122,0,106.16908901218754,111.44780984060203,-1,2021-09-08 03:00:00,2021-09-08,2021-09-07 23:00:00,2021-08-31 23:00:00,False,False,False,True,187,172.13499999999999,"""Random Forest (보정)""","""D1""",,,0,"""frozen_reference""","""median_internal_fold_tau""",
508,113,116,0,108.93220507640804,111.80224314504257,-1,2021-09-08 04:00:00,2021-09-08,2021-09-07 23:00:00,2021-08-31 23:00:00,False,False,False,True,187,172.13499999999999,"""Random Forest (보정)""","""D1""",,,0,"""frozen_reference""","""median_internal_fold_tau""",
509,97,109,0,94.648485116553033,110.79131677564006,-1,2021-09-08 05:00:00,2021-09-08,2021-09-07 23:00:00,2021-08-31 23:00:00,False,False,False,True,187,172.13499999999999,"""Random Forest (보정)""","""D1""",,,0,"""frozen_reference""","""median_internal_fold_tau""",
510,118,123,0,112.95303984389548,118.13666104965014,-1,2021-09-08 06:00:00,2021-09-08,2021-09-07 23:00:00,2021-08-31 23:00:00,False,False,False,True,187,172.13499999999999,"""Random Forest (보정)""","""D1""",,,0,"""frozen_reference""","""median_internal_fold_tau""",
511,135,154,0,130.66757221420553,137.90727633477633,-1,2021-09-08 07:00:00,2021-09-08,2021-09-07 23:00:00,2021-08-31 23:00:00,False,False,False,True,187,172.13499999999999,"""Random Forest (보정)""","""D1""",,,0,"""frozen_reference""","""median_internal_fold_tau""",
512,171,181,0,171.35770691285552,181.60096256895559,-1,2021-09-08 08:00:00,2021-09-08,2021-09-07 23:00:00,2021-08-31 23:00:00,False,False,False,True,187,172.13499999999999,"""Random Forest (보정)""","""D1""",,,1,"""frozen_reference""","""median_internal_fold_tau""",
513,160,163,0,169.87721279829563,180.12150729589158,-1,2021-09-08 09:00:00,2021-09-08,2021-09-07 23:00:00,2021-08-31 23:00:00,False,False,False,True,187,172.13499999999999,"""Random Forest (보정)""","""D1""",,,1,"""frozen_reference""","""median_internal_fold_tau""",
514,152,160,0,171.98184523809525,182.1280578554572,-1,2021-09-08 10:00:00,2021-09-08,2021-09-07 23:00:00,2021-08-31 23:00:00,False,False,False,True,187,172.13499999999999,"""Random Forest (보정)""","""D1""",,,1,"""frozen_reference""","""median_internal_fold_tau""",
515,156,168,0,175.53215544871793,185.93465205758795,-1,2021-09-08 11:00:00,2021-09-08,2021-09-07 23:00:00,2021-08-31 23:00:00,False,False,False,True,187,172.13499999999999,"""Random Forest (보정)""","""D1""",,,1,"""frozen_reference""","""median_internal_fold_tau""",
516,25,63,0,113.04143380546185,125.78696964873329,-1,2021-09-08 12:00:00,2021-09-08,2021-09-07 23:00:00,2021-08-31 23:00:00,False,False,False,True,187,172.13499999999999,"""Random Forest (보정)""","""D1""",,,0,"""frozen_reference""","""median_internal_fold_tau""",
517,152,165,0,173.0724120069745,182.05737216498403,-1,2021-09-08 13:00:00,2021-09-08,2021-09-07 23:00:00,2021-08-31 23:00:00,False,False,False,True,187,172.13499999999999,"""Random Forest (보정)""","""D1""",,,1,"""frozen_reference""","""median_internal_fold_tau""",
518,165,178,0,169.14747619047617,179.45957266785501,-1,2021-09-08 14:00:00,2021-09-08,2021-09-07 23:00:00,2021-08-31 23:00:00,False,False,False,True,187,172.13499999999999,"""Random Forest (보정)""","""D1""",,,1,"""frozen_reference""","""median_internal_fold_tau""",
519,165,183,0,162.30227777777773,176.59781458166981,-1,2021-09-08 15:00:00,2021-09-08,2021-09-07 23:00:00,2021-08-31 23:00:00,False,False,False,True,187,172.13499999999999,"""Random Forest (보정)""","""D1""",,,1,"""frozen_reference""","""median_internal_fold_tau""",
520,166,170,0,162.60513686313686,175.01537037037036,-1,2021-09-08 16:00:00,2021-09-08,2021-09-07 23:00:00,2021-08-31 23:00:00,False,False,False,True,187,172.13499999999999,"""Random Forest (보정)""","""D1""",,,1,"""frozen_reference""","""median_internal_fold_tau""",
521,144,182,0,136.06107453416146,168.81152781352785,-1,2021-09-08 17:00:00,2021-09-08,2021-09-07 23:00:00,2021-08-31 23:00:00,False,False,False,True,187,172.13499999999999,"""Random Forest (보정)""","""D1""",,,0,"""frozen_reference""","""median_internal_fold_tau""",
522,164,170,0,159.33666666666667,166.70338149688152,-1,2021-09-08 18:00:00,2021-09-08,2021-09-07 23:00:00,2021-08-31 23:00:00,False,False,False,True,187,172.13499999999999,"""Random Forest (보정)""","""D1""",,,0,"""frozen_reference""","""median_internal_fold_tau""",
523,150,163,0,149.90555555555554,166.86291934791936,-1,2021-09-08 19:00:00,2021-09-08,2021-09-07 23:00:00,2021-08-31 23:00:00,False,False,False,True,187,172.13499999999999,"""Random Forest (보정)""","""D1""",,,0,"""frozen_reference""","""median_internal_fold_tau""",
524,103,111,0,122.72634387377873,127.52751539405163,-1,2021-09-08 20:00:00,2021-09-08,2021-09-07 23:00:00,2021-08-31 23:00:00,False,False,False,True,187,172.13499999999999,"""Random Forest (보정)""","""D1""",,,0,"""frozen_reference""","""median_internal_fold_tau""",
525,122,127,0,126.71060007313491,128.29300425186742,-1,2021-09-08 21:00:00,2021-09-08,2021-09-07 23:00:00,2021-08-31 23:00:00,False,False,False,True,187,172.13499999999999,"""Random Forest (보정)""","""D1""",,,0,"""frozen_reference""","""median_internal_fold_tau""",
526,106,116,0,110.69913719358946,120.78033188195775,-1,2021-09-08 22:00:00,2021-09-08,2021-09-07 23:00:00,2021-08-31 23:00:00,False,False,False,True,187,172.13499999999999,"""Random Forest (보정)""","""D1""",,,0,"""frozen_reference""","""median_internal_fold_tau""",
527,101,111,0,108.87639363768315,120.40618720620687,-1,2021-09-08 23:00:00,2021-09-08,2021-09-07 23:00:00,2021-08-31 23:00:00,False,False,False,True,187,172.13499999999999,"""Random Forest (보정)""","""D1""",,,0,"""frozen_reference""","""median_internal_fold_tau""",
528,72,79,0,70.370000000000005,75.957777777777792,-1,2021-09-09 00:00:00,2021-09-09,2021-09-08 23:00:00,2021-08-31 23:00:00,False,False,False,True,187,172.13499999999999,"""Random Forest (보정)""","""D1""",,,0,"""frozen_reference""","""median_internal_fold_tau""",
529,97,99,0,111.24135118376752,116.84253011945187,-1,2021-09-09 01:00:00,2021-09-09,2021-09-08 23:00:00,2021-08-31 23:00:00,False,False,False,True,187,172.13499999999999,"""Random Forest (보정)""","""D1""",,,0,"""frozen_reference""","""median_internal_fold_tau""",
530,110,114,0,112.49273616729991,118.84358781918566,-1,2021-09-09 02:00:00,2021-09-09,2021-09-08 23:00:00,2021-08-31 23:00:00,False,False,False,True,187,172.13499999999999,"""Random Forest (보정)""","""D1""",,,0,"""frozen_reference""","""median_internal_fold_tau""",
531,109,116,0,107.6941089252101,117.00081380195061,-1,2021-09-09 03:00:00,2021-09-09,2021-09-08 23:00:00,2021-08-31 23:00:00,False,False,False,True,187,172.13499999999999,"""Random Forest (보정)""","""D1""",,,0,"""frozen_reference""","""median_internal_fold_tau""",
532,107,114,0,111.70975462323273,117.10378745165511,-1,2021-09-09 04:00:00,2021-09-09,2021-09-08 23:00:00,2021-08-31 23:00:00,False,False,False,True,187,172.13499999999999,"""Random Forest (보정)""","""D1""",,,0,"""frozen_reference""","""median_internal_fold_tau""",
533,92,109,0,95.227561786962696,110.68589262865004,-1,2021-09-09 05:00:00,2021-09-09,2021-09-08 23:00:00,2021-08-31 23:00:00,False,False,False,True,187,172.13499999999999,"""Random Forest (보정)""","""D1""",,,0,"""frozen_reference""","""median_internal_fold_tau""",
534,119,121,0,113.96830943831971,118.82830555555556,-1,2021-09-09 06:00:00,2021-09-09,2021-09-08 23:00:00,2021-08-31 23:00:00,False,False,False,True,187,172.13499999999999,"""Random Forest (보정)""","""D1""",,,0,"""frozen_reference""","""median_internal_fold_tau""",
535,139,152,0,139.09401515151515,155.11354643647405,-1,2021-09-09 07:00:00,2021-09-09,2021-09-08 23:00:00,2021-08-31 23:00:00,False,False,False,True,187,172.13499999999999,"""Random Forest (보정)""","""D1""",,,0,"""frozen_reference""","""median_internal_fold_tau""",
536,172,187,1,169.56744330958745,180.50605084788756,-1,2021-09-09 08:00:00,2021-09-09,2021-09-08 23:00:00,2021-08-31 23:00:00,False,False,False,True,187,172.13499999999999,"""Random Forest (보정)""","""D1""",,,1,"""frozen_reference""","""median_internal_fold_tau""",
537,170,176,0,166.92954713677372,178.71977451119724,-1,2021-09-09 09:00:00,2021-09-09,2021-09-08 23:00:00,2021-08-31 23:00:00,False,False,False,True,187,172.13499999999999,"""Random Forest (보정)""","""D1""",,,1,"""frozen_reference""","""median_internal_fold_tau""",
538,155,169,0,165.86111554688458,178.12629389199213,-1,2021-09-09 10:00:00,2021-09-09,2021-09-08 23:00:00,2021-08-31 23:00:00,False,False,False,True,187,172.13499999999999,"""Random Forest (보정)""","""D1""",,,1,"""frozen_reference""","""median_internal_fold_tau""",
539,174,190,1,173.78505214787936,183.37444800231449,-1,2021-09-09 11:00:00,2021-09-09,2021-09-08 23:00:00,2021-08-31 23:00:00,False,False,False,True,187,172.13499999999999,"""Random Forest (보정)""","""D1""",,,1,"""frozen_reference""","""median_internal_fold_tau""",
540,111,129,0,110.13255821828167,125.1074435487113,-1,2021-09-09 12:00:00,2021-09-09,2021-09-08 23:00:00,2021-08-31 23:00:00,False,False,False,True,187,172.13499999999999,"""Random Forest (보정)""","""D1""",,,0,"""frozen_reference""","""median_internal_fold_tau""",
541,171,176,0,175.18104104229107,184.96046291747464,-1,2021-09-09 13:00:00,2021-09-09,2021-09-08 23:00:00,2021-08-31 23:00:00,False,False,False,True,187,172.13499999999999,"""Random Forest (보정)""","""D1""",,,1,"""frozen_reference""","""median_internal_fold_tau""",
542,165,168,0,178.96931884781884,186.60738797313797,-1,2021-09-09 14:00:00,2021-09-09,2021-09-08 23:00:00,2021-08-31 23:00:00,False,False,False,True,187,172.13499999999999,"""Random Forest (보정)""","""D1""",,,1,"""frozen_reference""","""median_internal_fold_tau""",
543,173,185,0,167.6769880952381,182.23105266955264,-1,2021-09-09 15:00:00,2021-09-09,2021-09-08 23:00:00,2021-08-31 23:00:00,False,False,False,True,187,172.13499999999999,"""Random Forest (보정)""","""D1""",,,1,"""frozen_reference""","""median_internal_fold_tau""",
544,160,168,0,166.49839550264548,175.69909367204954,-1,2021-09-09 16:00:00,2021-09-09,2021-09-08 23:00:00,2021-08-31 23:00:00,False,False,False,True,187,172.13499999999999,"""Random Forest (보정)""","""D1""",,,1,"""frozen_reference""","""median_internal_fold_tau""",
545,140,168,0,129.3814668423195,155.38061904761904,-1,2021-09-09 17:00:00,2021-09-09,2021-09-08 23:00:00,2021-08-31 23:00:00,False,False,False,True,187,172.13499999999999,"""Random Forest (보정)""","""D1""",,,0,"""frozen_reference""","""median_internal_fold_tau""",
546,162,172,0,156.52594444444446,160.63899999999998,-1,2021-09-09 18:00:00,2021-09-09,2021-09-08 23:00:00,2021-08-31 23:00:00,False,False,False,True,187,172.13499999999999,"""Random Forest (보정)""","""D1""",,,0,"""frozen_reference""","""median_internal_fold_tau""",
547,142,158,0,149.0551111111111,158.29660863363364,-1,2021-09-09 19:00:00,2021-09-09,2021-09-08 23:00:00,2021-08-31 23:00:00,False,False,False,True,187,172.13499999999999,"""Random Forest (보정)""","""D1""",,,0,"""frozen_reference""","""median_internal_fold_tau""",
548,128,134,0,130.59108427932577,138.65160591002063,-1,2021-09-09 20:00:00,2021-09-09,2021-09-08 23:00:00,2021-08-31 23:00:00,False,False,False,True,187,172.13499999999999,"""Random Forest (보정)""","""D1""",,,0,"""frozen_reference""","""median_internal_fold_tau""",
549,128,134,0,129.27346381203409,133.0851798801078,-1,2021-09-09 21:00:00,2021-09-09,2021-09-08 23:00:00,2021-08-31 23:00:00,False,False,False,True,187,172.13499999999999,"""Random Forest (보정)""","""D1""",,,0,"""frozen_reference""","""median_internal_fold_tau""",
550,109,118,0,113.72913174617311,123.44483285739045,-1,2021-09-09 22:00:00,2021-09-09,2021-09-08 23:00:00,2021-08-31 23:00:00,False,False,False,True,187,172.13499999999999,"""Random Forest (보정)""","""D1""",,,0,"""frozen_reference""","""median_internal_fold_tau""",
551,109,116,0,111.32087163328019,119.37815181255571,-1,2021-09-09 23:00:00,2021-09-09,2021-09-08 23:00:00,2021-08-31 23:00:00,False,False,False,True,187,172.13499999999999,"""Random Forest (보정)""","""D1""",,,0,"""frozen_reference""","""median_internal_fold_tau""",
552,77,83,0,69.583333333333329,71.385000000000005,-1,2021-09-10 00:00:00,2021-09-10,2021-09-09 23:00:00,2021-08-31 23:00:00,False,False,False,True,187,172.13499999999999,"""Random Forest (보정)""","""D1""",,,0,"""frozen_reference""","""median_internal_fold_tau""",
553,102,109,0,104.61947578853589,110.2523289054035,-1,2021-09-10 01:00:00,2021-09-10,2021-09-09 23:00:00,2021-08-31 23:00:00,False,False,False,True,187,172.13499999999999,"""Random Forest (보정)""","""D1""",,,0,"""frozen_reference""","""median_internal_fold_tau""",
554,112,118,0,112.58097761277212,118.39901397274451,-1,2021-09-10 02:00:00,2021-09-10,2021-09-09 23:00:00,2021-08-31 23:00:00,False,False,False,True,187,172.13499999999999,"""Random Forest (보정)""","""D1""",,,0,"""frozen_reference""","""median_internal_fold_tau""",
555,106,116,0,108.72243480292667,112.88647433441164,-1,2021-09-10 03:00:00,2021-09-10,2021-09-09 23:00:00,2021-08-31 23:00:00,False,False,False,True,187,172.13499999999999,"""Random Forest (보정)""","""D1""",,,0,"""frozen_reference""","""median_internal_fold_tau""",
556,108,117,0,107.18340034664726,112.47747340874167,-1,2021-09-10 04:00:00,2021-09-10,2021-09-09 23:00:00,2021-08-31 23:00:00,False,False,False,True,187,172.13499999999999,"""Random Forest (보정)""","""D1""",,,0,"""frozen_reference""","""median_internal_fold_tau""",
557,92,107,0,93.51959984676995,108.71608570113291,-1,2021-09-10 05:00:00,2021-09-10,2021-09-09 23:00:00,2021-08-31 23:00:00,False,False,False,True,187,172.13499999999999,"""Random Forest (보정)""","""D1""",,,0,"""frozen_reference""","""median_internal_fold_tau""",
558,111,118,0,113.62930591926495,120.35488973063973,-1,2021-09-10 06:00:00,2021-09-10,2021-09-09 23:00:00,2021-08-31 23:00:00,False,False,False,True,187,172.13499999999999,"""Random Forest (보정)""","""D1""",,,0,"""frozen_reference""","""median_internal_fold_tau""",
559,132,150,0,132.80551313131309,149.27180100129894,-1,2021-09-10 07:00:00,2021-09-10,2021-09-09 23:00:00,2021-08-31 23:00:00,False,False,False,True,187,172.13499999999999,"""Random Forest (보정)""","""D1""",,,0,"""frozen_reference""","""median_internal_fold_tau""",
560,180,192,1,169.72156022267205,179.9905983458807,-1,2021-09-10 08:00:00,2021-09-10,2021-09-09 23:00:00,2021-08-31 23:00:00,False,False,False,True,187,172.13499999999999,"""Random Forest (보정)""","""D1""",,,1,"""frozen_reference""","""median_internal_fold_tau""",
561,184,204,1,169.17421344401382,178.33186044863552,-1,2021-09-10 09:00:00,2021-09-10,2021-09-09 23:00:00,2021-08-31 23:00:00,False,False,False,True,187,172.13499999999999,"""Random Forest (보정)""","""D1""",,,1,"""frozen_reference""","""median_internal_fold_tau""",
562,168,181,0,166.78369253277586,179.13311498731102,-1,2021-09-10 10:00:00,2021-09-10,2021-09-09 23:00:00,2021-08-31 23:00:00,False,False,False,True,187,172.13499999999999,"""Random Forest (보정)""","""D1""",,,1,"""frozen_reference""","""median_internal_fold_tau""",
563,181,188,1,171.31763681688682,179.34220747599332,-1,2021-09-10 11:00:00,2021-09-10,2021-09-09 23:00:00,2021-08-31 23:00:00,False,False,False,True,187,172.13499999999999,"""Random Forest (보정)""","""D1""",,,1,"""frozen_reference""","""median_internal_fold_tau""",
564,116,128,0,106.52509673722392,121.8694742979759,-1,2021-09-10 12:00:00,2021-09-10,2021-09-09 23:00:00,2021-08-31 23:00:00,False,False,False,True,187,172.13499999999999,"""Random Forest (보정)""","""D1""",,,0,"""frozen_reference""","""median_internal_fold_tau""",
565,180,191,1,170.90845710385298,180.36454954447495,-1,2021-09-10 13:00:00,2021-09-10,2021-09-09 23:00:00,2021-08-31 23:00:00,False,False,False,True,187,172.13499999999999,"""Random Forest (보정)""","""D1""",,,1,"""frozen_reference""","""median_internal_fold_tau""",
566,178,190,1,172.37664914021164,180.03979693576559,-1,2021-09-10 14:00:00,2021-09-10,2021-09-09 23:00:00,2021-08-31 23:00:00,False,False,False,True,187,172.13499999999999,"""Random Forest (보정)""","""D1""",,,1,"""frozen_reference""","""median_internal_fold_tau""",
567,171,191,1,167.80000000000001,179.76642873720766,-1,2021-09-10 15:00:00,2021-09-10,2021-09-09 23:00:00,2021-08-31 23:00:00,False,False,False,True,187,172.13499999999999,"""Random Forest (보정)""","""D1""",,,1,"""frozen_reference""","""median_internal_fold_tau""",
568,164,171,0,162.73903703703704,174.35749999999999,-1,2021-09-10 16:00:00,2021-09-10,2021-09-09 23:00:00,2021-08-31 23:00:00,False,False,False,True,187,172.13499999999999,"""Random Forest (보정)""","""D1""",,,1,"""frozen_reference""","""median_internal_fold_tau""",
569,138,157,0,136.54592592592593,165.92439393939395,-1,2021-09-10 17:00:00,2021-09-10,2021-09-09 23:00:00,2021-08-31 23:00:00,False,False,False,True,187,172.13499999999999,"""Random Forest (보정)""","""D1""",,,0,"""frozen_reference""","""median_internal_fold_tau""",
570,155,162,0,161.15594444444446,164.59966060606061,-1,2021-09-10 18:00:00,2021-09-10,2021-09-09 23:00:00,2021-08-31 23:00:00,False,False,False,True,187,172.13499999999999,"""Random Forest (보정)""","""D1""",,,0,"""frozen_reference""","""median_internal_fold_tau""",
571,142,148,0,141.44989743589744,157.37820927960928,-1,2021-09-10 19:00:00,2021-09-10,2021-09-09 23:00:00,2021-08-31 23:00:00,False,False,False,True,187,172.13499999999999,"""Random Forest (보정)""","""D1""",,,0,"""frozen_reference""","""median_internal_fold_tau""",
572,116,121,0,113.77987512618395,120.53198094621085,-1,2021-09-10 20:00:00,2021-09-10,2021-09-09 23:00:00,2021-08-31 23:00:00,False,False,False,True,187,172.13499999999999,"""Random Forest (보정)""","""D1""",,,0,"""frozen_reference""","""median_internal_fold_tau""",
573,117,126,0,115.19217842742997,117.70338206954698,-1,2021-09-10 21:00:00,2021-09-10,2021-09-09 23:00:00,2021-08-31 23:00:00,False,False,False,True,187,172.13499999999999,"""Random Forest (보정)""","""D1""",,,0,"""frozen_reference""","""median_internal_fold_tau""",
574,102,109,0,106.82152183061386,116.42709527240157,-1,2021-09-10 22:00:00,2021-09-10,2021-09-09 23:00:00,2021-08-31 23:00:00,False,False,False,True,187,172.13499999999999,"""Random Forest (보정)""","""D1""",,,0,"""frozen_reference""","""median_internal_fold_tau""",
575,88,105,0,103.74633137279528,113.43787783074916,-1,2021-09-10 23:00:00,2021-09-10,2021-09-09 23:00:00,2021-08-31 23:00:00,False,False,False,True,187,172.13499999999999,"""Random Forest (보정)""","""D1""",,,0,"""frozen_reference""","""median_internal_fold_tau""",
576,61,69,0,69.036666666666662,72.103333333333339,-1,2021-09-11 00:00:00,2021-09-11,2021-09-10 23:00:00,2021-08-31 23:00:00,False,False,False,True,187,172.13499999999999,"""Random Forest (보정)""","""D1""",,,0,"""frozen_reference""","""median_internal_fold_tau""",
577,97,105,0,101.69656800660273,108.30237506849451,-1,2021-09-11 01:00:00,2021-09-11,2021-09-10 23:00:00,2021-08-31 23:00:00,False,False,False,True,187,172.13499999999999,"""Random Forest (보정)""","""D1""",,,0,"""frozen_reference""","""median_internal_fold_tau""",
578,95,99,0,109.30797290768916,112.71792325865475,-1,2021-09-11 02:00:00,2021-09-11,2021-09-10 23:00:00,2021-08-31 23:00:00,False,False,False,True,187,172.13499999999999,"""Random Forest (보정)""","""D1""",,,0,"""frozen_reference""","""median_internal_fold_tau""",
579,94,107,0,103.54666666666667,111.11674603174606,-1,2021-09-11 03:00:00,2021-09-11,2021-09-10 23:00:00,2021-08-31 23:00:00,False,False,False,True,187,172.13499999999999,"""Random Forest (보정)""","""D1""",,,0,"""frozen_reference""","""median_internal_fold_tau""",
580,89,93,0,106.62067707229446,111.2810704876984,-1,2021-09-11 04:00:00,2021-09-11,2021-09-10 23:00:00,2021-08-31 23:00:00,False,False,False,True,187,172.13499999999999,"""Random Forest (보정)""","""D1""",,,0,"""frozen_reference""","""median_internal_fold_tau""",
581,82,98,0,90.40434906442583,107.13797219450747,-1,2021-09-11 05:00:00,2021-09-11,2021-09-10 23:00:00,2021-08-31 23:00:00,False,False,False,True,187,172.13499999999999,"""Random Forest (보정)""","""D1""",,,0,"""frozen_reference""","""median_internal_fold_tau""",
582,86,97,0,112.30672571021668,118.49569658119658,-1,2021-09-11 06:00:00,2021-09-11,2021-09-10 23:00:00,2021-08-31 23:00:00,False,False,False,True,187,172.13499999999999,"""Random Forest (보정)""","""D1""",,,0,"""frozen_reference""","""median_internal_fold_tau""",
583,51,73,0,72.093333333333334,96.183333333333337,-1,2021-09-11 07:00:00,2021-09-11,2021-09-10 23:00:00,2021-08-31 23:00:00,False,False,False,True,187,172.13499999999999,"""Random Forest (보정)""","""D1""",,,0,"""frozen_reference""","""median_internal_fold_tau""",
584,23,23,0,25.618129730484569,28.411743164243163,-1,2021-09-11 08:00:00,2021-09-11,2021-09-10 23:00:00,2021-08-31 23:00:00,False,False,False,True,187,172.13499999999999,"""Random Forest (보정)""","""D1""",,,0,"""frozen_reference""","""median_internal_fold_tau""",
585,23,23,0,25.198286235301516,28.311855854915073,-1,2021-09-11 09:00:00,2021-09-11,2021-09-10 23:00:00,2021-08-31 23:00:00,False,False,False,True,187,172.13499999999999,"""Random Forest (보정)""","""D1""",,,0,"""frozen_reference""","""median_internal_fold_tau""",
586,22,23,0,25.243982179707984,28.644641389641784,-1,2021-09-11 10:00:00,2021-09-11,2021-09-10 23:00:00,2021-08-31 23:00:00,False,False,False,True,187,172.13499999999999,"""Random Forest (보정)""","""D1""",,,0,"""frozen_reference""","""median_internal_fold_tau""",
587,23,23,0,28.171129730484573,30.411259157509157,-1,2021-09-11 11:00:00,2021-09-11,2021-09-10 23:00:00,2021-08-31 23:00:00,False,False,False,True,187,172.13499999999999,"""Random Forest (보정)""","""D1""",,,0,"""frozen_reference""","""median_internal_fold_tau""",
588,25,28,0,27.349815513041321,28.570436414611468,-1,2021-09-11 12:00:00,2021-09-11,2021-09-10 23:00:00,2021-08-31 23:00:00,False,False,False,True,187,172.13499999999999,"""Random Forest (보정)""","""D1""",,,0,"""frozen_reference""","""median_internal_fold_tau""",
589,23,25,0,27.396129730484571,29.569672619047619,-1,2021-09-11 13:00:00,2021-09-11,2021-09-10 23:00:00,2021-08-31 23:00:00,False,False,False,True,187,172.13499999999999,"""Random Forest (보정)""","""D1""",,,0,"""frozen_reference""","""median_internal_fold_tau""",
590,23,24,0,26.026982179707986,29.38156739337661,-1,2021-09-11 14:00:00,2021-09-11,2021-09-10 23:00:00,2021-08-31 23:00:00,False,False,False,True,187,172.13499999999999,"""Random Forest (보정)""","""D1""",,,0,"""frozen_reference""","""median_internal_fold_tau""",
591,24,24,0,26.54112973048457,29.913233947425123,-1,2021-09-11 15:00:00,2021-09-11,2021-09-10 23:00:00,2021-08-31 23:00:00,False,False,False,True,187,172.13499999999999,"""Random Forest (보정)""","""D1""",,,0,"""frozen_reference""","""median_internal_fold_tau""",
592,24,24,0,27.57398217970799,34.228848451648503,-1,2021-09-11 16:00:00,2021-09-11,2021-09-10 23:00:00,2021-08-31 23:00:00,False,False,False,True,187,172.13499999999999,"""Random Forest (보정)""","""D1""",,,0,"""frozen_reference""","""median_internal_fold_tau""",
593,23,24,0,24.394369404490369,28.451256598240469,-1,2021-09-11 17:00:00,2021-09-11,2021-09-10 23:00:00,2021-08-31 23:00:00,False,False,False,True,187,172.13499999999999,"""Random Forest (보정)""","""D1""",,,0,"""frozen_reference""","""median_internal_fold_tau""",
594,23,24,0,24.007702737823703,28.06648681709569,-1,2021-09-11 18:00:00,2021-09-11,2021-09-10 23:00:00,2021-08-31 23:00:00,False,False,False,True,187,172.13499999999999,"""Random Forest (보정)""","""D1""",,,0,"""frozen_reference""","""median_internal_fold_tau""",
595,25,28,0,23.392143748004809,27.580826713108461,-1,2021-09-11 19:00:00,2021-09-11,2021-09-10 23:00:00,2021-08-31 23:00:00,False,False,False,True,187,172.13499999999999,"""Random Forest (보정)""","""D1""",,,0,"""frozen_reference""","""median_internal_fold_tau""",
596,23,24,0,23.989554329780141,26.648184253918128,-1,2021-09-11 20:00:00,2021-09-11,2021-09-10 23:00:00,2021-08-31 23:00:00,False,False,False,True,187,172.13499999999999,"""Random Forest (보정)""","""D1""",,,0,"""frozen_reference""","""median_internal_fold_tau""",
597,23,24,0,23.249909458665609,26.732071943489132,-1,2021-09-11 21:00:00,2021-09-11,2021-09-10 23:00:00,2021-08-31 23:00:00,False,False,False,True,187,172.13499999999999,"""Random Forest (보정)""","""D1""",,,0,"""frozen_reference""","""median_internal_fold_tau""",
598,23,24,0,23.287490112432156,26.988682264769913,-1,2021-09-11 22:00:00,2021-09-11,2021-09-10 23:00:00,2021-08-31 23:00:00,False,False,False,True,187,172.13499999999999,"""Random Forest (보정)""","""D1""",,,0,"""frozen_reference""","""median_internal_fold_tau""",
599,23,23,0,23.366631392640215,26.642369879856826,-1,2021-09-11 23:00:00,2021-09-11,2021-09-10 23:00:00,2021-08-31 23:00:00,False,False,False,True,187,172.13499999999999,"""Random Forest (보정)""","""D1""",,,0,"""frozen_reference""","""median_internal_fold_tau""",
600,23,23,0,22.489856152915124,23.830008697745008,-1,2021-09-12 00:00:00,2021-09-12,2021-09-11 23:00:00,2021-08-31 23:00:00,False,False,False,True,187,172.13499999999999,"""Random Forest (보정)""","""D1""",,,0,"""frozen_reference""","""median_internal_fold_tau""",
601,23,24,0,22.120021621691258,24.527231309421687,-1,2021-09-12 01:00:00,2021-09-12,2021-09-11 23:00:00,2021-08-31 23:00:00,False,False,False,True,187,172.13499999999999,"""Random Forest (보정)""","""D1""",,,0,"""frozen_reference""","""median_internal_fold_tau""",
602,24,27,0,21.99145354779548,24.168698736989377,-1,2021-09-12 02:00:00,2021-09-12,2021-09-11 23:00:00,2021-08-31 23:00:00,False,False,False,True,187,172.13499999999999,"""Random Forest (보정)""","""D1""",,,0,"""frozen_reference""","""median_internal_fold_tau""",
603,23,23,0,21.761352959529258,23.926987262665961,-1,2021-09-12 03:00:00,2021-09-12,2021-09-11 23:00:00,2021-08-31 23:00:00,False,False,False,True,187,172.13499999999999,"""Random Forest (보정)""","""D1""",,,0,"""frozen_reference""","""median_internal_fold_tau""",
604,23,23,0,21.446942492305016,23.649098495650996,-1,2021-09-12 04:00:00,2021-09-12,2021-09-11 23:00:00,2021-08-31 23:00:00,False,False,False,True,187,172.13499999999999,"""Random Forest (보정)""","""D1""",,,0,"""frozen_reference""","""median_internal_fold_tau""",
605,23,23,0,21.649643953078805,23.705397356435405,-1,2021-09-12 05:00:00,2021-09-12,2021-09-11 23:00:00,2021-08-31 23:00:00,False,False,False,True,187,172.13499999999999,"""Random Forest (보정)""","""D1""",,,0,"""frozen_reference""","""median_internal_fold_tau""",
606,23,23,0,21.813220385361124,23.545124985400776,-1,2021-09-12 06:00:00,2021-09-12,2021-09-11 23:00:00,2021-08-31 23:00:00,False,False,False,True,187,172.13499999999999,"""Random Forest (보정)""","""D1""",,,0,"""frozen_reference""","""median_internal_fold_tau""",
607,23,23,0,21.832565476916741,23.005030526232972,-1,2021-09-12 07:00:00,2021-09-12,2021-09-11 23:00:00,2021-08-31 23:00:00,False,False,False,True,187,172.13499999999999,"""Random Forest (보정)""","""D1""",,,0,"""frozen_reference""","""median_internal_fold_tau""",
608,25,28,0,22.539771021732669,25.219543718516043,-1,2021-09-12 08:00:00,2021-09-12,2021-09-11 23:00:00,2021-08-31 23:00:00,False,False,False,True,187,172.13499999999999,"""Random Forest (보정)""","""D1""",,,0,"""frozen_reference""","""median_internal_fold_tau""",
609,23,24,0,22.394349046034382,24.357830834483352,-1,2021-09-12 09:00:00,2021-09-12,2021-09-11 23:00:00,2021-08-31 23:00:00,False,False,False,True,187,172.13499999999999,"""Random Forest (보정)""","""D1""",,,0,"""frozen_reference""","""median_internal_fold_tau""",
610,23,24,0,22.077524418132331,24.459764033748662,-1,2021-09-12 10:00:00,2021-09-12,2021-09-11 23:00:00,2021-08-31 23:00:00,False,False,False,True,187,172.13499999999999,"""Random Forest (보정)""","""D1""",,,0,"""frozen_reference""","""median_internal_fold_tau""",
611,23,23,0,22.838522488236485,24.815175909583861,-1,2021-09-12 11:00:00,2021-09-12,2021-09-11 23:00:00,2021-08-31 23:00:00,False,False,False,True,187,172.13499999999999,"""Random Forest (보정)""","""D1""",,,0,"""frozen_reference""","""median_internal_fold_tau""",
612,23,23,0,21.934364528839893,24.506039260590356,-1,2021-09-12 12:00:00,2021-09-12,2021-09-11 23:00:00,2021-08-31 23:00:00,False,False,False,True,187,172.13499999999999,"""Random Forest (보정)""","""D1""",,,0,"""frozen_reference""","""median_internal_fold_tau""",
613,23,23,0,21.725373007873536,24.780861208489739,-1,2021-09-12 13:00:00,2021-09-12,2021-09-11 23:00:00,2021-08-31 23:00:00,False,False,False,True,187,172.13499999999999,"""Random Forest (보정)""","""D1""",,,0,"""frozen_reference""","""median_internal_fold_tau""",
614,25,28,0,22.047312326869093,24.153089476905702,-1,2021-09-12 14:00:00,2021-09-12,2021-09-11 23:00:00,2021-08-31 23:00:00,False,False,False,True,187,172.13499999999999,"""Random Forest (보정)""","""D1""",,,0,"""frozen_reference""","""median_internal_fold_tau""",
615,23,24,0,22.308668606398214,25.272205706262245,-1,2021-09-12 15:00:00,2021-09-12,2021-09-11 23:00:00,2021-08-31 23:00:00,False,False,False,True,187,172.13499999999999,"""Random Forest (보정)""","""D1""",,,0,"""frozen_reference""","""median_internal_fold_tau""",
616,24,24,0,22.286410087942251,23.566928814073506,-1,2021-09-12 16:00:00,2021-09-12,2021-09-11 23:00:00,2021-08-31 23:00:00,False,False,False,True,187,172.13499999999999,"""Random Forest (보정)""","""D1""",,,0,"""frozen_reference""","""median_internal_fold_tau""",
617,23,23,0,22.008466784968434,23.099142394733619,-1,2021-09-12 17:00:00,2021-09-12,2021-09-11 23:00:00,2021-08-31 23:00:00,False,False,False,True,187,172.13499999999999,"""Random Forest (보정)""","""D1""",,,0,"""frozen_reference""","""median_internal_fold_tau""",
618,23,24,0,22.234425118208382,23.450931203506933,-1,2021-09-12 18:00:00,2021-09-12,2021-09-11 23:00:00,2021-08-31 23:00:00,False,False,False,True,187,172.13499999999999,"""Random Forest (보정)""","""D1""",,,0,"""frozen_reference""","""median_internal_fold_tau""",
619,23,24,0,21.560970383792075,23.765765690604983,-1,2021-09-12 19:00:00,2021-09-12,2021-09-11 23:00:00,2021-08-31 23:00:00,False,False,False,True,187,172.13499999999999,"""Random Forest (보정)""","""D1""",,,0,"""frozen_reference""","""median_internal_fold_tau""",
620,23,24,0,22.084436674235544,23.121803424328704,-1,2021-09-12 20:00:00,2021-09-12,2021-09-11 23:00:00,2021-08-31 23:00:00,False,False,False,True,187,172.13499999999999,"""Random Forest (보정)""","""D1""",,,0,"""frozen_reference""","""median_internal_fold_tau""",
621,25,28,0,22.057376662352006,23.254897662888119,-1,2021-09-12 21:00:00,2021-09-12,2021-09-11 23:00:00,2021-08-31 23:00:00,False,False,False,True,187,172.13499999999999,"""Random Forest (보정)""","""D1""",,,0,"""frozen_reference""","""median_internal_fold_tau""",
622,23,24,0,22.031163401287085,23.659399180582703,-1,2021-09-12 22:00:00,2021-09-12,2021-09-11 23:00:00,2021-08-31 23:00:00,False,False,False,True,187,172.13499999999999,"""Random Forest (보정)""","""D1""",,,0,"""frozen_reference""","""median_internal_fold_tau""",
623,23,24,0,22.027708612360925,23.753179460900306,-1,2021-09-12 23:00:00,2021-09-12,2021-09-11 23:00:00,2021-08-31 23:00:00,False,False,False,True,187,172.13499999999999,"""Random Forest (보정)""","""D1""",,,0,"""frozen_reference""","""median_internal_fold_tau""",
624,23,23,0,22.444835054559693,23.712297036605896,-1,2021-09-13 00:00:00,2021-09-13,2021-09-12 23:00:00,2021-08-31 23:00:00,False,False,False,True,187,172.13499999999999,"""Random Forest (보정)""","""D1""",,,0,"""frozen_reference""","""median_internal_fold_tau""",
625,23,23,0,22.2459702961281,23.884972491160365,-1,2021-09-13 01:00:00,2021-09-13,2021-09-12 23:00:00,2021-08-31 23:00:00,False,False,False,True,187,172.13499999999999,"""Random Forest (보정)""","""D1""",,,0,"""frozen_reference""","""median_internal_fold_tau""",
626,23,23,0,21.926894672062588,23.53423547840433,-1,2021-09-13 02:00:00,2021-09-13,2021-09-12 23:00:00,2021-08-31 23:00:00,False,False,False,True,187,172.13499999999999,"""Random Forest (보정)""","""D1""",,,0,"""frozen_reference""","""median_internal_fold_tau""",
627,24,25,0,22.012499750813731,23.601592894209254,-1,2021-09-13 03:00:00,2021-09-13,2021-09-12 23:00:00,2021-08-31 23:00:00,False,False,False,True,187,172.13499999999999,"""Random Forest (보정)""","""D1""",,,0,"""frozen_reference""","""median_internal_fold_tau""",
628,24,28,0,21.936799007112985,23.545941642653819,-1,2021-09-13 04:00:00,2021-09-13,2021-09-12 23:00:00,2021-08-31 23:00:00,False,False,False,True,187,172.13499999999999,"""Random Forest (보정)""","""D1""",,,0,"""frozen_reference""","""median_internal_fold_tau""",
629,23,23,0,21.725548053183232,23.451039149742687,-1,2021-09-13 05:00:00,2021-09-13,2021-09-12 23:00:00,2021-08-31 23:00:00,False,False,False,True,187,172.13499999999999,"""Random Forest (보정)""","""D1""",,,0,"""frozen_reference""","""median_internal_fold_tau""",
630,23,24,0,21.580077957041073,23.513039865032159,-1,2021-09-13 06:00:00,2021-09-13,2021-09-12 23:00:00,2021-08-31 23:00:00,False,False,False,True,187,172.13499999999999,"""Random Forest (보정)""","""D1""",,,0,"""frozen_reference""","""median_internal_fold_tau""",
631,63,111,0,81.329820411070415,112.59372101939876,-1,2021-09-13 07:00:00,2021-09-13,2021-09-12 23:00:00,2021-08-31 23:00:00,False,False,False,True,187,172.13499999999999,"""Random Forest (보정)""","""D1""",,,0,"""frozen_reference""","""median_internal_fold_tau""",
632,185,196,1,175.29580847588014,187.43726030709391,-1,2021-09-13 08:00:00,2021-09-13,2021-09-12 23:00:00,2021-08-31 23:00:00,False,False,False,True,187,172.13499999999999,"""Random Forest (보정)""","""D1""",,,1,"""frozen_reference""","""median_internal_fold_tau""",
633,183,188,1,173.66539612035567,182.50931188811185,-1,2021-09-13 09:00:00,2021-09-13,2021-09-12 23:00:00,2021-08-31 23:00:00,False,False,False,True,187,172.13499999999999,"""Random Forest (보정)""","""D1""",,,1,"""frozen_reference""","""median_internal_fold_tau""",
634,177,189,1,172.54077303292797,181.26215533787203,-1,2021-09-13 10:00:00,2021-09-13,2021-09-12 23:00:00,2021-08-31 23:00:00,False,False,False,True,187,172.13499999999999,"""Random Forest (보정)""","""D1""",,,1,"""frozen_reference""","""median_internal_fold_tau""",
635,182,191,1,174.97899346346364,184.38847489532574,-1,2021-09-13 11:00:00,2021-09-13,2021-09-12 23:00:00,2021-08-31 23:00:00,False,False,False,True,187,172.13499999999999,"""Random Forest (보정)""","""D1""",,,1,"""frozen_reference""","""median_internal_fold_tau""",
636,117,130,0,107.16955804480598,124.02641585183099,-1,2021-09-13 12:00:00,2021-09-13,2021-09-12 23:00:00,2021-08-31 23:00:00,False,False,False,True,187,172.13499999999999,"""Random Forest (보정)""","""D1""",,,0,"""frozen_reference""","""median_internal_fold_tau""",
637,184,191,1,174.1837970728794,182.28107489499925,-1,2021-09-13 13:00:00,2021-09-13,2021-09-12 23:00:00,2021-08-31 23:00:00,False,False,False,True,187,172.13499999999999,"""Random Forest (보정)""","""D1""",,,1,"""frozen_reference""","""median_internal_fold_tau""",
638,180,182,0,172.32306675465961,179.16111122848611,-1,2021-09-13 14:00:00,2021-09-13,2021-09-12 23:00:00,2021-08-31 23:00:00,False,False,False,True,187,172.13499999999999,"""Random Forest (보정)""","""D1""",,,1,"""frozen_reference""","""median_internal_fold_tau""",
639,168,177,0,161.20403571428571,175.83203983188261,-1,2021-09-13 15:00:00,2021-09-13,2021-09-12 23:00:00,2021-08-31 23:00:00,False,False,False,True,187,172.13499999999999,"""Random Forest (보정)""","""D1""",,,1,"""frozen_reference""","""median_internal_fold_tau""",
640,175,182,0,160.53756206756205,170.62287566137564,-1,2021-09-13 16:00:00,2021-09-13,2021-09-12 23:00:00,2021-08-31 23:00:00,False,False,False,True,187,172.13499999999999,"""Random Forest (보정)""","""D1""",,,0,"""frozen_reference""","""median_internal_fold_tau""",
641,132,160,0,134.10138393913394,160.93517060717062,-1,2021-09-13 17:00:00,2021-09-13,2021-09-12 23:00:00,2021-08-31 23:00:00,False,False,False,True,187,172.13499999999999,"""Random Forest (보정)""","""D1""",,,0,"""frozen_reference""","""median_internal_fold_tau""",
642,145,162,0,163.26333333333332,166.91902942831513,-1,2021-09-13 18:00:00,2021-09-13,2021-09-12 23:00:00,2021-08-31 23:00:00,False,False,False,True,187,172.13499999999999,"""Random Forest (보정)""","""D1""",,,0,"""frozen_reference""","""median_internal_fold_tau""",
643,148,162,0,140.63343043530543,155.98709656084657,-1,2021-09-13 19:00:00,2021-09-13,2021-09-12 23:00:00,2021-08-31 23:00:00,False,False,False,True,187,172.13499999999999,"""Random Forest (보정)""","""D1""",,,0,"""frozen_reference""","""median_internal_fold_tau""",
644,121,126,0,124.78921367174968,126.38833807608665,-1,2021-09-13 20:00:00,2021-09-13,2021-09-12 23:00:00,2021-08-31 23:00:00,False,False,False,True,187,172.13499999999999,"""Random Forest (보정)""","""D1""",,,0,"""frozen_reference""","""median_internal_fold_tau""",
645,123,131,0,125.01008504409934,127.39306155368649,-1,2021-09-13 21:00:00,2021-09-13,2021-09-12 23:00:00,2021-08-31 23:00:00,False,False,False,True,187,172.13499999999999,"""Random Forest (보정)""","""D1""",,,0,"""frozen_reference""","""median_internal_fold_tau""",
646,110,122,0,107.20903673395415,118.32684116254306,-1,2021-09-13 22:00:00,2021-09-13,2021-09-12 23:00:00,2021-08-31 23:00:00,False,False,False,True,187,172.13499999999999,"""Random Forest (보정)""","""D1""",,,0,"""frozen_reference""","""median_internal_fold_tau""",
647,108,123,0,106.03698272351706,118.36523868482642,-1,2021-09-13 23:00:00,2021-09-13,2021-09-12 23:00:00,2021-08-31 23:00:00,False,False,False,True,187,172.13499999999999,"""Random Forest (보정)""","""D1""",,,0,"""frozen_reference""","""median_internal_fold_tau""",
648,70,72,0,69.781761544011545,73.478095238095236,-1,2021-09-14 00:00:00,2021-09-14,2021-09-13 23:00:00,2021-08-31 23:00:00,False,False,False,True,187,172.13499999999999,"""Random Forest (보정)""","""D1""",,,0,"""frozen_reference""","""median_internal_fold_tau""",
649,110,116,0,105.81549609784919,112.92517792488761,-1,2021-09-14 01:00:00,2021-09-14,2021-09-13 23:00:00,2021-08-31 23:00:00,False,False,False,True,187,172.13499999999999,"""Random Forest (보정)""","""D1""",,,0,"""frozen_reference""","""median_internal_fold_tau""",
650,112,115,0,106.95882095571338,112.19280604301413,-1,2021-09-14 02:00:00,2021-09-14,2021-09-13 23:00:00,2021-08-31 23:00:00,False,False,False,True,187,172.13499999999999,"""Random Forest (보정)""","""D1""",,,0,"""frozen_reference""","""median_internal_fold_tau""",
651,105,114,0,106.14623685965238,113.3358775544972,-1,2021-09-14 03:00:00,2021-09-14,2021-09-13 23:00:00,2021-08-31 23:00:00,False,False,False,True,187,172.13499999999999,"""Random Forest (보정)""","""D1""",,,0,"""frozen_reference""","""median_internal_fold_tau""",
652,111,115,0,107.3462551531324,113.39578327585237,-1,2021-09-14 04:00:00,2021-09-14,2021-09-13 23:00:00,2021-08-31 23:00:00,False,False,False,True,187,172.13499999999999,"""Random Forest (보정)""","""D1""",,,0,"""frozen_reference""","""median_internal_fold_tau""",
653,93,115,0,96.857386364126498,111.20382241214357,-1,2021-09-14 05:00:00,2021-09-14,2021-09-13 23:00:00,2021-08-31 23:00:00,False,False,False,True,187,172.13499999999999,"""Random Forest (보정)""","""D1""",,,0,"""frozen_reference""","""median_internal_fold_tau""",
654,108,112,0,106.16885446811928,116.05719419309644,-1,2021-09-14 06:00:00,2021-09-14,2021-09-13 23:00:00,2021-08-31 23:00:00,False,False,False,True,187,172.13499999999999,"""Random Forest (보정)""","""D1""",,,0,"""frozen_reference""","""median_internal_fold_tau""",
655,140,156,0,136.88034773097272,156.89005578606492,-1,2021-09-14 07:00:00,2021-09-14,2021-09-13 23:00:00,2021-08-31 23:00:00,False,False,False,True,187,172.13499999999999,"""Random Forest (보정)""","""D1""",,,0,"""frozen_reference""","""median_internal_fold_tau""",
656,174,184,0,182.09305555555554,192.15124234360411,-1,2021-09-14 08:00:00,2021-09-14,2021-09-13 23:00:00,2021-08-31 23:00:00,False,False,False,True,187,172.13499999999999,"""Random Forest (보정)""","""D1""",,,1,"""frozen_reference""","""median_internal_fold_tau""",
657,166,178,0,177.881646893815,185.68060629565355,-1,2021-09-14 09:00:00,2021-09-14,2021-09-13 23:00:00,2021-08-31 23:00:00,False,False,False,True,187,172.13499999999999,"""Random Forest (보정)""","""D1""",,,1,"""frozen_reference""","""median_internal_fold_tau""",
658,152,161,0,176.08576818157741,184.57693488894694,-1,2021-09-14 10:00:00,2021-09-14,2021-09-13 23:00:00,2021-08-31 23:00:00,False,False,False,True,187,172.13499999999999,"""Random Forest (보정)""","""D1""",,,1,"""frozen_reference""","""median_internal_fold_tau""",
659,170,180,0,179.55732870370369,184.18926240644106,-1,2021-09-14 11:00:00,2021-09-14,2021-09-13 23:00:00,2021-08-31 23:00:00,False,False,False,True,187,172.13499999999999,"""Random Forest (보정)""","""D1""",,,1,"""frozen_reference""","""median_internal_fold_tau""",
660,118,135,0,113.47005047144162,145.65068462401797,-1,2021-09-14 12:00:00,2021-09-14,2021-09-13 23:00:00,2021-08-31 23:00:00,False,False,False,True,187,172.13499999999999,"""Random Forest (보정)""","""D1""",,,0,"""frozen_reference""","""median_internal_fold_tau""",
661,163,173,0,178.3463408418923,181.775508657465,-1,2021-09-14 13:00:00,2021-09-14,2021-09-13 23:00:00,2021-08-31 23:00:00,False,False,False,True,187,172.13499999999999,"""Random Forest (보정)""","""D1""",,,1,"""frozen_reference""","""median_internal_fold_tau""",
662,158,162,0,174.644376556178,179.94147282646594,-1,2021-09-14 14:00:00,2021-09-14,2021-09-13 23:00:00,2021-08-31 23:00:00,False,False,False,True,187,172.13499999999999,"""Random Forest (보정)""","""D1""",,,1,"""frozen_reference""","""median_internal_fold_tau""",
663,161,175,0,164.43957938357937,176.3185961291129,-1,2021-09-14 15:00:00,2021-09-14,2021-09-13 23:00:00,2021-08-31 23:00:00,False,False,False,True,187,172.13499999999999,"""Random Forest (보정)""","""D1""",,,1,"""frozen_reference""","""median_internal_fold_tau""",
664,160,165,0,168.626,178.03422283272283,-1,2021-09-14 16:00:00,2021-09-14,2021-09-13 23:00:00,2021-08-31 23:00:00,False,False,False,True,187,172.13499999999999,"""Random Forest (보정)""","""D1""",,,1,"""frozen_reference""","""median_internal_fold_tau""",
665,123,146,0,131.15921961063628,161.45450865800865,-1,2021-09-14 17:00:00,2021-09-14,2021-09-13 23:00:00,2021-08-31 23:00:00,False,False,False,True,187,172.13499999999999,"""Random Forest (보정)""","""D1""",,,0,"""frozen_reference""","""median_internal_fold_tau""",
666,158,164,0,158.50938888888885,167.03722230793431,-1,2021-09-14 18:00:00,2021-09-14,2021-09-13 23:00:00,2021-08-31 23:00:00,False,False,False,True,187,172.13499999999999,"""Random Forest (보정)""","""D1""",,,0,"""frozen_reference""","""median_internal_fold_tau""",
667,153,171,0,150.2540356125356,162.58606070222928,-1,2021-09-14 19:00:00,2021-09-14,2021-09-13 23:00:00,2021-08-31 23:00:00,False,False,False,True,187,172.13499999999999,"""Random Forest (보정)""","""D1""",,,0,"""frozen_reference""","""median_internal_fold_tau""",
668,128,130,0,131.46693991409109,137.79099349066522,-1,2021-09-14 20:00:00,2021-09-14,2021-09-13 23:00:00,2021-08-31 23:00:00,False,False,False,True,187,172.13499999999999,"""Random Forest (보정)""","""D1""",,,0,"""frozen_reference""","""median_internal_fold_tau""",
669,128,134,0,127.50301036800361,129.70755093132288,-1,2021-09-14 21:00:00,2021-09-14,2021-09-13 23:00:00,2021-08-31 23:00:00,False,False,False,True,187,172.13499999999999,"""Random Forest (보정)""","""D1""",,,0,"""frozen_reference""","""median_internal_fold_tau""",
670,111,120,0,112.8057389791426,120.35927192232064,-1,2021-09-14 22:00:00,2021-09-14,2021-09-13 23:00:00,2021-08-31 23:00:00,False,False,False,True,187,172.13499999999999,"""Random Forest (보정)""","""D1""",,,0,"""frozen_reference""","""median_internal_fold_tau""",
671,110,119,0,106.06860715398284,119.53574443715176,-1,2021-09-14 23:00:00,2021-09-14,2021-09-13 23:00:00,2021-08-31 23:00:00,False,False,False,True,187,172.13499999999999,"""Random Forest (보정)""","""D1""",,,0,"""frozen_reference""","""median_internal_fold_tau""",
672,74,83,0,77.380144252449782,80.163803872733737,-1,2021-09-01 00:00:00,2021-09-01,2021-08-31 23:00:00,2021-08-31 23:00:00,False,False,False,True,187,174.30000000000001,"""LightGBM""","""D1""",,,0,"""frozen_reference""","""median_internal_fold_tau""",
673,109,117,0,104.80134579003781,113.44038290607472,-1,2021-09-01 01:00:00,2021-09-01,2021-08-31 23:00:00,2021-08-31 23:00:00,False,False,False,True,187,174.30000000000001,"""LightGBM""","""D1""",,,0,"""frozen_reference""","""median_internal_fold_tau""",
674,114,121,0,106.80552218485778,110.8263764821092,-1,2021-09-01 02:00:00,2021-09-01,2021-08-31 23:00:00,2021-08-31 23:00:00,False,False,False,True,187,174.30000000000001,"""LightGBM""","""D1""",,,0,"""frozen_reference""","""median_internal_fold_tau""",
675,99,103,0,101.10413676887721,105.46889975214246,-1,2021-09-01 03:00:00,2021-09-01,2021-08-31 23:00:00,2021-08-31 23:00:00,False,False,False,True,187,174.30000000000001,"""LightGBM""","""D1""",,,0,"""frozen_reference""","""median_internal_fold_tau""",
676,115,119,0,112.29505000270133,115.25666369676206,-1,2021-09-01 04:00:00,2021-09-01,2021-08-31 23:00:00,2021-08-31 23:00:00,False,False,False,True,187,174.30000000000001,"""LightGBM""","""D1""",,,0,"""frozen_reference""","""median_internal_fold_tau""",
677,92,112,0,94.439340394084695,107.70742588252756,-1,2021-09-01 05:00:00,2021-09-01,2021-08-31 23:00:00,2021-08-31 23:00:00,False,False,False,True,187,174.30000000000001,"""LightGBM""","""D1""",,,0,"""frozen_reference""","""median_internal_fold_tau""",
678,116,119,0,109.73797626504064,116.79199835072212,-1,2021-09-01 06:00:00,2021-09-01,2021-08-31 23:00:00,2021-08-31 23:00:00,False,False,False,True,187,174.30000000000001,"""LightGBM""","""D1""",,,0,"""frozen_reference""","""median_internal_fold_tau""",
679,124,139,0,133.81771680131956,156.32679775805357,-1,2021-09-01 07:00:00,2021-09-01,2021-08-31 23:00:00,2021-08-31 23:00:00,False,False,False,True,187,174.30000000000001,"""LightGBM""","""D1""",,,0,"""frozen_reference""","""median_internal_fold_tau""",
680,180,198,1,170.1415120901481,178.39919308808899,-1,2021-09-01 08:00:00,2021-09-01,2021-08-31 23:00:00,2021-08-31 23:00:00,False,False,False,True,187,174.30000000000001,"""LightGBM""","""D1""",,,1,"""frozen_reference""","""median_internal_fold_tau""",
681,182,189,1,168.08101630448439,175.75023962688803,-1,2021-09-01 09:00:00,2021-09-01,2021-08-31 23:00:00,2021-08-31 23:00:00,False,False,False,True,187,174.30000000000001,"""LightGBM""","""D1""",,,1,"""frozen_reference""","""median_internal_fold_tau""",
682,185,196,1,169.50136166050737,180.76190630516837,-1,2021-09-01 10:00:00,2021-09-01,2021-08-31 23:00:00,2021-08-31 23:00:00,False,False,False,True,187,174.30000000000001,"""LightGBM""","""D1""",,,1,"""frozen_reference""","""median_internal_fold_tau""",
683,174,180,0,173.66619942208192,184.30088814294783,-1,2021-09-01 11:00:00,2021-09-01,2021-08-31 23:00:00,2021-08-31 23:00:00,False,False,False,True,187,174.30000000000001,"""LightGBM""","""D1""",,,1,"""frozen_reference""","""median_internal_fold_tau""",
684,117,138,0,112.40384883451324,118.78723624226619,-1,2021-09-01 12:00:00,2021-09-01,2021-08-31 23:00:00,2021-08-31 23:00:00,False,False,False,True,187,174.30000000000001,"""LightGBM""","""D1""",,,0,"""frozen_reference""","""median_internal_fold_tau""",
685,182,190,1,173.60792790807002,184.4733332853607,-1,2021-09-01 13:00:00,2021-09-01,2021-08-31 23:00:00,2021-08-31 23:00:00,False,False,False,True,187,174.30000000000001,"""LightGBM""","""D1""",,,1,"""frozen_reference""","""median_internal_fold_tau""",
686,184,192,1,168.38404031860733,180.49823640146874,-1,2021-09-01 14:00:00,2021-09-01,2021-08-31 23:00:00,2021-08-31 23:00:00,False,False,False,True,187,174.30000000000001,"""LightGBM""","""D1""",,,1,"""frozen_reference""","""median_internal_fold_tau""",
687,173,182,0,163.58430127067732,175.12083801473702,-1,2021-09-01 15:00:00,2021-09-01,2021-08-31 23:00:00,2021-08-31 23:00:00,False,False,False,True,187,174.30000000000001,"""LightGBM""","""D1""",,,1,"""frozen_reference""","""median_internal_fold_tau""",
688,176,187,1,162.52312225671986,173.85905274216225,-1,2021-09-01 16:00:00,2021-09-01,2021-08-31 23:00:00,2021-08-31 23:00:00,False,False,False,True,187,174.30000000000001,"""LightGBM""","""D1""",,,0,"""frozen_reference""","""median_internal_fold_tau""",
689,139,180,0,139.01697493476618,169.69534748420458,-1,2021-09-01 17:00:00,2021-09-01,2021-08-31 23:00:00,2021-08-31 23:00:00,False,False,False,True,187,174.30000000000001,"""LightGBM""","""D1""",,,0,"""frozen_reference""","""median_internal_fold_tau""",
690,163,167,0,149.81360717961422,165.32228675023802,-1,2021-09-01 18:00:00,2021-09-01,2021-08-31 23:00:00,2021-08-31 23:00:00,False,False,False,True,187,174.30000000000001,"""LightGBM""","""D1""",,,0,"""frozen_reference""","""median_internal_fold_tau""",
691,152,163,0,136.87679659029868,156.58074647528531,-1,2021-09-01 19:00:00,2021-09-01,2021-08-31 23:00:00,2021-08-31 23:00:00,False,False,False,True,187,174.30000000000001,"""LightGBM""","""D1""",,,0,"""frozen_reference""","""median_internal_fold_tau""",
692,129,139,0,118.4997741570144,128.90816479259036,-1,2021-09-01 20:00:00,2021-09-01,2021-08-31 23:00:00,2021-08-31 23:00:00,False,False,False,True,187,174.30000000000001,"""LightGBM""","""D1""",,,0,"""frozen_reference""","""median_internal_fold_tau""",
693,131,133,0,118.77219297066441,126.49702561344544,-1,2021-09-01 21:00:00,2021-09-01,2021-08-31 23:00:00,2021-08-31 23:00:00,False,False,False,True,187,174.30000000000001,"""LightGBM""","""D1""",,,0,"""frozen_reference""","""median_internal_fold_tau""",
694,119,128,0,113.03695854360907,117.68605236658524,-1,2021-09-01 22:00:00,2021-09-01,2021-08-31 23:00:00,2021-08-31 23:00:00,False,False,False,True,187,174.30000000000001,"""LightGBM""","""D1""",,,0,"""frozen_reference""","""median_internal_fold_tau""",
695,114,121,0,108.14267349702152,120.26671601293063,-1,2021-09-01 23:00:00,2021-09-01,2021-08-31 23:00:00,2021-08-31 23:00:00,False,False,False,True,187,174.30000000000001,"""LightGBM""","""D1""",,,0,"""frozen_reference""","""median_internal_fold_tau""",
696,79,87,0,80.025899808349251,86.552658539189053,-1,2021-09-02 00:00:00,2021-09-02,2021-09-01 23:00:00,2021-08-31 23:00:00,False,False,False,True,187,174.30000000000001,"""LightGBM""","""D1""",,,0,"""frozen_reference""","""median_internal_fold_tau""",
697,112,119,0,111.65596838226114,115.37296907865193,-1,2021-09-02 01:00:00,2021-09-02,2021-09-01 23:00:00,2021-08-31 23:00:00,False,False,False,True,187,174.30000000000001,"""LightGBM""","""D1""",,,0,"""frozen_reference""","""median_internal_fold_tau""",
698,114,119,0,114.25863804639876,117.18295807581671,-1,2021-09-02 02:00:00,2021-09-02,2021-09-01 23:00:00,2021-08-31 23:00:00,False,False,False,True,187,174.30000000000001,"""LightGBM""","""D1""",,,0,"""frozen_reference""","""median_internal_fold_tau""",
699,106,118,0,107.01174404077601,112.95045810200716,-1,2021-09-02 03:00:00,2021-09-02,2021-09-01 23:00:00,2021-08-31 23:00:00,False,False,False,True,187,174.30000000000001,"""LightGBM""","""D1""",,,0,"""frozen_reference""","""median_internal_fold_tau""",
700,114,120,0,115.45871623099811,116.06945664444933,-1,2021-09-02 04:00:00,2021-09-02,2021-09-01 23:00:00,2021-08-31 23:00:00,False,False,False,True,187,174.30000000000001,"""LightGBM""","""D1""",,,0,"""frozen_reference""","""median_internal_fold_tau""",
701,93,108,0,95.69149347198541,111.30874977541484,-1,2021-09-02 05:00:00,2021-09-02,2021-09-01 23:00:00,2021-08-31 23:00:00,False,False,False,True,187,174.30000000000001,"""LightGBM""","""D1""",,,0,"""frozen_reference""","""median_internal_fold_tau""",
702,115,117,0,112.23123296253499,120.82170997886867,-1,2021-09-02 06:00:00,2021-09-02,2021-09-01 23:00:00,2021-08-31 23:00:00,False,False,False,True,187,174.30000000000001,"""LightGBM""","""D1""",,,0,"""frozen_reference""","""median_internal_fold_tau""",
703,141,160,0,133.45947894789487,150.99164645846665,-1,2021-09-02 07:00:00,2021-09-02,2021-09-01 23:00:00,2021-08-31 23:00:00,False,False,False,True,187,174.30000000000001,"""LightGBM""","""D1""",,,0,"""frozen_reference""","""median_internal_fold_tau""",
704,166,171,0,172.25643486301595,184.53659571514041,-1,2021-09-02 08:00:00,2021-09-02,2021-09-01 23:00:00,2021-08-31 23:00:00,False,False,False,True,187,174.30000000000001,"""LightGBM""","""D1""",,,1,"""frozen_reference""","""median_internal_fold_tau""",
705,184,198,1,176.04095284618046,186.72149995958145,-1,2021-09-02 09:00:00,2021-09-02,2021-09-01 23:00:00,2021-08-31 23:00:00,False,False,False,True,187,174.30000000000001,"""LightGBM""","""D1""",,,1,"""frozen_reference""","""median_internal_fold_tau""",
706,179,188,1,168.12973573128451,186.70047824829246,-1,2021-09-02 10:00:00,2021-09-02,2021-09-01 23:00:00,2021-08-31 23:00:00,False,False,False,True,187,174.30000000000001,"""LightGBM""","""D1""",,,1,"""frozen_reference""","""median_internal_fold_tau""",
707,182,188,1,177.95853193122358,186.21621135977296,-1,2021-09-02 11:00:00,2021-09-02,2021-09-01 23:00:00,2021-08-31 23:00:00,False,False,False,True,187,174.30000000000001,"""LightGBM""","""D1""",,,1,"""frozen_reference""","""median_internal_fold_tau""",
708,112,130,0,106.76896269258125,125.58697419871967,-1,2021-09-02 12:00:00,2021-09-02,2021-09-01 23:00:00,2021-08-31 23:00:00,False,False,False,True,187,174.30000000000001,"""LightGBM""","""D1""",,,0,"""frozen_reference""","""median_internal_fold_tau""",
709,174,183,0,174.36487344873294,187.61084776160507,-1,2021-09-02 13:00:00,2021-09-02,2021-09-01 23:00:00,2021-08-31 23:00:00,False,False,False,True,187,174.30000000000001,"""LightGBM""","""D1""",,,1,"""frozen_reference""","""median_internal_fold_tau""",
710,192,195,1,179.89118580938899,187.39939176620248,-1,2021-09-02 14:00:00,2021-09-02,2021-09-01 23:00:00,2021-08-31 23:00:00,False,False,False,True,187,174.30000000000001,"""LightGBM""","""D1""",,,1,"""frozen_reference""","""median_internal_fold_tau""",
711,170,177,0,169.24209533722154,182.42933212499955,-1,2021-09-02 15:00:00,2021-09-02,2021-09-01 23:00:00,2021-08-31 23:00:00,False,False,False,True,187,174.30000000000001,"""LightGBM""","""D1""",,,1,"""frozen_reference""","""median_internal_fold_tau""",
712,174,181,0,165.0712840305716,175.09869311357076,-1,2021-09-02 16:00:00,2021-09-02,2021-09-01 23:00:00,2021-08-31 23:00:00,False,False,False,True,187,174.30000000000001,"""LightGBM""","""D1""",,,1,"""frozen_reference""","""median_internal_fold_tau""",
713,132,153,0,131.51525649615371,157.13349842423062,-1,2021-09-02 17:00:00,2021-09-02,2021-09-01 23:00:00,2021-08-31 23:00:00,False,False,False,True,187,174.30000000000001,"""LightGBM""","""D1""",,,0,"""frozen_reference""","""median_internal_fold_tau""",
714,159,167,0,160.71326929587454,168.46043257691142,-1,2021-09-02 18:00:00,2021-09-02,2021-09-01 23:00:00,2021-08-31 23:00:00,False,False,False,True,187,174.30000000000001,"""LightGBM""","""D1""",,,0,"""frozen_reference""","""median_internal_fold_tau""",
715,161,173,0,160.80823198084869,163.41670216675575,-1,2021-09-02 19:00:00,2021-09-02,2021-09-01 23:00:00,2021-08-31 23:00:00,False,False,False,True,187,174.30000000000001,"""LightGBM""","""D1""",,,0,"""frozen_reference""","""median_internal_fold_tau""",
716,132,143,0,121.04179754520526,122.64314698790214,-1,2021-09-02 20:00:00,2021-09-02,2021-09-01 23:00:00,2021-08-31 23:00:00,False,False,False,True,187,174.30000000000001,"""LightGBM""","""D1""",,,0,"""frozen_reference""","""median_internal_fold_tau""",
717,131,138,0,123.33375490624661,126.85255129835838,-1,2021-09-02 21:00:00,2021-09-02,2021-09-01 23:00:00,2021-08-31 23:00:00,False,False,False,True,187,174.30000000000001,"""LightGBM""","""D1""",,,0,"""frozen_reference""","""median_internal_fold_tau""",
718,114,129,0,114.01836964857377,120.81854719023681,-1,2021-09-02 22:00:00,2021-09-02,2021-09-01 23:00:00,2021-08-31 23:00:00,False,False,False,True,187,174.30000000000001,"""LightGBM""","""D1""",,,0,"""frozen_reference""","""median_internal_fold_tau""",
719,119,129,0,110.21584502083242,117.41496095184516,-1,2021-09-02 23:00:00,2021-09-02,2021-09-01 23:00:00,2021-08-31 23:00:00,False,False,False,True,187,174.30000000000001,"""LightGBM""","""D1""",,,0,"""frozen_reference""","""median_internal_fold_tau""",
720,69,71,0,59.664619937528428,69.126862617503562,-1,2021-09-03 00:00:00,2021-09-03,2021-09-02 23:00:00,2021-08-31 23:00:00,False,False,False,True,187,174.30000000000001,"""LightGBM""","""D1""",,,0,"""frozen_reference""","""median_internal_fold_tau""",
721,109,119,0,104.05250452364851,118.21263902841123,-1,2021-09-03 01:00:00,2021-09-03,2021-09-02 23:00:00,2021-08-31 23:00:00,False,False,False,True,187,174.30000000000001,"""LightGBM""","""D1""",,,0,"""frozen_reference""","""median_internal_fold_tau""",
722,112,117,0,111.73812927076084,106.8636343319842,-1,2021-09-03 02:00:00,2021-09-03,2021-09-02 23:00:00,2021-08-31 23:00:00,False,False,False,True,187,174.30000000000001,"""LightGBM""","""D1""",,,0,"""frozen_reference""","""median_internal_fold_tau""",
723,110,114,0,98.93907082884455,115.47543045184554,-1,2021-09-03 03:00:00,2021-09-03,2021-09-02 23:00:00,2021-08-31 23:00:00,False,False,False,True,187,174.30000000000001,"""LightGBM""","""D1""",,,0,"""frozen_reference""","""median_internal_fold_tau""",
724,107,113,0,109.56367888108083,108.68766181748998,-1,2021-09-03 04:00:00,2021-09-03,2021-09-02 23:00:00,2021-08-31 23:00:00,False,False,False,True,187,174.30000000000001,"""LightGBM""","""D1""",,,0,"""frozen_reference""","""median_internal_fold_tau""",
725,93,111,0,84.719640656267146,111.22014639202646,-1,2021-09-03 05:00:00,2021-09-03,2021-09-02 23:00:00,2021-08-31 23:00:00,False,False,False,True,187,174.30000000000001,"""LightGBM""","""D1""",,,0,"""frozen_reference""","""median_internal_fold_tau""",
726,107,114,0,103.41379753186487,111.0634723196532,-1,2021-09-03 06:00:00,2021-09-03,2021-09-02 23:00:00,2021-08-31 23:00:00,False,False,False,True,187,174.30000000000001,"""LightGBM""","""D1""",,,0,"""frozen_reference""","""median_internal_fold_tau""",
727,134,147,0,120.38609314507177,140.42901219393346,-1,2021-09-03 07:00:00,2021-09-03,2021-09-02 23:00:00,2021-08-31 23:00:00,False,False,False,True,187,174.30000000000001,"""LightGBM""","""D1""",,,0,"""frozen_reference""","""median_internal_fold_tau""",
728,170,179,0,174.05226021846573,184.44999985628957,-1,2021-09-03 08:00:00,2021-09-03,2021-09-02 23:00:00,2021-08-31 23:00:00,False,False,False,True,187,174.30000000000001,"""LightGBM""","""D1""",,,1,"""frozen_reference""","""median_internal_fold_tau""",
729,171,178,0,173.42571316360409,182.89779255031709,-1,2021-09-03 09:00:00,2021-09-03,2021-09-02 23:00:00,2021-08-31 23:00:00,False,False,False,True,187,174.30000000000001,"""LightGBM""","""D1""",,,1,"""frozen_reference""","""median_internal_fold_tau""",
730,163,169,0,170.91119131654526,181.29148699843623,-1,2021-09-03 10:00:00,2021-09-03,2021-09-02 23:00:00,2021-08-31 23:00:00,False,False,False,True,187,174.30000000000001,"""LightGBM""","""D1""",,,1,"""frozen_reference""","""median_internal_fold_tau""",
731,187,190,1,169.68765070229696,176.29453334353923,-1,2021-09-03 11:00:00,2021-09-03,2021-09-02 23:00:00,2021-08-31 23:00:00,False,False,False,True,187,174.30000000000001,"""LightGBM""","""D1""",,,1,"""frozen_reference""","""median_internal_fold_tau""",
732,108,122,0,108.3120813092664,120.14085459106136,-1,2021-09-03 12:00:00,2021-09-03,2021-09-02 23:00:00,2021-08-31 23:00:00,False,False,False,True,187,174.30000000000001,"""LightGBM""","""D1""",,,0,"""frozen_reference""","""median_internal_fold_tau""",
733,169,176,0,170.71670277765617,176.39321904481997,-1,2021-09-03 13:00:00,2021-09-03,2021-09-02 23:00:00,2021-08-31 23:00:00,False,False,False,True,187,174.30000000000001,"""LightGBM""","""D1""",,,1,"""frozen_reference""","""median_internal_fold_tau""",
734,178,181,0,162.1911767262269,172.04692805739523,-1,2021-09-03 14:00:00,2021-09-03,2021-09-02 23:00:00,2021-08-31 23:00:00,False,False,False,True,187,174.30000000000001,"""LightGBM""","""D1""",,,0,"""frozen_reference""","""median_internal_fold_tau""",
735,154,162,0,159.2001206018264,171.568277428068,-1,2021-09-03 15:00:00,2021-09-03,2021-09-02 23:00:00,2021-08-31 23:00:00,False,False,False,True,187,174.30000000000001,"""LightGBM""","""D1""",,,0,"""frozen_reference""","""median_internal_fold_tau""",
736,161,165,0,159.450099787727,166.89552360563167,-1,2021-09-03 16:00:00,2021-09-03,2021-09-02 23:00:00,2021-08-31 23:00:00,False,False,False,True,187,174.30000000000001,"""LightGBM""","""D1""",,,0,"""frozen_reference""","""median_internal_fold_tau""",
737,147,170,0,133.09011890386125,154.27113925694894,-1,2021-09-03 17:00:00,2021-09-03,2021-09-02 23:00:00,2021-08-31 23:00:00,False,False,False,True,187,174.30000000000001,"""LightGBM""","""D1""",,,0,"""frozen_reference""","""median_internal_fold_tau""",
738,154,158,0,147.35446493953702,155.1303510812279,-1,2021-09-03 18:00:00,2021-09-03,2021-09-02 23:00:00,2021-08-31 23:00:00,False,False,False,True,187,174.30000000000001,"""LightGBM""","""D1""",,,0,"""frozen_reference""","""median_internal_fold_tau""",
739,143,156,0,140.29566370628712,143.77717506308414,-1,2021-09-03 19:00:00,2021-09-03,2021-09-02 23:00:00,2021-08-31 23:00:00,False,False,False,True,187,174.30000000000001,"""LightGBM""","""D1""",,,0,"""frozen_reference""","""median_internal_fold_tau""",
740,115,118,0,113.90911876981517,112.01276583192229,-1,2021-09-03 20:00:00,2021-09-03,2021-09-02 23:00:00,2021-08-31 23:00:00,False,False,False,True,187,174.30000000000001,"""LightGBM""","""D1""",,,0,"""frozen_reference""","""median_internal_fold_tau""",
741,110,113,0,114.55982034414583,110.9590651334852,-1,2021-09-03 21:00:00,2021-09-03,2021-09-02 23:00:00,2021-08-31 23:00:00,False,False,False,True,187,174.30000000000001,"""LightGBM""","""D1""",,,0,"""frozen_reference""","""median_internal_fold_tau""",
742,105,119,0,95.763019995828373,91.409720284946403,-1,2021-09-03 22:00:00,2021-09-03,2021-09-02 23:00:00,2021-08-31 23:00:00,False,False,False,True,187,174.30000000000001,"""LightGBM""","""D1""",,,0,"""frozen_reference""","""median_internal_fold_tau""",
743,101,112,0,97.217078703114979,107.18604018222035,-1,2021-09-03 23:00:00,2021-09-03,2021-09-02 23:00:00,2021-08-31 23:00:00,False,False,False,True,187,174.30000000000001,"""LightGBM""","""D1""",,,0,"""frozen_reference""","""median_internal_fold_tau""",
744,64,69,0,66.309393330833799,72.024610941990318,-1,2021-09-04 00:00:00,2021-09-04,2021-09-03 23:00:00,2021-08-31 23:00:00,False,False,False,True,187,174.30000000000001,"""LightGBM""","""D1""",,,0,"""frozen_reference""","""median_internal_fold_tau""",
745,106,114,0,101.57215391919542,112.23510977663469,-1,2021-09-04 01:00:00,2021-09-04,2021-09-03 23:00:00,2021-08-31 23:00:00,False,False,False,True,187,174.30000000000001,"""LightGBM""","""D1""",,,0,"""frozen_reference""","""median_internal_fold_tau""",
746,104,107,0,110.22926082501267,109.49883917717248,-1,2021-09-04 02:00:00,2021-09-04,2021-09-03 23:00:00,2021-08-31 23:00:00,False,False,False,True,187,174.30000000000001,"""LightGBM""","""D1""",,,0,"""frozen_reference""","""median_internal_fold_tau""",
747,98,103,0,97.576529063278045,114.12817389331326,-1,2021-09-04 03:00:00,2021-09-04,2021-09-03 23:00:00,2021-08-31 23:00:00,False,False,False,True,187,174.30000000000001,"""LightGBM""","""D1""",,,0,"""frozen_reference""","""median_internal_fold_tau""",
748,109,112,0,107.07786536767661,101.74466473091844,-1,2021-09-04 04:00:00,2021-09-04,2021-09-03 23:00:00,2021-08-31 23:00:00,False,False,False,True,187,174.30000000000001,"""LightGBM""","""D1""",,,0,"""frozen_reference""","""median_internal_fold_tau""",
749,88,105,0,83.352174577431271,95.509291683521752,-1,2021-09-04 05:00:00,2021-09-04,2021-09-03 23:00:00,2021-08-31 23:00:00,False,False,False,True,187,174.30000000000001,"""LightGBM""","""D1""",,,0,"""frozen_reference""","""median_internal_fold_tau""",
750,111,116,0,97.178588245204111,97.944415557724412,-1,2021-09-04 06:00:00,2021-09-04,2021-09-03 23:00:00,2021-08-31 23:00:00,False,False,False,True,187,174.30000000000001,"""LightGBM""","""D1""",,,0,"""frozen_reference""","""median_internal_fold_tau""",
751,70,97,0,69.424669546291838,94.455575303487322,-1,2021-09-04 07:00:00,2021-09-04,2021-09-03 23:00:00,2021-08-31 23:00:00,False,False,False,True,187,174.30000000000001,"""LightGBM""","""D1""",,,0,"""frozen_reference""","""median_internal_fold_tau""",
752,33,37,0,40.912767008016154,25.81691722417154,-1,2021-09-04 08:00:00,2021-09-04,2021-09-03 23:00:00,2021-08-31 23:00:00,False,False,False,True,187,174.30000000000001,"""LightGBM""","""D1""",,,0,"""frozen_reference""","""median_internal_fold_tau""",
753,32,32,0,42.665601321969916,26.219092889502466,-1,2021-09-04 09:00:00,2021-09-04,2021-09-03 23:00:00,2021-08-31 23:00:00,False,False,False,True,187,174.30000000000001,"""LightGBM""","""D1""",,,0,"""frozen_reference""","""median_internal_fold_tau""",
754,34,36,0,39.98159042329975,30.30156164166473,-1,2021-09-04 10:00:00,2021-09-04,2021-09-03 23:00:00,2021-08-31 23:00:00,False,False,False,True,187,174.30000000000001,"""LightGBM""","""D1""",,,0,"""frozen_reference""","""median_internal_fold_tau""",
755,32,32,0,39.794607945145081,25.489990271360973,-1,2021-09-04 11:00:00,2021-09-04,2021-09-03 23:00:00,2021-08-31 23:00:00,False,False,False,True,187,174.30000000000001,"""LightGBM""","""D1""",,,0,"""frozen_reference""","""median_internal_fold_tau""",
756,33,34,0,39.944452149568718,27.108616714672756,-1,2021-09-04 12:00:00,2021-09-04,2021-09-03 23:00:00,2021-08-31 23:00:00,False,False,False,True,187,174.30000000000001,"""LightGBM""","""D1""",,,0,"""frozen_reference""","""median_internal_fold_tau""",
757,34,37,0,40.311413774712825,23.85565575465046,-1,2021-09-04 13:00:00,2021-09-04,2021-09-03 23:00:00,2021-08-31 23:00:00,False,False,False,True,187,174.30000000000001,"""LightGBM""","""D1""",,,0,"""frozen_reference""","""median_internal_fold_tau""",
758,34,35,0,43.773496341998502,26.931282946321193,-1,2021-09-04 14:00:00,2021-09-04,2021-09-03 23:00:00,2021-08-31 23:00:00,False,False,False,True,187,174.30000000000001,"""LightGBM""","""D1""",,,0,"""frozen_reference""","""median_internal_fold_tau""",
759,33,33,0,40.477406562413229,27.857085885537142,-1,2021-09-04 15:00:00,2021-09-04,2021-09-03 23:00:00,2021-08-31 23:00:00,False,False,False,True,187,174.30000000000001,"""LightGBM""","""D1""",,,0,"""frozen_reference""","""median_internal_fold_tau""",
760,36,43,0,45.793614984185233,29.426298082022093,-1,2021-09-04 16:00:00,2021-09-04,2021-09-03 23:00:00,2021-08-31 23:00:00,False,False,False,True,187,174.30000000000001,"""LightGBM""","""D1""",,,0,"""frozen_reference""","""median_internal_fold_tau""",
761,35,40,0,35.686431695600135,28.371045978048585,-1,2021-09-04 17:00:00,2021-09-04,2021-09-03 23:00:00,2021-08-31 23:00:00,False,False,False,True,187,174.30000000000001,"""LightGBM""","""D1""",,,0,"""frozen_reference""","""median_internal_fold_tau""",
762,26,29,0,38.559772725072484,30.112738947518718,-1,2021-09-04 18:00:00,2021-09-04,2021-09-03 23:00:00,2021-08-31 23:00:00,False,False,False,True,187,174.30000000000001,"""LightGBM""","""D1""",,,0,"""frozen_reference""","""median_internal_fold_tau""",
763,23,25,0,36.784236280933634,30.53640440498646,-1,2021-09-04 19:00:00,2021-09-04,2021-09-03 23:00:00,2021-08-31 23:00:00,False,False,False,True,187,174.30000000000001,"""LightGBM""","""D1""",,,0,"""frozen_reference""","""median_internal_fold_tau""",
764,25,27,0,36.797015230337522,30.728003384760452,-1,2021-09-04 20:00:00,2021-09-04,2021-09-03 23:00:00,2021-08-31 23:00:00,False,False,False,True,187,174.30000000000001,"""LightGBM""","""D1""",,,0,"""frozen_reference""","""median_internal_fold_tau""",
765,23,23,0,37.300134261217536,31.204865908236965,-1,2021-09-04 21:00:00,2021-09-04,2021-09-03 23:00:00,2021-08-31 23:00:00,False,False,False,True,187,174.30000000000001,"""LightGBM""","""D1""",,,0,"""frozen_reference""","""median_internal_fold_tau""",
766,23,23,0,37.374723352322576,30.18423182846287,-1,2021-09-04 22:00:00,2021-09-04,2021-09-03 23:00:00,2021-08-31 23:00:00,False,False,False,True,187,174.30000000000001,"""LightGBM""","""D1""",,,0,"""frozen_reference""","""median_internal_fold_tau""",
767,23,23,0,37.263412100374886,31.408557942193529,-1,2021-09-04 23:00:00,2021-09-04,2021-09-03 23:00:00,2021-08-31 23:00:00,False,False,False,True,187,174.30000000000001,"""LightGBM""","""D1""",,,0,"""frozen_reference""","""median_internal_fold_tau""",
768,24,26,0,28.221387699183175,24.274142386547236,-1,2021-09-05 00:00:00,2021-09-05,2021-09-04 23:00:00,2021-08-31 23:00:00,False,False,False,True,187,174.30000000000001,"""LightGBM""","""D1""",,,0,"""frozen_reference""","""median_internal_fold_tau""",
769,22,22,0,28.655023242219581,27.007740238125095,-1,2021-09-05 01:00:00,2021-09-05,2021-09-04 23:00:00,2021-08-31 23:00:00,False,False,False,True,187,174.30000000000001,"""LightGBM""","""D1""",,,0,"""frozen_reference""","""median_internal_fold_tau""",
770,22,22,0,28.674591380830236,25.528969911906149,-1,2021-09-05 02:00:00,2021-09-05,2021-09-04 23:00:00,2021-08-31 23:00:00,False,False,False,True,187,174.30000000000001,"""LightGBM""","""D1""",,,0,"""frozen_reference""","""median_internal_fold_tau""",
771,22,22,0,27.58398775758392,24.552351270976931,-1,2021-09-05 03:00:00,2021-09-05,2021-09-04 23:00:00,2021-08-31 23:00:00,False,False,False,True,187,174.30000000000001,"""LightGBM""","""D1""",,,0,"""frozen_reference""","""median_internal_fold_tau""",
772,24,27,0,27.693341825942042,25.867029764118829,-1,2021-09-05 04:00:00,2021-09-05,2021-09-04 23:00:00,2021-08-31 23:00:00,False,False,False,True,187,174.30000000000001,"""LightGBM""","""D1""",,,0,"""frozen_reference""","""median_internal_fold_tau""",
773,22,22,0,26.757949305373614,26.173128339278168,-1,2021-09-05 05:00:00,2021-09-05,2021-09-04 23:00:00,2021-08-31 23:00:00,False,False,False,True,187,174.30000000000001,"""LightGBM""","""D1""",,,0,"""frozen_reference""","""median_internal_fold_tau""",
774,22,22,0,27.33115102061457,26.415022325676588,-1,2021-09-05 06:00:00,2021-09-05,2021-09-04 23:00:00,2021-08-31 23:00:00,False,False,False,True,187,174.30000000000001,"""LightGBM""","""D1""",,,0,"""frozen_reference""","""median_internal_fold_tau""",
775,22,22,0,26.854885473380691,25.836808155815557,-1,2021-09-05 07:00:00,2021-09-05,2021-09-04 23:00:00,2021-08-31 23:00:00,False,False,False,True,187,174.30000000000001,"""LightGBM""","""D1""",,,0,"""frozen_reference""","""median_internal_fold_tau""",
776,25,27,0,26.704780003254935,25.488530985109517,-1,2021-09-05 08:00:00,2021-09-05,2021-09-04 23:00:00,2021-08-31 23:00:00,False,False,False,True,187,174.30000000000001,"""LightGBM""","""D1""",,,0,"""frozen_reference""","""median_internal_fold_tau""",
777,22,23,0,26.67313361523723,24.744018286360969,-1,2021-09-05 09:00:00,2021-09-05,2021-09-04 23:00:00,2021-08-31 23:00:00,False,False,False,True,187,174.30000000000001,"""LightGBM""","""D1""",,,0,"""frozen_reference""","""median_internal_fold_tau""",
778,22,22,0,26.881675243636312,24.663710583500535,-1,2021-09-05 10:00:00,2021-09-05,2021-09-04 23:00:00,2021-08-31 23:00:00,False,False,False,True,187,174.30000000000001,"""LightGBM""","""D1""",,,0,"""frozen_reference""","""median_internal_fold_tau""",
779,22,22,0,21.493778341937261,25.969193307456575,-1,2021-09-05 11:00:00,2021-09-05,2021-09-04 23:00:00,2021-08-31 23:00:00,False,False,False,True,187,174.30000000000001,"""LightGBM""","""D1""",,,0,"""frozen_reference""","""median_internal_fold_tau""",
780,24,26,0,21.088556684593321,21.295294610182019,-1,2021-09-05 12:00:00,2021-09-05,2021-09-04 23:00:00,2021-08-31 23:00:00,False,False,False,True,187,174.30000000000001,"""LightGBM""","""D1""",,,0,"""frozen_reference""","""median_internal_fold_tau""",
781,22,23,0,20.346931309727424,20.607321348530743,-1,2021-09-05 13:00:00,2021-09-05,2021-09-04 23:00:00,2021-08-31 23:00:00,False,False,False,True,187,174.30000000000001,"""LightGBM""","""D1""",,,0,"""frozen_reference""","""median_internal_fold_tau""",
782,23,23,0,20.836436530123414,22.17227140849997,-1,2021-09-05 14:00:00,2021-09-05,2021-09-04 23:00:00,2021-08-31 23:00:00,False,False,False,True,187,174.30000000000001,"""LightGBM""","""D1""",,,0,"""frozen_reference""","""median_internal_fold_tau""",
783,24,28,0,21.390958022103685,22.694900781843362,-1,2021-09-05 15:00:00,2021-09-05,2021-09-04 23:00:00,2021-08-31 23:00:00,False,False,False,True,187,174.30000000000001,"""LightGBM""","""D1""",,,0,"""frozen_reference""","""median_internal_fold_tau""",
784,23,25,0,21.4551999702249,22.008502979763975,-1,2021-09-05 16:00:00,2021-09-05,2021-09-04 23:00:00,2021-08-31 23:00:00,False,False,False,True,187,174.30000000000001,"""LightGBM""","""D1""",,,0,"""frozen_reference""","""median_internal_fold_tau""",
785,23,23,0,23.284207297468985,27.644200712867701,-1,2021-09-05 17:00:00,2021-09-05,2021-09-04 23:00:00,2021-08-31 23:00:00,False,False,False,True,187,174.30000000000001,"""LightGBM""","""D1""",,,0,"""frozen_reference""","""median_internal_fold_tau""",
786,22,22,0,21.935603334886981,23.318133981311679,-1,2021-09-05 18:00:00,2021-09-05,2021-09-04 23:00:00,2021-08-31 23:00:00,False,False,False,True,187,174.30000000000001,"""LightGBM""","""D1""",,,0,"""frozen_reference""","""median_internal_fold_tau""",
787,24,27,0,21.901282128312477,21.910915259221042,-1,2021-09-05 19:00:00,2021-09-05,2021-09-04 23:00:00,2021-08-31 23:00:00,False,False,False,True,187,174.30000000000001,"""LightGBM""","""D1""",,,0,"""frozen_reference""","""median_internal_fold_tau""",
788,23,23,0,22.762264482414075,22.217915370708276,-1,2021-09-05 20:00:00,2021-09-05,2021-09-04 23:00:00,2021-08-31 23:00:00,False,False,False,True,187,174.30000000000001,"""LightGBM""","""D1""",,,0,"""frozen_reference""","""median_internal_fold_tau""",
789,23,23,0,23.562348401905783,23.093849385824942,-1,2021-09-05 21:00:00,2021-09-05,2021-09-04 23:00:00,2021-08-31 23:00:00,False,False,False,True,187,174.30000000000001,"""LightGBM""","""D1""",,,0,"""frozen_reference""","""median_internal_fold_tau""",
790,24,27,0,23.306025754229228,22.952945880321096,-1,2021-09-05 22:00:00,2021-09-05,2021-09-04 23:00:00,2021-08-31 23:00:00,False,False,False,True,187,174.30000000000001,"""LightGBM""","""D1""",,,0,"""frozen_reference""","""median_internal_fold_tau""",
791,23,24,0,23.099357414351068,22.874870811498912,-1,2021-09-05 23:00:00,2021-09-05,2021-09-04 23:00:00,2021-08-31 23:00:00,False,False,False,True,187,174.30000000000001,"""LightGBM""","""D1""",,,0,"""frozen_reference""","""median_internal_fold_tau""",
792,22,22,0,24.003807683277273,24.945377006479635,-1,2021-09-06 00:00:00,2021-09-06,2021-09-05 23:00:00,2021-08-31 23:00:00,False,False,False,True,187,174.30000000000001,"""LightGBM""","""D1""",,,0,"""frozen_reference""","""median_internal_fold_tau""",
793,22,22,0,23.475782327307339,23.512970391693475,-1,2021-09-06 01:00:00,2021-09-06,2021-09-05 23:00:00,2021-08-31 23:00:00,False,False,False,True,187,174.30000000000001,"""LightGBM""","""D1""",,,0,"""frozen_reference""","""median_internal_fold_tau""",
794,24,27,0,22.648041787376435,23.829371093180605,-1,2021-09-06 02:00:00,2021-09-06,2021-09-05 23:00:00,2021-08-31 23:00:00,False,False,False,True,187,174.30000000000001,"""LightGBM""","""D1""",,,0,"""frozen_reference""","""median_internal_fold_tau""",
795,22,22,0,24.231009233465876,25.541590684061973,-1,2021-09-06 03:00:00,2021-09-06,2021-09-05 23:00:00,2021-08-31 23:00:00,False,False,False,True,187,174.30000000000001,"""LightGBM""","""D1""",,,0,"""frozen_reference""","""median_internal_fold_tau""",
796,22,22,0,24.833581672373686,26.215973850889128,-1,2021-09-06 04:00:00,2021-09-06,2021-09-05 23:00:00,2021-08-31 23:00:00,False,False,False,True,187,174.30000000000001,"""LightGBM""","""D1""",,,0,"""frozen_reference""","""median_internal_fold_tau""",
797,23,24,0,23.066120614406589,25.335082531428661,-1,2021-09-06 05:00:00,2021-09-06,2021-09-05 23:00:00,2021-08-31 23:00:00,False,False,False,True,187,174.30000000000001,"""LightGBM""","""D1""",,,0,"""frozen_reference""","""median_internal_fold_tau""",
798,24,26,0,23.456576271884849,24.813936741038635,-1,2021-09-06 06:00:00,2021-09-06,2021-09-05 23:00:00,2021-08-31 23:00:00,False,False,False,True,187,174.30000000000001,"""LightGBM""","""D1""",,,0,"""frozen_reference""","""median_internal_fold_tau""",
799,52,81,0,52.061588265825002,77.685548000762452,-1,2021-09-06 07:00:00,2021-09-06,2021-09-05 23:00:00,2021-08-31 23:00:00,False,False,False,True,187,174.30000000000001,"""LightGBM""","""D1""",,,0,"""frozen_reference""","""median_internal_fold_tau""",
800,171,180,0,167.56899350473066,181.94025938311225,-1,2021-09-06 08:00:00,2021-09-06,2021-09-05 23:00:00,2021-08-31 23:00:00,False,False,False,True,187,174.30000000000001,"""LightGBM""","""D1""",,,1,"""frozen_reference""","""median_internal_fold_tau""",
801,157,165,0,170.92082837590166,179.74070213198925,-1,2021-09-06 09:00:00,2021-09-06,2021-09-05 23:00:00,2021-08-31 23:00:00,False,False,False,True,187,174.30000000000001,"""LightGBM""","""D1""",,,1,"""frozen_reference""","""median_internal_fold_tau""",
802,171,190,1,180.67394151642614,191.49942291491305,-1,2021-09-06 10:00:00,2021-09-06,2021-09-05 23:00:00,2021-08-31 23:00:00,False,False,False,True,187,174.30000000000001,"""LightGBM""","""D1""",,,1,"""frozen_reference""","""median_internal_fold_tau""",
803,176,180,0,174.53228769188837,182.79420641511166,-1,2021-09-06 11:00:00,2021-09-06,2021-09-05 23:00:00,2021-08-31 23:00:00,False,False,False,True,187,174.30000000000001,"""LightGBM""","""D1""",,,1,"""frozen_reference""","""median_internal_fold_tau""",
804,109,124,0,116.93632319874625,133.18954267973942,-1,2021-09-06 12:00:00,2021-09-06,2021-09-05 23:00:00,2021-08-31 23:00:00,False,False,False,True,187,174.30000000000001,"""LightGBM""","""D1""",,,0,"""frozen_reference""","""median_internal_fold_tau""",
805,160,164,0,172.59131780681506,179.35224449012085,-1,2021-09-06 13:00:00,2021-09-06,2021-09-05 23:00:00,2021-08-31 23:00:00,False,False,False,True,187,174.30000000000001,"""LightGBM""","""D1""",,,1,"""frozen_reference""","""median_internal_fold_tau""",
806,160,163,0,170.37444692017411,181.86350148897492,-1,2021-09-06 14:00:00,2021-09-06,2021-09-05 23:00:00,2021-08-31 23:00:00,False,False,False,True,187,174.30000000000001,"""LightGBM""","""D1""",,,1,"""frozen_reference""","""median_internal_fold_tau""",
807,158,171,0,163.02792422272879,176.74181835036595,-1,2021-09-06 15:00:00,2021-09-06,2021-09-05 23:00:00,2021-08-31 23:00:00,False,False,False,True,187,174.30000000000001,"""LightGBM""","""D1""",,,1,"""frozen_reference""","""median_internal_fold_tau""",
808,146,152,0,161.05551174734927,169.7892867320993,-1,2021-09-06 16:00:00,2021-09-06,2021-09-05 23:00:00,2021-08-31 23:00:00,False,False,False,True,187,174.30000000000001,"""LightGBM""","""D1""",,,0,"""frozen_reference""","""median_internal_fold_tau""",
809,128,148,0,146.51568142965675,175.21293896933389,-1,2021-09-06 17:00:00,2021-09-06,2021-09-05 23:00:00,2021-08-31 23:00:00,False,False,False,True,187,174.30000000000001,"""LightGBM""","""D1""",,,1,"""frozen_reference""","""median_internal_fold_tau""",
810,152,154,0,160.62982685907684,163.11424147026966,-1,2021-09-06 18:00:00,2021-09-06,2021-09-05 23:00:00,2021-08-31 23:00:00,False,False,False,True,187,174.30000000000001,"""LightGBM""","""D1""",,,0,"""frozen_reference""","""median_internal_fold_tau""",
811,135,145,0,147.76999680353043,162.01962845092004,-1,2021-09-06 19:00:00,2021-09-06,2021-09-05 23:00:00,2021-08-31 23:00:00,False,False,False,True,187,174.30000000000001,"""LightGBM""","""D1""",,,0,"""frozen_reference""","""median_internal_fold_tau""",
812,121,128,0,133.468107346149,130.43365947812561,-1,2021-09-06 20:00:00,2021-09-06,2021-09-05 23:00:00,2021-08-31 23:00:00,False,False,False,True,187,174.30000000000001,"""LightGBM""","""D1""",,,0,"""frozen_reference""","""median_internal_fold_tau""",
813,123,133,0,130.01232533729652,131.37485617320948,-1,2021-09-06 21:00:00,2021-09-06,2021-09-05 23:00:00,2021-08-31 23:00:00,False,False,False,True,187,174.30000000000001,"""LightGBM""","""D1""",,,0,"""frozen_reference""","""median_internal_fold_tau""",
814,110,114,0,116.06379235134781,120.93977752502373,-1,2021-09-06 22:00:00,2021-09-06,2021-09-05 23:00:00,2021-08-31 23:00:00,False,False,False,True,187,174.30000000000001,"""LightGBM""","""D1""",,,0,"""frozen_reference""","""median_internal_fold_tau""",
815,104,118,0,109.37978381755545,117.8048001236521,-1,2021-09-06 23:00:00,2021-09-06,2021-09-05 23:00:00,2021-08-31 23:00:00,False,False,False,True,187,174.30000000000001,"""LightGBM""","""D1""",,,0,"""frozen_reference""","""median_internal_fold_tau""",
816,72,74,0,61.730709506577398,68.362290051780121,-1,2021-09-07 00:00:00,2021-09-07,2021-09-06 23:00:00,2021-08-31 23:00:00,False,False,False,True,187,174.30000000000001,"""LightGBM""","""D1""",,,0,"""frozen_reference""","""median_internal_fold_tau""",
817,109,121,0,101.68983090363415,112.56475903402017,-1,2021-09-07 01:00:00,2021-09-07,2021-09-06 23:00:00,2021-08-31 23:00:00,False,False,False,True,187,174.30000000000001,"""LightGBM""","""D1""",,,0,"""frozen_reference""","""median_internal_fold_tau""",
818,111,118,0,110.29720572156857,111.05417982858877,-1,2021-09-07 02:00:00,2021-09-07,2021-09-06 23:00:00,2021-08-31 23:00:00,False,False,False,True,187,174.30000000000001,"""LightGBM""","""D1""",,,0,"""frozen_reference""","""median_internal_fold_tau""",
819,109,123,0,106.4379930716582,110.90744010459696,-1,2021-09-07 03:00:00,2021-09-07,2021-09-06 23:00:00,2021-08-31 23:00:00,False,False,False,True,187,174.30000000000001,"""LightGBM""","""D1""",,,0,"""frozen_reference""","""median_internal_fold_tau""",
820,109,120,0,104.36159268893408,105.82612608313212,-1,2021-09-07 04:00:00,2021-09-07,2021-09-06 23:00:00,2021-08-31 23:00:00,False,False,False,True,187,174.30000000000001,"""LightGBM""","""D1""",,,0,"""frozen_reference""","""median_internal_fold_tau""",
821,96,116,0,92.470123905852546,109.96490239072152,-1,2021-09-07 05:00:00,2021-09-07,2021-09-06 23:00:00,2021-08-31 23:00:00,False,False,False,True,187,174.30000000000001,"""LightGBM""","""D1""",,,0,"""frozen_reference""","""median_internal_fold_tau""",
822,115,124,0,110.41639894179413,120.76268748914966,-1,2021-09-07 06:00:00,2021-09-07,2021-09-06 23:00:00,2021-08-31 23:00:00,False,False,False,True,187,174.30000000000001,"""LightGBM""","""D1""",,,0,"""frozen_reference""","""median_internal_fold_tau""",
823,140,160,0,121.89237864641612,147.58789542378958,-1,2021-09-07 07:00:00,2021-09-07,2021-09-06 23:00:00,2021-08-31 23:00:00,False,False,False,True,187,174.30000000000001,"""LightGBM""","""D1""",,,0,"""frozen_reference""","""median_internal_fold_tau""",
824,173,192,1,170.09651936677233,175.58314232462669,-1,2021-09-07 08:00:00,2021-09-07,2021-09-06 23:00:00,2021-08-31 23:00:00,False,False,False,True,187,174.30000000000001,"""LightGBM""","""D1""",,,1,"""frozen_reference""","""median_internal_fold_tau""",
825,170,174,0,166.86505328035742,172.82132350186424,-1,2021-09-07 09:00:00,2021-09-07,2021-09-06 23:00:00,2021-08-31 23:00:00,False,False,False,True,187,174.30000000000001,"""LightGBM""","""D1""",,,0,"""frozen_reference""","""median_internal_fold_tau""",
826,164,178,0,166.43054673555386,172.9970275228377,-1,2021-09-07 10:00:00,2021-09-07,2021-09-06 23:00:00,2021-08-31 23:00:00,False,False,False,True,187,174.30000000000001,"""LightGBM""","""D1""",,,0,"""frozen_reference""","""median_internal_fold_tau""",
827,174,183,0,171.9402301094506,176.69060954593525,-1,2021-09-07 11:00:00,2021-09-07,2021-09-06 23:00:00,2021-08-31 23:00:00,False,False,False,True,187,174.30000000000001,"""LightGBM""","""D1""",,,1,"""frozen_reference""","""median_internal_fold_tau""",
828,116,140,0,119.90692136527436,138.05514414370887,-1,2021-09-07 12:00:00,2021-09-07,2021-09-06 23:00:00,2021-08-31 23:00:00,False,False,False,True,187,174.30000000000001,"""LightGBM""","""D1""",,,0,"""frozen_reference""","""median_internal_fold_tau""",
829,181,189,1,175.70022928974925,177.28776243322807,-1,2021-09-07 13:00:00,2021-09-07,2021-09-06 23:00:00,2021-08-31 23:00:00,False,False,False,True,187,174.30000000000001,"""LightGBM""","""D1""",,,1,"""frozen_reference""","""median_internal_fold_tau""",
830,182,191,1,175.29079717319496,178.94378617020925,-1,2021-09-07 14:00:00,2021-09-07,2021-09-06 23:00:00,2021-08-31 23:00:00,False,False,False,True,187,174.30000000000001,"""LightGBM""","""D1""",,,1,"""frozen_reference""","""median_internal_fold_tau""",
831,166,174,0,162.31657657200915,175.65775926929734,-1,2021-09-07 15:00:00,2021-09-07,2021-09-06 23:00:00,2021-08-31 23:00:00,False,False,False,True,187,174.30000000000001,"""LightGBM""","""D1""",,,1,"""frozen_reference""","""median_internal_fold_tau""",
832,160,167,0,163.52066755786413,171.11801690092582,-1,2021-09-07 16:00:00,2021-09-07,2021-09-06 23:00:00,2021-08-31 23:00:00,False,False,False,True,187,174.30000000000001,"""LightGBM""","""D1""",,,0,"""frozen_reference""","""median_internal_fold_tau""",
833,135,161,0,126.025740369142,147.36518891314097,-1,2021-09-07 17:00:00,2021-09-07,2021-09-06 23:00:00,2021-08-31 23:00:00,False,False,False,True,187,174.30000000000001,"""LightGBM""","""D1""",,,0,"""frozen_reference""","""median_internal_fold_tau""",
834,156,165,0,160.50887504327591,164.42460446120174,-1,2021-09-07 18:00:00,2021-09-07,2021-09-06 23:00:00,2021-08-31 23:00:00,False,False,False,True,187,174.30000000000001,"""LightGBM""","""D1""",,,0,"""frozen_reference""","""median_internal_fold_tau""",
835,152,158,0,146.95909259078385,156.19057003801271,-1,2021-09-07 19:00:00,2021-09-07,2021-09-06 23:00:00,2021-08-31 23:00:00,False,False,False,True,187,174.30000000000001,"""LightGBM""","""D1""",,,0,"""frozen_reference""","""median_internal_fold_tau""",
836,134,141,0,136.01455412753373,142.03406747694413,-1,2021-09-07 20:00:00,2021-09-07,2021-09-06 23:00:00,2021-08-31 23:00:00,False,False,False,True,187,174.30000000000001,"""LightGBM""","""D1""",,,0,"""frozen_reference""","""median_internal_fold_tau""",
837,131,134,0,126.90298844592135,133.74062982733832,-1,2021-09-07 21:00:00,2021-09-07,2021-09-06 23:00:00,2021-08-31 23:00:00,False,False,False,True,187,174.30000000000001,"""LightGBM""","""D1""",,,0,"""frozen_reference""","""median_internal_fold_tau""",
838,115,122,0,121.68615680815583,129.54123779075832,-1,2021-09-07 22:00:00,2021-09-07,2021-09-06 23:00:00,2021-08-31 23:00:00,False,False,False,True,187,174.30000000000001,"""LightGBM""","""D1""",,,0,"""frozen_reference""","""median_internal_fold_tau""",
839,111,126,0,105.02255251752167,121.20527020595212,-1,2021-09-07 23:00:00,2021-09-07,2021-09-06 23:00:00,2021-08-31 23:00:00,False,False,False,True,187,174.30000000000001,"""LightGBM""","""D1""",,,0,"""frozen_reference""","""median_internal_fold_tau""",
840,72,78,0,67.45813257883816,86.127881578994305,-1,2021-09-08 00:00:00,2021-09-08,2021-09-07 23:00:00,2021-08-31 23:00:00,False,False,False,True,187,174.30000000000001,"""LightGBM""","""D1""",,,0,"""frozen_reference""","""median_internal_fold_tau""",
841,110,115,0,111.45788214958014,110.39191828767926,-1,2021-09-08 01:00:00,2021-09-08,2021-09-07 23:00:00,2021-08-31 23:00:00,False,False,False,True,187,174.30000000000001,"""LightGBM""","""D1""",,,0,"""frozen_reference""","""median_internal_fold_tau""",
842,118,126,0,116.34661000490985,121.63226540289479,-1,2021-09-08 02:00:00,2021-09-08,2021-09-07 23:00:00,2021-08-31 23:00:00,False,False,False,True,187,174.30000000000001,"""LightGBM""","""D1""",,,0,"""frozen_reference""","""median_internal_fold_tau""",
843,112,122,0,111.98044815205529,119.91194288640797,-1,2021-09-08 03:00:00,2021-09-08,2021-09-07 23:00:00,2021-08-31 23:00:00,False,False,False,True,187,174.30000000000001,"""LightGBM""","""D1""",,,0,"""frozen_reference""","""median_internal_fold_tau""",
844,113,116,0,113.30479102106571,118.13030957512413,-1,2021-09-08 04:00:00,2021-09-08,2021-09-07 23:00:00,2021-08-31 23:00:00,False,False,False,True,187,174.30000000000001,"""LightGBM""","""D1""",,,0,"""frozen_reference""","""median_internal_fold_tau""",
845,97,109,0,92.816321294999227,113.55229124081202,-1,2021-09-08 05:00:00,2021-09-08,2021-09-07 23:00:00,2021-08-31 23:00:00,False,False,False,True,187,174.30000000000001,"""LightGBM""","""D1""",,,0,"""frozen_reference""","""median_internal_fold_tau""",
846,118,123,0,114.18667665602018,117.4171463585547,-1,2021-09-08 06:00:00,2021-09-08,2021-09-07 23:00:00,2021-08-31 23:00:00,False,False,False,True,187,174.30000000000001,"""LightGBM""","""D1""",,,0,"""frozen_reference""","""median_internal_fold_tau""",
847,135,154,0,126.7051430230964,149.9610147670457,-1,2021-09-08 07:00:00,2021-09-08,2021-09-07 23:00:00,2021-08-31 23:00:00,False,False,False,True,187,174.30000000000001,"""LightGBM""","""D1""",,,0,"""frozen_reference""","""median_internal_fold_tau""",
848,171,181,0,172.6676036247776,184.43057743621023,-1,2021-09-08 08:00:00,2021-09-08,2021-09-07 23:00:00,2021-08-31 23:00:00,False,False,False,True,187,174.30000000000001,"""LightGBM""","""D1""",,,1,"""frozen_reference""","""median_internal_fold_tau""",
849,160,163,0,170.50224941214125,181.53133107159454,-1,2021-09-08 09:00:00,2021-09-08,2021-09-07 23:00:00,2021-08-31 23:00:00,False,False,False,True,187,174.30000000000001,"""LightGBM""","""D1""",,,1,"""frozen_reference""","""median_internal_fold_tau""",
850,152,160,0,172.18888933282898,186.15611174182666,-1,2021-09-08 10:00:00,2021-09-08,2021-09-07 23:00:00,2021-08-31 23:00:00,False,False,False,True,187,174.30000000000001,"""LightGBM""","""D1""",,,1,"""frozen_reference""","""median_internal_fold_tau""",
851,156,168,0,173.49227089301752,184.81903444716042,-1,2021-09-08 11:00:00,2021-09-08,2021-09-07 23:00:00,2021-08-31 23:00:00,False,False,False,True,187,174.30000000000001,"""LightGBM""","""D1""",,,1,"""frozen_reference""","""median_internal_fold_tau""",
852,25,63,0,120.51552380875553,118.98432853574862,-1,2021-09-08 12:00:00,2021-09-08,2021-09-07 23:00:00,2021-08-31 23:00:00,False,False,False,True,187,174.30000000000001,"""LightGBM""","""D1""",,,0,"""frozen_reference""","""median_internal_fold_tau""",
853,152,165,0,171.09501349699752,183.81460996152535,-1,2021-09-08 13:00:00,2021-09-08,2021-09-07 23:00:00,2021-08-31 23:00:00,False,False,False,True,187,174.30000000000001,"""LightGBM""","""D1""",,,1,"""frozen_reference""","""median_internal_fold_tau""",
854,165,178,0,163.52619665297115,178.48855958854762,-1,2021-09-08 14:00:00,2021-09-08,2021-09-07 23:00:00,2021-08-31 23:00:00,False,False,False,True,187,174.30000000000001,"""LightGBM""","""D1""",,,1,"""frozen_reference""","""median_internal_fold_tau""",
855,165,183,0,165.76301253189803,181.06079544173372,-1,2021-09-08 15:00:00,2021-09-08,2021-09-07 23:00:00,2021-08-31 23:00:00,False,False,False,True,187,174.30000000000001,"""LightGBM""","""D1""",,,1,"""frozen_reference""","""median_internal_fold_tau""",
856,166,170,0,165.10267130189069,178.02507297737506,-1,2021-09-08 16:00:00,2021-09-08,2021-09-07 23:00:00,2021-08-31 23:00:00,False,False,False,True,187,174.30000000000001,"""LightGBM""","""D1""",,,1,"""frozen_reference""","""median_internal_fold_tau""",
857,144,182,0,132.62180120295855,169.03129272517353,-1,2021-09-08 17:00:00,2021-09-08,2021-09-07 23:00:00,2021-08-31 23:00:00,False,False,False,True,187,174.30000000000001,"""LightGBM""","""D1""",,,0,"""frozen_reference""","""median_internal_fold_tau""",
858,164,170,0,157.70108710602489,165.09991412666653,-1,2021-09-08 18:00:00,2021-09-08,2021-09-07 23:00:00,2021-08-31 23:00:00,False,False,False,True,187,174.30000000000001,"""LightGBM""","""D1""",,,0,"""frozen_reference""","""median_internal_fold_tau""",
859,150,163,0,151.41465018942881,165.84834560507107,-1,2021-09-08 19:00:00,2021-09-08,2021-09-07 23:00:00,2021-08-31 23:00:00,False,False,False,True,187,174.30000000000001,"""LightGBM""","""D1""",,,0,"""frozen_reference""","""median_internal_fold_tau""",
860,103,111,0,116.12525716960876,130.08339697528265,-1,2021-09-08 20:00:00,2021-09-08,2021-09-07 23:00:00,2021-08-31 23:00:00,False,False,False,True,187,174.30000000000001,"""LightGBM""","""D1""",,,0,"""frozen_reference""","""median_internal_fold_tau""",
861,122,127,0,120.67205420109157,119.85456462644454,-1,2021-09-08 21:00:00,2021-09-08,2021-09-07 23:00:00,2021-08-31 23:00:00,False,False,False,True,187,174.30000000000001,"""LightGBM""","""D1""",,,0,"""frozen_reference""","""median_internal_fold_tau""",
862,106,116,0,111.35771145843412,120.30758522656369,-1,2021-09-08 22:00:00,2021-09-08,2021-09-07 23:00:00,2021-08-31 23:00:00,False,False,False,True,187,174.30000000000001,"""LightGBM""","""D1""",,,0,"""frozen_reference""","""median_internal_fold_tau""",
863,101,111,0,106.34661720165901,123.78261669143627,-1,2021-09-08 23:00:00,2021-09-08,2021-09-07 23:00:00,2021-08-31 23:00:00,False,False,False,True,187,174.30000000000001,"""LightGBM""","""D1""",,,0,"""frozen_reference""","""median_internal_fold_tau""",
864,72,79,0,58.406102057972639,80.47987794785621,-1,2021-09-09 00:00:00,2021-09-09,2021-09-08 23:00:00,2021-08-31 23:00:00,False,False,False,True,187,174.30000000000001,"""LightGBM""","""D1""",,,0,"""frozen_reference""","""median_internal_fold_tau""",
865,97,99,0,111.39587989199013,117.20654118902802,-1,2021-09-09 01:00:00,2021-09-09,2021-09-08 23:00:00,2021-08-31 23:00:00,False,False,False,True,187,174.30000000000001,"""LightGBM""","""D1""",,,0,"""frozen_reference""","""median_internal_fold_tau""",
866,110,114,0,112.54948140557696,121.84755062224964,-1,2021-09-09 02:00:00,2021-09-09,2021-09-08 23:00:00,2021-08-31 23:00:00,False,False,False,True,187,174.30000000000001,"""LightGBM""","""D1""",,,0,"""frozen_reference""","""median_internal_fold_tau""",
867,109,116,0,107.40180224105607,120.81072834977068,-1,2021-09-09 03:00:00,2021-09-09,2021-09-08 23:00:00,2021-08-31 23:00:00,False,False,False,True,187,174.30000000000001,"""LightGBM""","""D1""",,,0,"""frozen_reference""","""median_internal_fold_tau""",
868,107,114,0,112.33970339367846,118.43931903425199,-1,2021-09-09 04:00:00,2021-09-09,2021-09-08 23:00:00,2021-08-31 23:00:00,False,False,False,True,187,174.30000000000001,"""LightGBM""","""D1""",,,0,"""frozen_reference""","""median_internal_fold_tau""",
869,92,109,0,86.70432274784271,109.14299003886545,-1,2021-09-09 05:00:00,2021-09-09,2021-09-08 23:00:00,2021-08-31 23:00:00,False,False,False,True,187,174.30000000000001,"""LightGBM""","""D1""",,,0,"""frozen_reference""","""median_internal_fold_tau""",
870,119,121,0,114.61727819053642,119.70489507962637,-1,2021-09-09 06:00:00,2021-09-09,2021-09-08 23:00:00,2021-08-31 23:00:00,False,False,False,True,187,174.30000000000001,"""LightGBM""","""D1""",,,0,"""frozen_reference""","""median_internal_fold_tau""",
871,139,152,0,134.08429523805756,159.60762591767144,-1,2021-09-09 07:00:00,2021-09-09,2021-09-08 23:00:00,2021-08-31 23:00:00,False,False,False,True,187,174.30000000000001,"""LightGBM""","""D1""",,,0,"""frozen_reference""","""median_internal_fold_tau""",
872,172,187,1,172.59033931829623,174.3969704865188,-1,2021-09-09 08:00:00,2021-09-09,2021-09-08 23:00:00,2021-08-31 23:00:00,False,False,False,True,187,174.30000000000001,"""LightGBM""","""D1""",,,1,"""frozen_reference""","""median_internal_fold_tau""",
873,170,176,0,165.36662628559631,168.59457491477724,-1,2021-09-09 09:00:00,2021-09-09,2021-09-08 23:00:00,2021-08-31 23:00:00,False,False,False,True,187,174.30000000000001,"""LightGBM""","""D1""",,,0,"""frozen_reference""","""median_internal_fold_tau""",
874,155,169,0,159.41732754835314,171.21009385388544,-1,2021-09-09 10:00:00,2021-09-09,2021-09-08 23:00:00,2021-08-31 23:00:00,False,False,False,True,187,174.30000000000001,"""LightGBM""","""D1""",,,0,"""frozen_reference""","""median_internal_fold_tau""",
875,174,190,1,175.81421568657458,180.11729887008212,-1,2021-09-09 11:00:00,2021-09-09,2021-09-08 23:00:00,2021-08-31 23:00:00,False,False,False,True,187,174.30000000000001,"""LightGBM""","""D1""",,,1,"""frozen_reference""","""median_internal_fold_tau""",
876,111,129,0,103.11812791838028,122.75770716517434,-1,2021-09-09 12:00:00,2021-09-09,2021-09-08 23:00:00,2021-08-31 23:00:00,False,False,False,True,187,174.30000000000001,"""LightGBM""","""D1""",,,0,"""frozen_reference""","""median_internal_fold_tau""",
877,171,176,0,171.28144452150852,178.76765924559228,-1,2021-09-09 13:00:00,2021-09-09,2021-09-08 23:00:00,2021-08-31 23:00:00,False,False,False,True,187,174.30000000000001,"""LightGBM""","""D1""",,,1,"""frozen_reference""","""median_internal_fold_tau""",
878,165,168,0,176.40878794724497,178.87626032708687,-1,2021-09-09 14:00:00,2021-09-09,2021-09-08 23:00:00,2021-08-31 23:00:00,False,False,False,True,187,174.30000000000001,"""LightGBM""","""D1""",,,1,"""frozen_reference""","""median_internal_fold_tau""",
879,173,185,0,165.83999271323353,172.24969977289052,-1,2021-09-09 15:00:00,2021-09-09,2021-09-08 23:00:00,2021-08-31 23:00:00,False,False,False,True,187,174.30000000000001,"""LightGBM""","""D1""",,,0,"""frozen_reference""","""median_internal_fold_tau""",
880,160,168,0,161.19669459709002,171.04460320055915,-1,2021-09-09 16:00:00,2021-09-09,2021-09-08 23:00:00,2021-08-31 23:00:00,False,False,False,True,187,174.30000000000001,"""LightGBM""","""D1""",,,0,"""frozen_reference""","""median_internal_fold_tau""",
881,140,168,0,135.34361352574163,150.82814054648551,-1,2021-09-09 17:00:00,2021-09-09,2021-09-08 23:00:00,2021-08-31 23:00:00,False,False,False,True,187,174.30000000000001,"""LightGBM""","""D1""",,,0,"""frozen_reference""","""median_internal_fold_tau""",
882,162,172,0,160.49122183580991,161.13601552362192,-1,2021-09-09 18:00:00,2021-09-09,2021-09-08 23:00:00,2021-08-31 23:00:00,False,False,False,True,187,174.30000000000001,"""LightGBM""","""D1""",,,0,"""frozen_reference""","""median_internal_fold_tau""",
883,142,158,0,144.21967122499768,154.23433469052782,-1,2021-09-09 19:00:00,2021-09-09,2021-09-08 23:00:00,2021-08-31 23:00:00,False,False,False,True,187,174.30000000000001,"""LightGBM""","""D1""",,,0,"""frozen_reference""","""median_internal_fold_tau""",
884,128,134,0,136.65199753067679,142.71962008123194,-1,2021-09-09 20:00:00,2021-09-09,2021-09-08 23:00:00,2021-08-31 23:00:00,False,False,False,True,187,174.30000000000001,"""LightGBM""","""D1""",,,0,"""frozen_reference""","""median_internal_fold_tau""",
885,128,134,0,123.7717605413558,127.17097969067419,-1,2021-09-09 21:00:00,2021-09-09,2021-09-08 23:00:00,2021-08-31 23:00:00,False,False,False,True,187,174.30000000000001,"""LightGBM""","""D1""",,,0,"""frozen_reference""","""median_internal_fold_tau""",
886,109,118,0,112.52342198241762,124.41093902053335,-1,2021-09-09 22:00:00,2021-09-09,2021-09-08 23:00:00,2021-08-31 23:00:00,False,False,False,True,187,174.30000000000001,"""LightGBM""","""D1""",,,0,"""frozen_reference""","""median_internal_fold_tau""",
887,109,116,0,109.21881753598284,124.45536407400193,-1,2021-09-09 23:00:00,2021-09-09,2021-09-08 23:00:00,2021-08-31 23:00:00,False,False,False,True,187,174.30000000000001,"""LightGBM""","""D1""",,,0,"""frozen_reference""","""median_internal_fold_tau""",
888,77,83,0,70.425395765795315,58.780311174206965,-1,2021-09-10 00:00:00,2021-09-10,2021-09-09 23:00:00,2021-08-31 23:00:00,False,False,False,True,187,174.30000000000001,"""LightGBM""","""D1""",,,0,"""frozen_reference""","""median_internal_fold_tau""",
889,102,109,0,106.562273384281,106.36567230688644,-1,2021-09-10 01:00:00,2021-09-10,2021-09-09 23:00:00,2021-08-31 23:00:00,False,False,False,True,187,174.30000000000001,"""LightGBM""","""D1""",,,0,"""frozen_reference""","""median_internal_fold_tau""",
890,112,118,0,115.49111051280879,111.57081691524141,-1,2021-09-10 02:00:00,2021-09-10,2021-09-09 23:00:00,2021-08-31 23:00:00,False,False,False,True,187,174.30000000000001,"""LightGBM""","""D1""",,,0,"""frozen_reference""","""median_internal_fold_tau""",
891,106,116,0,111.08821008475189,113.29039924316905,-1,2021-09-10 03:00:00,2021-09-10,2021-09-09 23:00:00,2021-08-31 23:00:00,False,False,False,True,187,174.30000000000001,"""LightGBM""","""D1""",,,0,"""frozen_reference""","""median_internal_fold_tau""",
892,108,117,0,107.76826884297778,104.21889925425958,-1,2021-09-10 04:00:00,2021-09-10,2021-09-09 23:00:00,2021-08-31 23:00:00,False,False,False,True,187,174.30000000000001,"""LightGBM""","""D1""",,,0,"""frozen_reference""","""median_internal_fold_tau""",
893,92,107,0,89.859431548350898,107.31012599671273,-1,2021-09-10 05:00:00,2021-09-10,2021-09-09 23:00:00,2021-08-31 23:00:00,False,False,False,True,187,174.30000000000001,"""LightGBM""","""D1""",,,0,"""frozen_reference""","""median_internal_fold_tau""",
894,111,118,0,110.91650949374531,108.74012297614983,-1,2021-09-10 06:00:00,2021-09-10,2021-09-09 23:00:00,2021-08-31 23:00:00,False,False,False,True,187,174.30000000000001,"""LightGBM""","""D1""",,,0,"""frozen_reference""","""median_internal_fold_tau""",
895,132,150,0,140.58773179585563,153.81395953822826,-1,2021-09-10 07:00:00,2021-09-10,2021-09-09 23:00:00,2021-08-31 23:00:00,False,False,False,True,187,174.30000000000001,"""LightGBM""","""D1""",,,0,"""frozen_reference""","""median_internal_fold_tau""",
896,180,192,1,160.57406404835453,168.59755310449242,-1,2021-09-10 08:00:00,2021-09-10,2021-09-09 23:00:00,2021-08-31 23:00:00,False,False,False,True,187,174.30000000000001,"""LightGBM""","""D1""",,,0,"""frozen_reference""","""median_internal_fold_tau""",
897,184,204,1,165.64295708253778,173.79506824525146,-1,2021-09-10 09:00:00,2021-09-10,2021-09-09 23:00:00,2021-08-31 23:00:00,False,False,False,True,187,174.30000000000001,"""LightGBM""","""D1""",,,0,"""frozen_reference""","""median_internal_fold_tau""",
898,168,181,0,158.29097164438747,169.32885232999172,-1,2021-09-10 10:00:00,2021-09-10,2021-09-09 23:00:00,2021-08-31 23:00:00,False,False,False,True,187,174.30000000000001,"""LightGBM""","""D1""",,,0,"""frozen_reference""","""median_internal_fold_tau""",
899,181,188,1,172.70012553760048,174.33244087657221,-1,2021-09-10 11:00:00,2021-09-10,2021-09-09 23:00:00,2021-08-31 23:00:00,False,False,False,True,187,174.30000000000001,"""LightGBM""","""D1""",,,1,"""frozen_reference""","""median_internal_fold_tau""",
900,116,128,0,108.91420810286515,125.51588126659131,-1,2021-09-10 12:00:00,2021-09-10,2021-09-09 23:00:00,2021-08-31 23:00:00,False,False,False,True,187,174.30000000000001,"""LightGBM""","""D1""",,,0,"""frozen_reference""","""median_internal_fold_tau""",
901,180,191,1,167.56411044325546,178.5172034175763,-1,2021-09-10 13:00:00,2021-09-10,2021-09-09 23:00:00,2021-08-31 23:00:00,False,False,False,True,187,174.30000000000001,"""LightGBM""","""D1""",,,1,"""frozen_reference""","""median_internal_fold_tau""",
902,178,190,1,171.53153838725521,173.1253716274712,-1,2021-09-10 14:00:00,2021-09-10,2021-09-09 23:00:00,2021-08-31 23:00:00,False,False,False,True,187,174.30000000000001,"""LightGBM""","""D1""",,,0,"""frozen_reference""","""median_internal_fold_tau""",
903,171,191,1,160.15064191415786,177.57303111415942,-1,2021-09-10 15:00:00,2021-09-10,2021-09-09 23:00:00,2021-08-31 23:00:00,False,False,False,True,187,174.30000000000001,"""LightGBM""","""D1""",,,1,"""frozen_reference""","""median_internal_fold_tau""",
904,164,171,0,153.95222779750605,157.74204908574308,-1,2021-09-10 16:00:00,2021-09-10,2021-09-09 23:00:00,2021-08-31 23:00:00,False,False,False,True,187,174.30000000000001,"""LightGBM""","""D1""",,,0,"""frozen_reference""","""median_internal_fold_tau""",
905,138,157,0,137.66210774095458,162.67686481130812,-1,2021-09-10 17:00:00,2021-09-10,2021-09-09 23:00:00,2021-08-31 23:00:00,False,False,False,True,187,174.30000000000001,"""LightGBM""","""D1""",,,0,"""frozen_reference""","""median_internal_fold_tau""",
906,155,162,0,150.40656607182325,157.34528342621164,-1,2021-09-10 18:00:00,2021-09-10,2021-09-09 23:00:00,2021-08-31 23:00:00,False,False,False,True,187,174.30000000000001,"""LightGBM""","""D1""",,,0,"""frozen_reference""","""median_internal_fold_tau""",
907,142,148,0,137.8318680772164,149.87013029051059,-1,2021-09-10 19:00:00,2021-09-10,2021-09-09 23:00:00,2021-08-31 23:00:00,False,False,False,True,187,174.30000000000001,"""LightGBM""","""D1""",,,0,"""frozen_reference""","""median_internal_fold_tau""",
908,116,121,0,118.04886546227807,117.70443370538099,-1,2021-09-10 20:00:00,2021-09-10,2021-09-09 23:00:00,2021-08-31 23:00:00,False,False,False,True,187,174.30000000000001,"""LightGBM""","""D1""",,,0,"""frozen_reference""","""median_internal_fold_tau""",
909,117,126,0,113.36908888299777,108.27936930904936,-1,2021-09-10 21:00:00,2021-09-10,2021-09-09 23:00:00,2021-08-31 23:00:00,False,False,False,True,187,174.30000000000001,"""LightGBM""","""D1""",,,0,"""frozen_reference""","""median_internal_fold_tau""",
910,102,109,0,102.33967166722195,109.3816101258173,-1,2021-09-10 22:00:00,2021-09-10,2021-09-09 23:00:00,2021-08-31 23:00:00,False,False,False,True,187,174.30000000000001,"""LightGBM""","""D1""",,,0,"""frozen_reference""","""median_internal_fold_tau""",
911,88,105,0,94.072041642571136,107.83933015820479,-1,2021-09-10 23:00:00,2021-09-10,2021-09-09 23:00:00,2021-08-31 23:00:00,False,False,False,True,187,174.30000000000001,"""LightGBM""","""D1""",,,0,"""frozen_reference""","""median_internal_fold_tau""",
912,61,69,0,60.440423103845212,66.21395079118696,-1,2021-09-11 00:00:00,2021-09-11,2021-09-10 23:00:00,2021-08-31 23:00:00,False,False,False,True,187,174.30000000000001,"""LightGBM""","""D1""",,,0,"""frozen_reference""","""median_internal_fold_tau""",
913,97,105,0,109.75001206498652,119.06151332282182,-1,2021-09-11 01:00:00,2021-09-11,2021-09-10 23:00:00,2021-08-31 23:00:00,False,False,False,True,187,174.30000000000001,"""LightGBM""","""D1""",,,0,"""frozen_reference""","""median_internal_fold_tau""",
914,95,99,0,108.41976953363221,106.6296858704432,-1,2021-09-11 02:00:00,2021-09-11,2021-09-10 23:00:00,2021-08-31 23:00:00,False,False,False,True,187,174.30000000000001,"""LightGBM""","""D1""",,,0,"""frozen_reference""","""median_internal_fold_tau""",
915,94,107,0,106.02937993871195,86.400881216715575,-1,2021-09-11 03:00:00,2021-09-11,2021-09-10 23:00:00,2021-08-31 23:00:00,False,False,False,True,187,174.30000000000001,"""LightGBM""","""D1""",,,0,"""frozen_reference""","""median_internal_fold_tau""",
916,89,93,0,105.20886853173231,114.97558489711621,-1,2021-09-11 04:00:00,2021-09-11,2021-09-10 23:00:00,2021-08-31 23:00:00,False,False,False,True,187,174.30000000000001,"""LightGBM""","""D1""",,,0,"""frozen_reference""","""median_internal_fold_tau""",
917,82,98,0,96.117801567710728,101.39229055545817,-1,2021-09-11 05:00:00,2021-09-11,2021-09-10 23:00:00,2021-08-31 23:00:00,False,False,False,True,187,174.30000000000001,"""LightGBM""","""D1""",,,0,"""frozen_reference""","""median_internal_fold_tau""",
918,86,97,0,106.83049637645148,123.38201577799535,-1,2021-09-11 06:00:00,2021-09-11,2021-09-10 23:00:00,2021-08-31 23:00:00,False,False,False,True,187,174.30000000000001,"""LightGBM""","""D1""",,,0,"""frozen_reference""","""median_internal_fold_tau""",
919,51,73,0,70.749144700641764,84.022717279107241,-1,2021-09-11 07:00:00,2021-09-11,2021-09-10 23:00:00,2021-08-31 23:00:00,False,False,False,True,187,174.30000000000001,"""LightGBM""","""D1""",,,0,"""frozen_reference""","""median_internal_fold_tau""",
920,23,23,0,32.466117303706717,37.281819660023707,-1,2021-09-11 08:00:00,2021-09-11,2021-09-10 23:00:00,2021-08-31 23:00:00,False,False,False,True,187,174.30000000000001,"""LightGBM""","""D1""",,,0,"""frozen_reference""","""median_internal_fold_tau""",
921,23,23,0,32.509363609278076,36.706016147897103,-1,2021-09-11 09:00:00,2021-09-11,2021-09-10 23:00:00,2021-08-31 23:00:00,False,False,False,True,187,174.30000000000001,"""LightGBM""","""D1""",,,0,"""frozen_reference""","""median_internal_fold_tau""",
922,22,23,0,30.962875710835295,37.723294457893658,-1,2021-09-11 10:00:00,2021-09-11,2021-09-10 23:00:00,2021-08-31 23:00:00,False,False,False,True,187,174.30000000000001,"""LightGBM""","""D1""",,,0,"""frozen_reference""","""median_internal_fold_tau""",
923,23,23,0,34.149968528276808,41.189256336540417,-1,2021-09-11 11:00:00,2021-09-11,2021-09-10 23:00:00,2021-08-31 23:00:00,False,False,False,True,187,174.30000000000001,"""LightGBM""","""D1""",,,0,"""frozen_reference""","""median_internal_fold_tau""",
924,25,28,0,32.168614474879497,37.413891828347239,-1,2021-09-11 12:00:00,2021-09-11,2021-09-10 23:00:00,2021-08-31 23:00:00,False,False,False,True,187,174.30000000000001,"""LightGBM""","""D1""",,,0,"""frozen_reference""","""median_internal_fold_tau""",
925,23,25,0,31.168683518150299,37.306166251118206,-1,2021-09-11 13:00:00,2021-09-11,2021-09-10 23:00:00,2021-08-31 23:00:00,False,False,False,True,187,174.30000000000001,"""LightGBM""","""D1""",,,0,"""frozen_reference""","""median_internal_fold_tau""",
926,23,24,0,32.027622537189188,33.976426659946668,-1,2021-09-11 14:00:00,2021-09-11,2021-09-10 23:00:00,2021-08-31 23:00:00,False,False,False,True,187,174.30000000000001,"""LightGBM""","""D1""",,,0,"""frozen_reference""","""median_internal_fold_tau""",
927,24,24,0,31.330384734841822,38.670520467159314,-1,2021-09-11 15:00:00,2021-09-11,2021-09-10 23:00:00,2021-08-31 23:00:00,False,False,False,True,187,174.30000000000001,"""LightGBM""","""D1""",,,0,"""frozen_reference""","""median_internal_fold_tau""",
928,24,24,0,32.384728610661419,37.94652187446718,-1,2021-09-11 16:00:00,2021-09-11,2021-09-10 23:00:00,2021-08-31 23:00:00,False,False,False,True,187,174.30000000000001,"""LightGBM""","""D1""",,,0,"""frozen_reference""","""median_internal_fold_tau""",
929,23,24,0,32.662547859836195,38.542392291299862,-1,2021-09-11 17:00:00,2021-09-11,2021-09-10 23:00:00,2021-08-31 23:00:00,False,False,False,True,187,174.30000000000001,"""LightGBM""","""D1""",,,0,"""frozen_reference""","""median_internal_fold_tau""",
930,23,24,0,30.750012465399017,30.408262977486064,-1,2021-09-11 18:00:00,2021-09-11,2021-09-10 23:00:00,2021-08-31 23:00:00,False,False,False,True,187,174.30000000000001,"""LightGBM""","""D1""",,,0,"""frozen_reference""","""median_internal_fold_tau""",
931,25,28,0,27.143556008730162,24.059076157199996,-1,2021-09-11 19:00:00,2021-09-11,2021-09-10 23:00:00,2021-08-31 23:00:00,False,False,False,True,187,174.30000000000001,"""LightGBM""","""D1""",,,0,"""frozen_reference""","""median_internal_fold_tau""",
932,23,24,0,28.680628910200447,27.593298817408972,-1,2021-09-11 20:00:00,2021-09-11,2021-09-10 23:00:00,2021-08-31 23:00:00,False,False,False,True,187,174.30000000000001,"""LightGBM""","""D1""",,,0,"""frozen_reference""","""median_internal_fold_tau""",
933,23,24,0,26.67015645645262,25.36581736495928,-1,2021-09-11 21:00:00,2021-09-11,2021-09-10 23:00:00,2021-08-31 23:00:00,False,False,False,True,187,174.30000000000001,"""LightGBM""","""D1""",,,0,"""frozen_reference""","""median_internal_fold_tau""",
934,23,24,0,25.388552538638098,24.132846930141842,-1,2021-09-11 22:00:00,2021-09-11,2021-09-10 23:00:00,2021-08-31 23:00:00,False,False,False,True,187,174.30000000000001,"""LightGBM""","""D1""",,,0,"""frozen_reference""","""median_internal_fold_tau""",
935,23,23,0,25.799598881767391,26.324626185997527,-1,2021-09-11 23:00:00,2021-09-11,2021-09-10 23:00:00,2021-08-31 23:00:00,False,False,False,True,187,174.30000000000001,"""LightGBM""","""D1""",,,0,"""frozen_reference""","""median_internal_fold_tau""",
936,23,23,0,23.233601648793478,23.767308074738292,-1,2021-09-12 00:00:00,2021-09-12,2021-09-11 23:00:00,2021-08-31 23:00:00,False,False,False,True,187,174.30000000000001,"""LightGBM""","""D1""",,,0,"""frozen_reference""","""median_internal_fold_tau""",
937,23,24,0,22.497644354633973,23.029034604409684,-1,2021-09-12 01:00:00,2021-09-12,2021-09-11 23:00:00,2021-08-31 23:00:00,False,False,False,True,187,174.30000000000001,"""LightGBM""","""D1""",,,0,"""frozen_reference""","""median_internal_fold_tau""",
938,24,27,0,21.831949503827094,21.255436337725794,-1,2021-09-12 02:00:00,2021-09-12,2021-09-11 23:00:00,2021-08-31 23:00:00,False,False,False,True,187,174.30000000000001,"""LightGBM""","""D1""",,,0,"""frozen_reference""","""median_internal_fold_tau""",
939,23,23,0,22.539086715510948,22.279998316183342,-1,2021-09-12 03:00:00,2021-09-12,2021-09-11 23:00:00,2021-08-31 23:00:00,False,False,False,True,187,174.30000000000001,"""LightGBM""","""D1""",,,0,"""frozen_reference""","""median_internal_fold_tau""",
940,23,23,0,23.227134733550642,23.95219297844929,-1,2021-09-12 04:00:00,2021-09-12,2021-09-11 23:00:00,2021-08-31 23:00:00,False,False,False,True,187,174.30000000000001,"""LightGBM""","""D1""",,,0,"""frozen_reference""","""median_internal_fold_tau""",
941,23,23,0,21.658296467850743,21.097659260672621,-1,2021-09-12 05:00:00,2021-09-12,2021-09-11 23:00:00,2021-08-31 23:00:00,False,False,False,True,187,174.30000000000001,"""LightGBM""","""D1""",,,0,"""frozen_reference""","""median_internal_fold_tau""",
942,23,23,0,21.988917130675336,22.143709194062062,-1,2021-09-12 06:00:00,2021-09-12,2021-09-11 23:00:00,2021-08-31 23:00:00,False,False,False,True,187,174.30000000000001,"""LightGBM""","""D1""",,,0,"""frozen_reference""","""median_internal_fold_tau""",
943,23,23,0,22.064221648849532,22.891829166296084,-1,2021-09-12 07:00:00,2021-09-12,2021-09-11 23:00:00,2021-08-31 23:00:00,False,False,False,True,187,174.30000000000001,"""LightGBM""","""D1""",,,0,"""frozen_reference""","""median_internal_fold_tau""",
944,25,28,0,24.080030571245199,26.813308361317326,-1,2021-09-12 08:00:00,2021-09-12,2021-09-11 23:00:00,2021-08-31 23:00:00,False,False,False,True,187,174.30000000000001,"""LightGBM""","""D1""",,,0,"""frozen_reference""","""median_internal_fold_tau""",
945,23,24,0,23.272121260054838,23.614030815419355,-1,2021-09-12 09:00:00,2021-09-12,2021-09-11 23:00:00,2021-08-31 23:00:00,False,False,False,True,187,174.30000000000001,"""LightGBM""","""D1""",,,0,"""frozen_reference""","""median_internal_fold_tau""",
946,23,24,0,22.319185324675107,22.719561273503455,-1,2021-09-12 10:00:00,2021-09-12,2021-09-11 23:00:00,2021-08-31 23:00:00,False,False,False,True,187,174.30000000000001,"""LightGBM""","""D1""",,,0,"""frozen_reference""","""median_internal_fold_tau""",
947,23,23,0,22.935647626926038,22.686487969029095,-1,2021-09-12 11:00:00,2021-09-12,2021-09-11 23:00:00,2021-08-31 23:00:00,False,False,False,True,187,174.30000000000001,"""LightGBM""","""D1""",,,0,"""frozen_reference""","""median_internal_fold_tau""",
948,23,23,0,22.666474029200572,22.014475755501142,-1,2021-09-12 12:00:00,2021-09-12,2021-09-11 23:00:00,2021-08-31 23:00:00,False,False,False,True,187,174.30000000000001,"""LightGBM""","""D1""",,,0,"""frozen_reference""","""median_internal_fold_tau""",
949,23,23,0,21.862317408976519,22.671653409514857,-1,2021-09-12 13:00:00,2021-09-12,2021-09-11 23:00:00,2021-08-31 23:00:00,False,False,False,True,187,174.30000000000001,"""LightGBM""","""D1""",,,0,"""frozen_reference""","""median_internal_fold_tau""",
950,25,28,0,23.185776864751187,23.357804428659406,-1,2021-09-12 14:00:00,2021-09-12,2021-09-11 23:00:00,2021-08-31 23:00:00,False,False,False,True,187,174.30000000000001,"""LightGBM""","""D1""",,,0,"""frozen_reference""","""median_internal_fold_tau""",
951,23,24,0,23.822868113157334,25.076790137427288,-1,2021-09-12 15:00:00,2021-09-12,2021-09-11 23:00:00,2021-08-31 23:00:00,False,False,False,True,187,174.30000000000001,"""LightGBM""","""D1""",,,0,"""frozen_reference""","""median_internal_fold_tau""",
952,24,24,0,23.009280284298011,22.888169307193873,-1,2021-09-12 16:00:00,2021-09-12,2021-09-11 23:00:00,2021-08-31 23:00:00,False,False,False,True,187,174.30000000000001,"""LightGBM""","""D1""",,,0,"""frozen_reference""","""median_internal_fold_tau""",
953,23,23,0,22.792445595465288,22.087574671601416,-1,2021-09-12 17:00:00,2021-09-12,2021-09-11 23:00:00,2021-08-31 23:00:00,False,False,False,True,187,174.30000000000001,"""LightGBM""","""D1""",,,0,"""frozen_reference""","""median_internal_fold_tau""",
954,23,24,0,22.299880240876423,22.561937469503111,-1,2021-09-12 18:00:00,2021-09-12,2021-09-11 23:00:00,2021-08-31 23:00:00,False,False,False,True,187,174.30000000000001,"""LightGBM""","""D1""",,,0,"""frozen_reference""","""median_internal_fold_tau""",
955,23,24,0,23.102109605683612,23.400743199057089,-1,2021-09-12 19:00:00,2021-09-12,2021-09-11 23:00:00,2021-08-31 23:00:00,False,False,False,True,187,174.30000000000001,"""LightGBM""","""D1""",,,0,"""frozen_reference""","""median_internal_fold_tau""",
956,23,24,0,23.020143272441032,22.417283069116682,-1,2021-09-12 20:00:00,2021-09-12,2021-09-11 23:00:00,2021-08-31 23:00:00,False,False,False,True,187,174.30000000000001,"""LightGBM""","""D1""",,,0,"""frozen_reference""","""median_internal_fold_tau""",
957,25,28,0,23.329766502111539,22.920589114415879,-1,2021-09-12 21:00:00,2021-09-12,2021-09-11 23:00:00,2021-08-31 23:00:00,False,False,False,True,187,174.30000000000001,"""LightGBM""","""D1""",,,0,"""frozen_reference""","""median_internal_fold_tau""",
958,23,24,0,23.313760000392968,23.922389613700737,-1,2021-09-12 22:00:00,2021-09-12,2021-09-11 23:00:00,2021-08-31 23:00:00,False,False,False,True,187,174.30000000000001,"""LightGBM""","""D1""",,,0,"""frozen_reference""","""median_internal_fold_tau""",
959,23,24,0,23.121673862475255,23.079589118554598,-1,2021-09-12 23:00:00,2021-09-12,2021-09-11 23:00:00,2021-08-31 23:00:00,False,False,False,True,187,174.30000000000001,"""LightGBM""","""D1""",,,0,"""frozen_reference""","""median_internal_fold_tau""",
960,23,23,0,24.929118836433982,26.647973449027255,-1,2021-09-13 00:00:00,2021-09-13,2021-09-12 23:00:00,2021-08-31 23:00:00,False,False,False,True,187,174.30000000000001,"""LightGBM""","""D1""",,,0,"""frozen_reference""","""median_internal_fold_tau""",
961,23,23,0,24.476486290994522,25.921492249919783,-1,2021-09-13 01:00:00,2021-09-13,2021-09-12 23:00:00,2021-08-31 23:00:00,False,False,False,True,187,174.30000000000001,"""LightGBM""","""D1""",,,0,"""frozen_reference""","""median_internal_fold_tau""",
962,23,23,0,24.055872766623629,27.046977045451701,-1,2021-09-13 02:00:00,2021-09-13,2021-09-12 23:00:00,2021-08-31 23:00:00,False,False,False,True,187,174.30000000000001,"""LightGBM""","""D1""",,,0,"""frozen_reference""","""median_internal_fold_tau""",
963,24,25,0,24.081448023433669,26.062829664472453,-1,2021-09-13 03:00:00,2021-09-13,2021-09-12 23:00:00,2021-08-31 23:00:00,False,False,False,True,187,174.30000000000001,"""LightGBM""","""D1""",,,0,"""frozen_reference""","""median_internal_fold_tau""",
964,24,28,0,24.955680846024123,25.102846834654105,-1,2021-09-13 04:00:00,2021-09-13,2021-09-12 23:00:00,2021-08-31 23:00:00,False,False,False,True,187,174.30000000000001,"""LightGBM""","""D1""",,,0,"""frozen_reference""","""median_internal_fold_tau""",
965,23,23,0,23.696142006636418,25.494496693335503,-1,2021-09-13 05:00:00,2021-09-13,2021-09-12 23:00:00,2021-08-31 23:00:00,False,False,False,True,187,174.30000000000001,"""LightGBM""","""D1""",,,0,"""frozen_reference""","""median_internal_fold_tau""",
966,23,24,0,24.532949121282869,26.636145706887167,-1,2021-09-13 06:00:00,2021-09-13,2021-09-12 23:00:00,2021-08-31 23:00:00,False,False,False,True,187,174.30000000000001,"""LightGBM""","""D1""",,,0,"""frozen_reference""","""median_internal_fold_tau""",
967,63,111,0,83.502769010332173,114.35445504827734,-1,2021-09-13 07:00:00,2021-09-13,2021-09-12 23:00:00,2021-08-31 23:00:00,False,False,False,True,187,174.30000000000001,"""LightGBM""","""D1""",,,0,"""frozen_reference""","""median_internal_fold_tau""",
968,185,196,1,174.1502801287258,188.41108218345872,-1,2021-09-13 08:00:00,2021-09-13,2021-09-12 23:00:00,2021-08-31 23:00:00,False,False,False,True,187,174.30000000000001,"""LightGBM""","""D1""",,,1,"""frozen_reference""","""median_internal_fold_tau""",
969,183,188,1,165.52888522097652,182.01466677886947,-1,2021-09-13 09:00:00,2021-09-13,2021-09-12 23:00:00,2021-08-31 23:00:00,False,False,False,True,187,174.30000000000001,"""LightGBM""","""D1""",,,1,"""frozen_reference""","""median_internal_fold_tau""",
970,177,189,1,164.79298496148976,182.64535106447659,-1,2021-09-13 10:00:00,2021-09-13,2021-09-12 23:00:00,2021-08-31 23:00:00,False,False,False,True,187,174.30000000000001,"""LightGBM""","""D1""",,,1,"""frozen_reference""","""median_internal_fold_tau""",
971,182,191,1,170.60286138333765,183.50017053476878,-1,2021-09-13 11:00:00,2021-09-13,2021-09-12 23:00:00,2021-08-31 23:00:00,False,False,False,True,187,174.30000000000001,"""LightGBM""","""D1""",,,1,"""frozen_reference""","""median_internal_fold_tau""",
972,117,130,0,105.77390699708012,127.60079769423056,-1,2021-09-13 12:00:00,2021-09-13,2021-09-12 23:00:00,2021-08-31 23:00:00,False,False,False,True,187,174.30000000000001,"""LightGBM""","""D1""",,,0,"""frozen_reference""","""median_internal_fold_tau""",
973,184,191,1,167.73420029750878,178.92085589274262,-1,2021-09-13 13:00:00,2021-09-13,2021-09-12 23:00:00,2021-08-31 23:00:00,False,False,False,True,187,174.30000000000001,"""LightGBM""","""D1""",,,1,"""frozen_reference""","""median_internal_fold_tau""",
974,180,182,0,165.58046990224651,180.13446231961456,-1,2021-09-13 14:00:00,2021-09-13,2021-09-12 23:00:00,2021-08-31 23:00:00,False,False,False,True,187,174.30000000000001,"""LightGBM""","""D1""",,,1,"""frozen_reference""","""median_internal_fold_tau""",
975,168,177,0,159.88888987254919,179.12540870424192,-1,2021-09-13 15:00:00,2021-09-13,2021-09-12 23:00:00,2021-08-31 23:00:00,False,False,False,True,187,174.30000000000001,"""LightGBM""","""D1""",,,1,"""frozen_reference""","""median_internal_fold_tau""",
976,175,182,0,152.86714483608472,176.28632499521063,-1,2021-09-13 16:00:00,2021-09-13,2021-09-12 23:00:00,2021-08-31 23:00:00,False,False,False,True,187,174.30000000000001,"""LightGBM""","""D1""",,,1,"""frozen_reference""","""median_internal_fold_tau""",
977,132,160,0,134.53234042463936,158.21449266408413,-1,2021-09-13 17:00:00,2021-09-13,2021-09-12 23:00:00,2021-08-31 23:00:00,False,False,False,True,187,174.30000000000001,"""LightGBM""","""D1""",,,0,"""frozen_reference""","""median_internal_fold_tau""",
978,145,162,0,151.08269594203051,162.14340287535245,-1,2021-09-13 18:00:00,2021-09-13,2021-09-12 23:00:00,2021-08-31 23:00:00,False,False,False,True,187,174.30000000000001,"""LightGBM""","""D1""",,,0,"""frozen_reference""","""median_internal_fold_tau""",
979,148,162,0,143.31629599921547,148.08208341423713,-1,2021-09-13 19:00:00,2021-09-13,2021-09-12 23:00:00,2021-08-31 23:00:00,False,False,False,True,187,174.30000000000001,"""LightGBM""","""D1""",,,0,"""frozen_reference""","""median_internal_fold_tau""",
980,121,126,0,117.25350265263397,127.59630992943509,-1,2021-09-13 20:00:00,2021-09-13,2021-09-12 23:00:00,2021-08-31 23:00:00,False,False,False,True,187,174.30000000000001,"""LightGBM""","""D1""",,,0,"""frozen_reference""","""median_internal_fold_tau""",
981,123,131,0,117.01123903405183,128.62025833516219,-1,2021-09-13 21:00:00,2021-09-13,2021-09-12 23:00:00,2021-08-31 23:00:00,False,False,False,True,187,174.30000000000001,"""LightGBM""","""D1""",,,0,"""frozen_reference""","""median_internal_fold_tau""",
982,110,122,0,104.73887615608021,116.83375539317326,-1,2021-09-13 22:00:00,2021-09-13,2021-09-12 23:00:00,2021-08-31 23:00:00,False,False,False,True,187,174.30000000000001,"""LightGBM""","""D1""",,,0,"""frozen_reference""","""median_internal_fold_tau""",
983,108,123,0,105.52600337137598,116.66882159096627,-1,2021-09-13 23:00:00,2021-09-13,2021-09-12 23:00:00,2021-08-31 23:00:00,False,False,False,True,187,174.30000000000001,"""LightGBM""","""D1""",,,0,"""frozen_reference""","""median_internal_fold_tau""",
984,70,72,0,63.399179843285353,85.217088813664731,-1,2021-09-14 00:00:00,2021-09-14,2021-09-13 23:00:00,2021-08-31 23:00:00,False,False,False,True,187,174.30000000000001,"""LightGBM""","""D1""",,,0,"""frozen_reference""","""median_internal_fold_tau""",
985,110,116,0,106.37504263326561,113.97628440448756,-1,2021-09-14 01:00:00,2021-09-14,2021-09-13 23:00:00,2021-08-31 23:00:00,False,False,False,True,187,174.30000000000001,"""LightGBM""","""D1""",,,0,"""frozen_reference""","""median_internal_fold_tau""",
986,112,115,0,111.84279994714321,114.07454416970798,-1,2021-09-14 02:00:00,2021-09-14,2021-09-13 23:00:00,2021-08-31 23:00:00,False,False,False,True,187,174.30000000000001,"""LightGBM""","""D1""",,,0,"""frozen_reference""","""median_internal_fold_tau""",
987,105,114,0,106.52923498369572,116.27156142983159,-1,2021-09-14 03:00:00,2021-09-14,2021-09-13 23:00:00,2021-08-31 23:00:00,False,False,False,True,187,174.30000000000001,"""LightGBM""","""D1""",,,0,"""frozen_reference""","""median_internal_fold_tau""",
988,111,115,0,111.5623034493333,117.51270485036459,-1,2021-09-14 04:00:00,2021-09-14,2021-09-13 23:00:00,2021-08-31 23:00:00,False,False,False,True,187,174.30000000000001,"""LightGBM""","""D1""",,,0,"""frozen_reference""","""median_internal_fold_tau""",
989,93,115,0,99.739439994210457,116.37910095805616,-1,2021-09-14 05:00:00,2021-09-14,2021-09-13 23:00:00,2021-08-31 23:00:00,False,False,False,True,187,174.30000000000001,"""LightGBM""","""D1""",,,0,"""frozen_reference""","""median_internal_fold_tau""",
990,108,112,0,119.42600919412531,126.90802655357417,-1,2021-09-14 06:00:00,2021-09-14,2021-09-13 23:00:00,2021-08-31 23:00:00,False,False,False,True,187,174.30000000000001,"""LightGBM""","""D1""",,,0,"""frozen_reference""","""median_internal_fold_tau""",
991,140,156,0,137.63892102651403,161.36812515228439,-1,2021-09-14 07:00:00,2021-09-14,2021-09-13 23:00:00,2021-08-31 23:00:00,False,False,False,True,187,174.30000000000001,"""LightGBM""","""D1""",,,0,"""frozen_reference""","""median_internal_fold_tau""",
992,174,184,0,175.70464797502942,192.45821600939752,-1,2021-09-14 08:00:00,2021-09-14,2021-09-13 23:00:00,2021-08-31 23:00:00,False,False,False,True,187,174.30000000000001,"""LightGBM""","""D1""",,,1,"""frozen_reference""","""median_internal_fold_tau""",
993,166,178,0,176.46894598607187,185.59985901340082,-1,2021-09-14 09:00:00,2021-09-14,2021-09-13 23:00:00,2021-08-31 23:00:00,False,False,False,True,187,174.30000000000001,"""LightGBM""","""D1""",,,1,"""frozen_reference""","""median_internal_fold_tau""",
994,152,161,0,173.80934795079455,187.42742917651384,-1,2021-09-14 10:00:00,2021-09-14,2021-09-13 23:00:00,2021-08-31 23:00:00,False,False,False,True,187,174.30000000000001,"""LightGBM""","""D1""",,,1,"""frozen_reference""","""median_internal_fold_tau""",
995,170,180,0,177.95835523562931,187.62100621195506,-1,2021-09-14 11:00:00,2021-09-14,2021-09-13 23:00:00,2021-08-31 23:00:00,False,False,False,True,187,174.30000000000001,"""LightGBM""","""D1""",,,1,"""frozen_reference""","""median_internal_fold_tau""",
996,118,135,0,121.25201408270387,137.04043258427114,-1,2021-09-14 12:00:00,2021-09-14,2021-09-13 23:00:00,2021-08-31 23:00:00,False,False,False,True,187,174.30000000000001,"""LightGBM""","""D1""",,,0,"""frozen_reference""","""median_internal_fold_tau""",
997,163,173,0,175.88355468654032,187.83883449842816,-1,2021-09-14 13:00:00,2021-09-14,2021-09-13 23:00:00,2021-08-31 23:00:00,False,False,False,True,187,174.30000000000001,"""LightGBM""","""D1""",,,1,"""frozen_reference""","""median_internal_fold_tau""",
998,158,162,0,172.62012807557784,185.37800985484461,-1,2021-09-14 14:00:00,2021-09-14,2021-09-13 23:00:00,2021-08-31 23:00:00,False,False,False,True,187,174.30000000000001,"""LightGBM""","""D1""",,,1,"""frozen_reference""","""median_internal_fold_tau""",
999,161,175,0,165.0909357273645,184.08037208338172,-1,2021-09-14 15:00:00,2021-09-14,2021-09-13 23:00:00,2021-08-31 23:00:00,False,False,False,True,187,174.30000000000001,"""LightGBM""","""D1""",,,1,"""frozen_reference""","""median_internal_fold_tau""",
1000,160,165,0,169.46025208700843,185.7826596363864,-1,2021-09-14 16:00:00,2021-09-14,2021-09-13 23:00:00,2021-08-31 23:00:00,False,False,False,True,187,174.30000000000001,"""LightGBM""","""D1""",,,1,"""frozen_reference""","""median_internal_fold_tau""",
1001,123,146,0,138.86146296964796,165.8922879690615,-1,2021-09-14 17:00:00,2021-09-14,2021-09-13 23:00:00,2021-08-31 23:00:00,False,False,False,True,187,174.30000000000001,"""LightGBM""","""D1""",,,0,"""frozen_reference""","""median_internal_fold_tau""",
1002,158,164,0,151.89055272925717,167.31843782341616,-1,2021-09-14 18:00:00,2021-09-14,2021-09-13 23:00:00,2021-08-31 23:00:00,False,False,False,True,187,174.30000000000001,"""LightGBM""","""D1""",,,0,"""frozen_reference""","""median_internal_fold_tau""",
1003,153,171,0,152.41751843924237,164.29753967590673,-1,2021-09-14 19:00:00,2021-09-14,2021-09-13 23:00:00,2021-08-31 23:00:00,False,False,False,True,187,174.30000000000001,"""LightGBM""","""D1""",,,0,"""frozen_reference""","""median_internal_fold_tau""",
1004,128,130,0,134.23332726611491,136.71131084124835,-1,2021-09-14 20:00:00,2021-09-14,2021-09-13 23:00:00,2021-08-31 23:00:00,False,False,False,True,187,174.30000000000001,"""LightGBM""","""D1""",,,0,"""frozen_reference""","""median_internal_fold_tau""",
1005,128,134,0,131.28404138098728,131.5274908264299,-1,2021-09-14 21:00:00,2021-09-14,2021-09-13 23:00:00,2021-08-31 23:00:00,False,False,False,True,187,174.30000000000001,"""LightGBM""","""D1""",,,0,"""frozen_reference""","""median_internal_fold_tau""",
1006,111,120,0,115.06068205014526,122.62412869226178,-1,2021-09-14 22:00:00,2021-09-14,2021-09-13 23:00:00,2021-08-31 23:00:00,False,False,False,True,187,174.30000000000001,"""LightGBM""","""D1""",,,0,"""frozen_reference""","""median_internal_fold_tau""",
1007,110,119,0,111.73843613870126,125.08409382609089,-1,2021-09-14 23:00:00,2021-09-14,2021-09-13 23:00:00,2021-08-31 23:00:00,False,False,False,True,187,174.30000000000001,"""LightGBM""","""D1""",,,0,"""frozen_reference""","""median_internal_fold_tau""",
1008,74,83,0,71.191641481558378,75.120285377109965,-1,2021-09-01 00:00:00,2021-09-01,2021-08-31 23:00:00,2021-08-31 23:00:00,False,False,False,True,187,174.07499999999999,"""2단계 레짐(2분류)""","""D1""",,,0,"""frozen_reference""","""median_internal_fold_tau""",
1009,109,117,0,104.75851342480949,112.35802734084433,-1,2021-09-01 01:00:00,2021-09-01,2021-08-31 23:00:00,2021-08-31 23:00:00,False,False,False,True,187,174.07499999999999,"""2단계 레짐(2분류)""","""D1""",,,0,"""frozen_reference""","""median_internal_fold_tau""",
1010,114,121,0,107.11745759042182,111.62597798915617,-1,2021-09-01 02:00:00,2021-09-01,2021-08-31 23:00:00,2021-08-31 23:00:00,False,False,False,True,187,174.07499999999999,"""2단계 레짐(2분류)""","""D1""",,,0,"""frozen_reference""","""median_internal_fold_tau""",
1011,99,103,0,104.39254885988717,109.86115920700708,-1,2021-09-01 03:00:00,2021-09-01,2021-08-31 23:00:00,2021-08-31 23:00:00,False,False,False,True,187,174.07499999999999,"""2단계 레짐(2분류)""","""D1""",,,0,"""frozen_reference""","""median_internal_fold_tau""",
1012,115,119,0,109.6735771648268,111.91581204254216,-1,2021-09-01 04:00:00,2021-09-01,2021-08-31 23:00:00,2021-08-31 23:00:00,False,False,False,True,187,174.07499999999999,"""2단계 레짐(2분류)""","""D1""",,,0,"""frozen_reference""","""median_internal_fold_tau""",
1013,92,112,0,95.644359345810258,111.05073615902008,-1,2021-09-01 05:00:00,2021-09-01,2021-08-31 23:00:00,2021-08-31 23:00:00,False,False,False,True,187,174.07499999999999,"""2단계 레짐(2분류)""","""D1""",,,0,"""frozen_reference""","""median_internal_fold_tau""",
1014,116,119,0,109.04742368184625,113.96540514902735,-1,2021-09-01 06:00:00,2021-09-01,2021-08-31 23:00:00,2021-08-31 23:00:00,False,False,False,True,187,174.07499999999999,"""2단계 레짐(2분류)""","""D1""",,,0,"""frozen_reference""","""median_internal_fold_tau""",
1015,124,139,0,129.73411160611673,154.27857869342233,-1,2021-09-01 07:00:00,2021-09-01,2021-08-31 23:00:00,2021-08-31 23:00:00,False,False,False,True,187,174.07499999999999,"""2단계 레짐(2분류)""","""D1""",,,0,"""frozen_reference""","""median_internal_fold_tau""",
1016,180,198,1,171.56048299426769,183.9303579304073,-1,2021-09-01 08:00:00,2021-09-01,2021-08-31 23:00:00,2021-08-31 23:00:00,False,False,False,True,187,174.07499999999999,"""2단계 레짐(2분류)""","""D1""",,,1,"""frozen_reference""","""median_internal_fold_tau""",
1017,182,189,1,169.61832458358043,181.60463277409869,-1,2021-09-01 09:00:00,2021-09-01,2021-08-31 23:00:00,2021-08-31 23:00:00,False,False,False,True,187,174.07499999999999,"""2단계 레짐(2분류)""","""D1""",,,1,"""frozen_reference""","""median_internal_fold_tau""",
1018,185,196,1,173.79361490646087,179.08185704545022,-1,2021-09-01 10:00:00,2021-09-01,2021-08-31 23:00:00,2021-08-31 23:00:00,False,False,False,True,187,174.07499999999999,"""2단계 레짐(2분류)""","""D1""",,,1,"""frozen_reference""","""median_internal_fold_tau""",
1019,174,180,0,172.90855293148084,181.22366967463029,-1,2021-09-01 11:00:00,2021-09-01,2021-08-31 23:00:00,2021-08-31 23:00:00,False,False,False,True,187,174.07499999999999,"""2단계 레짐(2분류)""","""D1""",,,1,"""frozen_reference""","""median_internal_fold_tau""",
1020,117,138,0,111.23733004679349,124.62511141486733,-1,2021-09-01 12:00:00,2021-09-01,2021-08-31 23:00:00,2021-08-31 23:00:00,False,False,False,True,187,174.07499999999999,"""2단계 레짐(2분류)""","""D1""",,,0,"""frozen_reference""","""median_internal_fold_tau""",
1021,182,190,1,176.40992968159978,181.12513789163137,-1,2021-09-01 13:00:00,2021-09-01,2021-08-31 23:00:00,2021-08-31 23:00:00,False,False,False,True,187,174.07499999999999,"""2단계 레짐(2분류)""","""D1""",,,1,"""frozen_reference""","""median_internal_fold_tau""",
1022,184,192,1,170.32820898377514,173.58180741599509,-1,2021-09-01 14:00:00,2021-09-01,2021-08-31 23:00:00,2021-08-31 23:00:00,False,False,False,True,187,174.07499999999999,"""2단계 레짐(2분류)""","""D1""",,,0,"""frozen_reference""","""median_internal_fold_tau""",
1023,173,182,0,162.29351034145787,174.65916531179869,-1,2021-09-01 15:00:00,2021-09-01,2021-08-31 23:00:00,2021-08-31 23:00:00,False,False,False,True,187,174.07499999999999,"""2단계 레짐(2분류)""","""D1""",,,1,"""frozen_reference""","""median_internal_fold_tau""",
1024,176,187,1,165.8942150319161,169.57421124185888,-1,2021-09-01 16:00:00,2021-09-01,2021-08-31 23:00:00,2021-08-31 23:00:00,False,False,False,True,187,174.07499999999999,"""2단계 레짐(2분류)""","""D1""",,,0,"""frozen_reference""","""median_internal_fold_tau""",
1025,139,180,0,139.54096374031263,168.1385796320701,-1,2021-09-01 17:00:00,2021-09-01,2021-08-31 23:00:00,2021-08-31 23:00:00,False,False,False,True,187,174.07499999999999,"""2단계 레짐(2분류)""","""D1""",,,0,"""frozen_reference""","""median_internal_fold_tau""",
1026,163,167,0,154.33557373136117,162.8652555970757,-1,2021-09-01 18:00:00,2021-09-01,2021-08-31 23:00:00,2021-08-31 23:00:00,False,False,False,True,187,174.07499999999999,"""2단계 레짐(2분류)""","""D1""",,,0,"""frozen_reference""","""median_internal_fold_tau""",
1027,152,163,0,139.984849134071,154.12058608621095,-1,2021-09-01 19:00:00,2021-09-01,2021-08-31 23:00:00,2021-08-31 23:00:00,False,False,False,True,187,174.07499999999999,"""2단계 레짐(2분류)""","""D1""",,,0,"""frozen_reference""","""median_internal_fold_tau""",
1028,129,139,0,116.37866662155719,123.38064777174586,-1,2021-09-01 20:00:00,2021-09-01,2021-08-31 23:00:00,2021-08-31 23:00:00,False,False,False,True,187,174.07499999999999,"""2단계 레짐(2분류)""","""D1""",,,0,"""frozen_reference""","""median_internal_fold_tau""",
1029,131,133,0,123.78736837951041,131.1371244840571,-1,2021-09-01 21:00:00,2021-09-01,2021-08-31 23:00:00,2021-08-31 23:00:00,False,False,False,True,187,174.07499999999999,"""2단계 레짐(2분류)""","""D1""",,,0,"""frozen_reference""","""median_internal_fold_tau""",
1030,119,128,0,115.53283914978044,119.44894358455601,-1,2021-09-01 22:00:00,2021-09-01,2021-08-31 23:00:00,2021-08-31 23:00:00,False,False,False,True,187,174.07499999999999,"""2단계 레짐(2분류)""","""D1""",,,0,"""frozen_reference""","""median_internal_fold_tau""",
1031,114,121,0,106.84367825326933,117.96853629890389,-1,2021-09-01 23:00:00,2021-09-01,2021-08-31 23:00:00,2021-08-31 23:00:00,False,False,False,True,187,174.07499999999999,"""2단계 레짐(2분류)""","""D1""",,,0,"""frozen_reference""","""median_internal_fold_tau""",
1032,79,87,0,75.954508097424338,80.428942599952777,-1,2021-09-02 00:00:00,2021-09-02,2021-09-01 23:00:00,2021-08-31 23:00:00,False,False,False,True,187,174.07499999999999,"""2단계 레짐(2분류)""","""D1""",,,0,"""frozen_reference""","""median_internal_fold_tau""",
1033,112,119,0,107.9490839542562,112.42005432227877,-1,2021-09-02 01:00:00,2021-09-02,2021-09-01 23:00:00,2021-08-31 23:00:00,False,False,False,True,187,174.07499999999999,"""2단계 레짐(2분류)""","""D1""",,,0,"""frozen_reference""","""median_internal_fold_tau""",
1034,114,119,0,113.86497133340339,116.64723738052132,-1,2021-09-02 02:00:00,2021-09-02,2021-09-01 23:00:00,2021-08-31 23:00:00,False,False,False,True,187,174.07499999999999,"""2단계 레짐(2분류)""","""D1""",,,0,"""frozen_reference""","""median_internal_fold_tau""",
1035,106,118,0,103.40282271896714,111.15535650792762,-1,2021-09-02 03:00:00,2021-09-02,2021-09-01 23:00:00,2021-08-31 23:00:00,False,False,False,True,187,174.07499999999999,"""2단계 레짐(2분류)""","""D1""",,,0,"""frozen_reference""","""median_internal_fold_tau""",
1036,114,120,0,112.89264554319018,114.23006134563487,-1,2021-09-02 04:00:00,2021-09-02,2021-09-01 23:00:00,2021-08-31 23:00:00,False,False,False,True,187,174.07499999999999,"""2단계 레짐(2분류)""","""D1""",,,0,"""frozen_reference""","""median_internal_fold_tau""",
1037,93,108,0,95.00458258939247,111.38012981732169,-1,2021-09-02 05:00:00,2021-09-02,2021-09-01 23:00:00,2021-08-31 23:00:00,False,False,False,True,187,174.07499999999999,"""2단계 레짐(2분류)""","""D1""",,,0,"""frozen_reference""","""median_internal_fold_tau""",
1038,115,117,0,113.503285426166,115.76747383570368,-1,2021-09-02 06:00:00,2021-09-02,2021-09-01 23:00:00,2021-08-31 23:00:00,False,False,False,True,187,174.07499999999999,"""2단계 레짐(2분류)""","""D1""",,,0,"""frozen_reference""","""median_internal_fold_tau""",
1039,141,160,0,131.71182623964808,154.10188277671813,-1,2021-09-02 07:00:00,2021-09-02,2021-09-01 23:00:00,2021-08-31 23:00:00,False,False,False,True,187,174.07499999999999,"""2단계 레짐(2분류)""","""D1""",,,0,"""frozen_reference""","""median_internal_fold_tau""",
1040,166,171,0,169.30656539504037,187.35371856637391,-1,2021-09-02 08:00:00,2021-09-02,2021-09-01 23:00:00,2021-08-31 23:00:00,False,False,False,True,187,174.07499999999999,"""2단계 레짐(2분류)""","""D1""",,,1,"""frozen_reference""","""median_internal_fold_tau""",
1041,184,198,1,175.30987747025804,188.95488069970705,-1,2021-09-02 09:00:00,2021-09-02,2021-09-01 23:00:00,2021-08-31 23:00:00,False,False,False,True,187,174.07499999999999,"""2단계 레짐(2분류)""","""D1""",,,1,"""frozen_reference""","""median_internal_fold_tau""",
1042,179,188,1,169.9314582824276,185.61392571147942,-1,2021-09-02 10:00:00,2021-09-02,2021-09-01 23:00:00,2021-08-31 23:00:00,False,False,False,True,187,174.07499999999999,"""2단계 레짐(2분류)""","""D1""",,,1,"""frozen_reference""","""median_internal_fold_tau""",
1043,182,188,1,175.41981565025617,182.81784041684733,-1,2021-09-02 11:00:00,2021-09-02,2021-09-01 23:00:00,2021-08-31 23:00:00,False,False,False,True,187,174.07499999999999,"""2단계 레짐(2분류)""","""D1""",,,1,"""frozen_reference""","""median_internal_fold_tau""",
1044,112,130,0,109.04974717523672,119.37564343448649,-1,2021-09-02 12:00:00,2021-09-02,2021-09-01 23:00:00,2021-08-31 23:00:00,False,False,False,True,187,174.07499999999999,"""2단계 레짐(2분류)""","""D1""",,,0,"""frozen_reference""","""median_internal_fold_tau""",
1045,174,183,0,170.26773469063767,182.78529716882593,-1,2021-09-02 13:00:00,2021-09-02,2021-09-01 23:00:00,2021-08-31 23:00:00,False,False,False,True,187,174.07499999999999,"""2단계 레짐(2분류)""","""D1""",,,1,"""frozen_reference""","""median_internal_fold_tau""",
1046,192,195,1,176.26532061709116,185.82052063301066,-1,2021-09-02 14:00:00,2021-09-02,2021-09-01 23:00:00,2021-08-31 23:00:00,False,False,False,True,187,174.07499999999999,"""2단계 레짐(2분류)""","""D1""",,,1,"""frozen_reference""","""median_internal_fold_tau""",
1047,170,177,0,169.63757767825959,180.26012297422497,-1,2021-09-02 15:00:00,2021-09-02,2021-09-01 23:00:00,2021-08-31 23:00:00,False,False,False,True,187,174.07499999999999,"""2단계 레짐(2분류)""","""D1""",,,1,"""frozen_reference""","""median_internal_fold_tau""",
1048,174,181,0,162.7815011601302,175.0227545425733,-1,2021-09-02 16:00:00,2021-09-02,2021-09-01 23:00:00,2021-08-31 23:00:00,False,False,False,True,187,174.07499999999999,"""2단계 레짐(2분류)""","""D1""",,,1,"""frozen_reference""","""median_internal_fold_tau""",
1049,132,153,0,131.23810244032722,157.69751151678045,-1,2021-09-02 17:00:00,2021-09-02,2021-09-01 23:00:00,2021-08-31 23:00:00,False,False,False,True,187,174.07499999999999,"""2단계 레짐(2분류)""","""D1""",,,0,"""frozen_reference""","""median_internal_fold_tau""",
1050,159,167,0,157.96343367798485,166.05672109857028,-1,2021-09-02 18:00:00,2021-09-02,2021-09-01 23:00:00,2021-08-31 23:00:00,False,False,False,True,187,174.07499999999999,"""2단계 레짐(2분류)""","""D1""",,,0,"""frozen_reference""","""median_internal_fold_tau""",
1051,161,173,0,154.35650601349596,154.02796656278892,-1,2021-09-02 19:00:00,2021-09-02,2021-09-01 23:00:00,2021-08-31 23:00:00,False,False,False,True,187,174.07499999999999,"""2단계 레짐(2분류)""","""D1""",,,0,"""frozen_reference""","""median_internal_fold_tau""",
1052,132,143,0,117.48994989361466,123.0417086362457,-1,2021-09-02 20:00:00,2021-09-02,2021-09-01 23:00:00,2021-08-31 23:00:00,False,False,False,True,187,174.07499999999999,"""2단계 레짐(2분류)""","""D1""",,,0,"""frozen_reference""","""median_internal_fold_tau""",
1053,131,138,0,123.54426350785559,127.61785173341868,-1,2021-09-02 21:00:00,2021-09-02,2021-09-01 23:00:00,2021-08-31 23:00:00,False,False,False,True,187,174.07499999999999,"""2단계 레짐(2분류)""","""D1""",,,0,"""frozen_reference""","""median_internal_fold_tau""",
1054,114,129,0,115.01794139966319,120.46986220366051,-1,2021-09-02 22:00:00,2021-09-02,2021-09-01 23:00:00,2021-08-31 23:00:00,False,False,False,True,187,174.07499999999999,"""2단계 레짐(2분류)""","""D1""",,,0,"""frozen_reference""","""median_internal_fold_tau""",
1055,119,129,0,108.86133261040095,117.65285083673041,-1,2021-09-02 23:00:00,2021-09-02,2021-09-01 23:00:00,2021-08-31 23:00:00,False,False,False,True,187,174.07499999999999,"""2단계 레짐(2분류)""","""D1""",,,0,"""frozen_reference""","""median_internal_fold_tau""",
1056,69,71,0,74.899214535827923,78.975703180750301,-1,2021-09-03 00:00:00,2021-09-03,2021-09-02 23:00:00,2021-08-31 23:00:00,False,False,False,True,187,174.07499999999999,"""2단계 레짐(2분류)""","""D1""",,,0,"""frozen_reference""","""median_internal_fold_tau""",
1057,109,119,0,111.3212229560061,118.26751640295434,-1,2021-09-03 01:00:00,2021-09-03,2021-09-02 23:00:00,2021-08-31 23:00:00,False,False,False,True,187,174.07499999999999,"""2단계 레짐(2분류)""","""D1""",,,0,"""frozen_reference""","""median_internal_fold_tau""",
1058,112,117,0,114.56053663827299,119.33446215794358,-1,2021-09-03 02:00:00,2021-09-03,2021-09-02 23:00:00,2021-08-31 23:00:00,False,False,False,True,187,174.07499999999999,"""2단계 레짐(2분류)""","""D1""",,,0,"""frozen_reference""","""median_internal_fold_tau""",
1059,110,114,0,104.92191792861541,113.47649095561084,-1,2021-09-03 03:00:00,2021-09-03,2021-09-02 23:00:00,2021-08-31 23:00:00,False,False,False,True,187,174.07499999999999,"""2단계 레짐(2분류)""","""D1""",,,0,"""frozen_reference""","""median_internal_fold_tau""",
1060,107,113,0,117.80459681207336,118.75005915931024,-1,2021-09-03 04:00:00,2021-09-03,2021-09-02 23:00:00,2021-08-31 23:00:00,False,False,False,True,187,174.07499999999999,"""2단계 레짐(2분류)""","""D1""",,,0,"""frozen_reference""","""median_internal_fold_tau""",
1061,93,111,0,91.46748738463819,109.87159147480008,-1,2021-09-03 05:00:00,2021-09-03,2021-09-02 23:00:00,2021-08-31 23:00:00,False,False,False,True,187,174.07499999999999,"""2단계 레짐(2분류)""","""D1""",,,0,"""frozen_reference""","""median_internal_fold_tau""",
1062,107,114,0,118.14308711095302,118.57808518482197,-1,2021-09-03 06:00:00,2021-09-03,2021-09-02 23:00:00,2021-08-31 23:00:00,False,False,False,True,187,174.07499999999999,"""2단계 레짐(2분류)""","""D1""",,,0,"""frozen_reference""","""median_internal_fold_tau""",
1063,134,147,0,130.23219477649062,140.2089384620617,-1,2021-09-03 07:00:00,2021-09-03,2021-09-02 23:00:00,2021-08-31 23:00:00,False,False,False,True,187,174.07499999999999,"""2단계 레짐(2분류)""","""D1""",,,0,"""frozen_reference""","""median_internal_fold_tau""",
1064,170,179,0,174.72310878669637,190.28551081524583,-1,2021-09-03 08:00:00,2021-09-03,2021-09-02 23:00:00,2021-08-31 23:00:00,False,False,False,True,187,174.07499999999999,"""2단계 레짐(2분류)""","""D1""",,,1,"""frozen_reference""","""median_internal_fold_tau""",
1065,171,178,0,173.88110475092523,186.45526352497492,-1,2021-09-03 09:00:00,2021-09-03,2021-09-02 23:00:00,2021-08-31 23:00:00,False,False,False,True,187,174.07499999999999,"""2단계 레짐(2분류)""","""D1""",,,1,"""frozen_reference""","""median_internal_fold_tau""",
1066,163,169,0,169.61220867783624,185.36979464846107,-1,2021-09-03 10:00:00,2021-09-03,2021-09-02 23:00:00,2021-08-31 23:00:00,False,False,False,True,187,174.07499999999999,"""2단계 레짐(2분류)""","""D1""",,,1,"""frozen_reference""","""median_internal_fold_tau""",
1067,187,190,1,170.97777062855809,181.99247515378531,-1,2021-09-03 11:00:00,2021-09-03,2021-09-02 23:00:00,2021-08-31 23:00:00,False,False,False,True,187,174.07499999999999,"""2단계 레짐(2분류)""","""D1""",,,1,"""frozen_reference""","""median_internal_fold_tau""",
1068,108,122,0,107.16012169665959,117.75641201902839,-1,2021-09-03 12:00:00,2021-09-03,2021-09-02 23:00:00,2021-08-31 23:00:00,False,False,False,True,187,174.07499999999999,"""2단계 레짐(2분류)""","""D1""",,,0,"""frozen_reference""","""median_internal_fold_tau""",
1069,169,176,0,174.01057934205141,184.21285236404475,-1,2021-09-03 13:00:00,2021-09-03,2021-09-02 23:00:00,2021-08-31 23:00:00,False,False,False,True,187,174.07499999999999,"""2단계 레짐(2분류)""","""D1""",,,1,"""frozen_reference""","""median_internal_fold_tau""",
1070,178,181,0,163.62441462530654,178.94086527421911,-1,2021-09-03 14:00:00,2021-09-03,2021-09-02 23:00:00,2021-08-31 23:00:00,False,False,False,True,187,174.07499999999999,"""2단계 레짐(2분류)""","""D1""",,,1,"""frozen_reference""","""median_internal_fold_tau""",
1071,154,162,0,159.10903245339253,173.75023953664683,-1,2021-09-03 15:00:00,2021-09-03,2021-09-02 23:00:00,2021-08-31 23:00:00,False,False,False,True,187,174.07499999999999,"""2단계 레짐(2분류)""","""D1""",,,0,"""frozen_reference""","""median_internal_fold_tau""",
1072,161,165,0,164.13042671706239,172.60149959037912,-1,2021-09-03 16:00:00,2021-09-03,2021-09-02 23:00:00,2021-08-31 23:00:00,False,False,False,True,187,174.07499999999999,"""2단계 레짐(2분류)""","""D1""",,,0,"""frozen_reference""","""median_internal_fold_tau""",
1073,147,170,0,139.3525696186114,166.85785709760731,-1,2021-09-03 17:00:00,2021-09-03,2021-09-02 23:00:00,2021-08-31 23:00:00,False,False,False,True,187,174.07499999999999,"""2단계 레짐(2분류)""","""D1""",,,0,"""frozen_reference""","""median_internal_fold_tau""",
1074,154,158,0,150.07931283875698,159.58017072991001,-1,2021-09-03 18:00:00,2021-09-03,2021-09-02 23:00:00,2021-08-31 23:00:00,False,False,False,True,187,174.07499999999999,"""2단계 레짐(2분류)""","""D1""",,,0,"""frozen_reference""","""median_internal_fold_tau""",
1075,143,156,0,133.55542864205191,138.55169459357228,-1,2021-09-03 19:00:00,2021-09-03,2021-09-02 23:00:00,2021-08-31 23:00:00,False,False,False,True,187,174.07499999999999,"""2단계 레짐(2분류)""","""D1""",,,0,"""frozen_reference""","""median_internal_fold_tau""",
1076,115,118,0,119.96019721972473,122.87453563616398,-1,2021-09-03 20:00:00,2021-09-03,2021-09-02 23:00:00,2021-08-31 23:00:00,False,False,False,True,187,174.07499999999999,"""2단계 레짐(2분류)""","""D1""",,,0,"""frozen_reference""","""median_internal_fold_tau""",
1077,110,113,0,117.71910776604383,119.31612621808586,-1,2021-09-03 21:00:00,2021-09-03,2021-09-02 23:00:00,2021-08-31 23:00:00,False,False,False,True,187,174.07499999999999,"""2단계 레짐(2분류)""","""D1""",,,0,"""frozen_reference""","""median_internal_fold_tau""",
1078,105,119,0,113.63423934541919,120.48849156342052,-1,2021-09-03 22:00:00,2021-09-03,2021-09-02 23:00:00,2021-08-31 23:00:00,False,False,False,True,187,174.07499999999999,"""2단계 레짐(2분류)""","""D1""",,,0,"""frozen_reference""","""median_internal_fold_tau""",
1079,101,112,0,112.53724667728449,119.23988396273728,-1,2021-09-03 23:00:00,2021-09-03,2021-09-02 23:00:00,2021-08-31 23:00:00,False,False,False,True,187,174.07499999999999,"""2단계 레짐(2분류)""","""D1""",,,0,"""frozen_reference""","""median_internal_fold_tau""",
1080,64,69,0,70.586492458864015,74.3857637996215,-1,2021-09-04 00:00:00,2021-09-04,2021-09-03 23:00:00,2021-08-31 23:00:00,False,False,False,True,187,174.07499999999999,"""2단계 레짐(2분류)""","""D1""",,,0,"""frozen_reference""","""median_internal_fold_tau""",
1081,106,114,0,103.65233459320839,112.01771586812821,-1,2021-09-04 01:00:00,2021-09-04,2021-09-03 23:00:00,2021-08-31 23:00:00,False,False,False,True,187,174.07499999999999,"""2단계 레짐(2분류)""","""D1""",,,0,"""frozen_reference""","""median_internal_fold_tau""",
1082,104,107,0,111.21198582528578,118.55237300222598,-1,2021-09-04 02:00:00,2021-09-04,2021-09-03 23:00:00,2021-08-31 23:00:00,False,False,False,True,187,174.07499999999999,"""2단계 레짐(2분류)""","""D1""",,,0,"""frozen_reference""","""median_internal_fold_tau""",
1083,98,103,0,106.6863244750316,111.1162095408194,-1,2021-09-04 03:00:00,2021-09-04,2021-09-03 23:00:00,2021-08-31 23:00:00,False,False,False,True,187,174.07499999999999,"""2단계 레짐(2분류)""","""D1""",,,0,"""frozen_reference""","""median_internal_fold_tau""",
1084,109,112,0,109.14188536752943,112.24971480003259,-1,2021-09-04 04:00:00,2021-09-04,2021-09-03 23:00:00,2021-08-31 23:00:00,False,False,False,True,187,174.07499999999999,"""2단계 레짐(2분류)""","""D1""",,,0,"""frozen_reference""","""median_internal_fold_tau""",
1085,88,105,0,89.09970327497723,107.14640903642554,-1,2021-09-04 05:00:00,2021-09-04,2021-09-03 23:00:00,2021-08-31 23:00:00,False,False,False,True,187,174.07499999999999,"""2단계 레짐(2분류)""","""D1""",,,0,"""frozen_reference""","""median_internal_fold_tau""",
1086,111,116,0,105.14942082970109,111.74134196369678,-1,2021-09-04 06:00:00,2021-09-04,2021-09-03 23:00:00,2021-08-31 23:00:00,False,False,False,True,187,174.07499999999999,"""2단계 레짐(2분류)""","""D1""",,,0,"""frozen_reference""","""median_internal_fold_tau""",
1087,70,97,0,61.962174072230113,97.787266750819612,-1,2021-09-04 07:00:00,2021-09-04,2021-09-03 23:00:00,2021-08-31 23:00:00,False,False,False,True,187,174.07499999999999,"""2단계 레짐(2분류)""","""D1""",,,0,"""frozen_reference""","""median_internal_fold_tau""",
1088,33,37,0,22.417863536237988,24.178073672282469,-1,2021-09-04 08:00:00,2021-09-04,2021-09-03 23:00:00,2021-08-31 23:00:00,False,False,False,True,187,174.07499999999999,"""2단계 레짐(2분류)""","""D1""",,,0,"""frozen_reference""","""median_internal_fold_tau""",
1089,32,32,0,22.475359587950415,24.471546373633593,-1,2021-09-04 09:00:00,2021-09-04,2021-09-03 23:00:00,2021-08-31 23:00:00,False,False,False,True,187,174.07499999999999,"""2단계 레짐(2분류)""","""D1""",,,0,"""frozen_reference""","""median_internal_fold_tau""",
1090,34,36,0,23.390374630181178,24.483506199939374,-1,2021-09-04 10:00:00,2021-09-04,2021-09-03 23:00:00,2021-08-31 23:00:00,False,False,False,True,187,174.07499999999999,"""2단계 레짐(2분류)""","""D1""",,,0,"""frozen_reference""","""median_internal_fold_tau""",
1091,32,32,0,23.368090952725115,24.054872198502142,-1,2021-09-04 11:00:00,2021-09-04,2021-09-03 23:00:00,2021-08-31 23:00:00,False,False,False,True,187,174.07499999999999,"""2단계 레짐(2분류)""","""D1""",,,0,"""frozen_reference""","""median_internal_fold_tau""",
1092,33,34,0,23.302337956310929,24.193158831739797,-1,2021-09-04 12:00:00,2021-09-04,2021-09-03 23:00:00,2021-08-31 23:00:00,False,False,False,True,187,174.07499999999999,"""2단계 레짐(2분류)""","""D1""",,,0,"""frozen_reference""","""median_internal_fold_tau""",
1093,34,37,0,22.780448673101848,23.165906058553428,-1,2021-09-04 13:00:00,2021-09-04,2021-09-03 23:00:00,2021-08-31 23:00:00,False,False,False,True,187,174.07499999999999,"""2단계 레짐(2분류)""","""D1""",,,0,"""frozen_reference""","""median_internal_fold_tau""",
1094,34,35,0,23.729581197452696,26.01273605593148,-1,2021-09-04 14:00:00,2021-09-04,2021-09-03 23:00:00,2021-08-31 23:00:00,False,False,False,True,187,174.07499999999999,"""2단계 레짐(2분류)""","""D1""",,,0,"""frozen_reference""","""median_internal_fold_tau""",
1095,33,33,0,22.561329690000932,23.308781296459134,-1,2021-09-04 15:00:00,2021-09-04,2021-09-03 23:00:00,2021-08-31 23:00:00,False,False,False,True,187,174.07499999999999,"""2단계 레짐(2분류)""","""D1""",,,0,"""frozen_reference""","""median_internal_fold_tau""",
1096,36,43,0,49.177065856112492,54.397656857391411,-1,2021-09-04 16:00:00,2021-09-04,2021-09-03 23:00:00,2021-08-31 23:00:00,False,False,False,True,187,174.07499999999999,"""2단계 레짐(2분류)""","""D1""",,,0,"""frozen_reference""","""median_internal_fold_tau""",
1097,35,40,0,37.946588200709364,51.216265801500697,-1,2021-09-04 17:00:00,2021-09-04,2021-09-03 23:00:00,2021-08-31 23:00:00,False,False,False,True,187,174.07499999999999,"""2단계 레짐(2분류)""","""D1""",,,0,"""frozen_reference""","""median_internal_fold_tau""",
1098,26,29,0,38.420100813257577,52.242801942879616,-1,2021-09-04 18:00:00,2021-09-04,2021-09-03 23:00:00,2021-08-31 23:00:00,False,False,False,True,187,174.07499999999999,"""2단계 레짐(2분류)""","""D1""",,,0,"""frozen_reference""","""median_internal_fold_tau""",
1099,23,25,0,38.265910930783264,51.904731532544787,-1,2021-09-04 19:00:00,2021-09-04,2021-09-03 23:00:00,2021-08-31 23:00:00,False,False,False,True,187,174.07499999999999,"""2단계 레짐(2분류)""","""D1""",,,0,"""frozen_reference""","""median_internal_fold_tau""",
1100,25,27,0,38.112785337274978,51.631394713135229,-1,2021-09-04 20:00:00,2021-09-04,2021-09-03 23:00:00,2021-08-31 23:00:00,False,False,False,True,187,174.07499999999999,"""2단계 레짐(2분류)""","""D1""",,,0,"""frozen_reference""","""median_internal_fold_tau""",
1101,23,23,0,38.785244569148411,52.991073723204288,-1,2021-09-04 21:00:00,2021-09-04,2021-09-03 23:00:00,2021-08-31 23:00:00,False,False,False,True,187,174.07499999999999,"""2단계 레짐(2분류)""","""D1""",,,0,"""frozen_reference""","""median_internal_fold_tau""",
1102,23,23,0,38.37560908737963,51.532783554989031,-1,2021-09-04 22:00:00,2021-09-04,2021-09-03 23:00:00,2021-08-31 23:00:00,False,False,False,True,187,174.07499999999999,"""2단계 레짐(2분류)""","""D1""",,,0,"""frozen_reference""","""median_internal_fold_tau""",
1103,23,23,0,39.00884828499423,52.088783462631213,-1,2021-09-04 23:00:00,2021-09-04,2021-09-03 23:00:00,2021-08-31 23:00:00,False,False,False,True,187,174.07499999999999,"""2단계 레짐(2분류)""","""D1""",,,0,"""frozen_reference""","""median_internal_fold_tau""",
1104,24,26,0,34.852203999526232,52.574800616826614,-1,2021-09-05 00:00:00,2021-09-05,2021-09-04 23:00:00,2021-08-31 23:00:00,False,False,False,True,187,174.07499999999999,"""2단계 레짐(2분류)""","""D1""",,,0,"""frozen_reference""","""median_internal_fold_tau""",
1105,22,22,0,35.398572117398636,54.232273462009331,-1,2021-09-05 01:00:00,2021-09-05,2021-09-04 23:00:00,2021-08-31 23:00:00,False,False,False,True,187,174.07499999999999,"""2단계 레짐(2분류)""","""D1""",,,0,"""frozen_reference""","""median_internal_fold_tau""",
1106,22,22,0,35.080161115017916,53.720634751124315,-1,2021-09-05 02:00:00,2021-09-05,2021-09-04 23:00:00,2021-08-31 23:00:00,False,False,False,True,187,174.07499999999999,"""2단계 레짐(2분류)""","""D1""",,,0,"""frozen_reference""","""median_internal_fold_tau""",
1107,22,22,0,35.121527316004972,53.318459939432834,-1,2021-09-05 03:00:00,2021-09-05,2021-09-04 23:00:00,2021-08-31 23:00:00,False,False,False,True,187,174.07499999999999,"""2단계 레짐(2분류)""","""D1""",,,0,"""frozen_reference""","""median_internal_fold_tau""",
1108,24,27,0,35.698540601359475,54.203337538983838,-1,2021-09-05 04:00:00,2021-09-05,2021-09-04 23:00:00,2021-08-31 23:00:00,False,False,False,True,187,174.07499999999999,"""2단계 레짐(2분류)""","""D1""",,,0,"""frozen_reference""","""median_internal_fold_tau""",
1109,22,22,0,34.72454404729087,54.015668670600114,-1,2021-09-05 05:00:00,2021-09-05,2021-09-04 23:00:00,2021-08-31 23:00:00,False,False,False,True,187,174.07499999999999,"""2단계 레짐(2분류)""","""D1""",,,0,"""frozen_reference""","""median_internal_fold_tau""",
1110,22,22,0,35.056261779528967,53.965588495523861,-1,2021-09-05 06:00:00,2021-09-05,2021-09-04 23:00:00,2021-08-31 23:00:00,False,False,False,True,187,174.07499999999999,"""2단계 레짐(2분류)""","""D1""",,,0,"""frozen_reference""","""median_internal_fold_tau""",
1111,22,22,0,35.093280889259709,53.414511222524816,-1,2021-09-05 07:00:00,2021-09-05,2021-09-04 23:00:00,2021-08-31 23:00:00,False,False,False,True,187,174.07499999999999,"""2단계 레짐(2분류)""","""D1""",,,0,"""frozen_reference""","""median_internal_fold_tau""",
1112,25,27,0,34.492291658290398,65.810559552934933,-1,2021-09-05 08:00:00,2021-09-05,2021-09-04 23:00:00,2021-08-31 23:00:00,False,False,False,True,187,174.07499999999999,"""2단계 레짐(2분류)""","""D1""",,,0,"""frozen_reference""","""median_internal_fold_tau""",
1113,22,23,0,34.540581837084282,65.448731954373116,-1,2021-09-05 09:00:00,2021-09-05,2021-09-04 23:00:00,2021-08-31 23:00:00,False,False,False,True,187,174.07499999999999,"""2단계 레짐(2분류)""","""D1""",,,0,"""frozen_reference""","""median_internal_fold_tau""",
1114,22,22,0,34.950591247550285,65.847066629146241,-1,2021-09-05 10:00:00,2021-09-05,2021-09-04 23:00:00,2021-08-31 23:00:00,False,False,False,True,187,174.07499999999999,"""2단계 레짐(2분류)""","""D1""",,,0,"""frozen_reference""","""median_internal_fold_tau""",
1115,22,22,0,22.196485401780588,24.817429150380605,-1,2021-09-05 11:00:00,2021-09-05,2021-09-04 23:00:00,2021-08-31 23:00:00,False,False,False,True,187,174.07499999999999,"""2단계 레짐(2분류)""","""D1""",,,0,"""frozen_reference""","""median_internal_fold_tau""",
1116,24,26,0,21.922185780178705,23.499455623549579,-1,2021-09-05 12:00:00,2021-09-05,2021-09-04 23:00:00,2021-08-31 23:00:00,False,False,False,True,187,174.07499999999999,"""2단계 레짐(2분류)""","""D1""",,,0,"""frozen_reference""","""median_internal_fold_tau""",
1117,22,23,0,22.350118963050097,23.246061079274458,-1,2021-09-05 13:00:00,2021-09-05,2021-09-04 23:00:00,2021-08-31 23:00:00,False,False,False,True,187,174.07499999999999,"""2단계 레짐(2분류)""","""D1""",,,0,"""frozen_reference""","""median_internal_fold_tau""",
1118,23,23,0,22.20844282580687,24.239509064281577,-1,2021-09-05 14:00:00,2021-09-05,2021-09-04 23:00:00,2021-08-31 23:00:00,False,False,False,True,187,174.07499999999999,"""2단계 레짐(2분류)""","""D1""",,,0,"""frozen_reference""","""median_internal_fold_tau""",
1119,24,28,0,21.872693616920895,22.929033786692028,-1,2021-09-05 15:00:00,2021-09-05,2021-09-04 23:00:00,2021-08-31 23:00:00,False,False,False,True,187,174.07499999999999,"""2단계 레짐(2분류)""","""D1""",,,0,"""frozen_reference""","""median_internal_fold_tau""",
1120,23,25,0,21.707713972095934,23.225479209683229,-1,2021-09-05 16:00:00,2021-09-05,2021-09-04 23:00:00,2021-08-31 23:00:00,False,False,False,True,187,174.07499999999999,"""2단계 레짐(2분류)""","""D1""",,,0,"""frozen_reference""","""median_internal_fold_tau""",
1121,23,23,0,21.820502983616151,23.775069113014439,-1,2021-09-05 17:00:00,2021-09-05,2021-09-04 23:00:00,2021-08-31 23:00:00,False,False,False,True,187,174.07499999999999,"""2단계 레짐(2분류)""","""D1""",,,0,"""frozen_reference""","""median_internal_fold_tau""",
1122,22,22,0,21.748745581927139,22.782897530781586,-1,2021-09-05 18:00:00,2021-09-05,2021-09-04 23:00:00,2021-08-31 23:00:00,False,False,False,True,187,174.07499999999999,"""2단계 레짐(2분류)""","""D1""",,,0,"""frozen_reference""","""median_internal_fold_tau""",
1123,24,27,0,22.272412423630183,23.807955764106051,-1,2021-09-05 19:00:00,2021-09-05,2021-09-04 23:00:00,2021-08-31 23:00:00,False,False,False,True,187,174.07499999999999,"""2단계 레짐(2분류)""","""D1""",,,0,"""frozen_reference""","""median_internal_fold_tau""",
1124,23,23,0,22.863204648875612,23.773402118042938,-1,2021-09-05 20:00:00,2021-09-05,2021-09-04 23:00:00,2021-08-31 23:00:00,False,False,False,True,187,174.07499999999999,"""2단계 레짐(2분류)""","""D1""",,,0,"""frozen_reference""","""median_internal_fold_tau""",
1125,23,23,0,22.816619650875172,24.007063113661609,-1,2021-09-05 21:00:00,2021-09-05,2021-09-04 23:00:00,2021-08-31 23:00:00,False,False,False,True,187,174.07499999999999,"""2단계 레짐(2분류)""","""D1""",,,0,"""frozen_reference""","""median_internal_fold_tau""",
1126,24,27,0,21.806450751204611,23.221003719762258,-1,2021-09-05 22:00:00,2021-09-05,2021-09-04 23:00:00,2021-08-31 23:00:00,False,False,False,True,187,174.07499999999999,"""2단계 레짐(2분류)""","""D1""",,,0,"""frozen_reference""","""median_internal_fold_tau""",
1127,23,24,0,23.070575112212129,24.108554883148742,-1,2021-09-05 23:00:00,2021-09-05,2021-09-04 23:00:00,2021-08-31 23:00:00,False,False,False,True,187,174.07499999999999,"""2단계 레짐(2분류)""","""D1""",,,0,"""frozen_reference""","""median_internal_fold_tau""",
1128,22,22,0,22.207554479841502,23.593794335220174,-1,2021-09-06 00:00:00,2021-09-06,2021-09-05 23:00:00,2021-08-31 23:00:00,False,False,False,True,187,174.07499999999999,"""2단계 레짐(2분류)""","""D1""",,,0,"""frozen_reference""","""median_internal_fold_tau""",
1129,22,22,0,22.166384036019235,23.590789051005338,-1,2021-09-06 01:00:00,2021-09-06,2021-09-05 23:00:00,2021-08-31 23:00:00,False,False,False,True,187,174.07499999999999,"""2단계 레짐(2분류)""","""D1""",,,0,"""frozen_reference""","""median_internal_fold_tau""",
1130,24,27,0,22.148293998277229,23.184100335664063,-1,2021-09-06 02:00:00,2021-09-06,2021-09-05 23:00:00,2021-08-31 23:00:00,False,False,False,True,187,174.07499999999999,"""2단계 레짐(2분류)""","""D1""",,,0,"""frozen_reference""","""median_internal_fold_tau""",
1131,22,22,0,22.28883853765225,23.241592969603882,-1,2021-09-06 03:00:00,2021-09-06,2021-09-05 23:00:00,2021-08-31 23:00:00,False,False,False,True,187,174.07499999999999,"""2단계 레짐(2분류)""","""D1""",,,0,"""frozen_reference""","""median_internal_fold_tau""",
1132,22,22,0,22.449715853706383,23.548687768042864,-1,2021-09-06 04:00:00,2021-09-06,2021-09-05 23:00:00,2021-08-31 23:00:00,False,False,False,True,187,174.07499999999999,"""2단계 레짐(2분류)""","""D1""",,,0,"""frozen_reference""","""median_internal_fold_tau""",
1133,23,24,0,22.439008865226352,24.689013374217069,-1,2021-09-06 05:00:00,2021-09-06,2021-09-05 23:00:00,2021-08-31 23:00:00,False,False,False,True,187,174.07499999999999,"""2단계 레짐(2분류)""","""D1""",,,0,"""frozen_reference""","""median_internal_fold_tau""",
1134,24,26,0,22.089803854717648,23.547042705210096,-1,2021-09-06 06:00:00,2021-09-06,2021-09-05 23:00:00,2021-08-31 23:00:00,False,False,False,True,187,174.07499999999999,"""2단계 레짐(2분류)""","""D1""",,,0,"""frozen_reference""","""median_internal_fold_tau""",
1135,52,81,0,56.814957384869608,86.272177638919416,-1,2021-09-06 07:00:00,2021-09-06,2021-09-05 23:00:00,2021-08-31 23:00:00,False,False,False,True,187,174.07499999999999,"""2단계 레짐(2분류)""","""D1""",,,0,"""frozen_reference""","""median_internal_fold_tau""",
1136,171,180,0,176.71843720504174,191.06288177786911,-1,2021-09-06 08:00:00,2021-09-06,2021-09-05 23:00:00,2021-08-31 23:00:00,False,False,False,True,187,174.07499999999999,"""2단계 레짐(2분류)""","""D1""",,,1,"""frozen_reference""","""median_internal_fold_tau""",
1137,157,165,0,171.34922837445816,184.19085802035897,-1,2021-09-06 09:00:00,2021-09-06,2021-09-05 23:00:00,2021-08-31 23:00:00,False,False,False,True,187,174.07499999999999,"""2단계 레짐(2분류)""","""D1""",,,1,"""frozen_reference""","""median_internal_fold_tau""",
1138,171,190,1,178.84091895631312,190.14687898501231,-1,2021-09-06 10:00:00,2021-09-06,2021-09-05 23:00:00,2021-08-31 23:00:00,False,False,False,True,187,174.07499999999999,"""2단계 레짐(2분류)""","""D1""",,,1,"""frozen_reference""","""median_internal_fold_tau""",
1139,176,180,0,176.76426691407855,183.8378671351486,-1,2021-09-06 11:00:00,2021-09-06,2021-09-05 23:00:00,2021-08-31 23:00:00,False,False,False,True,187,174.07499999999999,"""2단계 레짐(2분류)""","""D1""",,,1,"""frozen_reference""","""median_internal_fold_tau""",
1140,109,124,0,117.59219784693576,134.13423416253985,-1,2021-09-06 12:00:00,2021-09-06,2021-09-05 23:00:00,2021-08-31 23:00:00,False,False,False,True,187,174.07499999999999,"""2단계 레짐(2분류)""","""D1""",,,0,"""frozen_reference""","""median_internal_fold_tau""",
1141,160,164,0,176.08940195063531,180.59900795269272,-1,2021-09-06 13:00:00,2021-09-06,2021-09-05 23:00:00,2021-08-31 23:00:00,False,False,False,True,187,174.07499999999999,"""2단계 레짐(2분류)""","""D1""",,,1,"""frozen_reference""","""median_internal_fold_tau""",
1142,160,163,0,169.97900114205032,178.58204421537204,-1,2021-09-06 14:00:00,2021-09-06,2021-09-05 23:00:00,2021-08-31 23:00:00,False,False,False,True,187,174.07499999999999,"""2단계 레짐(2분류)""","""D1""",,,1,"""frozen_reference""","""median_internal_fold_tau""",
1143,158,171,0,160.7572915314671,178.62734393334605,-1,2021-09-06 15:00:00,2021-09-06,2021-09-05 23:00:00,2021-08-31 23:00:00,False,False,False,True,187,174.07499999999999,"""2단계 레짐(2분류)""","""D1""",,,1,"""frozen_reference""","""median_internal_fold_tau""",
1144,146,152,0,162.69194326667332,170.63435202502973,-1,2021-09-06 16:00:00,2021-09-06,2021-09-05 23:00:00,2021-08-31 23:00:00,False,False,False,True,187,174.07499999999999,"""2단계 레짐(2분류)""","""D1""",,,0,"""frozen_reference""","""median_internal_fold_tau""",
1145,128,148,0,143.58913523784267,168.42625727091379,-1,2021-09-06 17:00:00,2021-09-06,2021-09-05 23:00:00,2021-08-31 23:00:00,False,False,False,True,187,174.07499999999999,"""2단계 레짐(2분류)""","""D1""",,,0,"""frozen_reference""","""median_internal_fold_tau""",
1146,152,154,0,160.52645470807173,169.92539794586193,-1,2021-09-06 18:00:00,2021-09-06,2021-09-05 23:00:00,2021-08-31 23:00:00,False,False,False,True,187,174.07499999999999,"""2단계 레짐(2분류)""","""D1""",,,0,"""frozen_reference""","""median_internal_fold_tau""",
1147,135,145,0,144.06384287555585,161.308493554395,-1,2021-09-06 19:00:00,2021-09-06,2021-09-05 23:00:00,2021-08-31 23:00:00,False,False,False,True,187,174.07499999999999,"""2단계 레짐(2분류)""","""D1""",,,0,"""frozen_reference""","""median_internal_fold_tau""",
1148,121,128,0,130.30366408987075,134.48489579353222,-1,2021-09-06 20:00:00,2021-09-06,2021-09-05 23:00:00,2021-08-31 23:00:00,False,False,False,True,187,174.07499999999999,"""2단계 레짐(2분류)""","""D1""",,,0,"""frozen_reference""","""median_internal_fold_tau""",
1149,123,133,0,128.23772367139816,132.32414821789769,-1,2021-09-06 21:00:00,2021-09-06,2021-09-05 23:00:00,2021-08-31 23:00:00,False,False,False,True,187,174.07499999999999,"""2단계 레짐(2분류)""","""D1""",,,0,"""frozen_reference""","""median_internal_fold_tau""",
1150,110,114,0,110.32755950375369,118.56897736015813,-1,2021-09-06 22:00:00,2021-09-06,2021-09-05 23:00:00,2021-08-31 23:00:00,False,False,False,True,187,174.07499999999999,"""2단계 레짐(2분류)""","""D1""",,,0,"""frozen_reference""","""median_internal_fold_tau""",
1151,104,118,0,104.37521756732281,117.72371111889588,-1,2021-09-06 23:00:00,2021-09-06,2021-09-05 23:00:00,2021-08-31 23:00:00,False,False,False,True,187,174.07499999999999,"""2단계 레짐(2분류)""","""D1""",,,0,"""frozen_reference""","""median_internal_fold_tau""",
1152,72,74,0,62.425448127739571,62.760367450879649,-1,2021-09-07 00:00:00,2021-09-07,2021-09-06 23:00:00,2021-08-31 23:00:00,False,False,False,True,187,174.07499999999999,"""2단계 레짐(2분류)""","""D1""",,,0,"""frozen_reference""","""median_internal_fold_tau""",
1153,109,121,0,101.99359649439981,110.31654611896619,-1,2021-09-07 01:00:00,2021-09-07,2021-09-06 23:00:00,2021-08-31 23:00:00,False,False,False,True,187,174.07499999999999,"""2단계 레짐(2분류)""","""D1""",,,0,"""frozen_reference""","""median_internal_fold_tau""",
1154,111,118,0,104.89556708141845,110.73841665567232,-1,2021-09-07 02:00:00,2021-09-07,2021-09-06 23:00:00,2021-08-31 23:00:00,False,False,False,True,187,174.07499999999999,"""2단계 레짐(2분류)""","""D1""",,,0,"""frozen_reference""","""median_internal_fold_tau""",
1155,109,123,0,101.70722737622012,109.48527352844025,-1,2021-09-07 03:00:00,2021-09-07,2021-09-06 23:00:00,2021-08-31 23:00:00,False,False,False,True,187,174.07499999999999,"""2단계 레짐(2분류)""","""D1""",,,0,"""frozen_reference""","""median_internal_fold_tau""",
1156,109,120,0,103.35087877644131,108.14835204218741,-1,2021-09-07 04:00:00,2021-09-07,2021-09-06 23:00:00,2021-08-31 23:00:00,False,False,False,True,187,174.07499999999999,"""2단계 레짐(2분류)""","""D1""",,,0,"""frozen_reference""","""median_internal_fold_tau""",
1157,96,116,0,89.527172502956589,108.6898390464375,-1,2021-09-07 05:00:00,2021-09-07,2021-09-06 23:00:00,2021-08-31 23:00:00,False,False,False,True,187,174.07499999999999,"""2단계 레짐(2분류)""","""D1""",,,0,"""frozen_reference""","""median_internal_fold_tau""",
1158,115,124,0,105.44061780023873,112.67013796221534,-1,2021-09-07 06:00:00,2021-09-07,2021-09-06 23:00:00,2021-08-31 23:00:00,False,False,False,True,187,174.07499999999999,"""2단계 레짐(2분류)""","""D1""",,,0,"""frozen_reference""","""median_internal_fold_tau""",
1159,140,160,0,124.2856742664197,148.84933314105643,-1,2021-09-07 07:00:00,2021-09-07,2021-09-06 23:00:00,2021-08-31 23:00:00,False,False,False,True,187,174.07499999999999,"""2단계 레짐(2분류)""","""D1""",,,0,"""frozen_reference""","""median_internal_fold_tau""",
1160,173,192,1,169.36850479457073,180.27155709543189,-1,2021-09-07 08:00:00,2021-09-07,2021-09-06 23:00:00,2021-08-31 23:00:00,False,False,False,True,187,174.07499999999999,"""2단계 레짐(2분류)""","""D1""",,,1,"""frozen_reference""","""median_internal_fold_tau""",
1161,170,174,0,167.15378150333953,178.33512537051354,-1,2021-09-07 09:00:00,2021-09-07,2021-09-06 23:00:00,2021-08-31 23:00:00,False,False,False,True,187,174.07499999999999,"""2단계 레짐(2분류)""","""D1""",,,1,"""frozen_reference""","""median_internal_fold_tau""",
1162,164,178,0,165.41524401500564,176.75083792730928,-1,2021-09-07 10:00:00,2021-09-07,2021-09-06 23:00:00,2021-08-31 23:00:00,False,False,False,True,187,174.07499999999999,"""2단계 레짐(2분류)""","""D1""",,,1,"""frozen_reference""","""median_internal_fold_tau""",
1163,174,183,0,170.95108979214635,179.36437565982635,-1,2021-09-07 11:00:00,2021-09-07,2021-09-06 23:00:00,2021-08-31 23:00:00,False,False,False,True,187,174.07499999999999,"""2단계 레짐(2분류)""","""D1""",,,1,"""frozen_reference""","""median_internal_fold_tau""",
1164,116,140,0,109.70042164478262,130.43862177335649,-1,2021-09-07 12:00:00,2021-09-07,2021-09-06 23:00:00,2021-08-31 23:00:00,False,False,False,True,187,174.07499999999999,"""2단계 레짐(2분류)""","""D1""",,,0,"""frozen_reference""","""median_internal_fold_tau""",
1165,181,189,1,172.12571190298658,182.02240345272435,-1,2021-09-07 13:00:00,2021-09-07,2021-09-06 23:00:00,2021-08-31 23:00:00,False,False,False,True,187,174.07499999999999,"""2단계 레짐(2분류)""","""D1""",,,1,"""frozen_reference""","""median_internal_fold_tau""",
1166,182,191,1,170.82911353695263,182.65797950884894,-1,2021-09-07 14:00:00,2021-09-07,2021-09-06 23:00:00,2021-08-31 23:00:00,False,False,False,True,187,174.07499999999999,"""2단계 레짐(2분류)""","""D1""",,,1,"""frozen_reference""","""median_internal_fold_tau""",
1167,166,174,0,157.68854633449084,175.81309115060063,-1,2021-09-07 15:00:00,2021-09-07,2021-09-06 23:00:00,2021-08-31 23:00:00,False,False,False,True,187,174.07499999999999,"""2단계 레짐(2분류)""","""D1""",,,1,"""frozen_reference""","""median_internal_fold_tau""",
1168,160,167,0,162.27140433180355,174.69100458369695,-1,2021-09-07 16:00:00,2021-09-07,2021-09-06 23:00:00,2021-08-31 23:00:00,False,False,False,True,187,174.07499999999999,"""2단계 레짐(2분류)""","""D1""",,,1,"""frozen_reference""","""median_internal_fold_tau""",
1169,135,161,0,128.21345881175742,157.62970650383758,-1,2021-09-07 17:00:00,2021-09-07,2021-09-06 23:00:00,2021-08-31 23:00:00,False,False,False,True,187,174.07499999999999,"""2단계 레짐(2분류)""","""D1""",,,0,"""frozen_reference""","""median_internal_fold_tau""",
1170,156,165,0,157.19396259352874,165.68908784726972,-1,2021-09-07 18:00:00,2021-09-07,2021-09-06 23:00:00,2021-08-31 23:00:00,False,False,False,True,187,174.07499999999999,"""2단계 레짐(2분류)""","""D1""",,,0,"""frozen_reference""","""median_internal_fold_tau""",
1171,152,158,0,143.98703194915558,156.84891251390894,-1,2021-09-07 19:00:00,2021-09-07,2021-09-06 23:00:00,2021-08-31 23:00:00,False,False,False,True,187,174.07499999999999,"""2단계 레짐(2분류)""","""D1""",,,0,"""frozen_reference""","""median_internal_fold_tau""",
1172,134,141,0,131.50611711220287,137.33581319228782,-1,2021-09-07 20:00:00,2021-09-07,2021-09-06 23:00:00,2021-08-31 23:00:00,False,False,False,True,187,174.07499999999999,"""2단계 레짐(2분류)""","""D1""",,,0,"""frozen_reference""","""median_internal_fold_tau""",
1173,131,134,0,132.99008845890168,129.8610696699366,-1,2021-09-07 21:00:00,2021-09-07,2021-09-06 23:00:00,2021-08-31 23:00:00,False,False,False,True,187,174.07499999999999,"""2단계 레짐(2분류)""","""D1""",,,0,"""frozen_reference""","""median_internal_fold_tau""",
1174,115,122,0,114.26151848368107,121.94737352677591,-1,2021-09-07 22:00:00,2021-09-07,2021-09-06 23:00:00,2021-08-31 23:00:00,False,False,False,True,187,174.07499999999999,"""2단계 레짐(2분류)""","""D1""",,,0,"""frozen_reference""","""median_internal_fold_tau""",
1175,111,126,0,108.0632747311916,116.39193902774865,-1,2021-09-07 23:00:00,2021-09-07,2021-09-06 23:00:00,2021-08-31 23:00:00,False,False,False,True,187,174.07499999999999,"""2단계 레짐(2분류)""","""D1""",,,0,"""frozen_reference""","""median_internal_fold_tau""",
1176,72,78,0,71.666494183253846,73.154403669707577,-1,2021-09-08 00:00:00,2021-09-08,2021-09-07 23:00:00,2021-08-31 23:00:00,False,False,False,True,187,174.07499999999999,"""2단계 레짐(2분류)""","""D1""",,,0,"""frozen_reference""","""median_internal_fold_tau""",
1177,110,115,0,108.10387558999217,114.93025422358286,-1,2021-09-08 01:00:00,2021-09-08,2021-09-07 23:00:00,2021-08-31 23:00:00,False,False,False,True,187,174.07499999999999,"""2단계 레짐(2분류)""","""D1""",,,0,"""frozen_reference""","""median_internal_fold_tau""",
1178,118,126,0,110.9245219174195,115.2378799206062,-1,2021-09-08 02:00:00,2021-09-08,2021-09-07 23:00:00,2021-08-31 23:00:00,False,False,False,True,187,174.07499999999999,"""2단계 레짐(2분류)""","""D1""",,,0,"""frozen_reference""","""median_internal_fold_tau""",
1179,112,122,0,108.03575993102781,113.93747695185219,-1,2021-09-08 03:00:00,2021-09-08,2021-09-07 23:00:00,2021-08-31 23:00:00,False,False,False,True,187,174.07499999999999,"""2단계 레짐(2분류)""","""D1""",,,0,"""frozen_reference""","""median_internal_fold_tau""",
1180,113,116,0,111.42052713281697,114.68208463526715,-1,2021-09-08 04:00:00,2021-09-08,2021-09-07 23:00:00,2021-08-31 23:00:00,False,False,False,True,187,174.07499999999999,"""2단계 레짐(2분류)""","""D1""",,,0,"""frozen_reference""","""median_internal_fold_tau""",
1181,97,109,0,96.773641033807905,111.27933760629496,-1,2021-09-08 05:00:00,2021-09-08,2021-09-07 23:00:00,2021-08-31 23:00:00,False,False,False,True,187,174.07499999999999,"""2단계 레짐(2분류)""","""D1""",,,0,"""frozen_reference""","""median_internal_fold_tau""",
1182,118,123,0,114.65891078893711,118.63392594961195,-1,2021-09-08 06:00:00,2021-09-08,2021-09-07 23:00:00,2021-08-31 23:00:00,False,False,False,True,187,174.07499999999999,"""2단계 레짐(2분류)""","""D1""",,,0,"""frozen_reference""","""median_internal_fold_tau""",
1183,135,154,0,132.5767803293175,146.90759171816978,-1,2021-09-08 07:00:00,2021-09-08,2021-09-07 23:00:00,2021-08-31 23:00:00,False,False,False,True,187,174.07499999999999,"""2단계 레짐(2분류)""","""D1""",,,0,"""frozen_reference""","""median_internal_fold_tau""",
1184,171,181,0,166.8720904151792,183.26994700092874,-1,2021-09-08 08:00:00,2021-09-08,2021-09-07 23:00:00,2021-08-31 23:00:00,False,False,False,True,187,174.07499999999999,"""2단계 레짐(2분류)""","""D1""",,,1,"""frozen_reference""","""median_internal_fold_tau""",
1185,160,163,0,171.73291471585048,183.47534027398817,-1,2021-09-08 09:00:00,2021-09-08,2021-09-07 23:00:00,2021-08-31 23:00:00,False,False,False,True,187,174.07499999999999,"""2단계 레짐(2분류)""","""D1""",,,1,"""frozen_reference""","""median_internal_fold_tau""",
1186,152,160,0,163.89731405434503,185.70053447404393,-1,2021-09-08 10:00:00,2021-09-08,2021-09-07 23:00:00,2021-08-31 23:00:00,False,False,False,True,187,174.07499999999999,"""2단계 레짐(2분류)""","""D1""",,,1,"""frozen_reference""","""median_internal_fold_tau""",
1187,156,168,0,175.62089865518817,186.47602899086348,-1,2021-09-08 11:00:00,2021-09-08,2021-09-07 23:00:00,2021-08-31 23:00:00,False,False,False,True,187,174.07499999999999,"""2단계 레짐(2분류)""","""D1""",,,1,"""frozen_reference""","""median_internal_fold_tau""",
1188,25,63,0,109.91156058695532,125.12192143221888,-1,2021-09-08 12:00:00,2021-09-08,2021-09-07 23:00:00,2021-08-31 23:00:00,False,False,False,True,187,174.07499999999999,"""2단계 레짐(2분류)""","""D1""",,,0,"""frozen_reference""","""median_internal_fold_tau""",
1189,152,165,0,169.6921128928152,184.32135361676987,-1,2021-09-08 13:00:00,2021-09-08,2021-09-07 23:00:00,2021-08-31 23:00:00,False,False,False,True,187,174.07499999999999,"""2단계 레짐(2분류)""","""D1""",,,1,"""frozen_reference""","""median_internal_fold_tau""",
1190,165,178,0,169.7499643977126,181.32992254511495,-1,2021-09-08 14:00:00,2021-09-08,2021-09-07 23:00:00,2021-08-31 23:00:00,False,False,False,True,187,174.07499999999999,"""2단계 레짐(2분류)""","""D1""",,,1,"""frozen_reference""","""median_internal_fold_tau""",
1191,165,183,0,166.56503273415279,179.57196037356073,-1,2021-09-08 15:00:00,2021-09-08,2021-09-07 23:00:00,2021-08-31 23:00:00,False,False,False,True,187,174.07499999999999,"""2단계 레짐(2분류)""","""D1""",,,1,"""frozen_reference""","""median_internal_fold_tau""",
1192,166,170,0,165.08201609202146,174.63138223584212,-1,2021-09-08 16:00:00,2021-09-08,2021-09-07 23:00:00,2021-08-31 23:00:00,False,False,False,True,187,174.07499999999999,"""2단계 레짐(2분류)""","""D1""",,,1,"""frozen_reference""","""median_internal_fold_tau""",
1193,144,182,0,133.11281813177587,168.66285641441536,-1,2021-09-08 17:00:00,2021-09-08,2021-09-07 23:00:00,2021-08-31 23:00:00,False,False,False,True,187,174.07499999999999,"""2단계 레짐(2분류)""","""D1""",,,0,"""frozen_reference""","""median_internal_fold_tau""",
1194,164,170,0,155.85249057061873,167.72533478291169,-1,2021-09-08 18:00:00,2021-09-08,2021-09-07 23:00:00,2021-08-31 23:00:00,False,False,False,True,187,174.07499999999999,"""2단계 레짐(2분류)""","""D1""",,,0,"""frozen_reference""","""median_internal_fold_tau""",
1195,150,163,0,150.55085739984855,156.03855568551344,-1,2021-09-08 19:00:00,2021-09-08,2021-09-07 23:00:00,2021-08-31 23:00:00,False,False,False,True,187,174.07499999999999,"""2단계 레짐(2분류)""","""D1""",,,0,"""frozen_reference""","""median_internal_fold_tau""",
1196,103,111,0,122.82979402133921,124.22249344813524,-1,2021-09-08 20:00:00,2021-09-08,2021-09-07 23:00:00,2021-08-31 23:00:00,False,False,False,True,187,174.07499999999999,"""2단계 레짐(2분류)""","""D1""",,,0,"""frozen_reference""","""median_internal_fold_tau""",
1197,122,127,0,126.48114221635913,127.76827548288814,-1,2021-09-08 21:00:00,2021-09-08,2021-09-07 23:00:00,2021-08-31 23:00:00,False,False,False,True,187,174.07499999999999,"""2단계 레짐(2분류)""","""D1""",,,0,"""frozen_reference""","""median_internal_fold_tau""",
1198,106,116,0,113.29194580299264,119.51367378288121,-1,2021-09-08 22:00:00,2021-09-08,2021-09-07 23:00:00,2021-08-31 23:00:00,False,False,False,True,187,174.07499999999999,"""2단계 레짐(2분류)""","""D1""",,,0,"""frozen_reference""","""median_internal_fold_tau""",
1199,101,111,0,108.23805359495611,120.50260483514219,-1,2021-09-08 23:00:00,2021-09-08,2021-09-07 23:00:00,2021-08-31 23:00:00,False,False,False,True,187,174.07499999999999,"""2단계 레짐(2분류)""","""D1""",,,0,"""frozen_reference""","""median_internal_fold_tau""",
1200,72,79,0,69.695480566180052,73.523386943893158,-1,2021-09-09 00:00:00,2021-09-09,2021-09-08 23:00:00,2021-08-31 23:00:00,False,False,False,True,187,174.07499999999999,"""2단계 레짐(2분류)""","""D1""",,,0,"""frozen_reference""","""median_internal_fold_tau""",
1201,97,99,0,108.74642652680737,116.65559075392734,-1,2021-09-09 01:00:00,2021-09-09,2021-09-08 23:00:00,2021-08-31 23:00:00,False,False,False,True,187,174.07499999999999,"""2단계 레짐(2분류)""","""D1""",,,0,"""frozen_reference""","""median_internal_fold_tau""",
1202,110,114,0,114.42489693453879,119.00927669853873,-1,2021-09-09 02:00:00,2021-09-09,2021-09-08 23:00:00,2021-08-31 23:00:00,False,False,False,True,187,174.07499999999999,"""2단계 레짐(2분류)""","""D1""",,,0,"""frozen_reference""","""median_internal_fold_tau""",
1203,109,116,0,109.05413821344152,118.41683265314406,-1,2021-09-09 03:00:00,2021-09-09,2021-09-08 23:00:00,2021-08-31 23:00:00,False,False,False,True,187,174.07499999999999,"""2단계 레짐(2분류)""","""D1""",,,0,"""frozen_reference""","""median_internal_fold_tau""",
1204,107,114,0,112.72638062172504,114.52533072007792,-1,2021-09-09 04:00:00,2021-09-09,2021-09-08 23:00:00,2021-08-31 23:00:00,False,False,False,True,187,174.07499999999999,"""2단계 레짐(2분류)""","""D1""",,,0,"""frozen_reference""","""median_internal_fold_tau""",
1205,92,109,0,94.631593887262795,107.85142565631334,-1,2021-09-09 05:00:00,2021-09-09,2021-09-08 23:00:00,2021-08-31 23:00:00,False,False,False,True,187,174.07499999999999,"""2단계 레짐(2분류)""","""D1""",,,0,"""frozen_reference""","""median_internal_fold_tau""",
1206,119,121,0,115.61674630548086,122.00672186980735,-1,2021-09-09 06:00:00,2021-09-09,2021-09-08 23:00:00,2021-08-31 23:00:00,False,False,False,True,187,174.07499999999999,"""2단계 레짐(2분류)""","""D1""",,,0,"""frozen_reference""","""median_internal_fold_tau""",
1207,139,152,0,138.8341359671671,152.00539552069034,-1,2021-09-09 07:00:00,2021-09-09,2021-09-08 23:00:00,2021-08-31 23:00:00,False,False,False,True,187,174.07499999999999,"""2단계 레짐(2분류)""","""D1""",,,0,"""frozen_reference""","""median_internal_fold_tau""",
1208,172,187,1,167.17202330529545,178.60067978401193,-1,2021-09-09 08:00:00,2021-09-09,2021-09-08 23:00:00,2021-08-31 23:00:00,False,False,False,True,187,174.07499999999999,"""2단계 레짐(2분류)""","""D1""",,,1,"""frozen_reference""","""median_internal_fold_tau""",
1209,170,176,0,164.98255114478189,170.01498659129129,-1,2021-09-09 09:00:00,2021-09-09,2021-09-08 23:00:00,2021-08-31 23:00:00,False,False,False,True,187,174.07499999999999,"""2단계 레짐(2분류)""","""D1""",,,0,"""frozen_reference""","""median_internal_fold_tau""",
1210,155,169,0,161.94237783943962,169.86586432014658,-1,2021-09-09 10:00:00,2021-09-09,2021-09-08 23:00:00,2021-08-31 23:00:00,False,False,False,True,187,174.07499999999999,"""2단계 레짐(2분류)""","""D1""",,,0,"""frozen_reference""","""median_internal_fold_tau""",
1211,174,190,1,173.18412250843093,178.09299903549066,-1,2021-09-09 11:00:00,2021-09-09,2021-09-08 23:00:00,2021-08-31 23:00:00,False,False,False,True,187,174.07499999999999,"""2단계 레짐(2분류)""","""D1""",,,1,"""frozen_reference""","""median_internal_fold_tau""",
1212,111,129,0,109.81100042421713,123.95179094347078,-1,2021-09-09 12:00:00,2021-09-09,2021-09-08 23:00:00,2021-08-31 23:00:00,False,False,False,True,187,174.07499999999999,"""2단계 레짐(2분류)""","""D1""",,,0,"""frozen_reference""","""median_internal_fold_tau""",
1213,171,176,0,172.91709714469118,176.46338190630627,-1,2021-09-09 13:00:00,2021-09-09,2021-09-08 23:00:00,2021-08-31 23:00:00,False,False,False,True,187,174.07499999999999,"""2단계 레짐(2분류)""","""D1""",,,1,"""frozen_reference""","""median_internal_fold_tau""",
1214,165,168,0,180.14341521569591,182.31843422027578,-1,2021-09-09 14:00:00,2021-09-09,2021-09-08 23:00:00,2021-08-31 23:00:00,False,False,False,True,187,174.07499999999999,"""2단계 레짐(2분류)""","""D1""",,,1,"""frozen_reference""","""median_internal_fold_tau""",
1215,173,185,0,160.1032501664462,170.83872023171946,-1,2021-09-09 15:00:00,2021-09-09,2021-09-08 23:00:00,2021-08-31 23:00:00,False,False,False,True,187,174.07499999999999,"""2단계 레짐(2분류)""","""D1""",,,0,"""frozen_reference""","""median_internal_fold_tau""",
1216,160,168,0,159.73273526756302,166.15994775255905,-1,2021-09-09 16:00:00,2021-09-09,2021-09-08 23:00:00,2021-08-31 23:00:00,False,False,False,True,187,174.07499999999999,"""2단계 레짐(2분류)""","""D1""",,,0,"""frozen_reference""","""median_internal_fold_tau""",
1217,140,168,0,134.6779092822396,152.80273536197421,-1,2021-09-09 17:00:00,2021-09-09,2021-09-08 23:00:00,2021-08-31 23:00:00,False,False,False,True,187,174.07499999999999,"""2단계 레짐(2분류)""","""D1""",,,0,"""frozen_reference""","""median_internal_fold_tau""",
1218,162,172,0,155.80920203725188,155.91509021765592,-1,2021-09-09 18:00:00,2021-09-09,2021-09-08 23:00:00,2021-08-31 23:00:00,False,False,False,True,187,174.07499999999999,"""2단계 레짐(2분류)""","""D1""",,,0,"""frozen_reference""","""median_internal_fold_tau""",
1219,142,158,0,148.67521573642523,154.27414804843954,-1,2021-09-09 19:00:00,2021-09-09,2021-09-08 23:00:00,2021-08-31 23:00:00,False,False,False,True,187,174.07499999999999,"""2단계 레짐(2분류)""","""D1""",,,0,"""frozen_reference""","""median_internal_fold_tau""",
1220,128,134,0,130.01559918948396,137.74659132339318,-1,2021-09-09 20:00:00,2021-09-09,2021-09-08 23:00:00,2021-08-31 23:00:00,False,False,False,True,187,174.07499999999999,"""2단계 레짐(2분류)""","""D1""",,,0,"""frozen_reference""","""median_internal_fold_tau""",
1221,128,134,0,127.16660436952603,129.5897356721787,-1,2021-09-09 21:00:00,2021-09-09,2021-09-08 23:00:00,2021-08-31 23:00:00,False,False,False,True,187,174.07499999999999,"""2단계 레짐(2분류)""","""D1""",,,0,"""frozen_reference""","""median_internal_fold_tau""",
1222,109,118,0,116.61471589775078,121.03796382838082,-1,2021-09-09 22:00:00,2021-09-09,2021-09-08 23:00:00,2021-08-31 23:00:00,False,False,False,True,187,174.07499999999999,"""2단계 레짐(2분류)""","""D1""",,,0,"""frozen_reference""","""median_internal_fold_tau""",
1223,109,116,0,110.73471746844891,115.46191332094169,-1,2021-09-09 23:00:00,2021-09-09,2021-09-08 23:00:00,2021-08-31 23:00:00,False,False,False,True,187,174.07499999999999,"""2단계 레짐(2분류)""","""D1""",,,0,"""frozen_reference""","""median_internal_fold_tau""",
1224,77,83,0,64.334207090251908,65.973646612514742,-1,2021-09-10 00:00:00,2021-09-10,2021-09-09 23:00:00,2021-08-31 23:00:00,False,False,False,True,187,174.07499999999999,"""2단계 레짐(2분류)""","""D1""",,,0,"""frozen_reference""","""median_internal_fold_tau""",
1225,102,109,0,104.27769063884966,110.08196551415135,-1,2021-09-10 01:00:00,2021-09-10,2021-09-09 23:00:00,2021-08-31 23:00:00,False,False,False,True,187,174.07499999999999,"""2단계 레짐(2분류)""","""D1""",,,0,"""frozen_reference""","""median_internal_fold_tau""",
1226,112,118,0,112.55830287687991,119.35413281670628,-1,2021-09-10 02:00:00,2021-09-10,2021-09-09 23:00:00,2021-08-31 23:00:00,False,False,False,True,187,174.07499999999999,"""2단계 레짐(2분류)""","""D1""",,,0,"""frozen_reference""","""median_internal_fold_tau""",
1227,106,116,0,108.56005782199918,113.84453748543682,-1,2021-09-10 03:00:00,2021-09-10,2021-09-09 23:00:00,2021-08-31 23:00:00,False,False,False,True,187,174.07499999999999,"""2단계 레짐(2분류)""","""D1""",,,0,"""frozen_reference""","""median_internal_fold_tau""",
1228,108,117,0,108.27176041449158,113.7644635563807,-1,2021-09-10 04:00:00,2021-09-10,2021-09-09 23:00:00,2021-08-31 23:00:00,False,False,False,True,187,174.07499999999999,"""2단계 레짐(2분류)""","""D1""",,,0,"""frozen_reference""","""median_internal_fold_tau""",
1229,92,107,0,91.5766124801155,106.60556376280807,-1,2021-09-10 05:00:00,2021-09-10,2021-09-09 23:00:00,2021-08-31 23:00:00,False,False,False,True,187,174.07499999999999,"""2단계 레짐(2분류)""","""D1""",,,0,"""frozen_reference""","""median_internal_fold_tau""",
1230,111,118,0,115.10136227350105,120.74287342531569,-1,2021-09-10 06:00:00,2021-09-10,2021-09-09 23:00:00,2021-08-31 23:00:00,False,False,False,True,187,174.07499999999999,"""2단계 레짐(2분류)""","""D1""",,,0,"""frozen_reference""","""median_internal_fold_tau""",
1231,132,150,0,133.89956168647868,152.19030856331375,-1,2021-09-10 07:00:00,2021-09-10,2021-09-09 23:00:00,2021-08-31 23:00:00,False,False,False,True,187,174.07499999999999,"""2단계 레짐(2분류)""","""D1""",,,0,"""frozen_reference""","""median_internal_fold_tau""",
1232,180,192,1,168.05416948529108,175.94865325095466,-1,2021-09-10 08:00:00,2021-09-10,2021-09-09 23:00:00,2021-08-31 23:00:00,False,False,False,True,187,174.07499999999999,"""2단계 레짐(2분류)""","""D1""",,,1,"""frozen_reference""","""median_internal_fold_tau""",
1233,184,204,1,169.16720978714989,177.48708816988713,-1,2021-09-10 09:00:00,2021-09-10,2021-09-09 23:00:00,2021-08-31 23:00:00,False,False,False,True,187,174.07499999999999,"""2단계 레짐(2분류)""","""D1""",,,1,"""frozen_reference""","""median_internal_fold_tau""",
1234,168,181,0,163.51129516020447,171.41234553722614,-1,2021-09-10 10:00:00,2021-09-10,2021-09-09 23:00:00,2021-08-31 23:00:00,False,False,False,True,187,174.07499999999999,"""2단계 레짐(2분류)""","""D1""",,,0,"""frozen_reference""","""median_internal_fold_tau""",
1235,181,188,1,170.62205126587273,172.92170862993515,-1,2021-09-10 11:00:00,2021-09-10,2021-09-09 23:00:00,2021-08-31 23:00:00,False,False,False,True,187,174.07499999999999,"""2단계 레짐(2분류)""","""D1""",,,0,"""frozen_reference""","""median_internal_fold_tau""",
1236,116,128,0,107.291463013252,126.87083316538457,-1,2021-09-10 12:00:00,2021-09-10,2021-09-09 23:00:00,2021-08-31 23:00:00,False,False,False,True,187,174.07499999999999,"""2단계 레짐(2분류)""","""D1""",,,0,"""frozen_reference""","""median_internal_fold_tau""",
1237,180,191,1,171.78828354396273,172.97709728056586,-1,2021-09-10 13:00:00,2021-09-10,2021-09-09 23:00:00,2021-08-31 23:00:00,False,False,False,True,187,174.07499999999999,"""2단계 레짐(2분류)""","""D1""",,,0,"""frozen_reference""","""median_internal_fold_tau""",
1238,178,190,1,169.78691558591382,176.37908432327433,-1,2021-09-10 14:00:00,2021-09-10,2021-09-09 23:00:00,2021-08-31 23:00:00,False,False,False,True,187,174.07499999999999,"""2단계 레짐(2분류)""","""D1""",,,1,"""frozen_reference""","""median_internal_fold_tau""",
1239,171,191,1,165.35582822904394,172.6677572063918,-1,2021-09-10 15:00:00,2021-09-10,2021-09-09 23:00:00,2021-08-31 23:00:00,False,False,False,True,187,174.07499999999999,"""2단계 레짐(2분류)""","""D1""",,,0,"""frozen_reference""","""median_internal_fold_tau""",
1240,164,171,0,159.82546834732651,162.98988025087033,-1,2021-09-10 16:00:00,2021-09-10,2021-09-09 23:00:00,2021-08-31 23:00:00,False,False,False,True,187,174.07499999999999,"""2단계 레짐(2분류)""","""D1""",,,0,"""frozen_reference""","""median_internal_fold_tau""",
1241,138,157,0,137.61848091973732,166.25331602347725,-1,2021-09-10 17:00:00,2021-09-10,2021-09-09 23:00:00,2021-08-31 23:00:00,False,False,False,True,187,174.07499999999999,"""2단계 레짐(2분류)""","""D1""",,,0,"""frozen_reference""","""median_internal_fold_tau""",
1242,155,162,0,156.56755233572289,158.91107422364811,-1,2021-09-10 18:00:00,2021-09-10,2021-09-09 23:00:00,2021-08-31 23:00:00,False,False,False,True,187,174.07499999999999,"""2단계 레짐(2분류)""","""D1""",,,0,"""frozen_reference""","""median_internal_fold_tau""",
1243,142,148,0,143.54522941288064,156.77811345308811,-1,2021-09-10 19:00:00,2021-09-10,2021-09-09 23:00:00,2021-08-31 23:00:00,False,False,False,True,187,174.07499999999999,"""2단계 레짐(2분류)""","""D1""",,,0,"""frozen_reference""","""median_internal_fold_tau""",
1244,116,121,0,113.25917111967541,122.07311636393192,-1,2021-09-10 20:00:00,2021-09-10,2021-09-09 23:00:00,2021-08-31 23:00:00,False,False,False,True,187,174.07499999999999,"""2단계 레짐(2분류)""","""D1""",,,0,"""frozen_reference""","""median_internal_fold_tau""",
1245,117,126,0,114.44912629063069,118.80644272357264,-1,2021-09-10 21:00:00,2021-09-10,2021-09-09 23:00:00,2021-08-31 23:00:00,False,False,False,True,187,174.07499999999999,"""2단계 레짐(2분류)""","""D1""",,,0,"""frozen_reference""","""median_internal_fold_tau""",
1246,102,109,0,107.50800764777529,115.07867570942055,-1,2021-09-10 22:00:00,2021-09-10,2021-09-09 23:00:00,2021-08-31 23:00:00,False,False,False,True,187,174.07499999999999,"""2단계 레짐(2분류)""","""D1""",,,0,"""frozen_reference""","""median_internal_fold_tau""",
1247,88,105,0,104.2000027911337,113.67472338741649,-1,2021-09-10 23:00:00,2021-09-10,2021-09-09 23:00:00,2021-08-31 23:00:00,False,False,False,True,187,174.07499999999999,"""2단계 레짐(2분류)""","""D1""",,,0,"""frozen_reference""","""median_internal_fold_tau""",
1248,61,69,0,72.839712304919317,78.569527811293938,-1,2021-09-11 00:00:00,2021-09-11,2021-09-10 23:00:00,2021-08-31 23:00:00,False,False,False,True,187,174.07499999999999,"""2단계 레짐(2분류)""","""D1""",,,0,"""frozen_reference""","""median_internal_fold_tau""",
1249,97,105,0,105.81391591506257,112.60345053342868,-1,2021-09-11 01:00:00,2021-09-11,2021-09-10 23:00:00,2021-08-31 23:00:00,False,False,False,True,187,174.07499999999999,"""2단계 레짐(2분류)""","""D1""",,,0,"""frozen_reference""","""median_internal_fold_tau""",
1250,95,99,0,108.69521880527616,115.27305222874925,-1,2021-09-11 02:00:00,2021-09-11,2021-09-10 23:00:00,2021-08-31 23:00:00,False,False,False,True,187,174.07499999999999,"""2단계 레짐(2분류)""","""D1""",,,0,"""frozen_reference""","""median_internal_fold_tau""",
1251,94,107,0,105.1393351875696,113.15554844492286,-1,2021-09-11 03:00:00,2021-09-11,2021-09-10 23:00:00,2021-08-31 23:00:00,False,False,False,True,187,174.07499999999999,"""2단계 레짐(2분류)""","""D1""",,,0,"""frozen_reference""","""median_internal_fold_tau""",
1252,89,93,0,108.94230604540874,113.77063795276054,-1,2021-09-11 04:00:00,2021-09-11,2021-09-10 23:00:00,2021-08-31 23:00:00,False,False,False,True,187,174.07499999999999,"""2단계 레짐(2분류)""","""D1""",,,0,"""frozen_reference""","""median_internal_fold_tau""",
1253,82,98,0,89.322306857858123,107.91572218560796,-1,2021-09-11 05:00:00,2021-09-11,2021-09-10 23:00:00,2021-08-31 23:00:00,False,False,False,True,187,174.07499999999999,"""2단계 레짐(2분류)""","""D1""",,,0,"""frozen_reference""","""median_internal_fold_tau""",
1254,86,97,0,110.49688437044928,118.49521589765949,-1,2021-09-11 06:00:00,2021-09-11,2021-09-10 23:00:00,2021-08-31 23:00:00,False,False,False,True,187,174.07499999999999,"""2단계 레짐(2분류)""","""D1""",,,0,"""frozen_reference""","""median_internal_fold_tau""",
1255,51,73,0,108.18614991112172,120.47289664309635,-1,2021-09-11 07:00:00,2021-09-11,2021-09-10 23:00:00,2021-08-31 23:00:00,False,False,False,True,187,174.07499999999999,"""2단계 레짐(2분류)""","""D1""",,,0,"""frozen_reference""","""median_internal_fold_tau""",
1256,23,23,0,24.476486603413168,26.739320702099938,-1,2021-09-11 08:00:00,2021-09-11,2021-09-10 23:00:00,2021-08-31 23:00:00,False,False,False,True,187,174.07499999999999,"""2단계 레짐(2분류)""","""D1""",,,0,"""frozen_reference""","""median_internal_fold_tau""",
1257,23,23,0,23.701308007249065,24.545069267016999,-1,2021-09-11 09:00:00,2021-09-11,2021-09-10 23:00:00,2021-08-31 23:00:00,False,False,False,True,187,174.07499999999999,"""2단계 레짐(2분류)""","""D1""",,,0,"""frozen_reference""","""median_internal_fold_tau""",
1258,22,23,0,23.851420161230532,24.825487293147265,-1,2021-09-11 10:00:00,2021-09-11,2021-09-10 23:00:00,2021-08-31 23:00:00,False,False,False,True,187,174.07499999999999,"""2단계 레짐(2분류)""","""D1""",,,0,"""frozen_reference""","""median_internal_fold_tau""",
1259,23,23,0,26.235280097591804,28.420194516732469,-1,2021-09-11 11:00:00,2021-09-11,2021-09-10 23:00:00,2021-08-31 23:00:00,False,False,False,True,187,174.07499999999999,"""2단계 레짐(2분류)""","""D1""",,,0,"""frozen_reference""","""median_internal_fold_tau""",
1260,25,28,0,25.574284736743916,27.363163426748894,-1,2021-09-11 12:00:00,2021-09-11,2021-09-10 23:00:00,2021-08-31 23:00:00,False,False,False,True,187,174.07499999999999,"""2단계 레짐(2분류)""","""D1""",,,0,"""frozen_reference""","""median_internal_fold_tau""",
1261,23,25,0,24.581731912731357,26.622825391608188,-1,2021-09-11 13:00:00,2021-09-11,2021-09-10 23:00:00,2021-08-31 23:00:00,False,False,False,True,187,174.07499999999999,"""2단계 레짐(2분류)""","""D1""",,,0,"""frozen_reference""","""median_internal_fold_tau""",
1262,23,24,0,24.09013490191434,26.179979636926806,-1,2021-09-11 14:00:00,2021-09-11,2021-09-10 23:00:00,2021-08-31 23:00:00,False,False,False,True,187,174.07499999999999,"""2단계 레짐(2분류)""","""D1""",,,0,"""frozen_reference""","""median_internal_fold_tau""",
1263,24,24,0,25.096997942589788,27.896120383990777,-1,2021-09-11 15:00:00,2021-09-11,2021-09-10 23:00:00,2021-08-31 23:00:00,False,False,False,True,187,174.07499999999999,"""2단계 레짐(2분류)""","""D1""",,,0,"""frozen_reference""","""median_internal_fold_tau""",
1264,24,24,0,23.650530255804508,25.379321275629117,-1,2021-09-11 16:00:00,2021-09-11,2021-09-10 23:00:00,2021-08-31 23:00:00,False,False,False,True,187,174.07499999999999,"""2단계 레짐(2분류)""","""D1""",,,0,"""frozen_reference""","""median_internal_fold_tau""",
1265,23,24,0,23.990657114293789,25.253854597176637,-1,2021-09-11 17:00:00,2021-09-11,2021-09-10 23:00:00,2021-08-31 23:00:00,False,False,False,True,187,174.07499999999999,"""2단계 레짐(2분류)""","""D1""",,,0,"""frozen_reference""","""median_internal_fold_tau""",
1266,23,24,0,24.397817708533474,25.879833492724458,-1,2021-09-11 18:00:00,2021-09-11,2021-09-10 23:00:00,2021-08-31 23:00:00,False,False,False,True,187,174.07499999999999,"""2단계 레짐(2분류)""","""D1""",,,0,"""frozen_reference""","""median_internal_fold_tau""",
1267,25,28,0,23.275693269424025,24.011098035559407,-1,2021-09-11 19:00:00,2021-09-11,2021-09-10 23:00:00,2021-08-31 23:00:00,False,False,False,True,187,174.07499999999999,"""2단계 레짐(2분류)""","""D1""",,,0,"""frozen_reference""","""median_internal_fold_tau""",
1268,23,24,0,24.115224296760854,25.934673243269263,-1,2021-09-11 20:00:00,2021-09-11,2021-09-10 23:00:00,2021-08-31 23:00:00,False,False,False,True,187,174.07499999999999,"""2단계 레짐(2분류)""","""D1""",,,0,"""frozen_reference""","""median_internal_fold_tau""",
1269,23,24,0,23.209696498968444,24.624819361405919,-1,2021-09-11 21:00:00,2021-09-11,2021-09-10 23:00:00,2021-08-31 23:00:00,False,False,False,True,187,174.07499999999999,"""2단계 레짐(2분류)""","""D1""",,,0,"""frozen_reference""","""median_internal_fold_tau""",
1270,23,24,0,22.869833651841891,23.777211818498174,-1,2021-09-11 22:00:00,2021-09-11,2021-09-10 23:00:00,2021-08-31 23:00:00,False,False,False,True,187,174.07499999999999,"""2단계 레짐(2분류)""","""D1""",,,0,"""frozen_reference""","""median_internal_fold_tau""",
1271,23,23,0,22.562074262217635,24.209504605223923,-1,2021-09-11 23:00:00,2021-09-11,2021-09-10 23:00:00,2021-08-31 23:00:00,False,False,False,True,187,174.07499999999999,"""2단계 레짐(2분류)""","""D1""",,,0,"""frozen_reference""","""median_internal_fold_tau""",
1272,23,23,0,22.223915744574249,22.426544173069772,-1,2021-09-12 00:00:00,2021-09-12,2021-09-11 23:00:00,2021-08-31 23:00:00,False,False,False,True,187,174.07499999999999,"""2단계 레짐(2분류)""","""D1""",,,0,"""frozen_reference""","""median_internal_fold_tau""",
1273,23,24,0,23.341331221853068,24.519380040875095,-1,2021-09-12 01:00:00,2021-09-12,2021-09-11 23:00:00,2021-08-31 23:00:00,False,False,False,True,187,174.07499999999999,"""2단계 레짐(2분류)""","""D1""",,,0,"""frozen_reference""","""median_internal_fold_tau""",
1274,24,27,0,23.117837431194985,23.344520828921581,-1,2021-09-12 02:00:00,2021-09-12,2021-09-11 23:00:00,2021-08-31 23:00:00,False,False,False,True,187,174.07499999999999,"""2단계 레짐(2분류)""","""D1""",,,0,"""frozen_reference""","""median_internal_fold_tau""",
1275,23,23,0,23.035720172728425,23.242294498167055,-1,2021-09-12 03:00:00,2021-09-12,2021-09-11 23:00:00,2021-08-31 23:00:00,False,False,False,True,187,174.07499999999999,"""2단계 레짐(2분류)""","""D1""",,,0,"""frozen_reference""","""median_internal_fold_tau""",
1276,23,23,0,22.57581409013973,23.652377737278901,-1,2021-09-12 04:00:00,2021-09-12,2021-09-11 23:00:00,2021-08-31 23:00:00,False,False,False,True,187,174.07499999999999,"""2단계 레짐(2분류)""","""D1""",,,0,"""frozen_reference""","""median_internal_fold_tau""",
1277,23,23,0,22.684719671457607,23.319862421445194,-1,2021-09-12 05:00:00,2021-09-12,2021-09-11 23:00:00,2021-08-31 23:00:00,False,False,False,True,187,174.07499999999999,"""2단계 레짐(2분류)""","""D1""",,,0,"""frozen_reference""","""median_internal_fold_tau""",
1278,23,23,0,22.529852103072656,23.31098980033812,-1,2021-09-12 06:00:00,2021-09-12,2021-09-11 23:00:00,2021-08-31 23:00:00,False,False,False,True,187,174.07499999999999,"""2단계 레짐(2분류)""","""D1""",,,0,"""frozen_reference""","""median_internal_fold_tau""",
1279,23,23,0,22.561473454220156,23.343845715353371,-1,2021-09-12 07:00:00,2021-09-12,2021-09-11 23:00:00,2021-08-31 23:00:00,False,False,False,True,187,174.07499999999999,"""2단계 레짐(2분류)""","""D1""",,,0,"""frozen_reference""","""median_internal_fold_tau""",
1280,25,28,0,22.780254500290077,25.582373701667287,-1,2021-09-12 08:00:00,2021-09-12,2021-09-11 23:00:00,2021-08-31 23:00:00,False,False,False,True,187,174.07499999999999,"""2단계 레짐(2분류)""","""D1""",,,0,"""frozen_reference""","""median_internal_fold_tau""",
1281,23,24,0,22.81452988660422,24.401420705827295,-1,2021-09-12 09:00:00,2021-09-12,2021-09-11 23:00:00,2021-08-31 23:00:00,False,False,False,True,187,174.07499999999999,"""2단계 레짐(2분류)""","""D1""",,,0,"""frozen_reference""","""median_internal_fold_tau""",
1282,23,24,0,23.185768591280087,24.017521648795526,-1,2021-09-12 10:00:00,2021-09-12,2021-09-11 23:00:00,2021-08-31 23:00:00,False,False,False,True,187,174.07499999999999,"""2단계 레짐(2분류)""","""D1""",,,0,"""frozen_reference""","""median_internal_fold_tau""",
1283,23,23,0,23.281994742707969,25.300678249506962,-1,2021-09-12 11:00:00,2021-09-12,2021-09-11 23:00:00,2021-08-31 23:00:00,False,False,False,True,187,174.07499999999999,"""2단계 레짐(2분류)""","""D1""",,,0,"""frozen_reference""","""median_internal_fold_tau""",
1284,23,23,0,23.341973482168509,24.313190856628935,-1,2021-09-12 12:00:00,2021-09-12,2021-09-11 23:00:00,2021-08-31 23:00:00,False,False,False,True,187,174.07499999999999,"""2단계 레짐(2분류)""","""D1""",,,0,"""frozen_reference""","""median_internal_fold_tau""",
1285,23,23,0,23.051315357951108,24.050417539874601,-1,2021-09-12 13:00:00,2021-09-12,2021-09-11 23:00:00,2021-08-31 23:00:00,False,False,False,True,187,174.07499999999999,"""2단계 레짐(2분류)""","""D1""",,,0,"""frozen_reference""","""median_internal_fold_tau""",
1286,25,28,0,23.46235075631833,24.34253628830362,-1,2021-09-12 14:00:00,2021-09-12,2021-09-11 23:00:00,2021-08-31 23:00:00,False,False,False,True,187,174.07499999999999,"""2단계 레짐(2분류)""","""D1""",,,0,"""frozen_reference""","""median_internal_fold_tau""",
1287,23,24,0,25.1354853350404,26.00991694369694,-1,2021-09-12 15:00:00,2021-09-12,2021-09-11 23:00:00,2021-08-31 23:00:00,False,False,False,True,187,174.07499999999999,"""2단계 레짐(2분류)""","""D1""",,,0,"""frozen_reference""","""median_internal_fold_tau""",
1288,24,24,0,23.030584793261625,24.017127648130504,-1,2021-09-12 16:00:00,2021-09-12,2021-09-11 23:00:00,2021-08-31 23:00:00,False,False,False,True,187,174.07499999999999,"""2단계 레짐(2분류)""","""D1""",,,0,"""frozen_reference""","""median_internal_fold_tau""",
1289,23,23,0,22.56747804640781,23.131139095020686,-1,2021-09-12 17:00:00,2021-09-12,2021-09-11 23:00:00,2021-08-31 23:00:00,False,False,False,True,187,174.07499999999999,"""2단계 레짐(2분류)""","""D1""",,,0,"""frozen_reference""","""median_internal_fold_tau""",
1290,23,24,0,22.8487704183345,23.718931400844014,-1,2021-09-12 18:00:00,2021-09-12,2021-09-11 23:00:00,2021-08-31 23:00:00,False,False,False,True,187,174.07499999999999,"""2단계 레짐(2분류)""","""D1""",,,0,"""frozen_reference""","""median_internal_fold_tau""",
1291,23,24,0,22.960475235110486,23.324393627027888,-1,2021-09-12 19:00:00,2021-09-12,2021-09-11 23:00:00,2021-08-31 23:00:00,False,False,False,True,187,174.07499999999999,"""2단계 레짐(2분류)""","""D1""",,,0,"""frozen_reference""","""median_internal_fold_tau""",
1292,23,24,0,22.71544022368338,23.347509973751926,-1,2021-09-12 20:00:00,2021-09-12,2021-09-11 23:00:00,2021-08-31 23:00:00,False,False,False,True,187,174.07499999999999,"""2단계 레짐(2분류)""","""D1""",,,0,"""frozen_reference""","""median_internal_fold_tau""",
1293,25,28,0,23.044375100235634,23.513513597306449,-1,2021-09-12 21:00:00,2021-09-12,2021-09-11 23:00:00,2021-08-31 23:00:00,False,False,False,True,187,174.07499999999999,"""2단계 레짐(2분류)""","""D1""",,,0,"""frozen_reference""","""median_internal_fold_tau""",
1294,23,24,0,22.515063487003715,23.610115991608115,-1,2021-09-12 22:00:00,2021-09-12,2021-09-11 23:00:00,2021-08-31 23:00:00,False,False,False,True,187,174.07499999999999,"""2단계 레짐(2분류)""","""D1""",,,0,"""frozen_reference""","""median_internal_fold_tau""",
1295,23,24,0,22.935788718160438,23.801547899140886,-1,2021-09-12 23:00:00,2021-09-12,2021-09-11 23:00:00,2021-08-31 23:00:00,False,False,False,True,187,174.07499999999999,"""2단계 레짐(2분류)""","""D1""",,,0,"""frozen_reference""","""median_internal_fold_tau""",
1296,23,23,0,22.484201162461432,25.841039313437495,-1,2021-09-13 00:00:00,2021-09-13,2021-09-12 23:00:00,2021-08-31 23:00:00,False,False,False,True,187,174.07499999999999,"""2단계 레짐(2분류)""","""D1""",,,0,"""frozen_reference""","""median_internal_fold_tau""",
1297,23,23,0,22.406463001650991,24.056254409129377,-1,2021-09-13 01:00:00,2021-09-13,2021-09-12 23:00:00,2021-08-31 23:00:00,False,False,False,True,187,174.07499999999999,"""2단계 레짐(2분류)""","""D1""",,,0,"""frozen_reference""","""median_internal_fold_tau""",
1298,23,23,0,22.36466796275262,23.511635128315838,-1,2021-09-13 02:00:00,2021-09-13,2021-09-12 23:00:00,2021-08-31 23:00:00,False,False,False,True,187,174.07499999999999,"""2단계 레짐(2분류)""","""D1""",,,0,"""frozen_reference""","""median_internal_fold_tau""",
1299,24,25,0,22.378203254615123,24.169407787154977,-1,2021-09-13 03:00:00,2021-09-13,2021-09-12 23:00:00,2021-08-31 23:00:00,False,False,False,True,187,174.07499999999999,"""2단계 레짐(2분류)""","""D1""",,,0,"""frozen_reference""","""median_internal_fold_tau""",
1300,24,28,0,22.016568634760947,23.819671022830498,-1,2021-09-13 04:00:00,2021-09-13,2021-09-12 23:00:00,2021-08-31 23:00:00,False,False,False,True,187,174.07499999999999,"""2단계 레짐(2분류)""","""D1""",,,0,"""frozen_reference""","""median_internal_fold_tau""",
1301,23,23,0,24.443152470960541,23.692371843177586,-1,2021-09-13 05:00:00,2021-09-13,2021-09-12 23:00:00,2021-08-31 23:00:00,False,False,False,True,187,174.07499999999999,"""2단계 레짐(2분류)""","""D1""",,,0,"""frozen_reference""","""median_internal_fold_tau""",
1302,23,24,0,22.378314506572476,24.608763956307516,-1,2021-09-13 06:00:00,2021-09-13,2021-09-12 23:00:00,2021-08-31 23:00:00,False,False,False,True,187,174.07499999999999,"""2단계 레짐(2분류)""","""D1""",,,0,"""frozen_reference""","""median_internal_fold_tau""",
1303,63,111,0,130.53561335915597,149.36070645830469,-1,2021-09-13 07:00:00,2021-09-13,2021-09-12 23:00:00,2021-08-31 23:00:00,False,False,False,True,187,174.07499999999999,"""2단계 레짐(2분류)""","""D1""",,,0,"""frozen_reference""","""median_internal_fold_tau""",
1304,185,196,1,180.63502871045424,193.83116598703475,-1,2021-09-13 08:00:00,2021-09-13,2021-09-12 23:00:00,2021-08-31 23:00:00,False,False,False,True,187,174.07499999999999,"""2단계 레짐(2분류)""","""D1""",,,1,"""frozen_reference""","""median_internal_fold_tau""",
1305,183,188,1,180.82122142435728,188.39867272369139,-1,2021-09-13 09:00:00,2021-09-13,2021-09-12 23:00:00,2021-08-31 23:00:00,False,False,False,True,187,174.07499999999999,"""2단계 레짐(2분류)""","""D1""",,,1,"""frozen_reference""","""median_internal_fold_tau""",
1306,177,189,1,176.5556049353977,185.93068481402378,-1,2021-09-13 10:00:00,2021-09-13,2021-09-12 23:00:00,2021-08-31 23:00:00,False,False,False,True,187,174.07499999999999,"""2단계 레짐(2분류)""","""D1""",,,1,"""frozen_reference""","""median_internal_fold_tau""",
1307,182,191,1,183.89605797119191,191.85871501081959,-1,2021-09-13 11:00:00,2021-09-13,2021-09-12 23:00:00,2021-08-31 23:00:00,False,False,False,True,187,174.07499999999999,"""2단계 레짐(2분류)""","""D1""",,,1,"""frozen_reference""","""median_internal_fold_tau""",
1308,117,130,0,114.08730614367479,129.44005687313572,-1,2021-09-13 12:00:00,2021-09-13,2021-09-12 23:00:00,2021-08-31 23:00:00,False,False,False,True,187,174.07499999999999,"""2단계 레짐(2분류)""","""D1""",,,0,"""frozen_reference""","""median_internal_fold_tau""",
1309,184,191,1,178.72106561536651,182.64620835832937,-1,2021-09-13 13:00:00,2021-09-13,2021-09-12 23:00:00,2021-08-31 23:00:00,False,False,False,True,187,174.07499999999999,"""2단계 레짐(2분류)""","""D1""",,,1,"""frozen_reference""","""median_internal_fold_tau""",
1310,180,182,0,179.2107827529417,185.38928184074507,-1,2021-09-13 14:00:00,2021-09-13,2021-09-12 23:00:00,2021-08-31 23:00:00,False,False,False,True,187,174.07499999999999,"""2단계 레짐(2분류)""","""D1""",,,1,"""frozen_reference""","""median_internal_fold_tau""",
1311,168,177,0,169.21054919046668,180.32324128447888,-1,2021-09-13 15:00:00,2021-09-13,2021-09-12 23:00:00,2021-08-31 23:00:00,False,False,False,True,187,174.07499999999999,"""2단계 레짐(2분류)""","""D1""",,,1,"""frozen_reference""","""median_internal_fold_tau""",
1312,175,182,0,168.47632422038154,178.59363724593533,-1,2021-09-13 16:00:00,2021-09-13,2021-09-12 23:00:00,2021-08-31 23:00:00,False,False,False,True,187,174.07499999999999,"""2단계 레짐(2분류)""","""D1""",,,1,"""frozen_reference""","""median_internal_fold_tau""",
1313,132,160,0,146.18673265412704,163.94507213616359,-1,2021-09-13 17:00:00,2021-09-13,2021-09-12 23:00:00,2021-08-31 23:00:00,False,False,False,True,187,174.07499999999999,"""2단계 레짐(2분류)""","""D1""",,,0,"""frozen_reference""","""median_internal_fold_tau""",
1314,145,162,0,164.68335711352407,173.16908612944098,-1,2021-09-13 18:00:00,2021-09-13,2021-09-12 23:00:00,2021-08-31 23:00:00,False,False,False,True,187,174.07499999999999,"""2단계 레짐(2분류)""","""D1""",,,0,"""frozen_reference""","""median_internal_fold_tau""",
1315,148,162,0,149.20619759190049,161.21281407389682,-1,2021-09-13 19:00:00,2021-09-13,2021-09-12 23:00:00,2021-08-31 23:00:00,False,False,False,True,187,174.07499999999999,"""2단계 레짐(2분류)""","""D1""",,,0,"""frozen_reference""","""median_internal_fold_tau""",
1316,121,126,0,122.37880055057943,127.55167560962909,-1,2021-09-13 20:00:00,2021-09-13,2021-09-12 23:00:00,2021-08-31 23:00:00,False,False,False,True,187,174.07499999999999,"""2단계 레짐(2분류)""","""D1""",,,0,"""frozen_reference""","""median_internal_fold_tau""",
1317,123,131,0,124.69470327839242,128.84681033659828,-1,2021-09-13 21:00:00,2021-09-13,2021-09-12 23:00:00,2021-08-31 23:00:00,False,False,False,True,187,174.07499999999999,"""2단계 레짐(2분류)""","""D1""",,,0,"""frozen_reference""","""median_internal_fold_tau""",
1318,110,122,0,109.16908760433759,117.07312258238844,-1,2021-09-13 22:00:00,2021-09-13,2021-09-12 23:00:00,2021-08-31 23:00:00,False,False,False,True,187,174.07499999999999,"""2단계 레짐(2분류)""","""D1""",,,0,"""frozen_reference""","""median_internal_fold_tau""",
1319,108,123,0,107.71517310920078,122.17501455702626,-1,2021-09-13 23:00:00,2021-09-13,2021-09-12 23:00:00,2021-08-31 23:00:00,False,False,False,True,187,174.07499999999999,"""2단계 레짐(2분류)""","""D1""",,,0,"""frozen_reference""","""median_internal_fold_tau""",
1320,70,72,0,75.787617485837373,80.345393842487084,-1,2021-09-14 00:00:00,2021-09-14,2021-09-13 23:00:00,2021-08-31 23:00:00,False,False,False,True,187,174.07499999999999,"""2단계 레짐(2분류)""","""D1""",,,0,"""frozen_reference""","""median_internal_fold_tau""",
1321,110,116,0,105.82655694142959,115.69160027193516,-1,2021-09-14 01:00:00,2021-09-14,2021-09-13 23:00:00,2021-08-31 23:00:00,False,False,False,True,187,174.07499999999999,"""2단계 레짐(2분류)""","""D1""",,,0,"""frozen_reference""","""median_internal_fold_tau""",
1322,112,115,0,109.77254448942814,116.17605329260164,-1,2021-09-14 02:00:00,2021-09-14,2021-09-13 23:00:00,2021-08-31 23:00:00,False,False,False,True,187,174.07499999999999,"""2단계 레짐(2분류)""","""D1""",,,0,"""frozen_reference""","""median_internal_fold_tau""",
1323,105,114,0,108.635065919943,115.7081947394656,-1,2021-09-14 03:00:00,2021-09-14,2021-09-13 23:00:00,2021-08-31 23:00:00,False,False,False,True,187,174.07499999999999,"""2단계 레짐(2분류)""","""D1""",,,0,"""frozen_reference""","""median_internal_fold_tau""",
1324,111,115,0,109.4252394295122,115.52745607756628,-1,2021-09-14 04:00:00,2021-09-14,2021-09-13 23:00:00,2021-08-31 23:00:00,False,False,False,True,187,174.07499999999999,"""2단계 레짐(2분류)""","""D1""",,,0,"""frozen_reference""","""median_internal_fold_tau""",
1325,93,115,0,93.891108916215288,112.3949160991321,-1,2021-09-14 05:00:00,2021-09-14,2021-09-13 23:00:00,2021-08-31 23:00:00,False,False,False,True,187,174.07499999999999,"""2단계 레짐(2분류)""","""D1""",,,0,"""frozen_reference""","""median_internal_fold_tau""",
1326,108,112,0,110.15841742536794,117.61895761121664,-1,2021-09-14 06:00:00,2021-09-14,2021-09-13 23:00:00,2021-08-31 23:00:00,False,False,False,True,187,174.07499999999999,"""2단계 레짐(2분류)""","""D1""",,,0,"""frozen_reference""","""median_internal_fold_tau""",
1327,140,156,0,138.83053288294155,156.03264554596925,-1,2021-09-14 07:00:00,2021-09-14,2021-09-13 23:00:00,2021-08-31 23:00:00,False,False,False,True,187,174.07499999999999,"""2단계 레짐(2분류)""","""D1""",,,0,"""frozen_reference""","""median_internal_fold_tau""",
1328,174,184,0,175.35825865617139,189.99418995910042,-1,2021-09-14 08:00:00,2021-09-14,2021-09-13 23:00:00,2021-08-31 23:00:00,False,False,False,True,187,174.07499999999999,"""2단계 레짐(2분류)""","""D1""",,,1,"""frozen_reference""","""median_internal_fold_tau""",
1329,166,178,0,176.12801387808656,187.01016891407511,-1,2021-09-14 09:00:00,2021-09-14,2021-09-13 23:00:00,2021-08-31 23:00:00,False,False,False,True,187,174.07499999999999,"""2단계 레짐(2분류)""","""D1""",,,1,"""frozen_reference""","""median_internal_fold_tau""",
1330,152,161,0,174.05872371838541,184.24930868033687,-1,2021-09-14 10:00:00,2021-09-14,2021-09-13 23:00:00,2021-08-31 23:00:00,False,False,False,True,187,174.07499999999999,"""2단계 레짐(2분류)""","""D1""",,,1,"""frozen_reference""","""median_internal_fold_tau""",
1331,170,180,0,177.65386431378766,184.70751829616501,-1,2021-09-14 11:00:00,2021-09-14,2021-09-13 23:00:00,2021-08-31 23:00:00,False,False,False,True,187,174.07499999999999,"""2단계 레짐(2분류)""","""D1""",,,1,"""frozen_reference""","""median_internal_fold_tau""",
1332,118,135,0,117.47155667831824,130.50356224630866,-1,2021-09-14 12:00:00,2021-09-14,2021-09-13 23:00:00,2021-08-31 23:00:00,False,False,False,True,187,174.07499999999999,"""2단계 레짐(2분류)""","""D1""",,,0,"""frozen_reference""","""median_internal_fold_tau""",
1333,163,173,0,178.53850683464674,185.52570965564624,-1,2021-09-14 13:00:00,2021-09-14,2021-09-13 23:00:00,2021-08-31 23:00:00,False,False,False,True,187,174.07499999999999,"""2단계 레짐(2분류)""","""D1""",,,1,"""frozen_reference""","""median_internal_fold_tau""",
1334,158,162,0,174.63731797790609,182.09879683568886,-1,2021-09-14 14:00:00,2021-09-14,2021-09-13 23:00:00,2021-08-31 23:00:00,False,False,False,True,187,174.07499999999999,"""2단계 레짐(2분류)""","""D1""",,,1,"""frozen_reference""","""median_internal_fold_tau""",
1335,161,175,0,164.76363622817206,176.62220186259185,-1,2021-09-14 15:00:00,2021-09-14,2021-09-13 23:00:00,2021-08-31 23:00:00,False,False,False,True,187,174.07499999999999,"""2단계 레짐(2분류)""","""D1""",,,1,"""frozen_reference""","""median_internal_fold_tau""",
1336,160,165,0,171.27839072393189,179.30307790402276,-1,2021-09-14 16:00:00,2021-09-14,2021-09-13 23:00:00,2021-08-31 23:00:00,False,False,False,True,187,174.07499999999999,"""2단계 레짐(2분류)""","""D1""",,,1,"""frozen_reference""","""median_internal_fold_tau""",
1337,123,146,0,132.01815728451345,160.8981280048537,-1,2021-09-14 17:00:00,2021-09-14,2021-09-13 23:00:00,2021-08-31 23:00:00,False,False,False,True,187,174.07499999999999,"""2단계 레짐(2분류)""","""D1""",,,0,"""frozen_reference""","""median_internal_fold_tau""",
1338,158,164,0,158.27796581681471,163.46305947269005,-1,2021-09-14 18:00:00,2021-09-14,2021-09-13 23:00:00,2021-08-31 23:00:00,False,False,False,True,187,174.07499999999999,"""2단계 레짐(2분류)""","""D1""",,,0,"""frozen_reference""","""median_internal_fold_tau""",
1339,153,171,0,150.60548255901111,159.76858403470601,-1,2021-09-14 19:00:00,2021-09-14,2021-09-13 23:00:00,2021-08-31 23:00:00,False,False,False,True,187,174.07499999999999,"""2단계 레짐(2분류)""","""D1""",,,0,"""frozen_reference""","""median_internal_fold_tau""",
1340,128,130,0,132.54950103094089,138.25867919396936,-1,2021-09-14 20:00:00,2021-09-14,2021-09-13 23:00:00,2021-08-31 23:00:00,False,False,False,True,187,174.07499999999999,"""2단계 레짐(2분류)""","""D1""",,,0,"""frozen_reference""","""median_internal_fold_tau""",
1341,128,134,0,130.54341192388875,131.9592915178566,-1,2021-09-14 21:00:00,2021-09-14,2021-09-13 23:00:00,2021-08-31 23:00:00,False,False,False,True,187,174.07499999999999,"""2단계 레짐(2분류)""","""D1""",,,0,"""frozen_reference""","""median_internal_fold_tau""",
1342,111,120,0,113.13547687379008,120.07841202297831,-1,2021-09-14 22:00:00,2021-09-14,2021-09-13 23:00:00,2021-08-31 23:00:00,False,False,False,True,187,174.07499999999999,"""2단계 레짐(2분류)""","""D1""",,,0,"""frozen_reference""","""median_internal_fold_tau""",
1343,110,119,0,109.97224350079651,117.11402800386119,-1,2021-09-14 23:00:00,2021-09-14,2021-09-13 23:00:00,2021-08-31 23:00:00,False,False,False,True,187,174.07499999999999,"""2단계 레짐(2분류)""","""D1""",,,0,"""frozen_reference""","""median_internal_fold_tau""",
1344,74,83,0,71.191641481558378,75.120285377109965,-1,2021-09-01 00:00:00,2021-09-01,2021-08-31 23:00:00,2021-08-31 23:00:00,False,False,False,True,187,173.82999999999998,"""2단계 레짐(3분류)""","""D1""",,,0,"""frozen_reference""","""median_internal_fold_tau""",
1345,109,117,0,104.75851342480949,112.35802734084433,-1,2021-09-01 01:00:00,2021-09-01,2021-08-31 23:00:00,2021-08-31 23:00:00,False,False,False,True,187,173.82999999999998,"""2단계 레짐(3분류)""","""D1""",,,0,"""frozen_reference""","""median_internal_fold_tau""",
1346,114,121,0,107.11745759042182,111.62597798915617,-1,2021-09-01 02:00:00,2021-09-01,2021-08-31 23:00:00,2021-08-31 23:00:00,False,False,False,True,187,173.82999999999998,"""2단계 레짐(3분류)""","""D1""",,,0,"""frozen_reference""","""median_internal_fold_tau""",
1347,99,103,0,104.39254885988717,109.86115920700708,-1,2021-09-01 03:00:00,2021-09-01,2021-08-31 23:00:00,2021-08-31 23:00:00,False,False,False,True,187,173.82999999999998,"""2단계 레짐(3분류)""","""D1""",,,0,"""frozen_reference""","""median_internal_fold_tau""",
1348,115,119,0,109.6735771648268,111.91581204254216,-1,2021-09-01 04:00:00,2021-09-01,2021-08-31 23:00:00,2021-08-31 23:00:00,False,False,False,True,187,173.82999999999998,"""2단계 레짐(3분류)""","""D1""",,,0,"""frozen_reference""","""median_internal_fold_tau""",
1349,92,112,0,95.644359345810258,111.05073615902008,-1,2021-09-01 05:00:00,2021-09-01,2021-08-31 23:00:00,2021-08-31 23:00:00,False,False,False,True,187,173.82999999999998,"""2단계 레짐(3분류)""","""D1""",,,0,"""frozen_reference""","""median_internal_fold_tau""",
1350,116,119,0,109.04742368184625,113.96540514902735,-1,2021-09-01 06:00:00,2021-09-01,2021-08-31 23:00:00,2021-08-31 23:00:00,False,False,False,True,187,173.82999999999998,"""2단계 레짐(3분류)""","""D1""",,,0,"""frozen_reference""","""median_internal_fold_tau""",
1351,124,139,0,129.73411160611673,154.27857869342233,-1,2021-09-01 07:00:00,2021-09-01,2021-08-31 23:00:00,2021-08-31 23:00:00,False,False,False,True,187,173.82999999999998,"""2단계 레짐(3분류)""","""D1""",,,0,"""frozen_reference""","""median_internal_fold_tau""",
1352,180,198,1,171.56048299426769,183.9303579304073,-1,2021-09-01 08:00:00,2021-09-01,2021-08-31 23:00:00,2021-08-31 23:00:00,False,False,False,True,187,173.82999999999998,"""2단계 레짐(3분류)""","""D1""",,,1,"""frozen_reference""","""median_internal_fold_tau""",
1353,182,189,1,169.61832458358043,181.60463277409869,-1,2021-09-01 09:00:00,2021-09-01,2021-08-31 23:00:00,2021-08-31 23:00:00,False,False,False,True,187,173.82999999999998,"""2단계 레짐(3분류)""","""D1""",,,1,"""frozen_reference""","""median_internal_fold_tau""",
1354,185,196,1,173.79361490646087,179.08185704545022,-1,2021-09-01 10:00:00,2021-09-01,2021-08-31 23:00:00,2021-08-31 23:00:00,False,False,False,True,187,173.82999999999998,"""2단계 레짐(3분류)""","""D1""",,,1,"""frozen_reference""","""median_internal_fold_tau""",
1355,174,180,0,172.90855293148084,181.22366967463029,-1,2021-09-01 11:00:00,2021-09-01,2021-08-31 23:00:00,2021-08-31 23:00:00,False,False,False,True,187,173.82999999999998,"""2단계 레짐(3분류)""","""D1""",,,1,"""frozen_reference""","""median_internal_fold_tau""",
1356,117,138,0,111.23733004679349,124.62511141486733,-1,2021-09-01 12:00:00,2021-09-01,2021-08-31 23:00:00,2021-08-31 23:00:00,False,False,False,True,187,173.82999999999998,"""2단계 레짐(3분류)""","""D1""",,,0,"""frozen_reference""","""median_internal_fold_tau""",
1357,182,190,1,176.40992968159978,181.12513789163137,-1,2021-09-01 13:00:00,2021-09-01,2021-08-31 23:00:00,2021-08-31 23:00:00,False,False,False,True,187,173.82999999999998,"""2단계 레짐(3분류)""","""D1""",,,1,"""frozen_reference""","""median_internal_fold_tau""",
1358,184,192,1,170.32820898377514,173.58180741599509,-1,2021-09-01 14:00:00,2021-09-01,2021-08-31 23:00:00,2021-08-31 23:00:00,False,False,False,True,187,173.82999999999998,"""2단계 레짐(3분류)""","""D1""",,,0,"""frozen_reference""","""median_internal_fold_tau""",
1359,173,182,0,162.29351034145787,174.65916531179869,-1,2021-09-01 15:00:00,2021-09-01,2021-08-31 23:00:00,2021-08-31 23:00:00,False,False,False,True,187,173.82999999999998,"""2단계 레짐(3분류)""","""D1""",,,1,"""frozen_reference""","""median_internal_fold_tau""",
1360,176,187,1,165.8942150319161,169.57421124185888,-1,2021-09-01 16:00:00,2021-09-01,2021-08-31 23:00:00,2021-08-31 23:00:00,False,False,False,True,187,173.82999999999998,"""2단계 레짐(3분류)""","""D1""",,,0,"""frozen_reference""","""median_internal_fold_tau""",
1361,139,180,0,139.54096374031263,168.1385796320701,-1,2021-09-01 17:00:00,2021-09-01,2021-08-31 23:00:00,2021-08-31 23:00:00,False,False,False,True,187,173.82999999999998,"""2단계 레짐(3분류)""","""D1""",,,0,"""frozen_reference""","""median_internal_fold_tau""",
1362,163,167,0,154.33557373136117,162.8652555970757,-1,2021-09-01 18:00:00,2021-09-01,2021-08-31 23:00:00,2021-08-31 23:00:00,False,False,False,True,187,173.82999999999998,"""2단계 레짐(3분류)""","""D1""",,,0,"""frozen_reference""","""median_internal_fold_tau""",
1363,152,163,0,139.984849134071,154.12058608621095,-1,2021-09-01 19:00:00,2021-09-01,2021-08-31 23:00:00,2021-08-31 23:00:00,False,False,False,True,187,173.82999999999998,"""2단계 레짐(3분류)""","""D1""",,,0,"""frozen_reference""","""median_internal_fold_tau""",
1364,129,139,0,116.37866662155719,123.38064777174586,-1,2021-09-01 20:00:00,2021-09-01,2021-08-31 23:00:00,2021-08-31 23:00:00,False,False,False,True,187,173.82999999999998,"""2단계 레짐(3분류)""","""D1""",,,0,"""frozen_reference""","""median_internal_fold_tau""",
1365,131,133,0,123.78736837951041,131.1371244840571,-1,2021-09-01 21:00:00,2021-09-01,2021-08-31 23:00:00,2021-08-31 23:00:00,False,False,False,True,187,173.82999999999998,"""2단계 레짐(3분류)""","""D1""",,,0,"""frozen_reference""","""median_internal_fold_tau""",
1366,119,128,0,115.53283914978044,119.44894358455601,-1,2021-09-01 22:00:00,2021-09-01,2021-08-31 23:00:00,2021-08-31 23:00:00,False,False,False,True,187,173.82999999999998,"""2단계 레짐(3분류)""","""D1""",,,0,"""frozen_reference""","""median_internal_fold_tau""",
1367,114,121,0,106.84367825326933,117.96853629890389,-1,2021-09-01 23:00:00,2021-09-01,2021-08-31 23:00:00,2021-08-31 23:00:00,False,False,False,True,187,173.82999999999998,"""2단계 레짐(3분류)""","""D1""",,,0,"""frozen_reference""","""median_internal_fold_tau""",
1368,79,87,0,75.954508097424338,80.428942599952777,-1,2021-09-02 00:00:00,2021-09-02,2021-09-01 23:00:00,2021-08-31 23:00:00,False,False,False,True,187,173.82999999999998,"""2단계 레짐(3분류)""","""D1""",,,0,"""frozen_reference""","""median_internal_fold_tau""",
1369,112,119,0,107.9490839542562,112.42005432227877,-1,2021-09-02 01:00:00,2021-09-02,2021-09-01 23:00:00,2021-08-31 23:00:00,False,False,False,True,187,173.82999999999998,"""2단계 레짐(3분류)""","""D1""",,,0,"""frozen_reference""","""median_internal_fold_tau""",
1370,114,119,0,113.86497133340339,116.64723738052132,-1,2021-09-02 02:00:00,2021-09-02,2021-09-01 23:00:00,2021-08-31 23:00:00,False,False,False,True,187,173.82999999999998,"""2단계 레짐(3분류)""","""D1""",,,0,"""frozen_reference""","""median_internal_fold_tau""",
1371,106,118,0,103.40282271896714,111.15535650792762,-1,2021-09-02 03:00:00,2021-09-02,2021-09-01 23:00:00,2021-08-31 23:00:00,False,False,False,True,187,173.82999999999998,"""2단계 레짐(3분류)""","""D1""",,,0,"""frozen_reference""","""median_internal_fold_tau""",
1372,114,120,0,112.89264554319018,114.23006134563487,-1,2021-09-02 04:00:00,2021-09-02,2021-09-01 23:00:00,2021-08-31 23:00:00,False,False,False,True,187,173.82999999999998,"""2단계 레짐(3분류)""","""D1""",,,0,"""frozen_reference""","""median_internal_fold_tau""",
1373,93,108,0,95.00458258939247,111.38012981732169,-1,2021-09-02 05:00:00,2021-09-02,2021-09-01 23:00:00,2021-08-31 23:00:00,False,False,False,True,187,173.82999999999998,"""2단계 레짐(3분류)""","""D1""",,,0,"""frozen_reference""","""median_internal_fold_tau""",
1374,115,117,0,113.503285426166,115.76747383570368,-1,2021-09-02 06:00:00,2021-09-02,2021-09-01 23:00:00,2021-08-31 23:00:00,False,False,False,True,187,173.82999999999998,"""2단계 레짐(3분류)""","""D1""",,,0,"""frozen_reference""","""median_internal_fold_tau""",
1375,141,160,0,131.71182623964808,154.10188277671813,-1,2021-09-02 07:00:00,2021-09-02,2021-09-01 23:00:00,2021-08-31 23:00:00,False,False,False,True,187,173.82999999999998,"""2단계 레짐(3분류)""","""D1""",,,0,"""frozen_reference""","""median_internal_fold_tau""",
1376,166,171,0,169.30656539504037,187.35371856637391,-1,2021-09-02 08:00:00,2021-09-02,2021-09-01 23:00:00,2021-08-31 23:00:00,False,False,False,True,187,173.82999999999998,"""2단계 레짐(3분류)""","""D1""",,,1,"""frozen_reference""","""median_internal_fold_tau""",
1377,184,198,1,175.30987747025804,188.95488069970705,-1,2021-09-02 09:00:00,2021-09-02,2021-09-01 23:00:00,2021-08-31 23:00:00,False,False,False,True,187,173.82999999999998,"""2단계 레짐(3분류)""","""D1""",,,1,"""frozen_reference""","""median_internal_fold_tau""",
1378,179,188,1,169.9314582824276,185.61392571147942,-1,2021-09-02 10:00:00,2021-09-02,2021-09-01 23:00:00,2021-08-31 23:00:00,False,False,False,True,187,173.82999999999998,"""2단계 레짐(3분류)""","""D1""",,,1,"""frozen_reference""","""median_internal_fold_tau""",
1379,182,188,1,175.41981565025617,182.81784041684733,-1,2021-09-02 11:00:00,2021-09-02,2021-09-01 23:00:00,2021-08-31 23:00:00,False,False,False,True,187,173.82999999999998,"""2단계 레짐(3분류)""","""D1""",,,1,"""frozen_reference""","""median_internal_fold_tau""",
1380,112,130,0,109.04974717523672,119.37564343448649,-1,2021-09-02 12:00:00,2021-09-02,2021-09-01 23:00:00,2021-08-31 23:00:00,False,False,False,True,187,173.82999999999998,"""2단계 레짐(3분류)""","""D1""",,,0,"""frozen_reference""","""median_internal_fold_tau""",
1381,174,183,0,170.26773469063767,182.78529716882593,-1,2021-09-02 13:00:00,2021-09-02,2021-09-01 23:00:00,2021-08-31 23:00:00,False,False,False,True,187,173.82999999999998,"""2단계 레짐(3분류)""","""D1""",,,1,"""frozen_reference""","""median_internal_fold_tau""",
1382,192,195,1,176.26532061709116,185.82052063301066,-1,2021-09-02 14:00:00,2021-09-02,2021-09-01 23:00:00,2021-08-31 23:00:00,False,False,False,True,187,173.82999999999998,"""2단계 레짐(3분류)""","""D1""",,,1,"""frozen_reference""","""median_internal_fold_tau""",
1383,170,177,0,169.63757767825959,180.26012297422497,-1,2021-09-02 15:00:00,2021-09-02,2021-09-01 23:00:00,2021-08-31 23:00:00,False,False,False,True,187,173.82999999999998,"""2단계 레짐(3분류)""","""D1""",,,1,"""frozen_reference""","""median_internal_fold_tau""",
1384,174,181,0,162.7815011601302,175.0227545425733,-1,2021-09-02 16:00:00,2021-09-02,2021-09-01 23:00:00,2021-08-31 23:00:00,False,False,False,True,187,173.82999999999998,"""2단계 레짐(3분류)""","""D1""",,,1,"""frozen_reference""","""median_internal_fold_tau""",
1385,132,153,0,131.23810244032722,157.69751151678045,-1,2021-09-02 17:00:00,2021-09-02,2021-09-01 23:00:00,2021-08-31 23:00:00,False,False,False,True,187,173.82999999999998,"""2단계 레짐(3분류)""","""D1""",,,0,"""frozen_reference""","""median_internal_fold_tau""",
1386,159,167,0,157.96343367798485,166.05672109857028,-1,2021-09-02 18:00:00,2021-09-02,2021-09-01 23:00:00,2021-08-31 23:00:00,False,False,False,True,187,173.82999999999998,"""2단계 레짐(3분류)""","""D1""",,,0,"""frozen_reference""","""median_internal_fold_tau""",
1387,161,173,0,154.35650601349596,154.02796656278892,-1,2021-09-02 19:00:00,2021-09-02,2021-09-01 23:00:00,2021-08-31 23:00:00,False,False,False,True,187,173.82999999999998,"""2단계 레짐(3분류)""","""D1""",,,0,"""frozen_reference""","""median_internal_fold_tau""",
1388,132,143,0,117.48994989361466,123.0417086362457,-1,2021-09-02 20:00:00,2021-09-02,2021-09-01 23:00:00,2021-08-31 23:00:00,False,False,False,True,187,173.82999999999998,"""2단계 레짐(3분류)""","""D1""",,,0,"""frozen_reference""","""median_internal_fold_tau""",
1389,131,138,0,123.54426350785559,127.61785173341868,-1,2021-09-02 21:00:00,2021-09-02,2021-09-01 23:00:00,2021-08-31 23:00:00,False,False,False,True,187,173.82999999999998,"""2단계 레짐(3분류)""","""D1""",,,0,"""frozen_reference""","""median_internal_fold_tau""",
1390,114,129,0,115.01794139966319,120.46986220366051,-1,2021-09-02 22:00:00,2021-09-02,2021-09-01 23:00:00,2021-08-31 23:00:00,False,False,False,True,187,173.82999999999998,"""2단계 레짐(3분류)""","""D1""",,,0,"""frozen_reference""","""median_internal_fold_tau""",
1391,119,129,0,108.86133261040095,117.65285083673041,-1,2021-09-02 23:00:00,2021-09-02,2021-09-01 23:00:00,2021-08-31 23:00:00,False,False,False,True,187,173.82999999999998,"""2단계 레짐(3분류)""","""D1""",,,0,"""frozen_reference""","""median_internal_fold_tau""",
1392,69,71,0,74.899214535827923,78.975703180750301,-1,2021-09-03 00:00:00,2021-09-03,2021-09-02 23:00:00,2021-08-31 23:00:00,False,False,False,True,187,173.82999999999998,"""2단계 레짐(3분류)""","""D1""",,,0,"""frozen_reference""","""median_internal_fold_tau""",
1393,109,119,0,111.3212229560061,118.26751640295434,-1,2021-09-03 01:00:00,2021-09-03,2021-09-02 23:00:00,2021-08-31 23:00:00,False,False,False,True,187,173.82999999999998,"""2단계 레짐(3분류)""","""D1""",,,0,"""frozen_reference""","""median_internal_fold_tau""",
1394,112,117,0,114.56053663827299,119.33446215794358,-1,2021-09-03 02:00:00,2021-09-03,2021-09-02 23:00:00,2021-08-31 23:00:00,False,False,False,True,187,173.82999999999998,"""2단계 레짐(3분류)""","""D1""",,,0,"""frozen_reference""","""median_internal_fold_tau""",
1395,110,114,0,104.92191792861541,113.47649095561084,-1,2021-09-03 03:00:00,2021-09-03,2021-09-02 23:00:00,2021-08-31 23:00:00,False,False,False,True,187,173.82999999999998,"""2단계 레짐(3분류)""","""D1""",,,0,"""frozen_reference""","""median_internal_fold_tau""",
1396,107,113,0,117.80459681207336,118.75005915931024,-1,2021-09-03 04:00:00,2021-09-03,2021-09-02 23:00:00,2021-08-31 23:00:00,False,False,False,True,187,173.82999999999998,"""2단계 레짐(3분류)""","""D1""",,,0,"""frozen_reference""","""median_internal_fold_tau""",
1397,93,111,0,91.46748738463819,109.87159147480008,-1,2021-09-03 05:00:00,2021-09-03,2021-09-02 23:00:00,2021-08-31 23:00:00,False,False,False,True,187,173.82999999999998,"""2단계 레짐(3분류)""","""D1""",,,0,"""frozen_reference""","""median_internal_fold_tau""",
1398,107,114,0,118.14308711095302,118.57808518482197,-1,2021-09-03 06:00:00,2021-09-03,2021-09-02 23:00:00,2021-08-31 23:00:00,False,False,False,True,187,173.82999999999998,"""2단계 레짐(3분류)""","""D1""",,,0,"""frozen_reference""","""median_internal_fold_tau""",
1399,134,147,0,130.23219477649062,140.2089384620617,-1,2021-09-03 07:00:00,2021-09-03,2021-09-02 23:00:00,2021-08-31 23:00:00,False,False,False,True,187,173.82999999999998,"""2단계 레짐(3분류)""","""D1""",,,0,"""frozen_reference""","""median_internal_fold_tau""",
1400,170,179,0,174.72310878669637,190.28551081524583,-1,2021-09-03 08:00:00,2021-09-03,2021-09-02 23:00:00,2021-08-31 23:00:00,False,False,False,True,187,173.82999999999998,"""2단계 레짐(3분류)""","""D1""",,,1,"""frozen_reference""","""median_internal_fold_tau""",
1401,171,178,0,173.88110475092523,186.45526352497492,-1,2021-09-03 09:00:00,2021-09-03,2021-09-02 23:00:00,2021-08-31 23:00:00,False,False,False,True,187,173.82999999999998,"""2단계 레짐(3분류)""","""D1""",,,1,"""frozen_reference""","""median_internal_fold_tau""",
1402,163,169,0,169.61220867783624,185.36979464846107,-1,2021-09-03 10:00:00,2021-09-03,2021-09-02 23:00:00,2021-08-31 23:00:00,False,False,False,True,187,173.82999999999998,"""2단계 레짐(3분류)""","""D1""",,,1,"""frozen_reference""","""median_internal_fold_tau""",
1403,187,190,1,170.97777062855809,181.99247515378531,-1,2021-09-03 11:00:00,2021-09-03,2021-09-02 23:00:00,2021-08-31 23:00:00,False,False,False,True,187,173.82999999999998,"""2단계 레짐(3분류)""","""D1""",,,1,"""frozen_reference""","""median_internal_fold_tau""",
1404,108,122,0,107.16012169665959,117.75641201902839,-1,2021-09-03 12:00:00,2021-09-03,2021-09-02 23:00:00,2021-08-31 23:00:00,False,False,False,True,187,173.82999999999998,"""2단계 레짐(3분류)""","""D1""",,,0,"""frozen_reference""","""median_internal_fold_tau""",
1405,169,176,0,174.01057934205141,184.21285236404475,-1,2021-09-03 13:00:00,2021-09-03,2021-09-02 23:00:00,2021-08-31 23:00:00,False,False,False,True,187,173.82999999999998,"""2단계 레짐(3분류)""","""D1""",,,1,"""frozen_reference""","""median_internal_fold_tau""",
1406,178,181,0,163.62441462530654,178.94086527421911,-1,2021-09-03 14:00:00,2021-09-03,2021-09-02 23:00:00,2021-08-31 23:00:00,False,False,False,True,187,173.82999999999998,"""2단계 레짐(3분류)""","""D1""",,,1,"""frozen_reference""","""median_internal_fold_tau""",
1407,154,162,0,159.10903245339253,173.75023953664683,-1,2021-09-03 15:00:00,2021-09-03,2021-09-02 23:00:00,2021-08-31 23:00:00,False,False,False,True,187,173.82999999999998,"""2단계 레짐(3분류)""","""D1""",,,0,"""frozen_reference""","""median_internal_fold_tau""",
1408,161,165,0,164.13042671706239,172.60149959037912,-1,2021-09-03 16:00:00,2021-09-03,2021-09-02 23:00:00,2021-08-31 23:00:00,False,False,False,True,187,173.82999999999998,"""2단계 레짐(3분류)""","""D1""",,,0,"""frozen_reference""","""median_internal_fold_tau""",
1409,147,170,0,139.3525696186114,166.85785709760731,-1,2021-09-03 17:00:00,2021-09-03,2021-09-02 23:00:00,2021-08-31 23:00:00,False,False,False,True,187,173.82999999999998,"""2단계 레짐(3분류)""","""D1""",,,0,"""frozen_reference""","""median_internal_fold_tau""",
1410,154,158,0,150.07931283875698,159.58017072991001,-1,2021-09-03 18:00:00,2021-09-03,2021-09-02 23:00:00,2021-08-31 23:00:00,False,False,False,True,187,173.82999999999998,"""2단계 레짐(3분류)""","""D1""",,,0,"""frozen_reference""","""median_internal_fold_tau""",
1411,143,156,0,133.55542864205191,138.55169459357228,-1,2021-09-03 19:00:00,2021-09-03,2021-09-02 23:00:00,2021-08-31 23:00:00,False,False,False,True,187,173.82999999999998,"""2단계 레짐(3분류)""","""D1""",,,0,"""frozen_reference""","""median_internal_fold_tau""",
1412,115,118,0,119.96019721972473,122.87453563616398,-1,2021-09-03 20:00:00,2021-09-03,2021-09-02 23:00:00,2021-08-31 23:00:00,False,False,False,True,187,173.82999999999998,"""2단계 레짐(3분류)""","""D1""",,,0,"""frozen_reference""","""median_internal_fold_tau""",
1413,110,113,0,117.71910776604383,119.31612621808586,-1,2021-09-03 21:00:00,2021-09-03,2021-09-02 23:00:00,2021-08-31 23:00:00,False,False,False,True,187,173.82999999999998,"""2단계 레짐(3분류)""","""D1""",,,0,"""frozen_reference""","""median_internal_fold_tau""",
1414,105,119,0,113.63423934541919,120.48849156342052,-1,2021-09-03 22:00:00,2021-09-03,2021-09-02 23:00:00,2021-08-31 23:00:00,False,False,False,True,187,173.82999999999998,"""2단계 레짐(3분류)""","""D1""",,,0,"""frozen_reference""","""median_internal_fold_tau""",
1415,101,112,0,112.53724667728449,119.23988396273728,-1,2021-09-03 23:00:00,2021-09-03,2021-09-02 23:00:00,2021-08-31 23:00:00,False,False,False,True,187,173.82999999999998,"""2단계 레짐(3분류)""","""D1""",,,0,"""frozen_reference""","""median_internal_fold_tau""",
1416,64,69,0,66.908981441323093,68.905995895447433,-1,2021-09-04 00:00:00,2021-09-04,2021-09-03 23:00:00,2021-08-31 23:00:00,False,False,False,True,187,173.82999999999998,"""2단계 레짐(3분류)""","""D1""",,,0,"""frozen_reference""","""median_internal_fold_tau""",
1417,106,114,0,103.65233459320839,112.01771586812821,-1,2021-09-04 01:00:00,2021-09-04,2021-09-03 23:00:00,2021-08-31 23:00:00,False,False,False,True,187,173.82999999999998,"""2단계 레짐(3분류)""","""D1""",,,0,"""frozen_reference""","""median_internal_fold_tau""",
1418,104,107,0,111.21198582528578,118.55237300222598,-1,2021-09-04 02:00:00,2021-09-04,2021-09-03 23:00:00,2021-08-31 23:00:00,False,False,False,True,187,173.82999999999998,"""2단계 레짐(3분류)""","""D1""",,,0,"""frozen_reference""","""median_internal_fold_tau""",
1419,98,103,0,106.6863244750316,111.1162095408194,-1,2021-09-04 03:00:00,2021-09-04,2021-09-03 23:00:00,2021-08-31 23:00:00,False,False,False,True,187,173.82999999999998,"""2단계 레짐(3분류)""","""D1""",,,0,"""frozen_reference""","""median_internal_fold_tau""",
1420,109,112,0,109.14188536752943,112.24971480003259,-1,2021-09-04 04:00:00,2021-09-04,2021-09-03 23:00:00,2021-08-31 23:00:00,False,False,False,True,187,173.82999999999998,"""2단계 레짐(3분류)""","""D1""",,,0,"""frozen_reference""","""median_internal_fold_tau""",
1421,88,105,0,89.09970327497723,107.14640903642554,-1,2021-09-04 05:00:00,2021-09-04,2021-09-03 23:00:00,2021-08-31 23:00:00,False,False,False,True,187,173.82999999999998,"""2단계 레짐(3분류)""","""D1""",,,0,"""frozen_reference""","""median_internal_fold_tau""",
1422,111,116,0,105.14942082970109,111.74134196369678,-1,2021-09-04 06:00:00,2021-09-04,2021-09-03 23:00:00,2021-08-31 23:00:00,False,False,False,True,187,173.82999999999998,"""2단계 레짐(3분류)""","""D1""",,,0,"""frozen_reference""","""median_internal_fold_tau""",
1423,70,97,0,58.840299081544529,82.136967495017075,-1,2021-09-04 07:00:00,2021-09-04,2021-09-03 23:00:00,2021-08-31 23:00:00,False,False,False,True,187,173.82999999999998,"""2단계 레짐(3분류)""","""D1""",,,0,"""frozen_reference""","""median_internal_fold_tau""",
1424,33,37,0,22.604017385460118,23.835548629490798,-1,2021-09-04 08:00:00,2021-09-04,2021-09-03 23:00:00,2021-08-31 23:00:00,False,False,False,True,187,173.82999999999998,"""2단계 레짐(3분류)""","""D1""",,,0,"""frozen_reference""","""median_internal_fold_tau""",
1425,32,32,0,22.334834318496753,23.765599737116634,-1,2021-09-04 09:00:00,2021-09-04,2021-09-03 23:00:00,2021-08-31 23:00:00,False,False,False,True,187,173.82999999999998,"""2단계 레짐(3분류)""","""D1""",,,0,"""frozen_reference""","""median_internal_fold_tau""",
1426,34,36,0,22.69783095085603,23.573486409798672,-1,2021-09-04 10:00:00,2021-09-04,2021-09-03 23:00:00,2021-08-31 23:00:00,False,False,False,True,187,173.82999999999998,"""2단계 레짐(3분류)""","""D1""",,,0,"""frozen_reference""","""median_internal_fold_tau""",
1427,32,32,0,23.092938743228856,24.210166135220273,-1,2021-09-04 11:00:00,2021-09-04,2021-09-03 23:00:00,2021-08-31 23:00:00,False,False,False,True,187,173.82999999999998,"""2단계 레짐(3분류)""","""D1""",,,0,"""frozen_reference""","""median_internal_fold_tau""",
1428,33,34,0,22.83819909893209,23.936661118273815,-1,2021-09-04 12:00:00,2021-09-04,2021-09-03 23:00:00,2021-08-31 23:00:00,False,False,False,True,187,173.82999999999998,"""2단계 레짐(3분류)""","""D1""",,,0,"""frozen_reference""","""median_internal_fold_tau""",
1429,34,37,0,22.66771688190763,23.102648377038278,-1,2021-09-04 13:00:00,2021-09-04,2021-09-03 23:00:00,2021-08-31 23:00:00,False,False,False,True,187,173.82999999999998,"""2단계 레짐(3분류)""","""D1""",,,0,"""frozen_reference""","""median_internal_fold_tau""",
1430,34,35,0,23.06910722737473,24.788084162034892,-1,2021-09-04 14:00:00,2021-09-04,2021-09-03 23:00:00,2021-08-31 23:00:00,False,False,False,True,187,173.82999999999998,"""2단계 레짐(3분류)""","""D1""",,,0,"""frozen_reference""","""median_internal_fold_tau""",
1431,33,33,0,22.288728799250606,23.855237774077722,-1,2021-09-04 15:00:00,2021-09-04,2021-09-03 23:00:00,2021-08-31 23:00:00,False,False,False,True,187,173.82999999999998,"""2단계 레짐(3분류)""","""D1""",,,0,"""frozen_reference""","""median_internal_fold_tau""",
1432,36,43,0,22.63651723737599,23.910974630754659,-1,2021-09-04 16:00:00,2021-09-04,2021-09-03 23:00:00,2021-08-31 23:00:00,False,False,False,True,187,173.82999999999998,"""2단계 레짐(3분류)""","""D1""",,,0,"""frozen_reference""","""median_internal_fold_tau""",
1433,35,40,0,21.867910760479912,22.635890394527664,-1,2021-09-04 17:00:00,2021-09-04,2021-09-03 23:00:00,2021-08-31 23:00:00,False,False,False,True,187,173.82999999999998,"""2단계 레짐(3분류)""","""D1""",,,0,"""frozen_reference""","""median_internal_fold_tau""",
1434,26,29,0,22.170032933906029,23.759210588201743,-1,2021-09-04 18:00:00,2021-09-04,2021-09-03 23:00:00,2021-08-31 23:00:00,False,False,False,True,187,173.82999999999998,"""2단계 레짐(3분류)""","""D1""",,,0,"""frozen_reference""","""median_internal_fold_tau""",
1435,23,25,0,22.084117055759879,23.851456146529156,-1,2021-09-04 19:00:00,2021-09-04,2021-09-03 23:00:00,2021-08-31 23:00:00,False,False,False,True,187,173.82999999999998,"""2단계 레짐(3분류)""","""D1""",,,0,"""frozen_reference""","""median_internal_fold_tau""",
1436,25,27,0,22.033217203366949,23.061260196411855,-1,2021-09-04 20:00:00,2021-09-04,2021-09-03 23:00:00,2021-08-31 23:00:00,False,False,False,True,187,173.82999999999998,"""2단계 레짐(3분류)""","""D1""",,,0,"""frozen_reference""","""median_internal_fold_tau""",
1437,23,23,0,22.503713791055365,24.393294647535548,-1,2021-09-04 21:00:00,2021-09-04,2021-09-03 23:00:00,2021-08-31 23:00:00,False,False,False,True,187,173.82999999999998,"""2단계 레짐(3분류)""","""D1""",,,0,"""frozen_reference""","""median_internal_fold_tau""",
1438,23,23,0,22.442867105606922,23.309918781549914,-1,2021-09-04 22:00:00,2021-09-04,2021-09-03 23:00:00,2021-08-31 23:00:00,False,False,False,True,187,173.82999999999998,"""2단계 레짐(3분류)""","""D1""",,,0,"""frozen_reference""","""median_internal_fold_tau""",
1439,23,23,0,22.2823092236466,24.096240046273845,-1,2021-09-04 23:00:00,2021-09-04,2021-09-03 23:00:00,2021-08-31 23:00:00,False,False,False,True,187,173.82999999999998,"""2단계 레짐(3분류)""","""D1""",,,0,"""frozen_reference""","""median_internal_fold_tau""",
1440,24,26,0,21.861664287356462,23.152479278673255,-1,2021-09-05 00:00:00,2021-09-05,2021-09-04 23:00:00,2021-08-31 23:00:00,False,False,False,True,187,173.82999999999998,"""2단계 레짐(3분류)""","""D1""",,,0,"""frozen_reference""","""median_internal_fold_tau""",
1441,22,22,0,22.445783782695454,23.863034672594921,-1,2021-09-05 01:00:00,2021-09-05,2021-09-04 23:00:00,2021-08-31 23:00:00,False,False,False,True,187,173.82999999999998,"""2단계 레짐(3분류)""","""D1""",,,0,"""frozen_reference""","""median_internal_fold_tau""",
1442,22,22,0,21.949001327809224,23.734041536131478,-1,2021-09-05 02:00:00,2021-09-05,2021-09-04 23:00:00,2021-08-31 23:00:00,False,False,False,True,187,173.82999999999998,"""2단계 레짐(3분류)""","""D1""",,,0,"""frozen_reference""","""median_internal_fold_tau""",
1443,22,22,0,21.83649743826502,23.427062029690923,-1,2021-09-05 03:00:00,2021-09-05,2021-09-04 23:00:00,2021-08-31 23:00:00,False,False,False,True,187,173.82999999999998,"""2단계 레짐(3분류)""","""D1""",,,0,"""frozen_reference""","""median_internal_fold_tau""",
1444,24,27,0,22.382726519909895,23.915097976413129,-1,2021-09-05 04:00:00,2021-09-05,2021-09-04 23:00:00,2021-08-31 23:00:00,False,False,False,True,187,173.82999999999998,"""2단계 레짐(3분류)""","""D1""",,,0,"""frozen_reference""","""median_internal_fold_tau""",
1445,22,22,0,21.400813421580047,23.409898759858958,-1,2021-09-05 05:00:00,2021-09-05,2021-09-04 23:00:00,2021-08-31 23:00:00,False,False,False,True,187,173.82999999999998,"""2단계 레짐(3분류)""","""D1""",,,0,"""frozen_reference""","""median_internal_fold_tau""",
1446,22,22,0,22.164300465598807,24.182842005956491,-1,2021-09-05 06:00:00,2021-09-05,2021-09-04 23:00:00,2021-08-31 23:00:00,False,False,False,True,187,173.82999999999998,"""2단계 레짐(3분류)""","""D1""",,,0,"""frozen_reference""","""median_internal_fold_tau""",
1447,22,22,0,21.534257401526197,23.662769902960125,-1,2021-09-05 07:00:00,2021-09-05,2021-09-04 23:00:00,2021-08-31 23:00:00,False,False,False,True,187,173.82999999999998,"""2단계 레짐(3분류)""","""D1""",,,0,"""frozen_reference""","""median_internal_fold_tau""",
1448,25,27,0,21.623563483230566,23.744034710616337,-1,2021-09-05 08:00:00,2021-09-05,2021-09-04 23:00:00,2021-08-31 23:00:00,False,False,False,True,187,173.82999999999998,"""2단계 레짐(3분류)""","""D1""",,,0,"""frozen_reference""","""median_internal_fold_tau""",
1449,22,23,0,21.724849567484352,23.682424123934453,-1,2021-09-05 09:00:00,2021-09-05,2021-09-04 23:00:00,2021-08-31 23:00:00,False,False,False,True,187,173.82999999999998,"""2단계 레짐(3분류)""","""D1""",,,0,"""frozen_reference""","""median_internal_fold_tau""",
1450,22,22,0,22.172230844921344,24.336373340819783,-1,2021-09-05 10:00:00,2021-09-05,2021-09-04 23:00:00,2021-08-31 23:00:00,False,False,False,True,187,173.82999999999998,"""2단계 레짐(3분류)""","""D1""",,,0,"""frozen_reference""","""median_internal_fold_tau""",
1451,22,22,0,22.168541179647704,23.748425756630589,-1,2021-09-05 11:00:00,2021-09-05,2021-09-04 23:00:00,2021-08-31 23:00:00,False,False,False,True,187,173.82999999999998,"""2단계 레짐(3분류)""","""D1""",,,0,"""frozen_reference""","""median_internal_fold_tau""",
1452,24,26,0,22.056289333938661,22.782462480926448,-1,2021-09-05 12:00:00,2021-09-05,2021-09-04 23:00:00,2021-08-31 23:00:00,False,False,False,True,187,173.82999999999998,"""2단계 레짐(3분류)""","""D1""",,,0,"""frozen_reference""","""median_internal_fold_tau""",
1453,22,23,0,22.134077276162714,21.247704713855676,-1,2021-09-05 13:00:00,2021-09-05,2021-09-04 23:00:00,2021-08-31 23:00:00,False,False,False,True,187,173.82999999999998,"""2단계 레짐(3분류)""","""D1""",,,0,"""frozen_reference""","""median_internal_fold_tau""",
1454,23,23,0,21.916598155717729,22.912019170722935,-1,2021-09-05 14:00:00,2021-09-05,2021-09-04 23:00:00,2021-08-31 23:00:00,False,False,False,True,187,173.82999999999998,"""2단계 레짐(3분류)""","""D1""",,,0,"""frozen_reference""","""median_internal_fold_tau""",
1455,24,28,0,21.956874666062241,22.131967084364959,-1,2021-09-05 15:00:00,2021-09-05,2021-09-04 23:00:00,2021-08-31 23:00:00,False,False,False,True,187,173.82999999999998,"""2단계 레짐(3분류)""","""D1""",,,0,"""frozen_reference""","""median_internal_fold_tau""",
1456,23,25,0,21.827456577769894,22.403069816361445,-1,2021-09-05 16:00:00,2021-09-05,2021-09-04 23:00:00,2021-08-31 23:00:00,False,False,False,True,187,173.82999999999998,"""2단계 레짐(3분류)""","""D1""",,,0,"""frozen_reference""","""median_internal_fold_tau""",
1457,23,23,0,22.553264154366573,23.48741070393298,-1,2021-09-05 17:00:00,2021-09-05,2021-09-04 23:00:00,2021-08-31 23:00:00,False,False,False,True,187,173.82999999999998,"""2단계 레짐(3분류)""","""D1""",,,0,"""frozen_reference""","""median_internal_fold_tau""",
1458,22,22,0,22.086793829869588,23.215023697099209,-1,2021-09-05 18:00:00,2021-09-05,2021-09-04 23:00:00,2021-08-31 23:00:00,False,False,False,True,187,173.82999999999998,"""2단계 레짐(3분류)""","""D1""",,,0,"""frozen_reference""","""median_internal_fold_tau""",
1459,24,27,0,22.070101100014568,22.902302423422888,-1,2021-09-05 19:00:00,2021-09-05,2021-09-04 23:00:00,2021-08-31 23:00:00,False,False,False,True,187,173.82999999999998,"""2단계 레짐(3분류)""","""D1""",,,0,"""frozen_reference""","""median_internal_fold_tau""",
1460,23,23,0,22.570043556983833,23.008023451008285,-1,2021-09-05 20:00:00,2021-09-05,2021-09-04 23:00:00,2021-08-31 23:00:00,False,False,False,True,187,173.82999999999998,"""2단계 레짐(3분류)""","""D1""",,,0,"""frozen_reference""","""median_internal_fold_tau""",
1461,23,23,0,23.027470737400918,22.905854304856536,-1,2021-09-05 21:00:00,2021-09-05,2021-09-04 23:00:00,2021-08-31 23:00:00,False,False,False,True,187,173.82999999999998,"""2단계 레짐(3분류)""","""D1""",,,0,"""frozen_reference""","""median_internal_fold_tau""",
1462,24,27,0,22.055826000754269,22.998555348821622,-1,2021-09-05 22:00:00,2021-09-05,2021-09-04 23:00:00,2021-08-31 23:00:00,False,False,False,True,187,173.82999999999998,"""2단계 레짐(3분류)""","""D1""",,,0,"""frozen_reference""","""median_internal_fold_tau""",
1463,23,24,0,22.989109798038584,22.863873628507676,-1,2021-09-05 23:00:00,2021-09-05,2021-09-04 23:00:00,2021-08-31 23:00:00,False,False,False,True,187,173.82999999999998,"""2단계 레짐(3분류)""","""D1""",,,0,"""frozen_reference""","""median_internal_fold_tau""",
1464,22,22,0,22.204897446090179,23.809686111613495,-1,2021-09-06 00:00:00,2021-09-06,2021-09-05 23:00:00,2021-08-31 23:00:00,False,False,False,True,187,173.82999999999998,"""2단계 레짐(3분류)""","""D1""",,,0,"""frozen_reference""","""median_internal_fold_tau""",
1465,22,22,0,22.169151417516595,23.567907570012782,-1,2021-09-06 01:00:00,2021-09-06,2021-09-05 23:00:00,2021-08-31 23:00:00,False,False,False,True,187,173.82999999999998,"""2단계 레짐(3분류)""","""D1""",,,0,"""frozen_reference""","""median_internal_fold_tau""",
1466,24,27,0,22.151471603491757,22.784826669508163,-1,2021-09-06 02:00:00,2021-09-06,2021-09-05 23:00:00,2021-08-31 23:00:00,False,False,False,True,187,173.82999999999998,"""2단계 레짐(3분류)""","""D1""",,,0,"""frozen_reference""","""median_internal_fold_tau""",
1467,22,22,0,22.106529492701888,24.459517451604224,-1,2021-09-06 03:00:00,2021-09-06,2021-09-05 23:00:00,2021-08-31 23:00:00,False,False,False,True,187,173.82999999999998,"""2단계 레짐(3분류)""","""D1""",,,0,"""frozen_reference""","""median_internal_fold_tau""",
1468,22,22,0,22.306143651668073,25.13906628697038,-1,2021-09-06 04:00:00,2021-09-06,2021-09-05 23:00:00,2021-08-31 23:00:00,False,False,False,True,187,173.82999999999998,"""2단계 레짐(3분류)""","""D1""",,,0,"""frozen_reference""","""median_internal_fold_tau""",
1469,23,24,0,22.691996386498346,25.239167162990803,-1,2021-09-06 05:00:00,2021-09-06,2021-09-05 23:00:00,2021-08-31 23:00:00,False,False,False,True,187,173.82999999999998,"""2단계 레짐(3분류)""","""D1""",,,0,"""frozen_reference""","""median_internal_fold_tau""",
1470,24,26,0,22.162248006811495,22.9201309755992,-1,2021-09-06 06:00:00,2021-09-06,2021-09-05 23:00:00,2021-08-31 23:00:00,False,False,False,True,187,173.82999999999998,"""2단계 레짐(3분류)""","""D1""",,,0,"""frozen_reference""","""median_internal_fold_tau""",
1471,52,81,0,56.697346937177066,87.131177184952875,-1,2021-09-06 07:00:00,2021-09-06,2021-09-05 23:00:00,2021-08-31 23:00:00,False,False,False,True,187,173.82999999999998,"""2단계 레짐(3분류)""","""D1""",,,0,"""frozen_reference""","""median_internal_fold_tau""",
1472,171,180,0,176.71843720504174,191.06288177786911,-1,2021-09-06 08:00:00,2021-09-06,2021-09-05 23:00:00,2021-08-31 23:00:00,False,False,False,True,187,173.82999999999998,"""2단계 레짐(3분류)""","""D1""",,,1,"""frozen_reference""","""median_internal_fold_tau""",
1473,157,165,0,171.34922837445816,184.19085802035897,-1,2021-09-06 09:00:00,2021-09-06,2021-09-05 23:00:00,2021-08-31 23:00:00,False,False,False,True,187,173.82999999999998,"""2단계 레짐(3분류)""","""D1""",,,1,"""frozen_reference""","""median_internal_fold_tau""",
1474,171,190,1,178.84091895631312,190.14687898501231,-1,2021-09-06 10:00:00,2021-09-06,2021-09-05 23:00:00,2021-08-31 23:00:00,False,False,False,True,187,173.82999999999998,"""2단계 레짐(3분류)""","""D1""",,,1,"""frozen_reference""","""median_internal_fold_tau""",
1475,176,180,0,176.76426691407855,183.8378671351486,-1,2021-09-06 11:00:00,2021-09-06,2021-09-05 23:00:00,2021-08-31 23:00:00,False,False,False,True,187,173.82999999999998,"""2단계 레짐(3분류)""","""D1""",,,1,"""frozen_reference""","""median_internal_fold_tau""",
1476,109,124,0,117.59219784693576,134.13423416253985,-1,2021-09-06 12:00:00,2021-09-06,2021-09-05 23:00:00,2021-08-31 23:00:00,False,False,False,True,187,173.82999999999998,"""2단계 레짐(3분류)""","""D1""",,,0,"""frozen_reference""","""median_internal_fold_tau""",
1477,160,164,0,176.08940195063531,180.59900795269272,-1,2021-09-06 13:00:00,2021-09-06,2021-09-05 23:00:00,2021-08-31 23:00:00,False,False,False,True,187,173.82999999999998,"""2단계 레짐(3분류)""","""D1""",,,1,"""frozen_reference""","""median_internal_fold_tau""",
1478,160,163,0,169.97900114205032,178.58204421537204,-1,2021-09-06 14:00:00,2021-09-06,2021-09-05 23:00:00,2021-08-31 23:00:00,False,False,False,True,187,173.82999999999998,"""2단계 레짐(3분류)""","""D1""",,,1,"""frozen_reference""","""median_internal_fold_tau""",
1479,158,171,0,160.7572915314671,178.62734393334605,-1,2021-09-06 15:00:00,2021-09-06,2021-09-05 23:00:00,2021-08-31 23:00:00,False,False,False,True,187,173.82999999999998,"""2단계 레짐(3분류)""","""D1""",,,1,"""frozen_reference""","""median_internal_fold_tau""",
1480,146,152,0,162.69194326667332,170.63435202502973,-1,2021-09-06 16:00:00,2021-09-06,2021-09-05 23:00:00,2021-08-31 23:00:00,False,False,False,True,187,173.82999999999998,"""2단계 레짐(3분류)""","""D1""",,,0,"""frozen_reference""","""median_internal_fold_tau""",
1481,128,148,0,143.58913523784267,168.42625727091379,-1,2021-09-06 17:00:00,2021-09-06,2021-09-05 23:00:00,2021-08-31 23:00:00,False,False,False,True,187,173.82999999999998,"""2단계 레짐(3분류)""","""D1""",,,0,"""frozen_reference""","""median_internal_fold_tau""",
1482,152,154,0,160.52645470807173,169.92539794586193,-1,2021-09-06 18:00:00,2021-09-06,2021-09-05 23:00:00,2021-08-31 23:00:00,False,False,False,True,187,173.82999999999998,"""2단계 레짐(3분류)""","""D1""",,,0,"""frozen_reference""","""median_internal_fold_tau""",
1483,135,145,0,144.06384287555585,161.308493554395,-1,2021-09-06 19:00:00,2021-09-06,2021-09-05 23:00:00,2021-08-31 23:00:00,False,False,False,True,187,173.82999999999998,"""2단계 레짐(3분류)""","""D1""",,,0,"""frozen_reference""","""median_internal_fold_tau""",
1484,121,128,0,130.30366408987075,134.48489579353222,-1,2021-09-06 20:00:00,2021-09-06,2021-09-05 23:00:00,2021-08-31 23:00:00,False,False,False,True,187,173.82999999999998,"""2단계 레짐(3분류)""","""D1""",,,0,"""frozen_reference""","""median_internal_fold_tau""",
1485,123,133,0,128.23772367139816,132.32414821789769,-1,2021-09-06 21:00:00,2021-09-06,2021-09-05 23:00:00,2021-08-31 23:00:00,False,False,False,True,187,173.82999999999998,"""2단계 레짐(3분류)""","""D1""",,,0,"""frozen_reference""","""median_internal_fold_tau""",
1486,110,114,0,110.32755950375369,118.56897736015813,-1,2021-09-06 22:00:00,2021-09-06,2021-09-05 23:00:00,2021-08-31 23:00:00,False,False,False,True,187,173.82999999999998,"""2단계 레짐(3분류)""","""D1""",,,0,"""frozen_reference""","""median_internal_fold_tau""",
1487,104,118,0,104.37521756732281,117.72371111889588,-1,2021-09-06 23:00:00,2021-09-06,2021-09-05 23:00:00,2021-08-31 23:00:00,False,False,False,True,187,173.82999999999998,"""2단계 레짐(3분류)""","""D1""",,,0,"""frozen_reference""","""median_internal_fold_tau""",
1488,72,74,0,65.836417889140037,67.339845479705943,-1,2021-09-07 00:00:00,2021-09-07,2021-09-06 23:00:00,2021-08-31 23:00:00,False,False,False,True,187,173.82999999999998,"""2단계 레짐(3분류)""","""D1""",,,0,"""frozen_reference""","""median_internal_fold_tau""",
1489,109,121,0,101.99359649439981,110.31654611896619,-1,2021-09-07 01:00:00,2021-09-07,2021-09-06 23:00:00,2021-08-31 23:00:00,False,False,False,True,187,173.82999999999998,"""2단계 레짐(3분류)""","""D1""",,,0,"""frozen_reference""","""median_internal_fold_tau""",
1490,111,118,0,104.89556708141845,110.73841665567232,-1,2021-09-07 02:00:00,2021-09-07,2021-09-06 23:00:00,2021-08-31 23:00:00,False,False,False,True,187,173.82999999999998,"""2단계 레짐(3분류)""","""D1""",,,0,"""frozen_reference""","""median_internal_fold_tau""",
1491,109,123,0,101.70722737622012,109.48527352844025,-1,2021-09-07 03:00:00,2021-09-07,2021-09-06 23:00:00,2021-08-31 23:00:00,False,False,False,True,187,173.82999999999998,"""2단계 레짐(3분류)""","""D1""",,,0,"""frozen_reference""","""median_internal_fold_tau""",
1492,109,120,0,103.35087877644131,108.14835204218741,-1,2021-09-07 04:00:00,2021-09-07,2021-09-06 23:00:00,2021-08-31 23:00:00,False,False,False,True,187,173.82999999999998,"""2단계 레짐(3분류)""","""D1""",,,0,"""frozen_reference""","""median_internal_fold_tau""",
1493,96,116,0,89.527172502956589,108.6898390464375,-1,2021-09-07 05:00:00,2021-09-07,2021-09-06 23:00:00,2021-08-31 23:00:00,False,False,False,True,187,173.82999999999998,"""2단계 레짐(3분류)""","""D1""",,,0,"""frozen_reference""","""median_internal_fold_tau""",
1494,115,124,0,105.44061780023873,112.67013796221534,-1,2021-09-07 06:00:00,2021-09-07,2021-09-06 23:00:00,2021-08-31 23:00:00,False,False,False,True,187,173.82999999999998,"""2단계 레짐(3분류)""","""D1""",,,0,"""frozen_reference""","""median_internal_fold_tau""",
1495,140,160,0,124.2856742664197,148.84933314105643,-1,2021-09-07 07:00:00,2021-09-07,2021-09-06 23:00:00,2021-08-31 23:00:00,False,False,False,True,187,173.82999999999998,"""2단계 레짐(3분류)""","""D1""",,,0,"""frozen_reference""","""median_internal_fold_tau""",
1496,173,192,1,169.36850479457073,180.27155709543189,-1,2021-09-07 08:00:00,2021-09-07,2021-09-06 23:00:00,2021-08-31 23:00:00,False,False,False,True,187,173.82999999999998,"""2단계 레짐(3분류)""","""D1""",,,1,"""frozen_reference""","""median_internal_fold_tau""",
1497,170,174,0,167.15378150333953,178.33512537051354,-1,2021-09-07 09:00:00,2021-09-07,2021-09-06 23:00:00,2021-08-31 23:00:00,False,False,False,True,187,173.82999999999998,"""2단계 레짐(3분류)""","""D1""",,,1,"""frozen_reference""","""median_internal_fold_tau""",
1498,164,178,0,165.41524401500564,176.75083792730928,-1,2021-09-07 10:00:00,2021-09-07,2021-09-06 23:00:00,2021-08-31 23:00:00,False,False,False,True,187,173.82999999999998,"""2단계 레짐(3분류)""","""D1""",,,1,"""frozen_reference""","""median_internal_fold_tau""",
1499,174,183,0,170.95108979214635,179.36437565982635,-1,2021-09-07 11:00:00,2021-09-07,2021-09-06 23:00:00,2021-08-31 23:00:00,False,False,False,True,187,173.82999999999998,"""2단계 레짐(3분류)""","""D1""",,,1,"""frozen_reference""","""median_internal_fold_tau""",
1500,116,140,0,109.70042164478262,130.43862177335649,-1,2021-09-07 12:00:00,2021-09-07,2021-09-06 23:00:00,2021-08-31 23:00:00,False,False,False,True,187,173.82999999999998,"""2단계 레짐(3분류)""","""D1""",,,0,"""frozen_reference""","""median_internal_fold_tau""",
1501,181,189,1,172.12571190298658,182.02240345272435,-1,2021-09-07 13:00:00,2021-09-07,2021-09-06 23:00:00,2021-08-31 23:00:00,False,False,False,True,187,173.82999999999998,"""2단계 레짐(3분류)""","""D1""",,,1,"""frozen_reference""","""median_internal_fold_tau""",
1502,182,191,1,170.82911353695263,182.65797950884894,-1,2021-09-07 14:00:00,2021-09-07,2021-09-06 23:00:00,2021-08-31 23:00:00,False,False,False,True,187,173.82999999999998,"""2단계 레짐(3분류)""","""D1""",,,1,"""frozen_reference""","""median_internal_fold_tau""",
1503,166,174,0,157.68854633449084,175.81309115060063,-1,2021-09-07 15:00:00,2021-09-07,2021-09-06 23:00:00,2021-08-31 23:00:00,False,False,False,True,187,173.82999999999998,"""2단계 레짐(3분류)""","""D1""",,,1,"""frozen_reference""","""median_internal_fold_tau""",
1504,160,167,0,162.27140433180355,174.69100458369695,-1,2021-09-07 16:00:00,2021-09-07,2021-09-06 23:00:00,2021-08-31 23:00:00,False,False,False,True,187,173.82999999999998,"""2단계 레짐(3분류)""","""D1""",,,1,"""frozen_reference""","""median_internal_fold_tau""",
1505,135,161,0,128.21345881175742,157.62970650383758,-1,2021-09-07 17:00:00,2021-09-07,2021-09-06 23:00:00,2021-08-31 23:00:00,False,False,False,True,187,173.82999999999998,"""2단계 레짐(3분류)""","""D1""",,,0,"""frozen_reference""","""median_internal_fold_tau""",
1506,156,165,0,157.19396259352874,165.68908784726972,-1,2021-09-07 18:00:00,2021-09-07,2021-09-06 23:00:00,2021-08-31 23:00:00,False,False,False,True,187,173.82999999999998,"""2단계 레짐(3분류)""","""D1""",,,0,"""frozen_reference""","""median_internal_fold_tau""",
1507,152,158,0,143.98703194915558,156.84891251390894,-1,2021-09-07 19:00:00,2021-09-07,2021-09-06 23:00:00,2021-08-31 23:00:00,False,False,False,True,187,173.82999999999998,"""2단계 레짐(3분류)""","""D1""",,,0,"""frozen_reference""","""median_internal_fold_tau""",
1508,134,141,0,131.50611711220287,137.33581319228782,-1,2021-09-07 20:00:00,2021-09-07,2021-09-06 23:00:00,2021-08-31 23:00:00,False,False,False,True,187,173.82999999999998,"""2단계 레짐(3분류)""","""D1""",,,0,"""frozen_reference""","""median_internal_fold_tau""",
1509,131,134,0,132.99008845890168,129.8610696699366,-1,2021-09-07 21:00:00,2021-09-07,2021-09-06 23:00:00,2021-08-31 23:00:00,False,False,False,True,187,173.82999999999998,"""2단계 레짐(3분류)""","""D1""",,,0,"""frozen_reference""","""median_internal_fold_tau""",
1510,115,122,0,114.26151848368107,121.94737352677591,-1,2021-09-07 22:00:00,2021-09-07,2021-09-06 23:00:00,2021-08-31 23:00:00,False,False,False,True,187,173.82999999999998,"""2단계 레짐(3분류)""","""D1""",,,0,"""frozen_reference""","""median_internal_fold_tau""",
1511,111,126,0,108.0632747311916,116.39193902774865,-1,2021-09-07 23:00:00,2021-09-07,2021-09-06 23:00:00,2021-08-31 23:00:00,False,False,False,True,187,173.82999999999998,"""2단계 레짐(3분류)""","""D1""",,,0,"""frozen_reference""","""median_internal_fold_tau""",
1512,72,78,0,71.666494183253846,73.154403669707577,-1,2021-09-08 00:00:00,2021-09-08,2021-09-07 23:00:00,2021-08-31 23:00:00,False,False,False,True,187,173.82999999999998,"""2단계 레짐(3분류)""","""D1""",,,0,"""frozen_reference""","""median_internal_fold_tau""",
1513,110,115,0,108.10387558999217,114.93025422358286,-1,2021-09-08 01:00:00,2021-09-08,2021-09-07 23:00:00,2021-08-31 23:00:00,False,False,False,True,187,173.82999999999998,"""2단계 레짐(3분류)""","""D1""",,,0,"""frozen_reference""","""median_internal_fold_tau""",
1514,118,126,0,110.9245219174195,115.2378799206062,-1,2021-09-08 02:00:00,2021-09-08,2021-09-07 23:00:00,2021-08-31 23:00:00,False,False,False,True,187,173.82999999999998,"""2단계 레짐(3분류)""","""D1""",,,0,"""frozen_reference""","""median_internal_fold_tau""",
1515,112,122,0,108.03575993102781,113.93747695185219,-1,2021-09-08 03:00:00,2021-09-08,2021-09-07 23:00:00,2021-08-31 23:00:00,False,False,False,True,187,173.82999999999998,"""2단계 레짐(3분류)""","""D1""",,,0,"""frozen_reference""","""median_internal_fold_tau""",
1516,113,116,0,111.42052713281697,114.68208463526715,-1,2021-09-08 04:00:00,2021-09-08,2021-09-07 23:00:00,2021-08-31 23:00:00,False,False,False,True,187,173.82999999999998,"""2단계 레짐(3분류)""","""D1""",,,0,"""frozen_reference""","""median_internal_fold_tau""",
1517,97,109,0,96.773641033807905,111.27933760629496,-1,2021-09-08 05:00:00,2021-09-08,2021-09-07 23:00:00,2021-08-31 23:00:00,False,False,False,True,187,173.82999999999998,"""2단계 레짐(3분류)""","""D1""",,,0,"""frozen_reference""","""median_internal_fold_tau""",
1518,118,123,0,114.65891078893711,118.63392594961195,-1,2021-09-08 06:00:00,2021-09-08,2021-09-07 23:00:00,2021-08-31 23:00:00,False,False,False,True,187,173.82999999999998,"""2단계 레짐(3분류)""","""D1""",,,0,"""frozen_reference""","""median_internal_fold_tau""",
1519,135,154,0,132.5767803293175,146.90759171816978,-1,2021-09-08 07:00:00,2021-09-08,2021-09-07 23:00:00,2021-08-31 23:00:00,False,False,False,True,187,173.82999999999998,"""2단계 레짐(3분류)""","""D1""",,,0,"""frozen_reference""","""median_internal_fold_tau""",
1520,171,181,0,166.8720904151792,183.26994700092874,-1,2021-09-08 08:00:00,2021-09-08,2021-09-07 23:00:00,2021-08-31 23:00:00,False,False,False,True,187,173.82999999999998,"""2단계 레짐(3분류)""","""D1""",,,1,"""frozen_reference""","""median_internal_fold_tau""",
1521,160,163,0,171.73291471585048,183.47534027398817,-1,2021-09-08 09:00:00,2021-09-08,2021-09-07 23:00:00,2021-08-31 23:00:00,False,False,False,True,187,173.82999999999998,"""2단계 레짐(3분류)""","""D1""",,,1,"""frozen_reference""","""median_internal_fold_tau""",
1522,152,160,0,163.89731405434503,185.70053447404393,-1,2021-09-08 10:00:00,2021-09-08,2021-09-07 23:00:00,2021-08-31 23:00:00,False,False,False,True,187,173.82999999999998,"""2단계 레짐(3분류)""","""D1""",,,1,"""frozen_reference""","""median_internal_fold_tau""",
1523,156,168,0,175.62089865518817,186.47602899086348,-1,2021-09-08 11:00:00,2021-09-08,2021-09-07 23:00:00,2021-08-31 23:00:00,False,False,False,True,187,173.82999999999998,"""2단계 레짐(3분류)""","""D1""",,,1,"""frozen_reference""","""median_internal_fold_tau""",
1524,25,63,0,109.91156058695532,125.12192143221888,-1,2021-09-08 12:00:00,2021-09-08,2021-09-07 23:00:00,2021-08-31 23:00:00,False,False,False,True,187,173.82999999999998,"""2단계 레짐(3분류)""","""D1""",,,0,"""frozen_reference""","""median_internal_fold_tau""",
1525,152,165,0,169.6921128928152,184.32135361676987,-1,2021-09-08 13:00:00,2021-09-08,2021-09-07 23:00:00,2021-08-31 23:00:00,False,False,False,True,187,173.82999999999998,"""2단계 레짐(3분류)""","""D1""",,,1,"""frozen_reference""","""median_internal_fold_tau""",
1526,165,178,0,169.7499643977126,181.32992254511495,-1,2021-09-08 14:00:00,2021-09-08,2021-09-07 23:00:00,2021-08-31 23:00:00,False,False,False,True,187,173.82999999999998,"""2단계 레짐(3분류)""","""D1""",,,1,"""frozen_reference""","""median_internal_fold_tau""",
1527,165,183,0,166.56503273415279,179.57196037356073,-1,2021-09-08 15:00:00,2021-09-08,2021-09-07 23:00:00,2021-08-31 23:00:00,False,False,False,True,187,173.82999999999998,"""2단계 레짐(3분류)""","""D1""",,,1,"""frozen_reference""","""median_internal_fold_tau""",
1528,166,170,0,165.08201609202146,174.63138223584212,-1,2021-09-08 16:00:00,2021-09-08,2021-09-07 23:00:00,2021-08-31 23:00:00,False,False,False,True,187,173.82999999999998,"""2단계 레짐(3분류)""","""D1""",,,1,"""frozen_reference""","""median_internal_fold_tau""",
1529,144,182,0,133.11281813177587,168.66285641441536,-1,2021-09-08 17:00:00,2021-09-08,2021-09-07 23:00:00,2021-08-31 23:00:00,False,False,False,True,187,173.82999999999998,"""2단계 레짐(3분류)""","""D1""",,,0,"""frozen_reference""","""median_internal_fold_tau""",
1530,164,170,0,155.85249057061873,167.72533478291169,-1,2021-09-08 18:00:00,2021-09-08,2021-09-07 23:00:00,2021-08-31 23:00:00,False,False,False,True,187,173.82999999999998,"""2단계 레짐(3분류)""","""D1""",,,0,"""frozen_reference""","""median_internal_fold_tau""",
1531,150,163,0,150.55085739984855,156.03855568551344,-1,2021-09-08 19:00:00,2021-09-08,2021-09-07 23:00:00,2021-08-31 23:00:00,False,False,False,True,187,173.82999999999998,"""2단계 레짐(3분류)""","""D1""",,,0,"""frozen_reference""","""median_internal_fold_tau""",
1532,103,111,0,122.82979402133921,124.22249344813524,-1,2021-09-08 20:00:00,2021-09-08,2021-09-07 23:00:00,2021-08-31 23:00:00,False,False,False,True,187,173.82999999999998,"""2단계 레짐(3분류)""","""D1""",,,0,"""frozen_reference""","""median_internal_fold_tau""",
1533,122,127,0,126.48114221635913,127.76827548288814,-1,2021-09-08 21:00:00,2021-09-08,2021-09-07 23:00:00,2021-08-31 23:00:00,False,False,False,True,187,173.82999999999998,"""2단계 레짐(3분류)""","""D1""",,,0,"""frozen_reference""","""median_internal_fold_tau""",
1534,106,116,0,113.29194580299264,119.51367378288121,-1,2021-09-08 22:00:00,2021-09-08,2021-09-07 23:00:00,2021-08-31 23:00:00,False,False,False,True,187,173.82999999999998,"""2단계 레짐(3분류)""","""D1""",,,0,"""frozen_reference""","""median_internal_fold_tau""",
1535,101,111,0,108.23805359495611,120.50260483514219,-1,2021-09-08 23:00:00,2021-09-08,2021-09-07 23:00:00,2021-08-31 23:00:00,False,False,False,True,187,173.82999999999998,"""2단계 레짐(3분류)""","""D1""",,,0,"""frozen_reference""","""median_internal_fold_tau""",
1536,72,79,0,69.695480566180052,73.523386943893158,-1,2021-09-09 00:00:00,2021-09-09,2021-09-08 23:00:00,2021-08-31 23:00:00,False,False,False,True,187,173.82999999999998,"""2단계 레짐(3분류)""","""D1""",,,0,"""frozen_reference""","""median_internal_fold_tau""",
1537,97,99,0,108.74642652680737,116.65559075392734,-1,2021-09-09 01:00:00,2021-09-09,2021-09-08 23:00:00,2021-08-31 23:00:00,False,False,False,True,187,173.82999999999998,"""2단계 레짐(3분류)""","""D1""",,,0,"""frozen_reference""","""median_internal_fold_tau""",
1538,110,114,0,114.42489693453879,119.00927669853873,-1,2021-09-09 02:00:00,2021-09-09,2021-09-08 23:00:00,2021-08-31 23:00:00,False,False,False,True,187,173.82999999999998,"""2단계 레짐(3분류)""","""D1""",,,0,"""frozen_reference""","""median_internal_fold_tau""",
1539,109,116,0,109.05413821344152,118.41683265314406,-1,2021-09-09 03:00:00,2021-09-09,2021-09-08 23:00:00,2021-08-31 23:00:00,False,False,False,True,187,173.82999999999998,"""2단계 레짐(3분류)""","""D1""",,,0,"""frozen_reference""","""median_internal_fold_tau""",
1540,107,114,0,112.72638062172504,114.52533072007792,-1,2021-09-09 04:00:00,2021-09-09,2021-09-08 23:00:00,2021-08-31 23:00:00,False,False,False,True,187,173.82999999999998,"""2단계 레짐(3분류)""","""D1""",,,0,"""frozen_reference""","""median_internal_fold_tau""",
1541,92,109,0,94.631593887262795,107.85142565631334,-1,2021-09-09 05:00:00,2021-09-09,2021-09-08 23:00:00,2021-08-31 23:00:00,False,False,False,True,187,173.82999999999998,"""2단계 레짐(3분류)""","""D1""",,,0,"""frozen_reference""","""median_internal_fold_tau""",
1542,119,121,0,115.61674630548086,122.00672186980735,-1,2021-09-09 06:00:00,2021-09-09,2021-09-08 23:00:00,2021-08-31 23:00:00,False,False,False,True,187,173.82999999999998,"""2단계 레짐(3분류)""","""D1""",,,0,"""frozen_reference""","""median_internal_fold_tau""",
1543,139,152,0,138.8341359671671,152.00539552069034,-1,2021-09-09 07:00:00,2021-09-09,2021-09-08 23:00:00,2021-08-31 23:00:00,False,False,False,True,187,173.82999999999998,"""2단계 레짐(3분류)""","""D1""",,,0,"""frozen_reference""","""median_internal_fold_tau""",
1544,172,187,1,167.17202330529545,178.60067978401193,-1,2021-09-09 08:00:00,2021-09-09,2021-09-08 23:00:00,2021-08-31 23:00:00,False,False,False,True,187,173.82999999999998,"""2단계 레짐(3분류)""","""D1""",,,1,"""frozen_reference""","""median_internal_fold_tau""",
1545,170,176,0,164.98255114478189,170.01498659129129,-1,2021-09-09 09:00:00,2021-09-09,2021-09-08 23:00:00,2021-08-31 23:00:00,False,False,False,True,187,173.82999999999998,"""2단계 레짐(3분류)""","""D1""",,,0,"""frozen_reference""","""median_internal_fold_tau""",
1546,155,169,0,161.94237783943962,169.86586432014658,-1,2021-09-09 10:00:00,2021-09-09,2021-09-08 23:00:00,2021-08-31 23:00:00,False,False,False,True,187,173.82999999999998,"""2단계 레짐(3분류)""","""D1""",,,0,"""frozen_reference""","""median_internal_fold_tau""",
1547,174,190,1,173.18412250843093,178.09299903549066,-1,2021-09-09 11:00:00,2021-09-09,2021-09-08 23:00:00,2021-08-31 23:00:00,False,False,False,True,187,173.82999999999998,"""2단계 레짐(3분류)""","""D1""",,,1,"""frozen_reference""","""median_internal_fold_tau""",
1548,111,129,0,109.81100042421713,123.95179094347078,-1,2021-09-09 12:00:00,2021-09-09,2021-09-08 23:00:00,2021-08-31 23:00:00,False,False,False,True,187,173.82999999999998,"""2단계 레짐(3분류)""","""D1""",,,0,"""frozen_reference""","""median_internal_fold_tau""",
1549,171,176,0,172.91709714469118,176.46338190630627,-1,2021-09-09 13:00:00,2021-09-09,2021-09-08 23:00:00,2021-08-31 23:00:00,False,False,False,True,187,173.82999999999998,"""2단계 레짐(3분류)""","""D1""",,,1,"""frozen_reference""","""median_internal_fold_tau""",
1550,165,168,0,180.14341521569591,182.31843422027578,-1,2021-09-09 14:00:00,2021-09-09,2021-09-08 23:00:00,2021-08-31 23:00:00,False,False,False,True,187,173.82999999999998,"""2단계 레짐(3분류)""","""D1""",,,1,"""frozen_reference""","""median_internal_fold_tau""",
1551,173,185,0,160.1032501664462,170.83872023171946,-1,2021-09-09 15:00:00,2021-09-09,2021-09-08 23:00:00,2021-08-31 23:00:00,False,False,False,True,187,173.82999999999998,"""2단계 레짐(3분류)""","""D1""",,,0,"""frozen_reference""","""median_internal_fold_tau""",
1552,160,168,0,159.73273526756302,166.15994775255905,-1,2021-09-09 16:00:00,2021-09-09,2021-09-08 23:00:00,2021-08-31 23:00:00,False,False,False,True,187,173.82999999999998,"""2단계 레짐(3분류)""","""D1""",,,0,"""frozen_reference""","""median_internal_fold_tau""",
1553,140,168,0,134.6779092822396,152.80273536197421,-1,2021-09-09 17:00:00,2021-09-09,2021-09-08 23:00:00,2021-08-31 23:00:00,False,False,False,True,187,173.82999999999998,"""2단계 레짐(3분류)""","""D1""",,,0,"""frozen_reference""","""median_internal_fold_tau""",
1554,162,172,0,155.80920203725188,155.91509021765592,-1,2021-09-09 18:00:00,2021-09-09,2021-09-08 23:00:00,2021-08-31 23:00:00,False,False,False,True,187,173.82999999999998,"""2단계 레짐(3분류)""","""D1""",,,0,"""frozen_reference""","""median_internal_fold_tau""",
1555,142,158,0,148.67521573642523,154.27414804843954,-1,2021-09-09 19:00:00,2021-09-09,2021-09-08 23:00:00,2021-08-31 23:00:00,False,False,False,True,187,173.82999999999998,"""2단계 레짐(3분류)""","""D1""",,,0,"""frozen_reference""","""median_internal_fold_tau""",
1556,128,134,0,130.01559918948396,137.74659132339318,-1,2021-09-09 20:00:00,2021-09-09,2021-09-08 23:00:00,2021-08-31 23:00:00,False,False,False,True,187,173.82999999999998,"""2단계 레짐(3분류)""","""D1""",,,0,"""frozen_reference""","""median_internal_fold_tau""",
1557,128,134,0,127.16660436952603,129.5897356721787,-1,2021-09-09 21:00:00,2021-09-09,2021-09-08 23:00:00,2021-08-31 23:00:00,False,False,False,True,187,173.82999999999998,"""2단계 레짐(3분류)""","""D1""",,,0,"""frozen_reference""","""median_internal_fold_tau""",
1558,109,118,0,116.61471589775078,121.03796382838082,-1,2021-09-09 22:00:00,2021-09-09,2021-09-08 23:00:00,2021-08-31 23:00:00,False,False,False,True,187,173.82999999999998,"""2단계 레짐(3분류)""","""D1""",,,0,"""frozen_reference""","""median_internal_fold_tau""",
1559,109,116,0,110.73471746844891,115.46191332094169,-1,2021-09-09 23:00:00,2021-09-09,2021-09-08 23:00:00,2021-08-31 23:00:00,False,False,False,True,187,173.82999999999998,"""2단계 레짐(3분류)""","""D1""",,,0,"""frozen_reference""","""median_internal_fold_tau""",
1560,77,83,0,64.279058777670741,69.066838038324732,-1,2021-09-10 00:00:00,2021-09-10,2021-09-09 23:00:00,2021-08-31 23:00:00,False,False,False,True,187,173.82999999999998,"""2단계 레짐(3분류)""","""D1""",,,0,"""frozen_reference""","""median_internal_fold_tau""",
1561,102,109,0,104.27769063884966,110.08196551415135,-1,2021-09-10 01:00:00,2021-09-10,2021-09-09 23:00:00,2021-08-31 23:00:00,False,False,False,True,187,173.82999999999998,"""2단계 레짐(3분류)""","""D1""",,,0,"""frozen_reference""","""median_internal_fold_tau""",
1562,112,118,0,112.55830287687991,119.35413281670628,-1,2021-09-10 02:00:00,2021-09-10,2021-09-09 23:00:00,2021-08-31 23:00:00,False,False,False,True,187,173.82999999999998,"""2단계 레짐(3분류)""","""D1""",,,0,"""frozen_reference""","""median_internal_fold_tau""",
1563,106,116,0,108.56005782199918,113.84453748543682,-1,2021-09-10 03:00:00,2021-09-10,2021-09-09 23:00:00,2021-08-31 23:00:00,False,False,False,True,187,173.82999999999998,"""2단계 레짐(3분류)""","""D1""",,,0,"""frozen_reference""","""median_internal_fold_tau""",
1564,108,117,0,108.27176041449158,113.7644635563807,-1,2021-09-10 04:00:00,2021-09-10,2021-09-09 23:00:00,2021-08-31 23:00:00,False,False,False,True,187,173.82999999999998,"""2단계 레짐(3분류)""","""D1""",,,0,"""frozen_reference""","""median_internal_fold_tau""",
1565,92,107,0,91.5766124801155,106.60556376280807,-1,2021-09-10 05:00:00,2021-09-10,2021-09-09 23:00:00,2021-08-31 23:00:00,False,False,False,True,187,173.82999999999998,"""2단계 레짐(3분류)""","""D1""",,,0,"""frozen_reference""","""median_internal_fold_tau""",
1566,111,118,0,115.10136227350105,120.74287342531569,-1,2021-09-10 06:00:00,2021-09-10,2021-09-09 23:00:00,2021-08-31 23:00:00,False,False,False,True,187,173.82999999999998,"""2단계 레짐(3분류)""","""D1""",,,0,"""frozen_reference""","""median_internal_fold_tau""",
1567,132,150,0,133.89956168647868,152.19030856331375,-1,2021-09-10 07:00:00,2021-09-10,2021-09-09 23:00:00,2021-08-31 23:00:00,False,False,False,True,187,173.82999999999998,"""2단계 레짐(3분류)""","""D1""",,,0,"""frozen_reference""","""median_internal_fold_tau""",
1568,180,192,1,168.05416948529108,175.94865325095466,-1,2021-09-10 08:00:00,2021-09-10,2021-09-09 23:00:00,2021-08-31 23:00:00,False,False,False,True,187,173.82999999999998,"""2단계 레짐(3분류)""","""D1""",,,1,"""frozen_reference""","""median_internal_fold_tau""",
1569,184,204,1,169.16720978714989,177.48708816988713,-1,2021-09-10 09:00:00,2021-09-10,2021-09-09 23:00:00,2021-08-31 23:00:00,False,False,False,True,187,173.82999999999998,"""2단계 레짐(3분류)""","""D1""",,,1,"""frozen_reference""","""median_internal_fold_tau""",
1570,168,181,0,163.51129516020447,171.41234553722614,-1,2021-09-10 10:00:00,2021-09-10,2021-09-09 23:00:00,2021-08-31 23:00:00,False,False,False,True,187,173.82999999999998,"""2단계 레짐(3분류)""","""D1""",,,0,"""frozen_reference""","""median_internal_fold_tau""",
1571,181,188,1,170.62205126587273,172.92170862993515,-1,2021-09-10 11:00:00,2021-09-10,2021-09-09 23:00:00,2021-08-31 23:00:00,False,False,False,True,187,173.82999999999998,"""2단계 레짐(3분류)""","""D1""",,,0,"""frozen_reference""","""median_internal_fold_tau""",
1572,116,128,0,107.291463013252,126.87083316538457,-1,2021-09-10 12:00:00,2021-09-10,2021-09-09 23:00:00,2021-08-31 23:00:00,False,False,False,True,187,173.82999999999998,"""2단계 레짐(3분류)""","""D1""",,,0,"""frozen_reference""","""median_internal_fold_tau""",
1573,180,191,1,171.78828354396273,172.97709728056586,-1,2021-09-10 13:00:00,2021-09-10,2021-09-09 23:00:00,2021-08-31 23:00:00,False,False,False,True,187,173.82999999999998,"""2단계 레짐(3분류)""","""D1""",,,0,"""frozen_reference""","""median_internal_fold_tau""",
1574,178,190,1,169.78691558591382,176.37908432327433,-1,2021-09-10 14:00:00,2021-09-10,2021-09-09 23:00:00,2021-08-31 23:00:00,False,False,False,True,187,173.82999999999998,"""2단계 레짐(3분류)""","""D1""",,,1,"""frozen_reference""","""median_internal_fold_tau""",
1575,171,191,1,165.35582822904394,172.6677572063918,-1,2021-09-10 15:00:00,2021-09-10,2021-09-09 23:00:00,2021-08-31 23:00:00,False,False,False,True,187,173.82999999999998,"""2단계 레짐(3분류)""","""D1""",,,0,"""frozen_reference""","""median_internal_fold_tau""",
1576,164,171,0,159.82546834732651,162.98988025087033,-1,2021-09-10 16:00:00,2021-09-10,2021-09-09 23:00:00,2021-08-31 23:00:00,False,False,False,True,187,173.82999999999998,"""2단계 레짐(3분류)""","""D1""",,,0,"""frozen_reference""","""median_internal_fold_tau""",
1577,138,157,0,137.61848091973732,166.25331602347725,-1,2021-09-10 17:00:00,2021-09-10,2021-09-09 23:00:00,2021-08-31 23:00:00,False,False,False,True,187,173.82999999999998,"""2단계 레짐(3분류)""","""D1""",,,0,"""frozen_reference""","""median_internal_fold_tau""",
1578,155,162,0,156.56755233572289,158.91107422364811,-1,2021-09-10 18:00:00,2021-09-10,2021-09-09 23:00:00,2021-08-31 23:00:00,False,False,False,True,187,173.82999999999998,"""2단계 레짐(3분류)""","""D1""",,,0,"""frozen_reference""","""median_internal_fold_tau""",
1579,142,148,0,143.54522941288064,156.77811345308811,-1,2021-09-10 19:00:00,2021-09-10,2021-09-09 23:00:00,2021-08-31 23:00:00,False,False,False,True,187,173.82999999999998,"""2단계 레짐(3분류)""","""D1""",,,0,"""frozen_reference""","""median_internal_fold_tau""",
1580,116,121,0,113.25917111967541,122.07311636393192,-1,2021-09-10 20:00:00,2021-09-10,2021-09-09 23:00:00,2021-08-31 23:00:00,False,False,False,True,187,173.82999999999998,"""2단계 레짐(3분류)""","""D1""",,,0,"""frozen_reference""","""median_internal_fold_tau""",
1581,117,126,0,114.44912629063069,118.80644272357264,-1,2021-09-10 21:00:00,2021-09-10,2021-09-09 23:00:00,2021-08-31 23:00:00,False,False,False,True,187,173.82999999999998,"""2단계 레짐(3분류)""","""D1""",,,0,"""frozen_reference""","""median_internal_fold_tau""",
1582,102,109,0,107.50800764777529,115.07867570942055,-1,2021-09-10 22:00:00,2021-09-10,2021-09-09 23:00:00,2021-08-31 23:00:00,False,False,False,True,187,173.82999999999998,"""2단계 레짐(3분류)""","""D1""",,,0,"""frozen_reference""","""median_internal_fold_tau""",
1583,88,105,0,104.2000027911337,113.67472338741649,-1,2021-09-10 23:00:00,2021-09-10,2021-09-09 23:00:00,2021-08-31 23:00:00,False,False,False,True,187,173.82999999999998,"""2단계 레짐(3분류)""","""D1""",,,0,"""frozen_reference""","""median_internal_fold_tau""",
1584,61,69,0,72.839712304919317,78.569527811293938,-1,2021-09-11 00:00:00,2021-09-11,2021-09-10 23:00:00,2021-08-31 23:00:00,False,False,False,True,187,173.82999999999998,"""2단계 레짐(3분류)""","""D1""",,,0,"""frozen_reference""","""median_internal_fold_tau""",
1585,97,105,0,105.81391591506257,112.60345053342868,-1,2021-09-11 01:00:00,2021-09-11,2021-09-10 23:00:00,2021-08-31 23:00:00,False,False,False,True,187,173.82999999999998,"""2단계 레짐(3분류)""","""D1""",,,0,"""frozen_reference""","""median_internal_fold_tau""",
1586,95,99,0,108.69521880527616,115.27305222874925,-1,2021-09-11 02:00:00,2021-09-11,2021-09-10 23:00:00,2021-08-31 23:00:00,False,False,False,True,187,173.82999999999998,"""2단계 레짐(3분류)""","""D1""",,,0,"""frozen_reference""","""median_internal_fold_tau""",
1587,94,107,0,105.1393351875696,113.15554844492286,-1,2021-09-11 03:00:00,2021-09-11,2021-09-10 23:00:00,2021-08-31 23:00:00,False,False,False,True,187,173.82999999999998,"""2단계 레짐(3분류)""","""D1""",,,0,"""frozen_reference""","""median_internal_fold_tau""",
1588,89,93,0,108.94230604540874,113.77063795276054,-1,2021-09-11 04:00:00,2021-09-11,2021-09-10 23:00:00,2021-08-31 23:00:00,False,False,False,True,187,173.82999999999998,"""2단계 레짐(3분류)""","""D1""",,,0,"""frozen_reference""","""median_internal_fold_tau""",
1589,82,98,0,89.322306857858123,107.91572218560796,-1,2021-09-11 05:00:00,2021-09-11,2021-09-10 23:00:00,2021-08-31 23:00:00,False,False,False,True,187,173.82999999999998,"""2단계 레짐(3분류)""","""D1""",,,0,"""frozen_reference""","""median_internal_fold_tau""",
1590,86,97,0,110.49688437044928,118.49521589765949,-1,2021-09-11 06:00:00,2021-09-11,2021-09-10 23:00:00,2021-08-31 23:00:00,False,False,False,True,187,173.82999999999998,"""2단계 레짐(3분류)""","""D1""",,,0,"""frozen_reference""","""median_internal_fold_tau""",
1591,51,73,0,108.18614991112172,120.47289664309635,-1,2021-09-11 07:00:00,2021-09-11,2021-09-10 23:00:00,2021-08-31 23:00:00,False,False,False,True,187,173.82999999999998,"""2단계 레짐(3분류)""","""D1""",,,0,"""frozen_reference""","""median_internal_fold_tau""",
1592,23,23,0,23.085520988740395,25.979589827106864,-1,2021-09-11 08:00:00,2021-09-11,2021-09-10 23:00:00,2021-08-31 23:00:00,False,False,False,True,187,173.82999999999998,"""2단계 레짐(3분류)""","""D1""",,,0,"""frozen_reference""","""median_internal_fold_tau""",
1593,23,23,0,22.824132249834559,24.890398726413054,-1,2021-09-11 09:00:00,2021-09-11,2021-09-10 23:00:00,2021-08-31 23:00:00,False,False,False,True,187,173.82999999999998,"""2단계 레짐(3분류)""","""D1""",,,0,"""frozen_reference""","""median_internal_fold_tau""",
1594,22,23,0,23.080120760980545,24.66958263857784,-1,2021-09-11 10:00:00,2021-09-11,2021-09-10 23:00:00,2021-08-31 23:00:00,False,False,False,True,187,173.82999999999998,"""2단계 레짐(3분류)""","""D1""",,,0,"""frozen_reference""","""median_internal_fold_tau""",
1595,23,23,0,23.653005585211364,26.805591189756623,-1,2021-09-11 11:00:00,2021-09-11,2021-09-10 23:00:00,2021-08-31 23:00:00,False,False,False,True,187,173.82999999999998,"""2단계 레짐(3분류)""","""D1""",,,0,"""frozen_reference""","""median_internal_fold_tau""",
1596,25,28,0,22.899418543722803,24.962797252100501,-1,2021-09-11 12:00:00,2021-09-11,2021-09-10 23:00:00,2021-08-31 23:00:00,False,False,False,True,187,173.82999999999998,"""2단계 레짐(3분류)""","""D1""",,,0,"""frozen_reference""","""median_internal_fold_tau""",
1597,23,25,0,22.787549677308267,25.778323666700626,-1,2021-09-11 13:00:00,2021-09-11,2021-09-10 23:00:00,2021-08-31 23:00:00,False,False,False,True,187,173.82999999999998,"""2단계 레짐(3분류)""","""D1""",,,0,"""frozen_reference""","""median_internal_fold_tau""",
1598,23,24,0,23.128959299594836,25.690249310177546,-1,2021-09-11 14:00:00,2021-09-11,2021-09-10 23:00:00,2021-08-31 23:00:00,False,False,False,True,187,173.82999999999998,"""2단계 레짐(3분류)""","""D1""",,,0,"""frozen_reference""","""median_internal_fold_tau""",
1599,24,24,0,23.342151419456169,26.483589875523787,-1,2021-09-11 15:00:00,2021-09-11,2021-09-10 23:00:00,2021-08-31 23:00:00,False,False,False,True,187,173.82999999999998,"""2단계 레짐(3분류)""","""D1""",,,0,"""frozen_reference""","""median_internal_fold_tau""",
1600,24,24,0,22.992293733766271,24.470274682966227,-1,2021-09-11 16:00:00,2021-09-11,2021-09-10 23:00:00,2021-08-31 23:00:00,False,False,False,True,187,173.82999999999998,"""2단계 레짐(3분류)""","""D1""",,,0,"""frozen_reference""","""median_internal_fold_tau""",
1601,23,24,0,23.208835276272499,24.677711044361391,-1,2021-09-11 17:00:00,2021-09-11,2021-09-10 23:00:00,2021-08-31 23:00:00,False,False,False,True,187,173.82999999999998,"""2단계 레짐(3분류)""","""D1""",,,0,"""frozen_reference""","""median_internal_fold_tau""",
1602,23,24,0,22.980651540975245,24.742250437134508,-1,2021-09-11 18:00:00,2021-09-11,2021-09-10 23:00:00,2021-08-31 23:00:00,False,False,False,True,187,173.82999999999998,"""2단계 레짐(3분류)""","""D1""",,,0,"""frozen_reference""","""median_internal_fold_tau""",
1603,25,28,0,22.343419352180181,23.811115769033691,-1,2021-09-11 19:00:00,2021-09-11,2021-09-10 23:00:00,2021-08-31 23:00:00,False,False,False,True,187,173.82999999999998,"""2단계 레짐(3분류)""","""D1""",,,0,"""frozen_reference""","""median_internal_fold_tau""",
1604,23,24,0,22.781633481590053,23.584592566442304,-1,2021-09-11 20:00:00,2021-09-11,2021-09-10 23:00:00,2021-08-31 23:00:00,False,False,False,True,187,173.82999999999998,"""2단계 레짐(3분류)""","""D1""",,,0,"""frozen_reference""","""median_internal_fold_tau""",
1605,23,24,0,22.525313858885074,23.810870996910293,-1,2021-09-11 21:00:00,2021-09-11,2021-09-10 23:00:00,2021-08-31 23:00:00,False,False,False,True,187,173.82999999999998,"""2단계 레짐(3분류)""","""D1""",,,0,"""frozen_reference""","""median_internal_fold_tau""",
1606,23,24,0,22.166521404699694,23.146138688610119,-1,2021-09-11 22:00:00,2021-09-11,2021-09-10 23:00:00,2021-08-31 23:00:00,False,False,False,True,187,173.82999999999998,"""2단계 레짐(3분류)""","""D1""",,,0,"""frozen_reference""","""median_internal_fold_tau""",
1607,23,23,0,21.862477673228643,23.583321978304177,-1,2021-09-11 23:00:00,2021-09-11,2021-09-10 23:00:00,2021-08-31 23:00:00,False,False,False,True,187,173.82999999999998,"""2단계 레짐(3분류)""","""D1""",,,0,"""frozen_reference""","""median_internal_fold_tau""",
1608,23,23,0,22.128918751969358,22.446514330756887,-1,2021-09-12 00:00:00,2021-09-12,2021-09-11 23:00:00,2021-08-31 23:00:00,False,False,False,True,187,173.82999999999998,"""2단계 레짐(3분류)""","""D1""",,,0,"""frozen_reference""","""median_internal_fold_tau""",
1609,23,24,0,22.673672292738537,24.643097198296257,-1,2021-09-12 01:00:00,2021-09-12,2021-09-11 23:00:00,2021-08-31 23:00:00,False,False,False,True,187,173.82999999999998,"""2단계 레짐(3분류)""","""D1""",,,0,"""frozen_reference""","""median_internal_fold_tau""",
1610,24,27,0,22.064501301622197,23.260980864190945,-1,2021-09-12 02:00:00,2021-09-12,2021-09-11 23:00:00,2021-08-31 23:00:00,False,False,False,True,187,173.82999999999998,"""2단계 레짐(3분류)""","""D1""",,,0,"""frozen_reference""","""median_internal_fold_tau""",
1611,23,23,0,22.132130972032087,23.464397438017151,-1,2021-09-12 03:00:00,2021-09-12,2021-09-11 23:00:00,2021-08-31 23:00:00,False,False,False,True,187,173.82999999999998,"""2단계 레짐(3분류)""","""D1""",,,0,"""frozen_reference""","""median_internal_fold_tau""",
1612,23,23,0,22.618412265015792,23.630453516178623,-1,2021-09-12 04:00:00,2021-09-12,2021-09-11 23:00:00,2021-08-31 23:00:00,False,False,False,True,187,173.82999999999998,"""2단계 레짐(3분류)""","""D1""",,,0,"""frozen_reference""","""median_internal_fold_tau""",
1613,23,23,0,21.716805692288546,23.409980843888341,-1,2021-09-12 05:00:00,2021-09-12,2021-09-11 23:00:00,2021-08-31 23:00:00,False,False,False,True,187,173.82999999999998,"""2단계 레짐(3분류)""","""D1""",,,0,"""frozen_reference""","""median_internal_fold_tau""",
1614,23,23,0,21.951157570777013,23.310823281649775,-1,2021-09-12 06:00:00,2021-09-12,2021-09-11 23:00:00,2021-08-31 23:00:00,False,False,False,True,187,173.82999999999998,"""2단계 레짐(3분류)""","""D1""",,,0,"""frozen_reference""","""median_internal_fold_tau""",
1615,23,23,0,21.68586440936204,22.976648380934641,-1,2021-09-12 07:00:00,2021-09-12,2021-09-11 23:00:00,2021-08-31 23:00:00,False,False,False,True,187,173.82999999999998,"""2단계 레짐(3분류)""","""D1""",,,0,"""frozen_reference""","""median_internal_fold_tau""",
1616,25,28,0,22.906559469024934,26.057288790897299,-1,2021-09-12 08:00:00,2021-09-12,2021-09-11 23:00:00,2021-08-31 23:00:00,False,False,False,True,187,173.82999999999998,"""2단계 레짐(3분류)""","""D1""",,,0,"""frozen_reference""","""median_internal_fold_tau""",
1617,23,24,0,22.493702447738986,24.006409763951574,-1,2021-09-12 09:00:00,2021-09-12,2021-09-11 23:00:00,2021-08-31 23:00:00,False,False,False,True,187,173.82999999999998,"""2단계 레짐(3분류)""","""D1""",,,0,"""frozen_reference""","""median_internal_fold_tau""",
1618,23,24,0,22.54635390558359,23.954316356163122,-1,2021-09-12 10:00:00,2021-09-12,2021-09-11 23:00:00,2021-08-31 23:00:00,False,False,False,True,187,173.82999999999998,"""2단계 레짐(3분류)""","""D1""",,,0,"""frozen_reference""","""median_internal_fold_tau""",
1619,23,23,0,22.84619811644701,23.98198761123146,-1,2021-09-12 11:00:00,2021-09-12,2021-09-11 23:00:00,2021-08-31 23:00:00,False,False,False,True,187,173.82999999999998,"""2단계 레짐(3분류)""","""D1""",,,0,"""frozen_reference""","""median_internal_fold_tau""",
1620,23,23,0,22.802337689235699,24.402594402750594,-1,2021-09-12 12:00:00,2021-09-12,2021-09-11 23:00:00,2021-08-31 23:00:00,False,False,False,True,187,173.82999999999998,"""2단계 레짐(3분류)""","""D1""",,,0,"""frozen_reference""","""median_internal_fold_tau""",
1621,23,23,0,22.781340109002656,23.586190555129825,-1,2021-09-12 13:00:00,2021-09-12,2021-09-11 23:00:00,2021-08-31 23:00:00,False,False,False,True,187,173.82999999999998,"""2단계 레짐(3분류)""","""D1""",,,0,"""frozen_reference""","""median_internal_fold_tau""",
1622,25,28,0,22.974914326629481,24.258253776615128,-1,2021-09-12 14:00:00,2021-09-12,2021-09-11 23:00:00,2021-08-31 23:00:00,False,False,False,True,187,173.82999999999998,"""2단계 레짐(3분류)""","""D1""",,,0,"""frozen_reference""","""median_internal_fold_tau""",
1623,23,24,0,22.840823621243942,26.088007421153627,-1,2021-09-12 15:00:00,2021-09-12,2021-09-11 23:00:00,2021-08-31 23:00:00,False,False,False,True,187,173.82999999999998,"""2단계 레짐(3분류)""","""D1""",,,0,"""frozen_reference""","""median_internal_fold_tau""",
1624,24,24,0,22.526002068158299,23.914669480941104,-1,2021-09-12 16:00:00,2021-09-12,2021-09-11 23:00:00,2021-08-31 23:00:00,False,False,False,True,187,173.82999999999998,"""2단계 레짐(3분류)""","""D1""",,,0,"""frozen_reference""","""median_internal_fold_tau""",
1625,23,23,0,22.296285011954691,23.162157954318484,-1,2021-09-12 17:00:00,2021-09-12,2021-09-11 23:00:00,2021-08-31 23:00:00,False,False,False,True,187,173.82999999999998,"""2단계 레짐(3분류)""","""D1""",,,0,"""frozen_reference""","""median_internal_fold_tau""",
1626,23,24,0,22.328043980240192,23.447051620428201,-1,2021-09-12 18:00:00,2021-09-12,2021-09-11 23:00:00,2021-08-31 23:00:00,False,False,False,True,187,173.82999999999998,"""2단계 레짐(3분류)""","""D1""",,,0,"""frozen_reference""","""median_internal_fold_tau""",
1627,23,24,0,22.841000074546475,23.823141566309612,-1,2021-09-12 19:00:00,2021-09-12,2021-09-11 23:00:00,2021-08-31 23:00:00,False,False,False,True,187,173.82999999999998,"""2단계 레짐(3분류)""","""D1""",,,0,"""frozen_reference""","""median_internal_fold_tau""",
1628,23,24,0,22.319391752049132,23.131740178854745,-1,2021-09-12 20:00:00,2021-09-12,2021-09-11 23:00:00,2021-08-31 23:00:00,False,False,False,True,187,173.82999999999998,"""2단계 레짐(3분류)""","""D1""",,,0,"""frozen_reference""","""median_internal_fold_tau""",
1629,25,28,0,22.311449886428544,23.201319246569497,-1,2021-09-12 21:00:00,2021-09-12,2021-09-11 23:00:00,2021-08-31 23:00:00,False,False,False,True,187,173.82999999999998,"""2단계 레짐(3분류)""","""D1""",,,0,"""frozen_reference""","""median_internal_fold_tau""",
1630,23,24,0,22.710938137488533,23.992786945373108,-1,2021-09-12 22:00:00,2021-09-12,2021-09-11 23:00:00,2021-08-31 23:00:00,False,False,False,True,187,173.82999999999998,"""2단계 레짐(3분류)""","""D1""",,,0,"""frozen_reference""","""median_internal_fold_tau""",
1631,23,24,0,22.31894254851575,23.765745460161408,-1,2021-09-12 23:00:00,2021-09-12,2021-09-11 23:00:00,2021-08-31 23:00:00,False,False,False,True,187,173.82999999999998,"""2단계 레짐(3분류)""","""D1""",,,0,"""frozen_reference""","""median_internal_fold_tau""",
1632,23,23,0,22.364629631183423,24.030950791802965,-1,2021-09-13 00:00:00,2021-09-13,2021-09-12 23:00:00,2021-08-31 23:00:00,False,False,False,True,187,173.82999999999998,"""2단계 레짐(3분류)""","""D1""",,,0,"""frozen_reference""","""median_internal_fold_tau""",
1633,23,23,0,22.185363686549533,23.789297920955349,-1,2021-09-13 01:00:00,2021-09-13,2021-09-12 23:00:00,2021-08-31 23:00:00,False,False,False,True,187,173.82999999999998,"""2단계 레짐(3분류)""","""D1""",,,0,"""frozen_reference""","""median_internal_fold_tau""",
1634,23,23,0,22.28018192396949,23.374500424950366,-1,2021-09-13 02:00:00,2021-09-13,2021-09-12 23:00:00,2021-08-31 23:00:00,False,False,False,True,187,173.82999999999998,"""2단계 레짐(3분류)""","""D1""",,,0,"""frozen_reference""","""median_internal_fold_tau""",
1635,24,25,0,22.1130545203259,23.449740933290641,-1,2021-09-13 03:00:00,2021-09-13,2021-09-12 23:00:00,2021-08-31 23:00:00,False,False,False,True,187,173.82999999999998,"""2단계 레짐(3분류)""","""D1""",,,0,"""frozen_reference""","""median_internal_fold_tau""",
1636,24,28,0,22.105678169767362,23.322281823493459,-1,2021-09-13 04:00:00,2021-09-13,2021-09-12 23:00:00,2021-08-31 23:00:00,False,False,False,True,187,173.82999999999998,"""2단계 레짐(3분류)""","""D1""",,,0,"""frozen_reference""","""median_internal_fold_tau""",
1637,23,23,0,22.025607813724637,23.320652980509841,-1,2021-09-13 05:00:00,2021-09-13,2021-09-12 23:00:00,2021-08-31 23:00:00,False,False,False,True,187,173.82999999999998,"""2단계 레짐(3분류)""","""D1""",,,0,"""frozen_reference""","""median_internal_fold_tau""",
1638,23,24,0,21.987228367743519,23.491317788588628,-1,2021-09-13 06:00:00,2021-09-13,2021-09-12 23:00:00,2021-08-31 23:00:00,False,False,False,True,187,173.82999999999998,"""2단계 레짐(3분류)""","""D1""",,,0,"""frozen_reference""","""median_internal_fold_tau""",
1639,63,111,0,59.270897596735139,89.95634427277993,-1,2021-09-13 07:00:00,2021-09-13,2021-09-12 23:00:00,2021-08-31 23:00:00,False,False,False,True,187,173.82999999999998,"""2단계 레짐(3분류)""","""D1""",,,0,"""frozen_reference""","""median_internal_fold_tau""",
1640,185,196,1,180.63502871045424,193.83116598703475,-1,2021-09-13 08:00:00,2021-09-13,2021-09-12 23:00:00,2021-08-31 23:00:00,False,False,False,True,187,173.82999999999998,"""2단계 레짐(3분류)""","""D1""",,,1,"""frozen_reference""","""median_internal_fold_tau""",
1641,183,188,1,180.82122142435728,188.39867272369139,-1,2021-09-13 09:00:00,2021-09-13,2021-09-12 23:00:00,2021-08-31 23:00:00,False,False,False,True,187,173.82999999999998,"""2단계 레짐(3분류)""","""D1""",,,1,"""frozen_reference""","""median_internal_fold_tau""",
1642,177,189,1,176.5556049353977,185.93068481402378,-1,2021-09-13 10:00:00,2021-09-13,2021-09-12 23:00:00,2021-08-31 23:00:00,False,False,False,True,187,173.82999999999998,"""2단계 레짐(3분류)""","""D1""",,,1,"""frozen_reference""","""median_internal_fold_tau""",
1643,182,191,1,183.89605797119191,191.85871501081959,-1,2021-09-13 11:00:00,2021-09-13,2021-09-12 23:00:00,2021-08-31 23:00:00,False,False,False,True,187,173.82999999999998,"""2단계 레짐(3분류)""","""D1""",,,1,"""frozen_reference""","""median_internal_fold_tau""",
1644,117,130,0,114.08730614367479,129.44005687313572,-1,2021-09-13 12:00:00,2021-09-13,2021-09-12 23:00:00,2021-08-31 23:00:00,False,False,False,True,187,173.82999999999998,"""2단계 레짐(3분류)""","""D1""",,,0,"""frozen_reference""","""median_internal_fold_tau""",
1645,184,191,1,178.72106561536651,182.64620835832937,-1,2021-09-13 13:00:00,2021-09-13,2021-09-12 23:00:00,2021-08-31 23:00:00,False,False,False,True,187,173.82999999999998,"""2단계 레짐(3분류)""","""D1""",,,1,"""frozen_reference""","""median_internal_fold_tau""",
1646,180,182,0,179.2107827529417,185.38928184074507,-1,2021-09-13 14:00:00,2021-09-13,2021-09-12 23:00:00,2021-08-31 23:00:00,False,False,False,True,187,173.82999999999998,"""2단계 레짐(3분류)""","""D1""",,,1,"""frozen_reference""","""median_internal_fold_tau""",
1647,168,177,0,169.21054919046668,180.32324128447888,-1,2021-09-13 15:00:00,2021-09-13,2021-09-12 23:00:00,2021-08-31 23:00:00,False,False,False,True,187,173.82999999999998,"""2단계 레짐(3분류)""","""D1""",,,1,"""frozen_reference""","""median_internal_fold_tau""",
1648,175,182,0,168.47632422038154,178.59363724593533,-1,2021-09-13 16:00:00,2021-09-13,2021-09-12 23:00:00,2021-08-31 23:00:00,False,False,False,True,187,173.82999999999998,"""2단계 레짐(3분류)""","""D1""",,,1,"""frozen_reference""","""median_internal_fold_tau""",
1649,132,160,0,146.18673265412704,163.94507213616359,-1,2021-09-13 17:00:00,2021-09-13,2021-09-12 23:00:00,2021-08-31 23:00:00,False,False,False,True,187,173.82999999999998,"""2단계 레짐(3분류)""","""D1""",,,0,"""frozen_reference""","""median_internal_fold_tau""",
1650,145,162,0,164.68335711352407,173.16908612944098,-1,2021-09-13 18:00:00,2021-09-13,2021-09-12 23:00:00,2021-08-31 23:00:00,False,False,False,True,187,173.82999999999998,"""2단계 레짐(3분류)""","""D1""",,,0,"""frozen_reference""","""median_internal_fold_tau""",
1651,148,162,0,149.20619759190049,161.21281407389682,-1,2021-09-13 19:00:00,2021-09-13,2021-09-12 23:00:00,2021-08-31 23:00:00,False,False,False,True,187,173.82999999999998,"""2단계 레짐(3분류)""","""D1""",,,0,"""frozen_reference""","""median_internal_fold_tau""",
1652,121,126,0,122.37880055057943,127.55167560962909,-1,2021-09-13 20:00:00,2021-09-13,2021-09-12 23:00:00,2021-08-31 23:00:00,False,False,False,True,187,173.82999999999998,"""2단계 레짐(3분류)""","""D1""",,,0,"""frozen_reference""","""median_internal_fold_tau""",
1653,123,131,0,124.69470327839242,128.84681033659828,-1,2021-09-13 21:00:00,2021-09-13,2021-09-12 23:00:00,2021-08-31 23:00:00,False,False,False,True,187,173.82999999999998,"""2단계 레짐(3분류)""","""D1""",,,0,"""frozen_reference""","""median_internal_fold_tau""",
1654,110,122,0,109.16908760433759,117.07312258238844,-1,2021-09-13 22:00:00,2021-09-13,2021-09-12 23:00:00,2021-08-31 23:00:00,False,False,False,True,187,173.82999999999998,"""2단계 레짐(3분류)""","""D1""",,,0,"""frozen_reference""","""median_internal_fold_tau""",
1655,108,123,0,107.71517310920078,122.17501455702626,-1,2021-09-13 23:00:00,2021-09-13,2021-09-12 23:00:00,2021-08-31 23:00:00,False,False,False,True,187,173.82999999999998,"""2단계 레짐(3분류)""","""D1""",,,0,"""frozen_reference""","""median_internal_fold_tau""",
1656,70,72,0,75.787617485837373,80.345393842487084,-1,2021-09-14 00:00:00,2021-09-14,2021-09-13 23:00:00,2021-08-31 23:00:00,False,False,False,True,187,173.82999999999998,"""2단계 레짐(3분류)""","""D1""",,,0,"""frozen_reference""","""median_internal_fold_tau""",
1657,110,116,0,105.82655694142959,115.69160027193516,-1,2021-09-14 01:00:00,2021-09-14,2021-09-13 23:00:00,2021-08-31 23:00:00,False,False,False,True,187,173.82999999999998,"""2단계 레짐(3분류)""","""D1""",,,0,"""frozen_reference""","""median_internal_fold_tau""",
1658,112,115,0,109.77254448942814,116.17605329260164,-1,2021-09-14 02:00:00,2021-09-14,2021-09-13 23:00:00,2021-08-31 23:00:00,False,False,False,True,187,173.82999999999998,"""2단계 레짐(3분류)""","""D1""",,,0,"""frozen_reference""","""median_internal_fold_tau""",
1659,105,114,0,108.635065919943,115.7081947394656,-1,2021-09-14 03:00:00,2021-09-14,2021-09-13 23:00:00,2021-08-31 23:00:00,False,False,False,True,187,173.82999999999998,"""2단계 레짐(3분류)""","""D1""",,,0,"""frozen_reference""","""median_internal_fold_tau""",
1660,111,115,0,109.4252394295122,115.52745607756628,-1,2021-09-14 04:00:00,2021-09-14,2021-09-13 23:00:00,2021-08-31 23:00:00,False,False,False,True,187,173.82999999999998,"""2단계 레짐(3분류)""","""D1""",,,0,"""frozen_reference""","""median_internal_fold_tau""",
1661,93,115,0,93.891108916215288,112.3949160991321,-1,2021-09-14 05:00:00,2021-09-14,2021-09-13 23:00:00,2021-08-31 23:00:00,False,False,False,True,187,173.82999999999998,"""2단계 레짐(3분류)""","""D1""",,,0,"""frozen_reference""","""median_internal_fold_tau""",
1662,108,112,0,110.15841742536794,117.61895761121664,-1,2021-09-14 06:00:00,2021-09-14,2021-09-13 23:00:00,2021-08-31 23:00:00,False,False,False,True,187,173.82999999999998,"""2단계 레짐(3분류)""","""D1""",,,0,"""frozen_reference""","""median_internal_fold_tau""",
1663,140,156,0,138.83053288294155,156.03264554596925,-1,2021-09-14 07:00:00,2021-09-14,2021-09-13 23:00:00,2021-08-31 23:00:00,False,False,False,True,187,173.82999999999998,"""2단계 레짐(3분류)""","""D1""",,,0,"""frozen_reference""","""median_internal_fold_tau""",
1664,174,184,0,175.35825865617139,189.99418995910042,-1,2021-09-14 08:00:00,2021-09-14,2021-09-13 23:00:00,2021-08-31 23:00:00,False,False,False,True,187,173.82999999999998,"""2단계 레짐(3분류)""","""D1""",,,1,"""frozen_reference""","""median_internal_fold_tau""",
1665,166,178,0,176.12801387808656,187.01016891407511,-1,2021-09-14 09:00:00,2021-09-14,2021-09-13 23:00:00,2021-08-31 23:00:00,False,False,False,True,187,173.82999999999998,"""2단계 레짐(3분류)""","""D1""",,,1,"""frozen_reference""","""median_internal_fold_tau""",
1666,152,161,0,174.05872371838541,184.24930868033687,-1,2021-09-14 10:00:00,2021-09-14,2021-09-13 23:00:00,2021-08-31 23:00:00,False,False,False,True,187,173.82999999999998,"""2단계 레짐(3분류)""","""D1""",,,1,"""frozen_reference""","""median_internal_fold_tau""",
1667,170,180,0,177.65386431378766,184.70751829616501,-1,2021-09-14 11:00:00,2021-09-14,2021-09-13 23:00:00,2021-08-31 23:00:00,False,False,False,True,187,173.82999999999998,"""2단계 레짐(3분류)""","""D1""",,,1,"""frozen_reference""","""median_internal_fold_tau""",
1668,118,135,0,117.47155667831824,130.50356224630866,-1,2021-09-14 12:00:00,2021-09-14,2021-09-13 23:00:00,2021-08-31 23:00:00,False,False,False,True,187,173.82999999999998,"""2단계 레짐(3분류)""","""D1""",,,0,"""frozen_reference""","""median_internal_fold_tau""",
1669,163,173,0,178.53850683464674,185.52570965564624,-1,2021-09-14 13:00:00,2021-09-14,2021-09-13 23:00:00,2021-08-31 23:00:00,False,False,False,True,187,173.82999999999998,"""2단계 레짐(3분류)""","""D1""",,,1,"""frozen_reference""","""median_internal_fold_tau""",
1670,158,162,0,174.63731797790609,182.09879683568886,-1,2021-09-14 14:00:00,2021-09-14,2021-09-13 23:00:00,2021-08-31 23:00:00,False,False,False,True,187,173.82999999999998,"""2단계 레짐(3분류)""","""D1""",,,1,"""frozen_reference""","""median_internal_fold_tau""",
1671,161,175,0,164.76363622817206,176.62220186259185,-1,2021-09-14 15:00:00,2021-09-14,2021-09-13 23:00:00,2021-08-31 23:00:00,False,False,False,True,187,173.82999999999998,"""2단계 레짐(3분류)""","""D1""",,,1,"""frozen_reference""","""median_internal_fold_tau""",
1672,160,165,0,171.27839072393189,179.30307790402276,-1,2021-09-14 16:00:00,2021-09-14,2021-09-13 23:00:00,2021-08-31 23:00:00,False,False,False,True,187,173.82999999999998,"""2단계 레짐(3분류)""","""D1""",,,1,"""frozen_reference""","""median_internal_fold_tau""",
1673,123,146,0,132.01815728451345,160.8981280048537,-1,2021-09-14 17:00:00,2021-09-14,2021-09-13 23:00:00,2021-08-31 23:00:00,False,False,False,True,187,173.82999999999998,"""2단계 레짐(3분류)""","""D1""",,,0,"""frozen_reference""","""median_internal_fold_tau""",
1674,158,164,0,158.27796581681471,163.46305947269005,-1,2021-09-14 18:00:00,2021-09-14,2021-09-13 23:00:00,2021-08-31 23:00:00,False,False,False,True,187,173.82999999999998,"""2단계 레짐(3분류)""","""D1""",,,0,"""frozen_reference""","""median_internal_fold_tau""",
1675,153,171,0,150.60548255901111,159.76858403470601,-1,2021-09-14 19:00:00,2021-09-14,2021-09-13 23:00:00,2021-08-31 23:00:00,False,False,False,True,187,173.82999999999998,"""2단계 레짐(3분류)""","""D1""",,,0,"""frozen_reference""","""median_internal_fold_tau""",
1676,128,130,0,132.54950103094089,138.25867919396936,-1,2021-09-14 20:00:00,2021-09-14,2021-09-13 23:00:00,2021-08-31 23:00:00,False,False,False,True,187,173.82999999999998,"""2단계 레짐(3분류)""","""D1""",,,0,"""frozen_reference""","""median_internal_fold_tau""",
1677,128,134,0,130.54341192388875,131.9592915178566,-1,2021-09-14 21:00:00,2021-09-14,2021-09-13 23:00:00,2021-08-31 23:00:00,False,False,False,True,187,173.82999999999998,"""2단계 레짐(3분류)""","""D1""",,,0,"""frozen_reference""","""median_internal_fold_tau""",
1678,111,120,0,113.13547687379008,120.07841202297831,-1,2021-09-14 22:00:00,2021-09-14,2021-09-13 23:00:00,2021-08-31 23:00:00,False,False,False,True,187,173.82999999999998,"""2단계 레짐(3분류)""","""D1""",,,0,"""frozen_reference""","""median_internal_fold_tau""",
1679,110,119,0,109.97224350079651,117.11402800386119,-1,2021-09-14 23:00:00,2021-09-14,2021-09-13 23:00:00,2021-08-31 23:00:00,False,False,False,True,187,173.82999999999998,"""2단계 레짐(3분류)""","""D1""",,,0,"""frozen_reference""","""median_internal_fold_tau""",
1680,74,83,0,,5.1044882848295135e-05,-1,2021-09-01 00:00:00,2021-09-01,2021-08-31 23:00:00,2021-08-31 23:00:00,False,False,False,True,187,,"""피크 직접분류""","""D1""",5.1044882848295135e-05,,,"""frozen_reference""","""classifier_pooled_tau_not_retained; see original peak table""",0.014999999999999999
1681,109,117,0,,1.3668119639969083e-05,-1,2021-09-01 01:00:00,2021-09-01,2021-08-31 23:00:00,2021-08-31 23:00:00,False,False,False,True,187,,"""피크 직접분류""","""D1""",1.3668119639969083e-05,,,"""frozen_reference""","""classifier_pooled_tau_not_retained; see original peak table""",0.014999999999999999
1682,114,121,0,,0.00011878371263674838,-1,2021-09-01 02:00:00,2021-09-01,2021-08-31 23:00:00,2021-08-31 23:00:00,False,False,False,True,187,,"""피크 직접분류""","""D1""",0.00011878371263674838,,,"""frozen_reference""","""classifier_pooled_tau_not_retained; see original peak table""",0.014999999999999999
1683,99,103,0,,1.4657944077620067e-05,-1,2021-09-01 03:00:00,2021-09-01,2021-08-31 23:00:00,2021-08-31 23:00:00,False,False,False,True,187,,"""피크 직접분류""","""D1""",1.4657944077620067e-05,,,"""frozen_reference""","""classifier_pooled_tau_not_retained; see original peak table""",0.014999999999999999
1684,115,119,0,,7.7941883707315418e-05,-1,2021-09-01 04:00:00,2021-09-01,2021-08-31 23:00:00,2021-08-31 23:00:00,False,False,False,True,187,,"""피크 직접분류""","""D1""",7.7941883707315418e-05,,,"""frozen_reference""","""classifier_pooled_tau_not_retained; see original peak table""",0.014999999999999999
1685,92,112,0,,9.9296545349996287e-05,-1,2021-09-01 05:00:00,2021-09-01,2021-08-31 23:00:00,2021-08-31 23:00:00,False,False,False,True,187,,"""피크 직접분류""","""D1""",9.9296545349996287e-05,,,"""frozen_reference""","""classifier_pooled_tau_not_retained; see original peak table""",0.014999999999999999
1686,116,119,0,,0.00021760710014071308,-1,2021-09-01 06:00:00,2021-09-01,2021-08-31 23:00:00,2021-08-31 23:00:00,False,False,False,True,187,,"""피크 직접분류""","""D1""",0.00021760710014071308,,,"""frozen_reference""","""classifier_pooled_tau_not_retained; see original peak table""",0.014999999999999999
1687,124,139,0,,0.0019614015630515743,-1,2021-09-01 07:00:00,2021-09-01,2021-08-31 23:00:00,2021-08-31 23:00:00,False,False,False,True,187,,"""피크 직접분류""","""D1""",0.0019614015630515743,,,"""frozen_reference""","""classifier_pooled_tau_not_retained; see original peak table""",0.014999999999999999
1688,180,198,1,,0.61473671640624383,-1,2021-09-01 08:00:00,2021-09-01,2021-08-31 23:00:00,2021-08-31 23:00:00,False,False,False,True,187,,"""피크 직접분류""","""D1""",0.61473671640624383,,,"""frozen_reference""","""classifier_pooled_tau_not_retained; see original peak table""",0.014999999999999999
1689,182,189,1,,0.77633848217263834,-1,2021-09-01 09:00:00,2021-09-01,2021-08-31 23:00:00,2021-08-31 23:00:00,False,False,False,True,187,,"""피크 직접분류""","""D1""",0.77633848217263834,,,"""frozen_reference""","""classifier_pooled_tau_not_retained; see original peak table""",0.014999999999999999
1690,185,196,1,,0.61586058338377969,-1,2021-09-01 10:00:00,2021-09-01,2021-08-31 23:00:00,2021-08-31 23:00:00,False,False,False,True,187,,"""피크 직접분류""","""D1""",0.61586058338377969,,,"""frozen_reference""","""classifier_pooled_tau_not_retained; see original peak table""",0.014999999999999999
1691,174,180,0,,0.18559430796189752,-1,2021-09-01 11:00:00,2021-09-01,2021-08-31 23:00:00,2021-08-31 23:00:00,False,False,False,True,187,,"""피크 직접분류""","""D1""",0.18559430796189752,,,"""frozen_reference""","""classifier_pooled_tau_not_retained; see original peak table""",0.014999999999999999
1692,117,138,0,,6.8790530012242032e-05,-1,2021-09-01 12:00:00,2021-09-01,2021-08-31 23:00:00,2021-08-31 23:00:00,False,False,False,True,187,,"""피크 직접분류""","""D1""",6.8790530012242032e-05,,,"""frozen_reference""","""classifier_pooled_tau_not_retained; see original peak table""",0.014999999999999999
1693,182,190,1,,0.20088689142481111,-1,2021-09-01 13:00:00,2021-09-01,2021-08-31 23:00:00,2021-08-31 23:00:00,False,False,False,True,187,,"""피크 직접분류""","""D1""",0.20088689142481111,,,"""frozen_reference""","""classifier_pooled_tau_not_retained; see original peak table""",0.014999999999999999
1694,184,192,1,,0.071912556559902696,-1,2021-09-01 14:00:00,2021-09-01,2021-08-31 23:00:00,2021-08-31 23:00:00,False,False,False,True,187,,"""피크 직접분류""","""D1""",0.071912556559902696,,,"""frozen_reference""","""classifier_pooled_tau_not_retained; see original peak table""",0.014999999999999999
1695,173,182,0,,0.06352449146782442,-1,2021-09-01 15:00:00,2021-09-01,2021-08-31 23:00:00,2021-08-31 23:00:00,False,False,False,True,187,,"""피크 직접분류""","""D1""",0.06352449146782442,,,"""frozen_reference""","""classifier_pooled_tau_not_retained; see original peak table""",0.014999999999999999
1696,176,187,1,,0.010756384498038762,-1,2021-09-01 16:00:00,2021-09-01,2021-08-31 23:00:00,2021-08-31 23:00:00,False,False,False,True,187,,"""피크 직접분류""","""D1""",0.010756384498038762,,,"""frozen_reference""","""classifier_pooled_tau_not_retained; see original peak table""",0.014999999999999999
1697,139,180,0,,0.00031103332338192438,-1,2021-09-01 17:00:00,2021-09-01,2021-08-31 23:00:00,2021-08-31 23:00:00,False,False,False,True,187,,"""피크 직접분류""","""D1""",0.00031103332338192438,,,"""frozen_reference""","""classifier_pooled_tau_not_retained; see original peak table""",0.014999999999999999
1698,163,167,0,,5.3152622368930096e-05,-1,2021-09-01 18:00:00,2021-09-01,2021-08-31 23:00:00,2021-08-31 23:00:00,False,False,False,True,187,,"""피크 직접분류""","""D1""",5.3152622368930096e-05,,,"""frozen_reference""","""classifier_pooled_tau_not_retained; see original peak table""",0.014999999999999999
1699,152,163,0,,4.8307247674853837e-06,-1,2021-09-01 19:00:00,2021-09-01,2021-08-31 23:00:00,2021-08-31 23:00:00,False,False,False,True,187,,"""피크 직접분류""","""D1""",4.8307247674853837e-06,,,"""frozen_reference""","""classifier_pooled_tau_not_retained; see original peak table""",0.014999999999999999
1700,129,139,0,,8.2707092662492774e-06,-1,2021-09-01 20:00:00,2021-09-01,2021-08-31 23:00:00,2021-08-31 23:00:00,False,False,False,True,187,,"""피크 직접분류""","""D1""",8.2707092662492774e-06,,,"""frozen_reference""","""classifier_pooled_tau_not_retained; see original peak table""",0.014999999999999999
1701,131,133,0,,3.6099876762465729e-06,-1,2021-09-01 21:00:00,2021-09-01,2021-08-31 23:00:00,2021-08-31 23:00:00,False,False,False,True,187,,"""피크 직접분류""","""D1""",3.6099876762465729e-06,,,"""frozen_reference""","""classifier_pooled_tau_not_retained; see original peak table""",0.014999999999999999
1702,119,128,0,,8.6342286077839455e-06,-1,2021-09-01 22:00:00,2021-09-01,2021-08-31 23:00:00,2021-08-31 23:00:00,False,False,False,True,187,,"""피크 직접분류""","""D1""",8.6342286077839455e-06,,,"""frozen_reference""","""classifier_pooled_tau_not_retained; see original peak table""",0.014999999999999999
1703,114,121,0,,4.9087956214062586e-06,-1,2021-09-01 23:00:00,2021-09-01,2021-08-31 23:00:00,2021-08-31 23:00:00,False,False,False,True,187,,"""피크 직접분류""","""D1""",4.9087956214062586e-06,,,"""frozen_reference""","""classifier_pooled_tau_not_retained; see original peak table""",0.014999999999999999
1704,79,87,0,,1.5048250268059676e-05,-1,2021-09-02 00:00:00,2021-09-02,2021-09-01 23:00:00,2021-08-31 23:00:00,False,False,False,True,187,,"""피크 직접분류""","""D1""",1.5048250268059676e-05,,,"""frozen_reference""","""classifier_pooled_tau_not_retained; see original peak table""",0.014999999999999999
1705,112,119,0,,1.015001818570776e-06,-1,2021-09-02 01:00:00,2021-09-02,2021-09-01 23:00:00,2021-08-31 23:00:00,False,False,False,True,187,,"""피크 직접분류""","""D1""",1.015001818570776e-06,,,"""frozen_reference""","""classifier_pooled_tau_not_retained; see original peak table""",0.014999999999999999
1706,114,119,0,,2.9049552379375089e-05,-1,2021-09-02 02:00:00,2021-09-02,2021-09-01 23:00:00,2021-08-31 23:00:00,False,False,False,True,187,,"""피크 직접분류""","""D1""",2.9049552379375089e-05,,,"""frozen_reference""","""classifier_pooled_tau_not_retained; see original peak table""",0.014999999999999999
1707,106,118,0,,1.5566758473505717e-06,-1,2021-09-02 03:00:00,2021-09-02,2021-09-01 23:00:00,2021-08-31 23:00:00,False,False,False,True,187,,"""피크 직접분류""","""D1""",1.5566758473505717e-06,,,"""frozen_reference""","""classifier_pooled_tau_not_retained; see original peak table""",0.014999999999999999
1708,114,120,0,,3.3709177079121222e-05,-1,2021-09-02 04:00:00,2021-09-02,2021-09-01 23:00:00,2021-08-31 23:00:00,False,False,False,True,187,,"""피크 직접분류""","""D1""",3.3709177079121222e-05,,,"""frozen_reference""","""classifier_pooled_tau_not_retained; see original peak table""",0.014999999999999999
1709,93,108,0,,2.7358107077499162e-05,-1,2021-09-02 05:00:00,2021-09-02,2021-09-01 23:00:00,2021-08-31 23:00:00,False,False,False,True,187,,"""피크 직접분류""","""D1""",2.7358107077499162e-05,,,"""frozen_reference""","""classifier_pooled_tau_not_retained; see original peak table""",0.014999999999999999
1710,115,117,0,,2.2773246902349078e-06,-1,2021-09-02 06:00:00,2021-09-02,2021-09-01 23:00:00,2021-08-31 23:00:00,False,False,False,True,187,,"""피크 직접분류""","""D1""",2.2773246902349078e-06,,,"""frozen_reference""","""classifier_pooled_tau_not_retained; see original peak table""",0.014999999999999999
1711,141,160,0,,0.00071043137397514542,-1,2021-09-02 07:00:00,2021-09-02,2021-09-01 23:00:00,2021-08-31 23:00:00,False,False,False,True,187,,"""피크 직접분류""","""D1""",0.00071043137397514542,,,"""frozen_reference""","""classifier_pooled_tau_not_retained; see original peak table""",0.014999999999999999
1712,166,171,0,,0.15920718649346113,-1,2021-09-02 08:00:00,2021-09-02,2021-09-01 23:00:00,2021-08-31 23:00:00,False,False,False,True,187,,"""피크 직접분류""","""D1""",0.15920718649346113,,,"""frozen_reference""","""classifier_pooled_tau_not_retained; see original peak table""",0.014999999999999999
1713,184,198,1,,0.53715298148857138,-1,2021-09-02 09:00:00,2021-09-02,2021-09-01 23:00:00,2021-08-31 23:00:00,False,False,False,True,187,,"""피크 직접분류""","""D1""",0.53715298148857138,,,"""frozen_reference""","""classifier_pooled_tau_not_retained; see original peak table""",0.014999999999999999
1714,179,188,1,,0.17140496485103476,-1,2021-09-02 10:00:00,2021-09-02,2021-09-01 23:00:00,2021-08-31 23:00:00,False,False,False,True,187,,"""피크 직접분류""","""D1""",0.17140496485103476,,,"""frozen_reference""","""classifier_pooled_tau_not_retained; see original peak table""",0.014999999999999999
1715,182,188,1,,0.028234796272835386,-1,2021-09-02 11:00:00,2021-09-02,2021-09-01 23:00:00,2021-08-31 23:00:00,False,False,False,True,187,,"""피크 직접분류""","""D1""",0.028234796272835386,,,"""frozen_reference""","""classifier_pooled_tau_not_retained; see original peak table""",0.014999999999999999
1716,112,130,0,,0.00033251111841708008,-1,2021-09-02 12:00:00,2021-09-02,2021-09-01 23:00:00,2021-08-31 23:00:00,False,False,False,True,187,,"""피크 직접분류""","""D1""",0.00033251111841708008,,,"""frozen_reference""","""classifier_pooled_tau_not_retained; see original peak table""",0.014999999999999999
1717,174,183,0,,0.067366936268655031,-1,2021-09-02 13:00:00,2021-09-02,2021-09-01 23:00:00,2021-08-31 23:00:00,False,False,False,True,187,,"""피크 직접분류""","""D1""",0.067366936268655031,,,"""frozen_reference""","""classifier_pooled_tau_not_retained; see original peak table""",0.014999999999999999
1718,192,195,1,,0.17770209318169489,-1,2021-09-02 14:00:00,2021-09-02,2021-09-01 23:00:00,2021-08-31 23:00:00,False,False,False,True,187,,"""피크 직접분류""","""D1""",0.17770209318169489,,,"""frozen_reference""","""classifier_pooled_tau_not_retained; see original peak table""",0.014999999999999999
1719,170,177,0,,0.024714848322367023,-1,2021-09-02 15:00:00,2021-09-02,2021-09-01 23:00:00,2021-08-31 23:00:00,False,False,False,True,187,,"""피크 직접분류""","""D1""",0.024714848322367023,,,"""frozen_reference""","""classifier_pooled_tau_not_retained; see original peak table""",0.014999999999999999
1720,174,181,0,,0.0016140603417528197,-1,2021-09-02 16:00:00,2021-09-02,2021-09-01 23:00:00,2021-08-31 23:00:00,False,False,False,True,187,,"""피크 직접분류""","""D1""",0.0016140603417528197,,,"""frozen_reference""","""classifier_pooled_tau_not_retained; see original peak table""",0.014999999999999999
1721,132,153,0,,2.4934510721415963e-05,-1,2021-09-02 17:00:00,2021-09-02,2021-09-01 23:00:00,2021-08-31 23:00:00,False,False,False,True,187,,"""피크 직접분류""","""D1""",2.4934510721415963e-05,,,"""frozen_reference""","""classifier_pooled_tau_not_retained; see original peak table""",0.014999999999999999
1722,159,167,0,,0.00011876863020462962,-1,2021-09-02 18:00:00,2021-09-02,2021-09-01 23:00:00,2021-08-31 23:00:00,False,False,False,True,187,,"""피크 직접분류""","""D1""",0.00011876863020462962,,,"""frozen_reference""","""classifier_pooled_tau_not_retained; see original peak table""",0.014999999999999999
1723,161,173,0,,2.87276003562101e-05,-1,2021-09-02 19:00:00,2021-09-02,2021-09-01 23:00:00,2021-08-31 23:00:00,False,False,False,True,187,,"""피크 직접분류""","""D1""",2.87276003562101e-05,,,"""frozen_reference""","""classifier_pooled_tau_not_retained; see original peak table""",0.014999999999999999
1724,132,143,0,,6.5678731277640822e-07,-1,2021-09-02 20:00:00,2021-09-02,2021-09-01 23:00:00,2021-08-31 23:00:00,False,False,False,True,187,,"""피크 직접분류""","""D1""",6.5678731277640822e-07,,,"""frozen_reference""","""classifier_pooled_tau_not_retained; see original peak table""",0.014999999999999999
1725,131,138,0,,1.0244445532192481e-05,-1,2021-09-02 21:00:00,2021-09-02,2021-09-01 23:00:00,2021-08-31 23:00:00,False,False,False,True,187,,"""피크 직접분류""","""D1""",1.0244445532192481e-05,,,"""frozen_reference""","""classifier_pooled_tau_not_retained; see original peak table""",0.014999999999999999
1726,114,129,0,,1.1147509459010445e-05,-1,2021-09-02 22:00:00,2021-09-02,2021-09-01 23:00:00,2021-08-31 23:00:00,False,False,False,True,187,,"""피크 직접분류""","""D1""",1.1147509459010445e-05,,,"""frozen_reference""","""classifier_pooled_tau_not_retained; see original peak table""",0.014999999999999999
1727,119,129,0,,7.7413040918600819e-06,-1,2021-09-02 23:00:00,2021-09-02,2021-09-01 23:00:00,2021-08-31 23:00:00,False,False,False,True,187,,"""피크 직접분류""","""D1""",7.7413040918600819e-06,,,"""frozen_reference""","""classifier_pooled_tau_not_retained; see original peak table""",0.014999999999999999
1728,69,71,0,,3.2286557461778959e-06,-1,2021-09-03 00:00:00,2021-09-03,2021-09-02 23:00:00,2021-08-31 23:00:00,False,False,False,True,187,,"""피크 직접분류""","""D1""",3.2286557461778959e-06,,,"""frozen_reference""","""classifier_pooled_tau_not_retained; see original peak table""",0.014999999999999999
1729,109,119,0,,3.3239063849378324e-05,-1,2021-09-03 01:00:00,2021-09-03,2021-09-02 23:00:00,2021-08-31 23:00:00,False,False,False,True,187,,"""피크 직접분류""","""D1""",3.3239063849378324e-05,,,"""frozen_reference""","""classifier_pooled_tau_not_retained; see original peak table""",0.014999999999999999
1730,112,117,0,,5.0543291975980659e-05,-1,2021-09-03 02:00:00,2021-09-03,2021-09-02 23:00:00,2021-08-31 23:00:00,False,False,False,True,187,,"""피크 직접분류""","""D1""",5.0543291975980659e-05,,,"""frozen_reference""","""classifier_pooled_tau_not_retained; see original peak table""",0.014999999999999999
1731,110,114,0,,1.2565188890079455e-05,-1,2021-09-03 03:00:00,2021-09-03,2021-09-02 23:00:00,2021-08-31 23:00:00,False,False,False,True,187,,"""피크 직접분류""","""D1""",1.2565188890079455e-05,,,"""frozen_reference""","""classifier_pooled_tau_not_retained; see original peak table""",0.014999999999999999
1732,107,113,0,,6.5591007342544761e-05,-1,2021-09-03 04:00:00,2021-09-03,2021-09-02 23:00:00,2021-08-31 23:00:00,False,False,False,True,187,,"""피크 직접분류""","""D1""",6.5591007342544761e-05,,,"""frozen_reference""","""classifier_pooled_tau_not_retained; see original peak table""",0.014999999999999999
1733,93,111,0,,5.9144813735954821e-05,-1,2021-09-03 05:00:00,2021-09-03,2021-09-02 23:00:00,2021-08-31 23:00:00,False,False,False,True,187,,"""피크 직접분류""","""D1""",5.9144813735954821e-05,,,"""frozen_reference""","""classifier_pooled_tau_not_retained; see original peak table""",0.014999999999999999
1734,107,114,0,,7.0458470719148971e-05,-1,2021-09-03 06:00:00,2021-09-03,2021-09-02 23:00:00,2021-08-31 23:00:00,False,False,False,True,187,,"""피크 직접분류""","""D1""",7.0458470719148971e-05,,,"""frozen_reference""","""classifier_pooled_tau_not_retained; see original peak table""",0.014999999999999999
1735,134,147,0,,0.00018560423462561258,-1,2021-09-03 07:00:00,2021-09-03,2021-09-02 23:00:00,2021-08-31 23:00:00,False,False,False,True,187,,"""피크 직접분류""","""D1""",0.00018560423462561258,,,"""frozen_reference""","""classifier_pooled_tau_not_retained; see original peak table""",0.014999999999999999
1736,170,179,0,,0.58891848037624295,-1,2021-09-03 08:00:00,2021-09-03,2021-09-02 23:00:00,2021-08-31 23:00:00,False,False,False,True,187,,"""피크 직접분류""","""D1""",0.58891848037624295,,,"""frozen_reference""","""classifier_pooled_tau_not_retained; see original peak table""",0.014999999999999999
1737,171,178,0,,0.35323757937590033,-1,2021-09-03 09:00:00,2021-09-03,2021-09-02 23:00:00,2021-08-31 23:00:00,False,False,False,True,187,,"""피크 직접분류""","""D1""",0.35323757937590033,,,"""frozen_reference""","""classifier_pooled_tau_not_retained; see original peak table""",0.014999999999999999
1738,163,169,0,,0.39058910710475081,-1,2021-09-03 10:00:00,2021-09-03,2021-09-02 23:00:00,2021-08-31 23:00:00,False,False,False,True,187,,"""피크 직접분류""","""D1""",0.39058910710475081,,,"""frozen_reference""","""classifier_pooled_tau_not_retained; see original peak table""",0.014999999999999999
1739,187,190,1,,0.093487371185076565,-1,2021-09-03 11:00:00,2021-09-03,2021-09-02 23:00:00,2021-08-31 23:00:00,False,False,False,True,187,,"""피크 직접분류""","""D1""",0.093487371185076565,,,"""frozen_reference""","""classifier_pooled_tau_not_retained; see original peak table""",0.014999999999999999
1740,108,122,0,,0.00065257496096614266,-1,2021-09-03 12:00:00,2021-09-03,2021-09-02 23:00:00,2021-08-31 23:00:00,False,False,False,True,187,,"""피크 직접분류""","""D1""",0.00065257496096614266,,,"""frozen_reference""","""classifier_pooled_tau_not_retained; see original peak table""",0.014999999999999999
1741,169,176,0,,0.071042285324056306,-1,2021-09-03 13:00:00,2021-09-03,2021-09-02 23:00:00,2021-08-31 23:00:00,False,False,False,True,187,,"""피크 직접분류""","""D1""",0.071042285324056306,,,"""frozen_reference""","""classifier_pooled_tau_not_retained; see original peak table""",0.014999999999999999
1742,178,181,0,,0.013515339919946657,-1,2021-09-03 14:00:00,2021-09-03,2021-09-02 23:00:00,2021-08-31 23:00:00,False,False,False,True,187,,"""피크 직접분류""","""D1""",0.013515339919946657,,,"""frozen_reference""","""classifier_pooled_tau_not_retained; see original peak table""",0.014999999999999999
1743,154,162,0,,0.076150496401602583,-1,2021-09-03 15:00:00,2021-09-03,2021-09-02 23:00:00,2021-08-31 23:00:00,False,False,False,True,187,,"""피크 직접분류""","""D1""",0.076150496401602583,,,"""frozen_reference""","""classifier_pooled_tau_not_retained; see original peak table""",0.014999999999999999
1744,161,165,0,,0.00044976461720171829,-1,2021-09-03 16:00:00,2021-09-03,2021-09-02 23:00:00,2021-08-31 23:00:00,False,False,False,True,187,,"""피크 직접분류""","""D1""",0.00044976461720171829,,,"""frozen_reference""","""classifier_pooled_tau_not_retained; see original peak table""",0.014999999999999999
1745,147,170,0,,3.3433961811913808e-05,-1,2021-09-03 17:00:00,2021-09-03,2021-09-02 23:00:00,2021-08-31 23:00:00,False,False,False,True,187,,"""피크 직접분류""","""D1""",3.3433961811913808e-05,,,"""frozen_reference""","""classifier_pooled_tau_not_retained; see original peak table""",0.014999999999999999
1746,154,158,0,,3.9000490667239314e-05,-1,2021-09-03 18:00:00,2021-09-03,2021-09-02 23:00:00,2021-08-31 23:00:00,False,False,False,True,187,,"""피크 직접분류""","""D1""",3.9000490667239314e-05,,,"""frozen_reference""","""classifier_pooled_tau_not_retained; see original peak table""",0.014999999999999999
1747,143,156,0,,3.7680434573407912e-06,-1,2021-09-03 19:00:00,2021-09-03,2021-09-02 23:00:00,2021-08-31 23:00:00,False,False,False,True,187,,"""피크 직접분류""","""D1""",3.7680434573407912e-06,,,"""frozen_reference""","""classifier_pooled_tau_not_retained; see original peak table""",0.014999999999999999
1748,115,118,0,,1.2513101498057994e-05,-1,2021-09-03 20:00:00,2021-09-03,2021-09-02 23:00:00,2021-08-31 23:00:00,False,False,False,True,187,,"""피크 직접분류""","""D1""",1.2513101498057994e-05,,,"""frozen_reference""","""classifier_pooled_tau_not_retained; see original peak table""",0.014999999999999999
1749,110,113,0,,1.01010326593214e-06,-1,2021-09-03 21:00:00,2021-09-03,2021-09-02 23:00:00,2021-08-31 23:00:00,False,False,False,True,187,,"""피크 직접분류""","""D1""",1.01010326593214e-06,,,"""frozen_reference""","""classifier_pooled_tau_not_retained; see original peak table""",0.014999999999999999
1750,105,119,0,,5.1783633189935065e-06,-1,2021-09-03 22:00:00,2021-09-03,2021-09-02 23:00:00,2021-08-31 23:00:00,False,False,False,True,187,,"""피크 직접분류""","""D1""",5.1783633189935065e-06,,,"""frozen_reference""","""classifier_pooled_tau_not_retained; see original peak table""",0.014999999999999999
1751,101,112,0,,2.6862989295966187e-05,-1,2021-09-03 23:00:00,2021-09-03,2021-09-02 23:00:00,2021-08-31 23:00:00,False,False,False,True,187,,"""피크 직접분류""","""D1""",2.6862989295966187e-05,,,"""frozen_reference""","""classifier_pooled_tau_not_retained; see original peak table""",0.014999999999999999
1752,64,69,0,,4.5510645152070916e-06,-1,2021-09-04 00:00:00,2021-09-04,2021-09-03 23:00:00,2021-08-31 23:00:00,False,False,False,True,187,,"""피크 직접분류""","""D1""",4.5510645152070916e-06,,,"""frozen_reference""","""classifier_pooled_tau_not_retained; see original peak table""",0.014999999999999999
1753,106,114,0,,1.4654559273468345e-06,-1,2021-09-04 01:00:00,2021-09-04,2021-09-03 23:00:00,2021-08-31 23:00:00,False,False,False,True,187,,"""피크 직접분류""","""D1""",1.4654559273468345e-06,,,"""frozen_reference""","""classifier_pooled_tau_not_retained; see original peak table""",0.014999999999999999
1754,104,107,0,,9.0225388354809856e-05,-1,2021-09-04 02:00:00,2021-09-04,2021-09-03 23:00:00,2021-08-31 23:00:00,False,False,False,True,187,,"""피크 직접분류""","""D1""",9.0225388354809856e-05,,,"""frozen_reference""","""classifier_pooled_tau_not_retained; see original peak table""",0.014999999999999999
1755,98,103,0,,2.6442017832146562e-05,-1,2021-09-04 03:00:00,2021-09-04,2021-09-03 23:00:00,2021-08-31 23:00:00,False,False,False,True,187,,"""피크 직접분류""","""D1""",2.6442017832146562e-05,,,"""frozen_reference""","""classifier_pooled_tau_not_retained; see original peak table""",0.014999999999999999
1756,109,112,0,,0.00010745075873685783,-1,2021-09-04 04:00:00,2021-09-04,2021-09-03 23:00:00,2021-08-31 23:00:00,False,False,False,True,187,,"""피크 직접분류""","""D1""",0.00010745075873685783,,,"""frozen_reference""","""classifier_pooled_tau_not_retained; see original peak table""",0.014999999999999999
1757,88,105,0,,1.0782904311578988e-06,-1,2021-09-04 05:00:00,2021-09-04,2021-09-03 23:00:00,2021-08-31 23:00:00,False,False,False,True,187,,"""피크 직접분류""","""D1""",1.0782904311578988e-06,,,"""frozen_reference""","""classifier_pooled_tau_not_retained; see original peak table""",0.014999999999999999
1758,111,116,0,,7.8907243743023983e-05,-1,2021-09-04 06:00:00,2021-09-04,2021-09-03 23:00:00,2021-08-31 23:00:00,False,False,False,True,187,,"""피크 직접분류""","""D1""",7.8907243743023983e-05,,,"""frozen_reference""","""classifier_pooled_tau_not_retained; see original peak table""",0.014999999999999999
1759,70,97,0,,1.4703570490969264e-05,-1,2021-09-04 07:00:00,2021-09-04,2021-09-03 23:00:00,2021-08-31 23:00:00,False,False,False,True,187,,"""피크 직접분류""","""D1""",1.4703570490969264e-05,,,"""frozen_reference""","""classifier_pooled_tau_not_retained; see original peak table""",0.014999999999999999
1760,33,37,0,,6.9609932792466875e-05,-1,2021-09-04 08:00:00,2021-09-04,2021-09-03 23:00:00,2021-08-31 23:00:00,False,False,False,True,187,,"""피크 직접분류""","""D1""",6.9609932792466875e-05,,,"""frozen_reference""","""classifier_pooled_tau_not_retained; see original peak table""",0.014999999999999999
1761,32,32,0,,0.00046026680080399628,-1,2021-09-04 09:00:00,2021-09-04,2021-09-03 23:00:00,2021-08-31 23:00:00,False,False,False,True,187,,"""피크 직접분류""","""D1""",0.00046026680080399628,,,"""frozen_reference""","""classifier_pooled_tau_not_retained; see original peak table""",0.014999999999999999
1762,34,36,0,,0.00038392568320139321,-1,2021-09-04 10:00:00,2021-09-04,2021-09-03 23:00:00,2021-08-31 23:00:00,False,False,False,True,187,,"""피크 직접분류""","""D1""",0.00038392568320139321,,,"""frozen_reference""","""classifier_pooled_tau_not_retained; see original peak table""",0.014999999999999999
1763,32,32,0,,0.0001499850875934128,-1,2021-09-04 11:00:00,2021-09-04,2021-09-03 23:00:00,2021-08-31 23:00:00,False,False,False,True,187,,"""피크 직접분류""","""D1""",0.0001499850875934128,,,"""frozen_reference""","""classifier_pooled_tau_not_retained; see original peak table""",0.014999999999999999
1764,33,34,0,,2.7788557982625747e-05,-1,2021-09-04 12:00:00,2021-09-04,2021-09-03 23:00:00,2021-08-31 23:00:00,False,False,False,True,187,,"""피크 직접분류""","""D1""",2.7788557982625747e-05,,,"""frozen_reference""","""classifier_pooled_tau_not_retained; see original peak table""",0.014999999999999999
1765,34,37,0,,0.00054402732463249611,-1,2021-09-04 13:00:00,2021-09-04,2021-09-03 23:00:00,2021-08-31 23:00:00,False,False,False,True,187,,"""피크 직접분류""","""D1""",0.00054402732463249611,,,"""frozen_reference""","""classifier_pooled_tau_not_retained; see original peak table""",0.014999999999999999
1766,34,35,0,,0.0017953849148680597,-1,2021-09-04 14:00:00,2021-09-04,2021-09-03 23:00:00,2021-08-31 23:00:00,False,False,False,True,187,,"""피크 직접분류""","""D1""",0.0017953849148680597,,,"""frozen_reference""","""classifier_pooled_tau_not_retained; see original peak table""",0.014999999999999999
1767,33,33,0,,0.00019145488742912224,-1,2021-09-04 15:00:00,2021-09-04,2021-09-03 23:00:00,2021-08-31 23:00:00,False,False,False,True,187,,"""피크 직접분류""","""D1""",0.00019145488742912224,,,"""frozen_reference""","""classifier_pooled_tau_not_retained; see original peak table""",0.014999999999999999
1768,36,43,0,,2.4172008606116208e-05,-1,2021-09-04 16:00:00,2021-09-04,2021-09-03 23:00:00,2021-08-31 23:00:00,False,False,False,True,187,,"""피크 직접분류""","""D1""",2.4172008606116208e-05,,,"""frozen_reference""","""classifier_pooled_tau_not_retained; see original peak table""",0.014999999999999999
1769,35,40,0,,8.2069371051835965e-06,-1,2021-09-04 17:00:00,2021-09-04,2021-09-03 23:00:00,2021-08-31 23:00:00,False,False,False,True,187,,"""피크 직접분류""","""D1""",8.2069371051835965e-06,,,"""frozen_reference""","""classifier_pooled_tau_not_retained; see original peak table""",0.014999999999999999
1770,26,29,0,,4.6157547889659714e-06,-1,2021-09-04 18:00:00,2021-09-04,2021-09-03 23:00:00,2021-08-31 23:00:00,False,False,False,True,187,,"""피크 직접분류""","""D1""",4.6157547889659714e-06,,,"""frozen_reference""","""classifier_pooled_tau_not_retained; see original peak table""",0.014999999999999999
1771,23,25,0,,2.5254179378702986e-06,-1,2021-09-04 19:00:00,2021-09-04,2021-09-03 23:00:00,2021-08-31 23:00:00,False,False,False,True,187,,"""피크 직접분류""","""D1""",2.5254179378702986e-06,,,"""frozen_reference""","""classifier_pooled_tau_not_retained; see original peak table""",0.014999999999999999
1772,25,27,0,,2.6010088438622276e-06,-1,2021-09-04 20:00:00,2021-09-04,2021-09-03 23:00:00,2021-08-31 23:00:00,False,False,False,True,187,,"""피크 직접분류""","""D1""",2.6010088438622276e-06,,,"""frozen_reference""","""classifier_pooled_tau_not_retained; see original peak table""",0.014999999999999999
1773,23,23,0,,2.2265252971912257e-06,-1,2021-09-04 21:00:00,2021-09-04,2021-09-03 23:00:00,2021-08-31 23:00:00,False,False,False,True,187,,"""피크 직접분류""","""D1""",2.2265252971912257e-06,,,"""frozen_reference""","""classifier_pooled_tau_not_retained; see original peak table""",0.014999999999999999
1774,23,23,0,,1.9906712287688349e-06,-1,2021-09-04 22:00:00,2021-09-04,2021-09-03 23:00:00,2021-08-31 23:00:00,False,False,False,True,187,,"""피크 직접분류""","""D1""",1.9906712287688349e-06,,,"""frozen_reference""","""classifier_pooled_tau_not_retained; see original peak table""",0.014999999999999999
1775,23,23,0,,2.865369972043978e-06,-1,2021-09-04 23:00:00,2021-09-04,2021-09-03 23:00:00,2021-08-31 23:00:00,False,False,False,True,187,,"""피크 직접분류""","""D1""",2.865369972043978e-06,,,"""frozen_reference""","""classifier_pooled_tau_not_retained; see original peak table""",0.014999999999999999
1776,24,26,0,,1.2599377396740287e-05,-1,2021-09-05 00:00:00,2021-09-05,2021-09-04 23:00:00,2021-08-31 23:00:00,False,False,False,True,187,,"""피크 직접분류""","""D1""",1.2599377396740287e-05,,,"""frozen_reference""","""classifier_pooled_tau_not_retained; see original peak table""",0.014999999999999999
1777,22,22,0,,7.3244752854801592e-06,-1,2021-09-05 01:00:00,2021-09-05,2021-09-04 23:00:00,2021-08-31 23:00:00,False,False,False,True,187,,"""피크 직접분류""","""D1""",7.3244752854801592e-06,,,"""frozen_reference""","""classifier_pooled_tau_not_retained; see original peak table""",0.014999999999999999
1778,22,22,0,,8.2659394650541968e-06,-1,2021-09-05 02:00:00,2021-09-05,2021-09-04 23:00:00,2021-08-31 23:00:00,False,False,False,True,187,,"""피크 직접분류""","""D1""",8.2659394650541968e-06,,,"""frozen_reference""","""classifier_pooled_tau_not_retained; see original peak table""",0.014999999999999999
1779,22,22,0,,1.0668453846749406e-05,-1,2021-09-05 03:00:00,2021-09-05,2021-09-04 23:00:00,2021-08-31 23:00:00,False,False,False,True,187,,"""피크 직접분류""","""D1""",1.0668453846749406e-05,,,"""frozen_reference""","""classifier_pooled_tau_not_retained; see original peak table""",0.014999999999999999
1780,24,27,0,,1.2729058756975447e-05,-1,2021-09-05 04:00:00,2021-09-05,2021-09-04 23:00:00,2021-08-31 23:00:00,False,False,False,True,187,,"""피크 직접분류""","""D1""",1.2729058756975447e-05,,,"""frozen_reference""","""classifier_pooled_tau_not_retained; see original peak table""",0.014999999999999999
1781,22,22,0,,1.0992672796197495e-05,-1,2021-09-05 05:00:00,2021-09-05,2021-09-04 23:00:00,2021-08-31 23:00:00,False,False,False,True,187,,"""피크 직접분류""","""D1""",1.0992672796197495e-05,,,"""frozen_reference""","""classifier_pooled_tau_not_retained; see original peak table""",0.014999999999999999
1782,22,22,0,,8.5154723781214201e-06,-1,2021-09-05 06:00:00,2021-09-05,2021-09-04 23:00:00,2021-08-31 23:00:00,False,False,False,True,187,,"""피크 직접분류""","""D1""",8.5154723781214201e-06,,,"""frozen_reference""","""classifier_pooled_tau_not_retained; see original peak table""",0.014999999999999999
1783,22,22,0,,3.5002623716568744e-05,-1,2021-09-05 07:00:00,2021-09-05,2021-09-04 23:00:00,2021-08-31 23:00:00,False,False,False,True,187,,"""피크 직접분류""","""D1""",3.5002623716568744e-05,,,"""frozen_reference""","""classifier_pooled_tau_not_retained; see original peak table""",0.014999999999999999
1784,25,27,0,,0.0051520120808095501,-1,2021-09-05 08:00:00,2021-09-05,2021-09-04 23:00:00,2021-08-31 23:00:00,False,False,False,True,187,,"""피크 직접분류""","""D1""",0.0051520120808095501,,,"""frozen_reference""","""classifier_pooled_tau_not_retained; see original peak table""",0.014999999999999999
1785,22,23,0,,0.0032385963204637465,-1,2021-09-05 09:00:00,2021-09-05,2021-09-04 23:00:00,2021-08-31 23:00:00,False,False,False,True,187,,"""피크 직접분류""","""D1""",0.0032385963204637465,,,"""frozen_reference""","""classifier_pooled_tau_not_retained; see original peak table""",0.014999999999999999
1786,22,22,0,,0.0014543781316711363,-1,2021-09-05 10:00:00,2021-09-05,2021-09-04 23:00:00,2021-08-31 23:00:00,False,False,False,True,187,,"""피크 직접분류""","""D1""",0.0014543781316711363,,,"""frozen_reference""","""classifier_pooled_tau_not_retained; see original peak table""",0.014999999999999999
1787,22,22,0,,0.0046024905759587753,-1,2021-09-05 11:00:00,2021-09-05,2021-09-04 23:00:00,2021-08-31 23:00:00,False,False,False,True,187,,"""피크 직접분류""","""D1""",0.0046024905759587753,,,"""frozen_reference""","""classifier_pooled_tau_not_retained; see original peak table""",0.014999999999999999
1788,24,26,0,,0.00054944967506233581,-1,2021-09-05 12:00:00,2021-09-05,2021-09-04 23:00:00,2021-08-31 23:00:00,False,False,False,True,187,,"""피크 직접분류""","""D1""",0.00054944967506233581,,,"""frozen_reference""","""classifier_pooled_tau_not_retained; see original peak table""",0.014999999999999999
1789,22,23,0,,0.0029620638874336561,-1,2021-09-05 13:00:00,2021-09-05,2021-09-04 23:00:00,2021-08-31 23:00:00,False,False,False,True,187,,"""피크 직접분류""","""D1""",0.0029620638874336561,,,"""frozen_reference""","""classifier_pooled_tau_not_retained; see original peak table""",0.014999999999999999
1790,23,23,0,,0.0023710462630519083,-1,2021-09-05 14:00:00,2021-09-05,2021-09-04 23:00:00,2021-08-31 23:00:00,False,False,False,True,187,,"""피크 직접분류""","""D1""",0.0023710462630519083,,,"""frozen_reference""","""classifier_pooled_tau_not_retained; see original peak table""",0.014999999999999999
1791,24,28,0,,0.00079009744985448539,-1,2021-09-05 15:00:00,2021-09-05,2021-09-04 23:00:00,2021-08-31 23:00:00,False,False,False,True,187,,"""피크 직접분류""","""D1""",0.00079009744985448539,,,"""frozen_reference""","""classifier_pooled_tau_not_retained; see original peak table""",0.014999999999999999
1792,23,25,0,,6.9781016416416446e-05,-1,2021-09-05 16:00:00,2021-09-05,2021-09-04 23:00:00,2021-08-31 23:00:00,False,False,False,True,187,,"""피크 직접분류""","""D1""",6.9781016416416446e-05,,,"""frozen_reference""","""classifier_pooled_tau_not_retained; see original peak table""",0.014999999999999999
1793,23,23,0,,2.2561073194539906e-05,-1,2021-09-05 17:00:00,2021-09-05,2021-09-04 23:00:00,2021-08-31 23:00:00,False,False,False,True,187,,"""피크 직접분류""","""D1""",2.2561073194539906e-05,,,"""frozen_reference""","""classifier_pooled_tau_not_retained; see original peak table""",0.014999999999999999
1794,22,22,0,,2.0014633289194633e-05,-1,2021-09-05 18:00:00,2021-09-05,2021-09-04 23:00:00,2021-08-31 23:00:00,False,False,False,True,187,,"""피크 직접분류""","""D1""",2.0014633289194633e-05,,,"""frozen_reference""","""classifier_pooled_tau_not_retained; see original peak table""",0.014999999999999999
1795,24,27,0,,4.9970403396669288e-06,-1,2021-09-05 19:00:00,2021-09-05,2021-09-04 23:00:00,2021-08-31 23:00:00,False,False,False,True,187,,"""피크 직접분류""","""D1""",4.9970403396669288e-06,,,"""frozen_reference""","""classifier_pooled_tau_not_retained; see original peak table""",0.014999999999999999
1796,23,23,0,,1.2517053793735063e-05,-1,2021-09-05 20:00:00,2021-09-05,2021-09-04 23:00:00,2021-08-31 23:00:00,False,False,False,True,187,,"""피크 직접분류""","""D1""",1.2517053793735063e-05,,,"""frozen_reference""","""classifier_pooled_tau_not_retained; see original peak table""",0.014999999999999999
1797,23,23,0,,1.059210522313528e-05,-1,2021-09-05 21:00:00,2021-09-05,2021-09-04 23:00:00,2021-08-31 23:00:00,False,False,False,True,187,,"""피크 직접분류""","""D1""",1.059210522313528e-05,,,"""frozen_reference""","""classifier_pooled_tau_not_retained; see original peak table""",0.014999999999999999
1798,24,27,0,,1.3537899828474828e-05,-1,2021-09-05 22:00:00,2021-09-05,2021-09-04 23:00:00,2021-08-31 23:00:00,False,False,False,True,187,,"""피크 직접분류""","""D1""",1.3537899828474828e-05,,,"""frozen_reference""","""classifier_pooled_tau_not_retained; see original peak table""",0.014999999999999999
1799,23,24,0,,1.4228613668353223e-05,-1,2021-09-05 23:00:00,2021-09-05,2021-09-04 23:00:00,2021-08-31 23:00:00,False,False,False,True,187,,"""피크 직접분류""","""D1""",1.4228613668353223e-05,,,"""frozen_reference""","""classifier_pooled_tau_not_retained; see original peak table""",0.014999999999999999
1800,22,22,0,,0.00019911662688907198,-1,2021-09-06 00:00:00,2021-09-06,2021-09-05 23:00:00,2021-08-31 23:00:00,False,False,False,True,187,,"""피크 직접분류""","""D1""",0.00019911662688907198,,,"""frozen_reference""","""classifier_pooled_tau_not_retained; see original peak table""",0.014999999999999999
1801,22,22,0,,5.5581305358544618e-05,-1,2021-09-06 01:00:00,2021-09-06,2021-09-05 23:00:00,2021-08-31 23:00:00,False,False,False,True,187,,"""피크 직접분류""","""D1""",5.5581305358544618e-05,,,"""frozen_reference""","""classifier_pooled_tau_not_retained; see original peak table""",0.014999999999999999
1802,24,27,0,,8.4852675378749041e-05,-1,2021-09-06 02:00:00,2021-09-06,2021-09-05 23:00:00,2021-08-31 23:00:00,False,False,False,True,187,,"""피크 직접분류""","""D1""",8.4852675378749041e-05,,,"""frozen_reference""","""classifier_pooled_tau_not_retained; see original peak table""",0.014999999999999999
1803,22,22,0,,8.7001647797998284e-05,-1,2021-09-06 03:00:00,2021-09-06,2021-09-05 23:00:00,2021-08-31 23:00:00,False,False,False,True,187,,"""피크 직접분류""","""D1""",8.7001647797998284e-05,,,"""frozen_reference""","""classifier_pooled_tau_not_retained; see original peak table""",0.014999999999999999
1804,22,22,0,,0.00019483411916957401,-1,2021-09-06 04:00:00,2021-09-06,2021-09-05 23:00:00,2021-08-31 23:00:00,False,False,False,True,187,,"""피크 직접분류""","""D1""",0.00019483411916957401,,,"""frozen_reference""","""classifier_pooled_tau_not_retained; see original peak table""",0.014999999999999999
1805,23,24,0,,7.7020558178935748e-05,-1,2021-09-06 05:00:00,2021-09-06,2021-09-05 23:00:00,2021-08-31 23:00:00,False,False,False,True,187,,"""피크 직접분류""","""D1""",7.7020558178935748e-05,,,"""frozen_reference""","""classifier_pooled_tau_not_retained; see original peak table""",0.014999999999999999
1806,24,26,0,,9.1485398135434447e-05,-1,2021-09-06 06:00:00,2021-09-06,2021-09-05 23:00:00,2021-08-31 23:00:00,False,False,False,True,187,,"""피크 직접분류""","""D1""",9.1485398135434447e-05,,,"""frozen_reference""","""classifier_pooled_tau_not_retained; see original peak table""",0.014999999999999999
1807,52,81,0,,0.00039428723762038046,-1,2021-09-06 07:00:00,2021-09-06,2021-09-05 23:00:00,2021-08-31 23:00:00,False,False,False,True,187,,"""피크 직접분류""","""D1""",0.00039428723762038046,,,"""frozen_reference""","""classifier_pooled_tau_not_retained; see original peak table""",0.014999999999999999
1808,171,180,0,,0.75141212981245276,-1,2021-09-06 08:00:00,2021-09-06,2021-09-05 23:00:00,2021-08-31 23:00:00,False,False,False,True,187,,"""피크 직접분류""","""D1""",0.75141212981245276,,,"""frozen_reference""","""classifier_pooled_tau_not_retained; see original peak table""",0.014999999999999999
1809,157,165,0,,0.53423217913049137,-1,2021-09-06 09:00:00,2021-09-06,2021-09-05 23:00:00,2021-08-31 23:00:00,False,False,False,True,187,,"""피크 직접분류""","""D1""",0.53423217913049137,,,"""frozen_reference""","""classifier_pooled_tau_not_retained; see original peak table""",0.014999999999999999
1810,171,190,1,,0.94177616331872371,-1,2021-09-06 10:00:00,2021-09-06,2021-09-05 23:00:00,2021-08-31 23:00:00,False,False,False,True,187,,"""피크 직접분류""","""D1""",0.94177616331872371,,,"""frozen_reference""","""classifier_pooled_tau_not_retained; see original peak table""",0.014999999999999999
1811,176,180,0,,0.89259472191747657,-1,2021-09-06 11:00:00,2021-09-06,2021-09-05 23:00:00,2021-08-31 23:00:00,False,False,False,True,187,,"""피크 직접분류""","""D1""",0.89259472191747657,,,"""frozen_reference""","""classifier_pooled_tau_not_retained; see original peak table""",0.014999999999999999
1812,109,124,0,,0.0097984575727869082,-1,2021-09-06 12:00:00,2021-09-06,2021-09-05 23:00:00,2021-08-31 23:00:00,False,False,False,True,187,,"""피크 직접분류""","""D1""",0.0097984575727869082,,,"""frozen_reference""","""classifier_pooled_tau_not_retained; see original peak table""",0.014999999999999999
1813,160,164,0,,0.82317767946824705,-1,2021-09-06 13:00:00,2021-09-06,2021-09-05 23:00:00,2021-08-31 23:00:00,False,False,False,True,187,,"""피크 직접분류""","""D1""",0.82317767946824705,,,"""frozen_reference""","""classifier_pooled_tau_not_retained; see original peak table""",0.014999999999999999
1814,160,163,0,,0.92896731025360291,-1,2021-09-06 14:00:00,2021-09-06,2021-09-05 23:00:00,2021-08-31 23:00:00,False,False,False,True,187,,"""피크 직접분류""","""D1""",0.92896731025360291,,,"""frozen_reference""","""classifier_pooled_tau_not_retained; see original peak table""",0.014999999999999999
1815,158,171,0,,0.74506717253014476,-1,2021-09-06 15:00:00,2021-09-06,2021-09-05 23:00:00,2021-08-31 23:00:00,False,False,False,True,187,,"""피크 직접분류""","""D1""",0.74506717253014476,,,"""frozen_reference""","""classifier_pooled_tau_not_retained; see original peak table""",0.014999999999999999
1816,146,152,0,,0.16637238310533412,-1,2021-09-06 16:00:00,2021-09-06,2021-09-05 23:00:00,2021-08-31 23:00:00,False,False,False,True,187,,"""피크 직접분류""","""D1""",0.16637238310533412,,,"""frozen_reference""","""classifier_pooled_tau_not_retained; see original peak table""",0.014999999999999999
1817,128,148,0,,0.0099650463434034098,-1,2021-09-06 17:00:00,2021-09-06,2021-09-05 23:00:00,2021-08-31 23:00:00,False,False,False,True,187,,"""피크 직접분류""","""D1""",0.0099650463434034098,,,"""frozen_reference""","""classifier_pooled_tau_not_retained; see original peak table""",0.014999999999999999
1818,152,154,0,,0.0057939074488308744,-1,2021-09-06 18:00:00,2021-09-06,2021-09-05 23:00:00,2021-08-31 23:00:00,False,False,False,True,187,,"""피크 직접분류""","""D1""",0.0057939074488308744,,,"""frozen_reference""","""classifier_pooled_tau_not_retained; see original peak table""",0.014999999999999999
1819,135,145,0,,0.0013200117930397724,-1,2021-09-06 19:00:00,2021-09-06,2021-09-05 23:00:00,2021-08-31 23:00:00,False,False,False,True,187,,"""피크 직접분류""","""D1""",0.0013200117930397724,,,"""frozen_reference""","""classifier_pooled_tau_not_retained; see original peak table""",0.014999999999999999
1820,121,128,0,,0.00020180811239558385,-1,2021-09-06 20:00:00,2021-09-06,2021-09-05 23:00:00,2021-08-31 23:00:00,False,False,False,True,187,,"""피크 직접분류""","""D1""",0.00020180811239558385,,,"""frozen_reference""","""classifier_pooled_tau_not_retained; see original peak table""",0.014999999999999999
1821,123,133,0,,0.00018102350235024844,-1,2021-09-06 21:00:00,2021-09-06,2021-09-05 23:00:00,2021-08-31 23:00:00,False,False,False,True,187,,"""피크 직접분류""","""D1""",0.00018102350235024844,,,"""frozen_reference""","""classifier_pooled_tau_not_retained; see original peak table""",0.014999999999999999
1822,110,114,0,,0.00012229241016709555,-1,2021-09-06 22:00:00,2021-09-06,2021-09-05 23:00:00,2021-08-31 23:00:00,False,False,False,True,187,,"""피크 직접분류""","""D1""",0.00012229241016709555,,,"""frozen_reference""","""classifier_pooled_tau_not_retained; see original peak table""",0.014999999999999999
1823,104,118,0,,0.00022620765799372396,-1,2021-09-06 23:00:00,2021-09-06,2021-09-05 23:00:00,2021-08-31 23:00:00,False,False,False,True,187,,"""피크 직접분류""","""D1""",0.00022620765799372396,,,"""frozen_reference""","""classifier_pooled_tau_not_retained; see original peak table""",0.014999999999999999
1824,72,74,0,,1.3969739171988953e-05,-1,2021-09-07 00:00:00,2021-09-07,2021-09-06 23:00:00,2021-08-31 23:00:00,False,False,False,True,187,,"""피크 직접분류""","""D1""",1.3969739171988953e-05,,,"""frozen_reference""","""classifier_pooled_tau_not_retained; see original peak table""",0.014999999999999999
1825,109,121,0,,1.741682395975359e-05,-1,2021-09-07 01:00:00,2021-09-07,2021-09-06 23:00:00,2021-08-31 23:00:00,False,False,False,True,187,,"""피크 직접분류""","""D1""",1.741682395975359e-05,,,"""frozen_reference""","""classifier_pooled_tau_not_retained; see original peak table""",0.014999999999999999
1826,111,118,0,,5.421831515261468e-05,-1,2021-09-07 02:00:00,2021-09-07,2021-09-06 23:00:00,2021-08-31 23:00:00,False,False,False,True,187,,"""피크 직접분류""","""D1""",5.421831515261468e-05,,,"""frozen_reference""","""classifier_pooled_tau_not_retained; see original peak table""",0.014999999999999999
1827,109,123,0,,4.4010259351449354e-05,-1,2021-09-07 03:00:00,2021-09-07,2021-09-06 23:00:00,2021-08-31 23:00:00,False,False,False,True,187,,"""피크 직접분류""","""D1""",4.4010259351449354e-05,,,"""frozen_reference""","""classifier_pooled_tau_not_retained; see original peak table""",0.014999999999999999
1828,109,120,0,,4.2732141314786773e-05,-1,2021-09-07 04:00:00,2021-09-07,2021-09-06 23:00:00,2021-08-31 23:00:00,False,False,False,True,187,,"""피크 직접분류""","""D1""",4.2732141314786773e-05,,,"""frozen_reference""","""classifier_pooled_tau_not_retained; see original peak table""",0.014999999999999999
1829,96,116,0,,6.4092598110179964e-05,-1,2021-09-07 05:00:00,2021-09-07,2021-09-06 23:00:00,2021-08-31 23:00:00,False,False,False,True,187,,"""피크 직접분류""","""D1""",6.4092598110179964e-05,,,"""frozen_reference""","""classifier_pooled_tau_not_retained; see original peak table""",0.014999999999999999
1830,115,124,0,,6.4086901292078171e-05,-1,2021-09-07 06:00:00,2021-09-07,2021-09-06 23:00:00,2021-08-31 23:00:00,False,False,False,True,187,,"""피크 직접분류""","""D1""",6.4086901292078171e-05,,,"""frozen_reference""","""classifier_pooled_tau_not_retained; see original peak table""",0.014999999999999999
1831,140,160,0,,0.00062205539702425261,-1,2021-09-07 07:00:00,2021-09-07,2021-09-06 23:00:00,2021-08-31 23:00:00,False,False,False,True,187,,"""피크 직접분류""","""D1""",0.00062205539702425261,,,"""frozen_reference""","""classifier_pooled_tau_not_retained; see original peak table""",0.014999999999999999
1832,173,192,1,,0.067329137795452965,-1,2021-09-07 08:00:00,2021-09-07,2021-09-06 23:00:00,2021-08-31 23:00:00,False,False,False,True,187,,"""피크 직접분류""","""D1""",0.067329137795452965,,,"""frozen_reference""","""classifier_pooled_tau_not_retained; see original peak table""",0.014999999999999999
1833,170,174,0,,0.16321357300504011,-1,2021-09-07 09:00:00,2021-09-07,2021-09-06 23:00:00,2021-08-31 23:00:00,False,False,False,True,187,,"""피크 직접분류""","""D1""",0.16321357300504011,,,"""frozen_reference""","""classifier_pooled_tau_not_retained; see original peak table""",0.014999999999999999
1834,164,178,0,,0.18699949096162463,-1,2021-09-07 10:00:00,2021-09-07,2021-09-06 23:00:00,2021-08-31 23:00:00,False,False,False,True,187,,"""피크 직접분류""","""D1""",0.18699949096162463,,,"""frozen_reference""","""classifier_pooled_tau_not_retained; see original peak table""",0.014999999999999999
1835,174,183,0,,0.29690132755170384,-1,2021-09-07 11:00:00,2021-09-07,2021-09-06 23:00:00,2021-08-31 23:00:00,False,False,False,True,187,,"""피크 직접분류""","""D1""",0.29690132755170384,,,"""frozen_reference""","""classifier_pooled_tau_not_retained; see original peak table""",0.014999999999999999
1836,116,140,0,,0.0067402412837486393,-1,2021-09-07 12:00:00,2021-09-07,2021-09-06 23:00:00,2021-08-31 23:00:00,False,False,False,True,187,,"""피크 직접분류""","""D1""",0.0067402412837486393,,,"""frozen_reference""","""classifier_pooled_tau_not_retained; see original peak table""",0.014999999999999999
1837,181,189,1,,0.47668050011999202,-1,2021-09-07 13:00:00,2021-09-07,2021-09-06 23:00:00,2021-08-31 23:00:00,False,False,False,True,187,,"""피크 직접분류""","""D1""",0.47668050011999202,,,"""frozen_reference""","""classifier_pooled_tau_not_retained; see original peak table""",0.014999999999999999
1838,182,191,1,,0.75336560522045093,-1,2021-09-07 14:00:00,2021-09-07,2021-09-06 23:00:00,2021-08-31 23:00:00,False,False,False,True,187,,"""피크 직접분류""","""D1""",0.75336560522045093,,,"""frozen_reference""","""classifier_pooled_tau_not_retained; see original peak table""",0.014999999999999999
1839,166,174,0,,0.064941598412998333,-1,2021-09-07 15:00:00,2021-09-07,2021-09-06 23:00:00,2021-08-31 23:00:00,False,False,False,True,187,,"""피크 직접분류""","""D1""",0.064941598412998333,,,"""frozen_reference""","""classifier_pooled_tau_not_retained; see original peak table""",0.014999999999999999
1840,160,167,0,,0.057742880271549113,-1,2021-09-07 16:00:00,2021-09-07,2021-09-06 23:00:00,2021-08-31 23:00:00,False,False,False,True,187,,"""피크 직접분류""","""D1""",0.057742880271549113,,,"""frozen_reference""","""classifier_pooled_tau_not_retained; see original peak table""",0.014999999999999999
1841,135,161,0,,0.00073800428269481461,-1,2021-09-07 17:00:00,2021-09-07,2021-09-06 23:00:00,2021-08-31 23:00:00,False,False,False,True,187,,"""피크 직접분류""","""D1""",0.00073800428269481461,,,"""frozen_reference""","""classifier_pooled_tau_not_retained; see original peak table""",0.014999999999999999
1842,156,165,0,,0.0027138844094902526,-1,2021-09-07 18:00:00,2021-09-07,2021-09-06 23:00:00,2021-08-31 23:00:00,False,False,False,True,187,,"""피크 직접분류""","""D1""",0.0027138844094902526,,,"""frozen_reference""","""classifier_pooled_tau_not_retained; see original peak table""",0.014999999999999999
1843,152,158,0,,0.00016625843653197427,-1,2021-09-07 19:00:00,2021-09-07,2021-09-06 23:00:00,2021-08-31 23:00:00,False,False,False,True,187,,"""피크 직접분류""","""D1""",0.00016625843653197427,,,"""frozen_reference""","""classifier_pooled_tau_not_retained; see original peak table""",0.014999999999999999
1844,134,141,0,,0.00028253425382580632,-1,2021-09-07 20:00:00,2021-09-07,2021-09-06 23:00:00,2021-08-31 23:00:00,False,False,False,True,187,,"""피크 직접분류""","""D1""",0.00028253425382580632,,,"""frozen_reference""","""classifier_pooled_tau_not_retained; see original peak table""",0.014999999999999999
1845,131,134,0,,2.8988792286876111e-05,-1,2021-09-07 21:00:00,2021-09-07,2021-09-06 23:00:00,2021-08-31 23:00:00,False,False,False,True,187,,"""피크 직접분류""","""D1""",2.8988792286876111e-05,,,"""frozen_reference""","""classifier_pooled_tau_not_retained; see original peak table""",0.014999999999999999
1846,115,122,0,,2.1640723107112263e-05,-1,2021-09-07 22:00:00,2021-09-07,2021-09-06 23:00:00,2021-08-31 23:00:00,False,False,False,True,187,,"""피크 직접분류""","""D1""",2.1640723107112263e-05,,,"""frozen_reference""","""classifier_pooled_tau_not_retained; see original peak table""",0.014999999999999999
1847,111,126,0,,9.9044081323520708e-05,-1,2021-09-07 23:00:00,2021-09-07,2021-09-06 23:00:00,2021-08-31 23:00:00,False,False,False,True,187,,"""피크 직접분류""","""D1""",9.9044081323520708e-05,,,"""frozen_reference""","""classifier_pooled_tau_not_retained; see original peak table""",0.014999999999999999
1848,72,78,0,,1.3416916847861378e-05,-1,2021-09-08 00:00:00,2021-09-08,2021-09-07 23:00:00,2021-08-31 23:00:00,False,False,False,True,187,,"""피크 직접분류""","""D1""",1.3416916847861378e-05,,,"""frozen_reference""","""classifier_pooled_tau_not_retained; see original peak table""",0.014999999999999999
1849,110,115,0,,8.6530731329090421e-07,-1,2021-09-08 01:00:00,2021-09-08,2021-09-07 23:00:00,2021-08-31 23:00:00,False,False,False,True,187,,"""피크 직접분류""","""D1""",8.6530731329090421e-07,,,"""frozen_reference""","""classifier_pooled_tau_not_retained; see original peak table""",0.014999999999999999
1850,118,126,0,,2.1159643188032279e-05,-1,2021-09-08 02:00:00,2021-09-08,2021-09-07 23:00:00,2021-08-31 23:00:00,False,False,False,True,187,,"""피크 직접분류""","""D1""",2.1159643188032279e-05,,,"""frozen_reference""","""classifier_pooled_tau_not_retained; see original peak table""",0.014999999999999999
1851,112,122,0,,2.6938056223695742e-05,-1,2021-09-08 03:00:00,2021-09-08,2021-09-07 23:00:00,2021-08-31 23:00:00,False,False,False,True,187,,"""피크 직접분류""","""D1""",2.6938056223695742e-05,,,"""frozen_reference""","""classifier_pooled_tau_not_retained; see original peak table""",0.014999999999999999
1852,113,116,0,,2.3464035306067736e-05,-1,2021-09-08 04:00:00,2021-09-08,2021-09-07 23:00:00,2021-08-31 23:00:00,False,False,False,True,187,,"""피크 직접분류""","""D1""",2.3464035306067736e-05,,,"""frozen_reference""","""classifier_pooled_tau_not_retained; see original peak table""",0.014999999999999999
1853,97,109,0,,4.103433262105309e-05,-1,2021-09-08 05:00:00,2021-09-08,2021-09-07 23:00:00,2021-08-31 23:00:00,False,False,False,True,187,,"""피크 직접분류""","""D1""",4.103433262105309e-05,,,"""frozen_reference""","""classifier_pooled_tau_not_retained; see original peak table""",0.014999999999999999
1854,118,123,0,,3.5210562161640226e-05,-1,2021-09-08 06:00:00,2021-09-08,2021-09-07 23:00:00,2021-08-31 23:00:00,False,False,False,True,187,,"""피크 직접분류""","""D1""",3.5210562161640226e-05,,,"""frozen_reference""","""classifier_pooled_tau_not_retained; see original peak table""",0.014999999999999999
1855,135,154,0,,5.0404458722850042e-06,-1,2021-09-08 07:00:00,2021-09-08,2021-09-07 23:00:00,2021-08-31 23:00:00,False,False,False,True,187,,"""피크 직접분류""","""D1""",5.0404458722850042e-06,,,"""frozen_reference""","""classifier_pooled_tau_not_retained; see original peak table""",0.014999999999999999
1856,171,181,0,,0.045332281340517568,-1,2021-09-08 08:00:00,2021-09-08,2021-09-07 23:00:00,2021-08-31 23:00:00,False,False,False,True,187,,"""피크 직접분류""","""D1""",0.045332281340517568,,,"""frozen_reference""","""classifier_pooled_tau_not_retained; see original peak table""",0.014999999999999999
1857,160,163,0,,0.023522809131043505,-1,2021-09-08 09:00:00,2021-09-08,2021-09-07 23:00:00,2021-08-31 23:00:00,False,False,False,True,187,,"""피크 직접분류""","""D1""",0.023522809131043505,,,"""frozen_reference""","""classifier_pooled_tau_not_retained; see original peak table""",0.014999999999999999
1858,152,160,0,,0.017028837177139829,-1,2021-09-08 10:00:00,2021-09-08,2021-09-07 23:00:00,2021-08-31 23:00:00,False,False,False,True,187,,"""피크 직접분류""","""D1""",0.017028837177139829,,,"""frozen_reference""","""classifier_pooled_tau_not_retained; see original peak table""",0.014999999999999999
1859,156,168,0,,0.056864256695878405,-1,2021-09-08 11:00:00,2021-09-08,2021-09-07 23:00:00,2021-08-31 23:00:00,False,False,False,True,187,,"""피크 직접분류""","""D1""",0.056864256695878405,,,"""frozen_reference""","""classifier_pooled_tau_not_retained; see original peak table""",0.014999999999999999
1860,25,63,0,,1.0244443913867669e-05,-1,2021-09-08 12:00:00,2021-09-08,2021-09-07 23:00:00,2021-08-31 23:00:00,False,False,False,True,187,,"""피크 직접분류""","""D1""",1.0244443913867669e-05,,,"""frozen_reference""","""classifier_pooled_tau_not_retained; see original peak table""",0.014999999999999999
1861,152,165,0,,0.070273241667865569,-1,2021-09-08 13:00:00,2021-09-08,2021-09-07 23:00:00,2021-08-31 23:00:00,False,False,False,True,187,,"""피크 직접분류""","""D1""",0.070273241667865569,,,"""frozen_reference""","""classifier_pooled_tau_not_retained; see original peak table""",0.014999999999999999
1862,165,178,0,,0.013519748937199141,-1,2021-09-08 14:00:00,2021-09-08,2021-09-07 23:00:00,2021-08-31 23:00:00,False,False,False,True,187,,"""피크 직접분류""","""D1""",0.013519748937199141,,,"""frozen_reference""","""classifier_pooled_tau_not_retained; see original peak table""",0.014999999999999999
1863,165,183,0,,0.010808088046655463,-1,2021-09-08 15:00:00,2021-09-08,2021-09-07 23:00:00,2021-08-31 23:00:00,False,False,False,True,187,,"""피크 직접분류""","""D1""",0.010808088046655463,,,"""frozen_reference""","""classifier_pooled_tau_not_retained; see original peak table""",0.014999999999999999
1864,166,170,0,,0.0015644227573764161,-1,2021-09-08 16:00:00,2021-09-08,2021-09-07 23:00:00,2021-08-31 23:00:00,False,False,False,True,187,,"""피크 직접분류""","""D1""",0.0015644227573764161,,,"""frozen_reference""","""classifier_pooled_tau_not_retained; see original peak table""",0.014999999999999999
1865,144,182,0,,0.00017798293936494743,-1,2021-09-08 17:00:00,2021-09-08,2021-09-07 23:00:00,2021-08-31 23:00:00,False,False,False,True,187,,"""피크 직접분류""","""D1""",0.00017798293936494743,,,"""frozen_reference""","""classifier_pooled_tau_not_retained; see original peak table""",0.014999999999999999
1866,164,170,0,,0.00020441161140800787,-1,2021-09-08 18:00:00,2021-09-08,2021-09-07 23:00:00,2021-08-31 23:00:00,False,False,False,True,187,,"""피크 직접분류""","""D1""",0.00020441161140800787,,,"""frozen_reference""","""classifier_pooled_tau_not_retained; see original peak table""",0.014999999999999999
1867,150,163,0,,2.047467603860742e-05,-1,2021-09-08 19:00:00,2021-09-08,2021-09-07 23:00:00,2021-08-31 23:00:00,False,False,False,True,187,,"""피크 직접분류""","""D1""",2.047467603860742e-05,,,"""frozen_reference""","""classifier_pooled_tau_not_retained; see original peak table""",0.014999999999999999
1868,103,111,0,,5.3026469771766872e-06,-1,2021-09-08 20:00:00,2021-09-08,2021-09-07 23:00:00,2021-08-31 23:00:00,False,False,False,True,187,,"""피크 직접분류""","""D1""",5.3026469771766872e-06,,,"""frozen_reference""","""classifier_pooled_tau_not_retained; see original peak table""",0.014999999999999999
1869,122,127,0,,1.7176483437873e-06,-1,2021-09-08 21:00:00,2021-09-08,2021-09-07 23:00:00,2021-08-31 23:00:00,False,False,False,True,187,,"""피크 직접분류""","""D1""",1.7176483437873e-06,,,"""frozen_reference""","""classifier_pooled_tau_not_retained; see original peak table""",0.014999999999999999
1870,106,116,0,,2.4383357693688664e-06,-1,2021-09-08 22:00:00,2021-09-08,2021-09-07 23:00:00,2021-08-31 23:00:00,False,False,False,True,187,,"""피크 직접분류""","""D1""",2.4383357693688664e-06,,,"""frozen_reference""","""classifier_pooled_tau_not_retained; see original peak table""",0.014999999999999999
1871,101,111,0,,7.7205803844920332e-06,-1,2021-09-08 23:00:00,2021-09-08,2021-09-07 23:00:00,2021-08-31 23:00:00,False,False,False,True,187,,"""피크 직접분류""","""D1""",7.7205803844920332e-06,,,"""frozen_reference""","""classifier_pooled_tau_not_retained; see original peak table""",0.014999999999999999
1872,72,79,0,,0.00012736083662718645,-1,2021-09-09 00:00:00,2021-09-09,2021-09-08 23:00:00,2021-08-31 23:00:00,False,False,False,True,187,,"""피크 직접분류""","""D1""",0.00012736083662718645,,,"""frozen_reference""","""classifier_pooled_tau_not_retained; see original peak table""",0.014999999999999999
1873,97,99,0,,9.1984904542621014e-05,-1,2021-09-09 01:00:00,2021-09-09,2021-09-08 23:00:00,2021-08-31 23:00:00,False,False,False,True,187,,"""피크 직접분류""","""D1""",9.1984904542621014e-05,,,"""frozen_reference""","""classifier_pooled_tau_not_retained; see original peak table""",0.014999999999999999
1874,110,114,0,,0.00013064950864665934,-1,2021-09-09 02:00:00,2021-09-09,2021-09-08 23:00:00,2021-08-31 23:00:00,False,False,False,True,187,,"""피크 직접분류""","""D1""",0.00013064950864665934,,,"""frozen_reference""","""classifier_pooled_tau_not_retained; see original peak table""",0.014999999999999999
1875,109,116,0,,1.5638051764146455e-05,-1,2021-09-09 03:00:00,2021-09-09,2021-09-08 23:00:00,2021-08-31 23:00:00,False,False,False,True,187,,"""피크 직접분류""","""D1""",1.5638051764146455e-05,,,"""frozen_reference""","""classifier_pooled_tau_not_retained; see original peak table""",0.014999999999999999
1876,107,114,0,,0.00012055511512640823,-1,2021-09-09 04:00:00,2021-09-09,2021-09-08 23:00:00,2021-08-31 23:00:00,False,False,False,True,187,,"""피크 직접분류""","""D1""",0.00012055511512640823,,,"""frozen_reference""","""classifier_pooled_tau_not_retained; see original peak table""",0.014999999999999999
1877,92,109,0,,1.5297702015240453e-05,-1,2021-09-09 05:00:00,2021-09-09,2021-09-08 23:00:00,2021-08-31 23:00:00,False,False,False,True,187,,"""피크 직접분류""","""D1""",1.5297702015240453e-05,,,"""frozen_reference""","""classifier_pooled_tau_not_retained; see original peak table""",0.014999999999999999
1878,119,121,0,,0.00012626193983750276,-1,2021-09-09 06:00:00,2021-09-09,2021-09-08 23:00:00,2021-08-31 23:00:00,False,False,False,True,187,,"""피크 직접분류""","""D1""",0.00012626193983750276,,,"""frozen_reference""","""classifier_pooled_tau_not_retained; see original peak table""",0.014999999999999999
1879,139,152,0,,0.0019130767176000981,-1,2021-09-09 07:00:00,2021-09-09,2021-09-08 23:00:00,2021-08-31 23:00:00,False,False,False,True,187,,"""피크 직접분류""","""D1""",0.0019130767176000981,,,"""frozen_reference""","""classifier_pooled_tau_not_retained; see original peak table""",0.014999999999999999
1880,172,187,1,,0.84958656131879118,-1,2021-09-09 08:00:00,2021-09-09,2021-09-08 23:00:00,2021-08-31 23:00:00,False,False,False,True,187,,"""피크 직접분류""","""D1""",0.84958656131879118,,,"""frozen_reference""","""classifier_pooled_tau_not_retained; see original peak table""",0.014999999999999999
1881,170,176,0,,0.25989748198441676,-1,2021-09-09 09:00:00,2021-09-09,2021-09-08 23:00:00,2021-08-31 23:00:00,False,False,False,True,187,,"""피크 직접분류""","""D1""",0.25989748198441676,,,"""frozen_reference""","""classifier_pooled_tau_not_retained; see original peak table""",0.014999999999999999
1882,155,169,0,,0.13016697197412669,-1,2021-09-09 10:00:00,2021-09-09,2021-09-08 23:00:00,2021-08-31 23:00:00,False,False,False,True,187,,"""피크 직접분류""","""D1""",0.13016697197412669,,,"""frozen_reference""","""classifier_pooled_tau_not_retained; see original peak table""",0.014999999999999999
1883,174,190,1,,0.77548875720880073,-1,2021-09-09 11:00:00,2021-09-09,2021-09-08 23:00:00,2021-08-31 23:00:00,False,False,False,True,187,,"""피크 직접분류""","""D1""",0.77548875720880073,,,"""frozen_reference""","""classifier_pooled_tau_not_retained; see original peak table""",0.014999999999999999
1884,111,129,0,,0.0022058890817027608,-1,2021-09-09 12:00:00,2021-09-09,2021-09-08 23:00:00,2021-08-31 23:00:00,False,False,False,True,187,,"""피크 직접분류""","""D1""",0.0022058890817027608,,,"""frozen_reference""","""classifier_pooled_tau_not_retained; see original peak table""",0.014999999999999999
1885,171,176,0,,0.58050668508970804,-1,2021-09-09 13:00:00,2021-09-09,2021-09-08 23:00:00,2021-08-31 23:00:00,False,False,False,True,187,,"""피크 직접분류""","""D1""",0.58050668508970804,,,"""frozen_reference""","""classifier_pooled_tau_not_retained; see original peak table""",0.014999999999999999
1886,165,168,0,,0.90462693750073886,-1,2021-09-09 14:00:00,2021-09-09,2021-09-08 23:00:00,2021-08-31 23:00:00,False,False,False,True,187,,"""피크 직접분류""","""D1""",0.90462693750073886,,,"""frozen_reference""","""classifier_pooled_tau_not_retained; see original peak table""",0.014999999999999999
1887,173,185,0,,0.27407630632674973,-1,2021-09-09 15:00:00,2021-09-09,2021-09-08 23:00:00,2021-08-31 23:00:00,False,False,False,True,187,,"""피크 직접분류""","""D1""",0.27407630632674973,,,"""frozen_reference""","""classifier_pooled_tau_not_retained; see original peak table""",0.014999999999999999
1888,160,168,0,,0.052663279118999352,-1,2021-09-09 16:00:00,2021-09-09,2021-09-08 23:00:00,2021-08-31 23:00:00,False,False,False,True,187,,"""피크 직접분류""","""D1""",0.052663279118999352,,,"""frozen_reference""","""classifier_pooled_tau_not_retained; see original peak table""",0.014999999999999999
1889,140,168,0,,0.0013692649781990971,-1,2021-09-09 17:00:00,2021-09-09,2021-09-08 23:00:00,2021-08-31 23:00:00,False,False,False,True,187,,"""피크 직접분류""","""D1""",0.0013692649781990971,,,"""frozen_reference""","""classifier_pooled_tau_not_retained; see original peak table""",0.014999999999999999
1890,162,172,0,,0.0012498626031178439,-1,2021-09-09 18:00:00,2021-09-09,2021-09-08 23:00:00,2021-08-31 23:00:00,False,False,False,True,187,,"""피크 직접분류""","""D1""",0.0012498626031178439,,,"""frozen_reference""","""classifier_pooled_tau_not_retained; see original peak table""",0.014999999999999999
1891,142,158,0,,0.00013781560523082822,-1,2021-09-09 19:00:00,2021-09-09,2021-09-08 23:00:00,2021-08-31 23:00:00,False,False,False,True,187,,"""피크 직접분류""","""D1""",0.00013781560523082822,,,"""frozen_reference""","""classifier_pooled_tau_not_retained; see original peak table""",0.014999999999999999
1892,128,134,0,,9.6032126466685599e-06,-1,2021-09-09 20:00:00,2021-09-09,2021-09-08 23:00:00,2021-08-31 23:00:00,False,False,False,True,187,,"""피크 직접분류""","""D1""",9.6032126466685599e-06,,,"""frozen_reference""","""classifier_pooled_tau_not_retained; see original peak table""",0.014999999999999999
1893,128,134,0,,7.9899260595274518e-06,-1,2021-09-09 21:00:00,2021-09-09,2021-09-08 23:00:00,2021-08-31 23:00:00,False,False,False,True,187,,"""피크 직접분류""","""D1""",7.9899260595274518e-06,,,"""frozen_reference""","""classifier_pooled_tau_not_retained; see original peak table""",0.014999999999999999
1894,109,118,0,,7.8349735268616776e-06,-1,2021-09-09 22:00:00,2021-09-09,2021-09-08 23:00:00,2021-08-31 23:00:00,False,False,False,True,187,,"""피크 직접분류""","""D1""",7.8349735268616776e-06,,,"""frozen_reference""","""classifier_pooled_tau_not_retained; see original peak table""",0.014999999999999999
1895,109,116,0,,5.7831338567504838e-05,-1,2021-09-09 23:00:00,2021-09-09,2021-09-08 23:00:00,2021-08-31 23:00:00,False,False,False,True,187,,"""피크 직접분류""","""D1""",5.7831338567504838e-05,,,"""frozen_reference""","""classifier_pooled_tau_not_retained; see original peak table""",0.014999999999999999
1896,77,83,0,,4.9298412771778076e-05,-1,2021-09-10 00:00:00,2021-09-10,2021-09-09 23:00:00,2021-08-31 23:00:00,False,False,False,True,187,,"""피크 직접분류""","""D1""",4.9298412771778076e-05,,,"""frozen_reference""","""classifier_pooled_tau_not_retained; see original peak table""",0.014999999999999999
1897,102,109,0,,4.6169924571261082e-05,-1,2021-09-10 01:00:00,2021-09-10,2021-09-09 23:00:00,2021-08-31 23:00:00,False,False,False,True,187,,"""피크 직접분류""","""D1""",4.6169924571261082e-05,,,"""frozen_reference""","""classifier_pooled_tau_not_retained; see original peak table""",0.014999999999999999
1898,112,118,0,,4.6749351254066234e-05,-1,2021-09-10 02:00:00,2021-09-10,2021-09-09 23:00:00,2021-08-31 23:00:00,False,False,False,True,187,,"""피크 직접분류""","""D1""",4.6749351254066234e-05,,,"""frozen_reference""","""classifier_pooled_tau_not_retained; see original peak table""",0.014999999999999999
1899,106,116,0,,2.5028859267513227e-05,-1,2021-09-10 03:00:00,2021-09-10,2021-09-09 23:00:00,2021-08-31 23:00:00,False,False,False,True,187,,"""피크 직접분류""","""D1""",2.5028859267513227e-05,,,"""frozen_reference""","""classifier_pooled_tau_not_retained; see original peak table""",0.014999999999999999
1900,108,117,0,,4.0869726364586234e-05,-1,2021-09-10 04:00:00,2021-09-10,2021-09-09 23:00:00,2021-08-31 23:00:00,False,False,False,True,187,,"""피크 직접분류""","""D1""",4.0869726364586234e-05,,,"""frozen_reference""","""classifier_pooled_tau_not_retained; see original peak table""",0.014999999999999999
1901,92,107,0,,5.7847184804772211e-05,-1,2021-09-10 05:00:00,2021-09-10,2021-09-09 23:00:00,2021-08-31 23:00:00,False,False,False,True,187,,"""피크 직접분류""","""D1""",5.7847184804772211e-05,,,"""frozen_reference""","""classifier_pooled_tau_not_retained; see original peak table""",0.014999999999999999
1902,111,118,0,,6.3327348793086719e-06,-1,2021-09-10 06:00:00,2021-09-10,2021-09-09 23:00:00,2021-08-31 23:00:00,False,False,False,True,187,,"""피크 직접분류""","""D1""",6.3327348793086719e-06,,,"""frozen_reference""","""classifier_pooled_tau_not_retained; see original peak table""",0.014999999999999999
1903,132,150,0,,0.00080376688873534088,-1,2021-09-10 07:00:00,2021-09-10,2021-09-09 23:00:00,2021-08-31 23:00:00,False,False,False,True,187,,"""피크 직접분류""","""D1""",0.00080376688873534088,,,"""frozen_reference""","""classifier_pooled_tau_not_retained; see original peak table""",0.014999999999999999
1904,180,192,1,,0.41210322349857098,-1,2021-09-10 08:00:00,2021-09-10,2021-09-09 23:00:00,2021-08-31 23:00:00,False,False,False,True,187,,"""피크 직접분류""","""D1""",0.41210322349857098,,,"""frozen_reference""","""classifier_pooled_tau_not_retained; see original peak table""",0.014999999999999999
1905,184,204,1,,0.067097541173829017,-1,2021-09-10 09:00:00,2021-09-10,2021-09-09 23:00:00,2021-08-31 23:00:00,False,False,False,True,187,,"""피크 직접분류""","""D1""",0.067097541173829017,,,"""frozen_reference""","""classifier_pooled_tau_not_retained; see original peak table""",0.014999999999999999
1906,168,181,0,,0.057551829002251823,-1,2021-09-10 10:00:00,2021-09-10,2021-09-09 23:00:00,2021-08-31 23:00:00,False,False,False,True,187,,"""피크 직접분류""","""D1""",0.057551829002251823,,,"""frozen_reference""","""classifier_pooled_tau_not_retained; see original peak table""",0.014999999999999999
1907,181,188,1,,0.095534808068382063,-1,2021-09-10 11:00:00,2021-09-10,2021-09-09 23:00:00,2021-08-31 23:00:00,False,False,False,True,187,,"""피크 직접분류""","""D1""",0.095534808068382063,,,"""frozen_reference""","""classifier_pooled_tau_not_retained; see original peak table""",0.014999999999999999
1908,116,128,0,,0.0029088369786188194,-1,2021-09-10 12:00:00,2021-09-10,2021-09-09 23:00:00,2021-08-31 23:00:00,False,False,False,True,187,,"""피크 직접분류""","""D1""",0.0029088369786188194,,,"""frozen_reference""","""classifier_pooled_tau_not_retained; see original peak table""",0.014999999999999999
1909,180,191,1,,0.10688275040125228,-1,2021-09-10 13:00:00,2021-09-10,2021-09-09 23:00:00,2021-08-31 23:00:00,False,False,False,True,187,,"""피크 직접분류""","""D1""",0.10688275040125228,,,"""frozen_reference""","""classifier_pooled_tau_not_retained; see original peak table""",0.014999999999999999
1910,178,190,1,,0.25094017374403077,-1,2021-09-10 14:00:00,2021-09-10,2021-09-09 23:00:00,2021-08-31 23:00:00,False,False,False,True,187,,"""피크 직접분류""","""D1""",0.25094017374403077,,,"""frozen_reference""","""classifier_pooled_tau_not_retained; see original peak table""",0.014999999999999999
1911,171,191,1,,0.067999843434937243,-1,2021-09-10 15:00:00,2021-09-10,2021-09-09 23:00:00,2021-08-31 23:00:00,False,False,False,True,187,,"""피크 직접분류""","""D1""",0.067999843434937243,,,"""frozen_reference""","""classifier_pooled_tau_not_retained; see original peak table""",0.014999999999999999
1912,164,171,0,,0.0024963054131527424,-1,2021-09-10 16:00:00,2021-09-10,2021-09-09 23:00:00,2021-08-31 23:00:00,False,False,False,True,187,,"""피크 직접분류""","""D1""",0.0024963054131527424,,,"""frozen_reference""","""classifier_pooled_tau_not_retained; see original peak table""",0.014999999999999999
1913,138,157,0,,0.00098297018911711444,-1,2021-09-10 17:00:00,2021-09-10,2021-09-09 23:00:00,2021-08-31 23:00:00,False,False,False,True,187,,"""피크 직접분류""","""D1""",0.00098297018911711444,,,"""frozen_reference""","""classifier_pooled_tau_not_retained; see original peak table""",0.014999999999999999
1914,155,162,0,,0.00024449827604024394,-1,2021-09-10 18:00:00,2021-09-10,2021-09-09 23:00:00,2021-08-31 23:00:00,False,False,False,True,187,,"""피크 직접분류""","""D1""",0.00024449827604024394,,,"""frozen_reference""","""classifier_pooled_tau_not_retained; see original peak table""",0.014999999999999999
1915,142,148,0,,6.6682865910093279e-06,-1,2021-09-10 19:00:00,2021-09-10,2021-09-09 23:00:00,2021-08-31 23:00:00,False,False,False,True,187,,"""피크 직접분류""","""D1""",6.6682865910093279e-06,,,"""frozen_reference""","""classifier_pooled_tau_not_retained; see original peak table""",0.014999999999999999
1916,116,121,0,,7.0526004315957475e-06,-1,2021-09-10 20:00:00,2021-09-10,2021-09-09 23:00:00,2021-08-31 23:00:00,False,False,False,True,187,,"""피크 직접분류""","""D1""",7.0526004315957475e-06,,,"""frozen_reference""","""classifier_pooled_tau_not_retained; see original peak table""",0.014999999999999999
1917,117,126,0,,1.5764942229294464e-06,-1,2021-09-10 21:00:00,2021-09-10,2021-09-09 23:00:00,2021-08-31 23:00:00,False,False,False,True,187,,"""피크 직접분류""","""D1""",1.5764942229294464e-06,,,"""frozen_reference""","""classifier_pooled_tau_not_retained; see original peak table""",0.014999999999999999
1918,102,109,0,,1.6506495325882727e-06,-1,2021-09-10 22:00:00,2021-09-10,2021-09-09 23:00:00,2021-08-31 23:00:00,False,False,False,True,187,,"""피크 직접분류""","""D1""",1.6506495325882727e-06,,,"""frozen_reference""","""classifier_pooled_tau_not_retained; see original peak table""",0.014999999999999999
1919,88,105,0,,1.6858278221784833e-06,-1,2021-09-10 23:00:00,2021-09-10,2021-09-09 23:00:00,2021-08-31 23:00:00,False,False,False,True,187,,"""피크 직접분류""","""D1""",1.6858278221784833e-06,,,"""frozen_reference""","""classifier_pooled_tau_not_retained; see original peak table""",0.014999999999999999
1920,61,69,0,,5.2632170076754302e-05,-1,2021-09-11 00:00:00,2021-09-11,2021-09-10 23:00:00,2021-08-31 23:00:00,False,False,False,True,187,,"""피크 직접분류""","""D1""",5.2632170076754302e-05,,,"""frozen_reference""","""classifier_pooled_tau_not_retained; see original peak table""",0.014999999999999999
1921,97,105,0,,1.0458352090290034e-05,-1,2021-09-11 01:00:00,2021-09-11,2021-09-10 23:00:00,2021-08-31 23:00:00,False,False,False,True,187,,"""피크 직접분류""","""D1""",1.0458352090290034e-05,,,"""frozen_reference""","""classifier_pooled_tau_not_retained; see original peak table""",0.014999999999999999
1922,95,99,0,,8.4587324712755662e-05,-1,2021-09-11 02:00:00,2021-09-11,2021-09-10 23:00:00,2021-08-31 23:00:00,False,False,False,True,187,,"""피크 직접분류""","""D1""",8.4587324712755662e-05,,,"""frozen_reference""","""classifier_pooled_tau_not_retained; see original peak table""",0.014999999999999999
1923,94,107,0,,9.0432740044839392e-06,-1,2021-09-11 03:00:00,2021-09-11,2021-09-10 23:00:00,2021-08-31 23:00:00,False,False,False,True,187,,"""피크 직접분류""","""D1""",9.0432740044839392e-06,,,"""frozen_reference""","""classifier_pooled_tau_not_retained; see original peak table""",0.014999999999999999
1924,89,93,0,,6.8802514574559513e-05,-1,2021-09-11 04:00:00,2021-09-11,2021-09-10 23:00:00,2021-08-31 23:00:00,False,False,False,True,187,,"""피크 직접분류""","""D1""",6.8802514574559513e-05,,,"""frozen_reference""","""classifier_pooled_tau_not_retained; see original peak table""",0.014999999999999999
1925,82,98,0,,1.2493084380369137e-05,-1,2021-09-11 05:00:00,2021-09-11,2021-09-10 23:00:00,2021-08-31 23:00:00,False,False,False,True,187,,"""피크 직접분류""","""D1""",1.2493084380369137e-05,,,"""frozen_reference""","""classifier_pooled_tau_not_retained; see original peak table""",0.014999999999999999
1926,86,97,0,,6.5287259365370219e-05,-1,2021-09-11 06:00:00,2021-09-11,2021-09-10 23:00:00,2021-08-31 23:00:00,False,False,False,True,187,,"""피크 직접분류""","""D1""",6.5287259365370219e-05,,,"""frozen_reference""","""classifier_pooled_tau_not_retained; see original peak table""",0.014999999999999999
1927,51,73,0,,5.8422957221418961e-05,-1,2021-09-11 07:00:00,2021-09-11,2021-09-10 23:00:00,2021-08-31 23:00:00,False,False,False,True,187,,"""피크 직접분류""","""D1""",5.8422957221418961e-05,,,"""frozen_reference""","""classifier_pooled_tau_not_retained; see original peak table""",0.014999999999999999
1928,23,23,0,,0.003388424520079428,-1,2021-09-11 08:00:00,2021-09-11,2021-09-10 23:00:00,2021-08-31 23:00:00,False,False,False,True,187,,"""피크 직접분류""","""D1""",0.003388424520079428,,,"""frozen_reference""","""classifier_pooled_tau_not_retained; see original peak table""",0.014999999999999999
1929,23,23,0,,0.012617031537267065,-1,2021-09-11 09:00:00,2021-09-11,2021-09-10 23:00:00,2021-08-31 23:00:00,False,False,False,True,187,,"""피크 직접분류""","""D1""",0.012617031537267065,,,"""frozen_reference""","""classifier_pooled_tau_not_retained; see original peak table""",0.014999999999999999
1930,22,23,0,,0.00253168001573048,-1,2021-09-11 10:00:00,2021-09-11,2021-09-10 23:00:00,2021-08-31 23:00:00,False,False,False,True,187,,"""피크 직접분류""","""D1""",0.00253168001573048,,,"""frozen_reference""","""classifier_pooled_tau_not_retained; see original peak table""",0.014999999999999999
1931,23,23,0,,0.0089148223480127152,-1,2021-09-11 11:00:00,2021-09-11,2021-09-10 23:00:00,2021-08-31 23:00:00,False,False,False,True,187,,"""피크 직접분류""","""D1""",0.0089148223480127152,,,"""frozen_reference""","""classifier_pooled_tau_not_retained; see original peak table""",0.014999999999999999
1932,25,28,0,,8.1864564102759852e-05,-1,2021-09-11 12:00:00,2021-09-11,2021-09-10 23:00:00,2021-08-31 23:00:00,False,False,False,True,187,,"""피크 직접분류""","""D1""",8.1864564102759852e-05,,,"""frozen_reference""","""classifier_pooled_tau_not_retained; see original peak table""",0.014999999999999999
1933,23,25,0,,0.005129647160778226,-1,2021-09-11 13:00:00,2021-09-11,2021-09-10 23:00:00,2021-08-31 23:00:00,False,False,False,True,187,,"""피크 직접분류""","""D1""",0.005129647160778226,,,"""frozen_reference""","""classifier_pooled_tau_not_retained; see original peak table""",0.014999999999999999
1934,23,24,0,,0.0028411200138136199,-1,2021-09-11 14:00:00,2021-09-11,2021-09-10 23:00:00,2021-08-31 23:00:00,False,False,False,True,187,,"""피크 직접분류""","""D1""",0.0028411200138136199,,,"""frozen_reference""","""classifier_pooled_tau_not_retained; see original peak table""",0.014999999999999999
1935,24,24,0,,0.012589207678792772,-1,2021-09-11 15:00:00,2021-09-11,2021-09-10 23:00:00,2021-08-31 23:00:00,False,False,False,True,187,,"""피크 직접분류""","""D1""",0.012589207678792772,,,"""frozen_reference""","""classifier_pooled_tau_not_retained; see original peak table""",0.014999999999999999
1936,24,24,0,,0.00028844784441508186,-1,2021-09-11 16:00:00,2021-09-11,2021-09-10 23:00:00,2021-08-31 23:00:00,False,False,False,True,187,,"""피크 직접분류""","""D1""",0.00028844784441508186,,,"""frozen_reference""","""classifier_pooled_tau_not_retained; see original peak table""",0.014999999999999999
1937,23,24,0,,3.1927882329119382e-05,-1,2021-09-11 17:00:00,2021-09-11,2021-09-10 23:00:00,2021-08-31 23:00:00,False,False,False,True,187,,"""피크 직접분류""","""D1""",3.1927882329119382e-05,,,"""frozen_reference""","""classifier_pooled_tau_not_retained; see original peak table""",0.014999999999999999
1938,23,24,0,,8.0372939191145474e-06,-1,2021-09-11 18:00:00,2021-09-11,2021-09-10 23:00:00,2021-08-31 23:00:00,False,False,False,True,187,,"""피크 직접분류""","""D1""",8.0372939191145474e-06,,,"""frozen_reference""","""classifier_pooled_tau_not_retained; see original peak table""",0.014999999999999999
1939,25,28,0,,2.5139428078749068e-06,-1,2021-09-11 19:00:00,2021-09-11,2021-09-10 23:00:00,2021-08-31 23:00:00,False,False,False,True,187,,"""피크 직접분류""","""D1""",2.5139428078749068e-06,,,"""frozen_reference""","""classifier_pooled_tau_not_retained; see original peak table""",0.014999999999999999
1940,23,24,0,,3.5558037520397639e-06,-1,2021-09-11 20:00:00,2021-09-11,2021-09-10 23:00:00,2021-08-31 23:00:00,False,False,False,True,187,,"""피크 직접분류""","""D1""",3.5558037520397639e-06,,,"""frozen_reference""","""classifier_pooled_tau_not_retained; see original peak table""",0.014999999999999999
1941,23,24,0,,3.5240015015564497e-06,-1,2021-09-11 21:00:00,2021-09-11,2021-09-10 23:00:00,2021-08-31 23:00:00,False,False,False,True,187,,"""피크 직접분류""","""D1""",3.5240015015564497e-06,,,"""frozen_reference""","""classifier_pooled_tau_not_retained; see original peak table""",0.014999999999999999
1942,23,24,0,,4.4102440328562387e-06,-1,2021-09-11 22:00:00,2021-09-11,2021-09-10 23:00:00,2021-08-31 23:00:00,False,False,False,True,187,,"""피크 직접분류""","""D1""",4.4102440328562387e-06,,,"""frozen_reference""","""classifier_pooled_tau_not_retained; see original peak table""",0.014999999999999999
1943,23,23,0,,3.2100047683936057e-06,-1,2021-09-11 23:00:00,2021-09-11,2021-09-10 23:00:00,2021-08-31 23:00:00,False,False,False,True,187,,"""피크 직접분류""","""D1""",3.2100047683936057e-06,,,"""frozen_reference""","""classifier_pooled_tau_not_retained; see original peak table""",0.014999999999999999
1944,23,23,0,,3.7950685471609827e-05,-1,2021-09-12 00:00:00,2021-09-12,2021-09-11 23:00:00,2021-08-31 23:00:00,False,False,False,True,187,,"""피크 직접분류""","""D1""",3.7950685471609827e-05,,,"""frozen_reference""","""classifier_pooled_tau_not_retained; see original peak table""",0.014999999999999999
1945,23,24,0,,7.3639997620657119e-06,-1,2021-09-12 01:00:00,2021-09-12,2021-09-11 23:00:00,2021-08-31 23:00:00,False,False,False,True,187,,"""피크 직접분류""","""D1""",7.3639997620657119e-06,,,"""frozen_reference""","""classifier_pooled_tau_not_retained; see original peak table""",0.014999999999999999
1946,24,27,0,,5.8331534313035034e-06,-1,2021-09-12 02:00:00,2021-09-12,2021-09-11 23:00:00,2021-08-31 23:00:00,False,False,False,True,187,,"""피크 직접분류""","""D1""",5.8331534313035034e-06,,,"""frozen_reference""","""classifier_pooled_tau_not_retained; see original peak table""",0.014999999999999999
1947,23,23,0,,3.8236047991216244e-05,-1,2021-09-12 03:00:00,2021-09-12,2021-09-11 23:00:00,2021-08-31 23:00:00,False,False,False,True,187,,"""피크 직접분류""","""D1""",3.8236047991216244e-05,,,"""frozen_reference""","""classifier_pooled_tau_not_retained; see original peak table""",0.014999999999999999
1948,23,23,0,,9.3419959468322624e-06,-1,2021-09-12 04:00:00,2021-09-12,2021-09-11 23:00:00,2021-08-31 23:00:00,False,False,False,True,187,,"""피크 직접분류""","""D1""",9.3419959468322624e-06,,,"""frozen_reference""","""classifier_pooled_tau_not_retained; see original peak table""",0.014999999999999999
1949,23,23,0,,6.6188787508674689e-06,-1,2021-09-12 05:00:00,2021-09-12,2021-09-11 23:00:00,2021-08-31 23:00:00,False,False,False,True,187,,"""피크 직접분류""","""D1""",6.6188787508674689e-06,,,"""frozen_reference""","""classifier_pooled_tau_not_retained; see original peak table""",0.014999999999999999
1950,23,23,0,,6.6792315645655504e-06,-1,2021-09-12 06:00:00,2021-09-12,2021-09-11 23:00:00,2021-08-31 23:00:00,False,False,False,True,187,,"""피크 직접분류""","""D1""",6.6792315645655504e-06,,,"""frozen_reference""","""classifier_pooled_tau_not_retained; see original peak table""",0.014999999999999999
1951,23,23,0,,2.5310457197391626e-05,-1,2021-09-12 07:00:00,2021-09-12,2021-09-11 23:00:00,2021-08-31 23:00:00,False,False,False,True,187,,"""피크 직접분류""","""D1""",2.5310457197391626e-05,,,"""frozen_reference""","""classifier_pooled_tau_not_retained; see original peak table""",0.014999999999999999
1952,25,28,0,,0.00066248052602781041,-1,2021-09-12 08:00:00,2021-09-12,2021-09-11 23:00:00,2021-08-31 23:00:00,False,False,False,True,187,,"""피크 직접분류""","""D1""",0.00066248052602781041,,,"""frozen_reference""","""classifier_pooled_tau_not_retained; see original peak table""",0.014999999999999999
1953,23,24,0,,0.00042008943793033973,-1,2021-09-12 09:00:00,2021-09-12,2021-09-11 23:00:00,2021-08-31 23:00:00,False,False,False,True,187,,"""피크 직접분류""","""D1""",0.00042008943793033973,,,"""frozen_reference""","""classifier_pooled_tau_not_retained; see original peak table""",0.014999999999999999
1954,23,24,0,,0.00061312871702662189,-1,2021-09-12 10:00:00,2021-09-12,2021-09-11 23:00:00,2021-08-31 23:00:00,False,False,False,True,187,,"""피크 직접분류""","""D1""",0.00061312871702662189,,,"""frozen_reference""","""classifier_pooled_tau_not_retained; see original peak table""",0.014999999999999999
1955,23,23,0,,0.00030084208315466241,-1,2021-09-12 11:00:00,2021-09-12,2021-09-11 23:00:00,2021-08-31 23:00:00,False,False,False,True,187,,"""피크 직접분류""","""D1""",0.00030084208315466241,,,"""frozen_reference""","""classifier_pooled_tau_not_retained; see original peak table""",0.014999999999999999
1956,23,23,0,,0.00012071201433634544,-1,2021-09-12 12:00:00,2021-09-12,2021-09-11 23:00:00,2021-08-31 23:00:00,False,False,False,True,187,,"""피크 직접분류""","""D1""",0.00012071201433634544,,,"""frozen_reference""","""classifier_pooled_tau_not_retained; see original peak table""",0.014999999999999999
1957,23,23,0,,0.00029509454369973793,-1,2021-09-12 13:00:00,2021-09-12,2021-09-11 23:00:00,2021-08-31 23:00:00,False,False,False,True,187,,"""피크 직접분류""","""D1""",0.00029509454369973793,,,"""frozen_reference""","""classifier_pooled_tau_not_retained; see original peak table""",0.014999999999999999
1958,25,28,0,,0.00024799814009048428,-1,2021-09-12 14:00:00,2021-09-12,2021-09-11 23:00:00,2021-08-31 23:00:00,False,False,False,True,187,,"""피크 직접분류""","""D1""",0.00024799814009048428,,,"""frozen_reference""","""classifier_pooled_tau_not_retained; see original peak table""",0.014999999999999999
1959,23,24,0,,0.00050619655317831597,-1,2021-09-12 15:00:00,2021-09-12,2021-09-11 23:00:00,2021-08-31 23:00:00,False,False,False,True,187,,"""피크 직접분류""","""D1""",0.00050619655317831597,,,"""frozen_reference""","""classifier_pooled_tau_not_retained; see original peak table""",0.014999999999999999
1960,24,24,0,,5.2642076492947706e-05,-1,2021-09-12 16:00:00,2021-09-12,2021-09-11 23:00:00,2021-08-31 23:00:00,False,False,False,True,187,,"""피크 직접분류""","""D1""",5.2642076492947706e-05,,,"""frozen_reference""","""classifier_pooled_tau_not_retained; see original peak table""",0.014999999999999999
1961,23,23,0,,9.5786240724270996e-06,-1,2021-09-12 17:00:00,2021-09-12,2021-09-11 23:00:00,2021-08-31 23:00:00,False,False,False,True,187,,"""피크 직접분류""","""D1""",9.5786240724270996e-06,,,"""frozen_reference""","""classifier_pooled_tau_not_retained; see original peak table""",0.014999999999999999
1962,23,24,0,,1.0700075278990504e-05,-1,2021-09-12 18:00:00,2021-09-12,2021-09-11 23:00:00,2021-08-31 23:00:00,False,False,False,True,187,,"""피크 직접분류""","""D1""",1.0700075278990504e-05,,,"""frozen_reference""","""classifier_pooled_tau_not_retained; see original peak table""",0.014999999999999999
1963,23,24,0,,3.0216624989831049e-06,-1,2021-09-12 19:00:00,2021-09-12,2021-09-11 23:00:00,2021-08-31 23:00:00,False,False,False,True,187,,"""피크 직접분류""","""D1""",3.0216624989831049e-06,,,"""frozen_reference""","""classifier_pooled_tau_not_retained; see original peak table""",0.014999999999999999
1964,23,24,0,,5.2557085618385579e-06,-1,2021-09-12 20:00:00,2021-09-12,2021-09-11 23:00:00,2021-08-31 23:00:00,False,False,False,True,187,,"""피크 직접분류""","""D1""",5.2557085618385579e-06,,,"""frozen_reference""","""classifier_pooled_tau_not_retained; see original peak table""",0.014999999999999999
1965,25,28,0,,4.4071813649497489e-06,-1,2021-09-12 21:00:00,2021-09-12,2021-09-11 23:00:00,2021-08-31 23:00:00,False,False,False,True,187,,"""피크 직접분류""","""D1""",4.4071813649497489e-06,,,"""frozen_reference""","""classifier_pooled_tau_not_retained; see original peak table""",0.014999999999999999
1966,23,24,0,,6.5363744096606404e-06,-1,2021-09-12 22:00:00,2021-09-12,2021-09-11 23:00:00,2021-08-31 23:00:00,False,False,False,True,187,,"""피크 직접분류""","""D1""",6.5363744096606404e-06,,,"""frozen_reference""","""classifier_pooled_tau_not_retained; see original peak table""",0.014999999999999999
1967,23,24,0,,6.7466741550998403e-06,-1,2021-09-12 23:00:00,2021-09-12,2021-09-11 23:00:00,2021-08-31 23:00:00,False,False,False,True,187,,"""피크 직접분류""","""D1""",6.7466741550998403e-06,,,"""frozen_reference""","""classifier_pooled_tau_not_retained; see original peak table""",0.014999999999999999
1968,23,23,0,,0.00015329764516003314,-1,2021-09-13 00:00:00,2021-09-13,2021-09-12 23:00:00,2021-08-31 23:00:00,False,False,False,True,187,,"""피크 직접분류""","""D1""",0.00015329764516003314,,,"""frozen_reference""","""classifier_pooled_tau_not_retained; see original peak table""",0.014999999999999999
1969,23,23,0,,0.00017931709089990234,-1,2021-09-13 01:00:00,2021-09-13,2021-09-12 23:00:00,2021-08-31 23:00:00,False,False,False,True,187,,"""피크 직접분류""","""D1""",0.00017931709089990234,,,"""frozen_reference""","""classifier_pooled_tau_not_retained; see original peak table""",0.014999999999999999
1970,23,23,0,,0.00021653811349969768,-1,2021-09-13 02:00:00,2021-09-13,2021-09-12 23:00:00,2021-08-31 23:00:00,False,False,False,True,187,,"""피크 직접분류""","""D1""",0.00021653811349969768,,,"""frozen_reference""","""classifier_pooled_tau_not_retained; see original peak table""",0.014999999999999999
1971,24,25,0,,0.00019686021853660706,-1,2021-09-13 03:00:00,2021-09-13,2021-09-12 23:00:00,2021-08-31 23:00:00,False,False,False,True,187,,"""피크 직접분류""","""D1""",0.00019686021853660706,,,"""frozen_reference""","""classifier_pooled_tau_not_retained; see original peak table""",0.014999999999999999
1972,24,28,0,,0.0001636189213337301,-1,2021-09-13 04:00:00,2021-09-13,2021-09-12 23:00:00,2021-08-31 23:00:00,False,False,False,True,187,,"""피크 직접분류""","""D1""",0.0001636189213337301,,,"""frozen_reference""","""classifier_pooled_tau_not_retained; see original peak table""",0.014999999999999999
1973,23,23,0,,0.00016307371577414312,-1,2021-09-13 05:00:00,2021-09-13,2021-09-12 23:00:00,2021-08-31 23:00:00,False,False,False,True,187,,"""피크 직접분류""","""D1""",0.00016307371577414312,,,"""frozen_reference""","""classifier_pooled_tau_not_retained; see original peak table""",0.014999999999999999
1974,23,24,0,,0.00013438512319658609,-1,2021-09-13 06:00:00,2021-09-13,2021-09-12 23:00:00,2021-08-31 23:00:00,False,False,False,True,187,,"""피크 직접분류""","""D1""",0.00013438512319658609,,,"""frozen_reference""","""classifier_pooled_tau_not_retained; see original peak table""",0.014999999999999999
1975,63,111,0,,0.0007849125068119801,-1,2021-09-13 07:00:00,2021-09-13,2021-09-12 23:00:00,2021-08-31 23:00:00,False,False,False,True,187,,"""피크 직접분류""","""D1""",0.0007849125068119801,,,"""frozen_reference""","""classifier_pooled_tau_not_retained; see original peak table""",0.014999999999999999
1976,185,196,1,,0.97800850703237774,-1,2021-09-13 08:00:00,2021-09-13,2021-09-12 23:00:00,2021-08-31 23:00:00,False,False,False,True,187,,"""피크 직접분류""","""D1""",0.97800850703237774,,,"""frozen_reference""","""classifier_pooled_tau_not_retained; see original peak table""",0.014999999999999999
1977,183,188,1,,0.7907423232105234,-1,2021-09-13 09:00:00,2021-09-13,2021-09-12 23:00:00,2021-08-31 23:00:00,False,False,False,True,187,,"""피크 직접분류""","""D1""",0.7907423232105234,,,"""frozen_reference""","""classifier_pooled_tau_not_retained; see original peak table""",0.014999999999999999
1978,177,189,1,,0.9417820094239282,-1,2021-09-13 10:00:00,2021-09-13,2021-09-12 23:00:00,2021-08-31 23:00:00,False,False,False,True,187,,"""피크 직접분류""","""D1""",0.9417820094239282,,,"""frozen_reference""","""classifier_pooled_tau_not_retained; see original peak table""",0.014999999999999999
1979,182,191,1,,0.88063719276128583,-1,2021-09-13 11:00:00,2021-09-13,2021-09-12 23:00:00,2021-08-31 23:00:00,False,False,False,True,187,,"""피크 직접분류""","""D1""",0.88063719276128583,,,"""frozen_reference""","""classifier_pooled_tau_not_retained; see original peak table""",0.014999999999999999
1980,117,130,0,,0.0023954380626348797,-1,2021-09-13 12:00:00,2021-09-13,2021-09-12 23:00:00,2021-08-31 23:00:00,False,False,False,True,187,,"""피크 직접분류""","""D1""",0.0023954380626348797,,,"""frozen_reference""","""classifier_pooled_tau_not_retained; see original peak table""",0.014999999999999999
1981,184,191,1,,0.96351705021570289,-1,2021-09-13 13:00:00,2021-09-13,2021-09-12 23:00:00,2021-08-31 23:00:00,False,False,False,True,187,,"""피크 직접분류""","""D1""",0.96351705021570289,,,"""frozen_reference""","""classifier_pooled_tau_not_retained; see original peak table""",0.014999999999999999
1982,180,182,0,,0.89446007893244617,-1,2021-09-13 14:00:00,2021-09-13,2021-09-12 23:00:00,2021-08-31 23:00:00,False,False,False,True,187,,"""피크 직접분류""","""D1""",0.89446007893244617,,,"""frozen_reference""","""classifier_pooled_tau_not_retained; see original peak table""",0.014999999999999999
1983,168,177,0,,0.46089833724209217,-1,2021-09-13 15:00:00,2021-09-13,2021-09-12 23:00:00,2021-08-31 23:00:00,False,False,False,True,187,,"""피크 직접분류""","""D1""",0.46089833724209217,,,"""frozen_reference""","""classifier_pooled_tau_not_retained; see original peak table""",0.014999999999999999
1984,175,182,0,,0.13273308589426497,-1,2021-09-13 16:00:00,2021-09-13,2021-09-12 23:00:00,2021-08-31 23:00:00,False,False,False,True,187,,"""피크 직접분류""","""D1""",0.13273308589426497,,,"""frozen_reference""","""classifier_pooled_tau_not_retained; see original peak table""",0.014999999999999999
1985,132,160,0,,0.0036375344865916784,-1,2021-09-13 17:00:00,2021-09-13,2021-09-12 23:00:00,2021-08-31 23:00:00,False,False,False,True,187,,"""피크 직접분류""","""D1""",0.0036375344865916784,,,"""frozen_reference""","""classifier_pooled_tau_not_retained; see original peak table""",0.014999999999999999
1986,145,162,0,,0.012467284637986459,-1,2021-09-13 18:00:00,2021-09-13,2021-09-12 23:00:00,2021-08-31 23:00:00,False,False,False,True,187,,"""피크 직접분류""","""D1""",0.012467284637986459,,,"""frozen_reference""","""classifier_pooled_tau_not_retained; see original peak table""",0.014999999999999999
1987,148,162,0,,0.001204214132857098,-1,2021-09-13 19:00:00,2021-09-13,2021-09-12 23:00:00,2021-08-31 23:00:00,False,False,False,True,187,,"""피크 직접분류""","""D1""",0.001204214132857098,,,"""frozen_reference""","""classifier_pooled_tau_not_retained; see original peak table""",0.014999999999999999
1988,121,126,0,,0.00021383963553334425,-1,2021-09-13 20:00:00,2021-09-13,2021-09-12 23:00:00,2021-08-31 23:00:00,False,False,False,True,187,,"""피크 직접분류""","""D1""",0.00021383963553334425,,,"""frozen_reference""","""classifier_pooled_tau_not_retained; see original peak table""",0.014999999999999999
1989,123,131,0,,0.00022974876763062678,-1,2021-09-13 21:00:00,2021-09-13,2021-09-12 23:00:00,2021-08-31 23:00:00,False,False,False,True,187,,"""피크 직접분류""","""D1""",0.00022974876763062678,,,"""frozen_reference""","""classifier_pooled_tau_not_retained; see original peak table""",0.014999999999999999
1990,110,122,0,,0.00027328961568864001,-1,2021-09-13 22:00:00,2021-09-13,2021-09-12 23:00:00,2021-08-31 23:00:00,False,False,False,True,187,,"""피크 직접분류""","""D1""",0.00027328961568864001,,,"""frozen_reference""","""classifier_pooled_tau_not_retained; see original peak table""",0.014999999999999999
1991,108,123,0,,0.00020485841337072782,-1,2021-09-13 23:00:00,2021-09-13,2021-09-12 23:00:00,2021-08-31 23:00:00,False,False,False,True,187,,"""피크 직접분류""","""D1""",0.00020485841337072782,,,"""frozen_reference""","""classifier_pooled_tau_not_retained; see original peak table""",0.014999999999999999
1992,70,72,0,,2.6325101230102218e-05,-1,2021-09-14 00:00:00,2021-09-14,2021-09-13 23:00:00,2021-08-31 23:00:00,False,False,False,True,187,,"""피크 직접분류""","""D1""",2.6325101230102218e-05,,,"""frozen_reference""","""classifier_pooled_tau_not_retained; see original peak table""",0.014999999999999999
1993,110,116,0,,2.3233896138834779e-05,-1,2021-09-14 01:00:00,2021-09-14,2021-09-13 23:00:00,2021-08-31 23:00:00,False,False,False,True,187,,"""피크 직접분류""","""D1""",2.3233896138834779e-05,,,"""frozen_reference""","""classifier_pooled_tau_not_retained; see original peak table""",0.014999999999999999
1994,112,115,0,,1.7142201517484008e-05,-1,2021-09-14 02:00:00,2021-09-14,2021-09-13 23:00:00,2021-08-31 23:00:00,False,False,False,True,187,,"""피크 직접분류""","""D1""",1.7142201517484008e-05,,,"""frozen_reference""","""classifier_pooled_tau_not_retained; see original peak table""",0.014999999999999999
1995,105,114,0,,3.1622437697244493e-05,-1,2021-09-14 03:00:00,2021-09-14,2021-09-13 23:00:00,2021-08-31 23:00:00,False,False,False,True,187,,"""피크 직접분류""","""D1""",3.1622437697244493e-05,,,"""frozen_reference""","""classifier_pooled_tau_not_retained; see original peak table""",0.014999999999999999
1996,111,115,0,,8.5016942067766204e-05,-1,2021-09-14 04:00:00,2021-09-14,2021-09-13 23:00:00,2021-08-31 23:00:00,False,False,False,True,187,,"""피크 직접분류""","""D1""",8.5016942067766204e-05,,,"""frozen_reference""","""classifier_pooled_tau_not_retained; see original peak table""",0.014999999999999999
1997,93,115,0,,3.6330677959292539e-05,-1,2021-09-14 05:00:00,2021-09-14,2021-09-13 23:00:00,2021-08-31 23:00:00,False,False,False,True,187,,"""피크 직접분류""","""D1""",3.6330677959292539e-05,,,"""frozen_reference""","""classifier_pooled_tau_not_retained; see original peak table""",0.014999999999999999
1998,108,112,0,,2.0667400140061483e-05,-1,2021-09-14 06:00:00,2021-09-14,2021-09-13 23:00:00,2021-08-31 23:00:00,False,False,False,True,187,,"""피크 직접분류""","""D1""",2.0667400140061483e-05,,,"""frozen_reference""","""classifier_pooled_tau_not_retained; see original peak table""",0.014999999999999999
1999,140,156,0,,0.00016661899487565847,-1,2021-09-14 07:00:00,2021-09-14,2021-09-13 23:00:00,2021-08-31 23:00:00,False,False,False,True,187,,"""피크 직접분류""","""D1""",0.00016661899487565847,,,"""frozen_reference""","""classifier_pooled_tau_not_retained; see original peak table""",0.014999999999999999
2000,174,184,0,,0.81707879603254674,-1,2021-09-14 08:00:00,2021-09-14,2021-09-13 23:00:00,2021-08-31 23:00:00,False,False,False,True,187,,"""피크 직접분류""","""D1""",0.81707879603254674,,,"""frozen_reference""","""classifier_pooled_tau_not_retained; see original peak table""",0.014999999999999999
2001,166,178,0,,0.34816964048103949,-1,2021-09-14 09:00:00,2021-09-14,2021-09-13 23:00:00,2021-08-31 23:00:00,False,False,False,True,187,,"""피크 직접분류""","""D1""",0.34816964048103949,,,"""frozen_reference""","""classifier_pooled_tau_not_retained; see original peak table""",0.014999999999999999
2002,152,161,0,,0.59393835243253545,-1,2021-09-14 10:00:00,2021-09-14,2021-09-13 23:00:00,2021-08-31 23:00:00,False,False,False,True,187,,"""피크 직접분류""","""D1""",0.59393835243253545,,,"""frozen_reference""","""classifier_pooled_tau_not_retained; see original peak table""",0.014999999999999999
2003,170,180,0,,0.36823913517608797,-1,2021-09-14 11:00:00,2021-09-14,2021-09-13 23:00:00,2021-08-31 23:00:00,False,False,False,True,187,,"""피크 직접분류""","""D1""",0.36823913517608797,,,"""frozen_reference""","""classifier_pooled_tau_not_retained; see original peak table""",0.014999999999999999
2004,118,135,0,,0.00096104548408790583,-1,2021-09-14 12:00:00,2021-09-14,2021-09-13 23:00:00,2021-08-31 23:00:00,False,False,False,True,187,,"""피크 직접분류""","""D1""",0.00096104548408790583,,,"""frozen_reference""","""classifier_pooled_tau_not_retained; see original peak table""",0.014999999999999999
2005,163,173,0,,0.09928720626647683,-1,2021-09-14 13:00:00,2021-09-14,2021-09-13 23:00:00,2021-08-31 23:00:00,False,False,False,True,187,,"""피크 직접분류""","""D1""",0.09928720626647683,,,"""frozen_reference""","""classifier_pooled_tau_not_retained; see original peak table""",0.014999999999999999
2006,158,162,0,,0.063504950429074197,-1,2021-09-14 14:00:00,2021-09-14,2021-09-13 23:00:00,2021-08-31 23:00:00,False,False,False,True,187,,"""피크 직접분류""","""D1""",0.063504950429074197,,,"""frozen_reference""","""classifier_pooled_tau_not_retained; see original peak table""",0.014999999999999999
2007,161,175,0,,0.085648165869089257,-1,2021-09-14 15:00:00,2021-09-14,2021-09-13 23:00:00,2021-08-31 23:00:00,False,False,False,True,187,,"""피크 직접분류""","""D1""",0.085648165869089257,,,"""frozen_reference""","""classifier_pooled_tau_not_retained; see original peak table""",0.014999999999999999
2008,160,165,0,,0.013536191252185314,-1,2021-09-14 16:00:00,2021-09-14,2021-09-13 23:00:00,2021-08-31 23:00:00,False,False,False,True,187,,"""피크 직접분류""","""D1""",0.013536191252185314,,,"""frozen_reference""","""classifier_pooled_tau_not_retained; see original peak table""",0.014999999999999999
2009,123,146,0,,0.00036381085792569891,-1,2021-09-14 17:00:00,2021-09-14,2021-09-13 23:00:00,2021-08-31 23:00:00,False,False,False,True,187,,"""피크 직접분류""","""D1""",0.00036381085792569891,,,"""frozen_reference""","""classifier_pooled_tau_not_retained; see original peak table""",0.014999999999999999
2010,158,164,0,,9.4620845012864123e-05,-1,2021-09-14 18:00:00,2021-09-14,2021-09-13 23:00:00,2021-08-31 23:00:00,False,False,False,True,187,,"""피크 직접분류""","""D1""",9.4620845012864123e-05,,,"""frozen_reference""","""classifier_pooled_tau_not_retained; see original peak table""",0.014999999999999999
2011,153,171,0,,2.7875355933132726e-05,-1,2021-09-14 19:00:00,2021-09-14,2021-09-13 23:00:00,2021-08-31 23:00:00,False,False,False,True,187,,"""피크 직접분류""","""D1""",2.7875355933132726e-05,,,"""frozen_reference""","""classifier_pooled_tau_not_retained; see original peak table""",0.014999999999999999
2012,128,130,0,,1.3129341261275073e-05,-1,2021-09-14 20:00:00,2021-09-14,2021-09-13 23:00:00,2021-08-31 23:00:00,False,False,False,True,187,,"""피크 직접분류""","""D1""",1.3129341261275073e-05,,,"""frozen_reference""","""classifier_pooled_tau_not_retained; see original peak table""",0.014999999999999999
2013,128,134,0,,6.7516951114779805e-06,-1,2021-09-14 21:00:00,2021-09-14,2021-09-13 23:00:00,2021-08-31 23:00:00,False,False,False,True,187,,"""피크 직접분류""","""D1""",6.7516951114779805e-06,,,"""frozen_reference""","""classifier_pooled_tau_not_retained; see original peak table""",0.014999999999999999
2014,111,120,0,,2.1809629830512489e-06,-1,2021-09-14 22:00:00,2021-09-14,2021-09-13 23:00:00,2021-08-31 23:00:00,False,False,False,True,187,,"""피크 직접분류""","""D1""",2.1809629830512489e-06,,,"""frozen_reference""","""classifier_pooled_tau_not_retained; see original peak table""",0.014999999999999999
2015,110,119,0,,5.887398529314836e-06,-1,2021-09-14 23:00:00,2021-09-14,2021-09-13 23:00:00,2021-08-31 23:00:00,False,False,False,True,187,,"""피크 직접분류""","""D1""",5.887398529314836e-06,,,"""frozen_reference""","""classifier_pooled_tau_not_retained; see original peak table""",0.014999999999999999
2016,74,83,0,83.284126281738281,88.469352722167969,-1,2021-09-01 00:00:00,2021-09-01,2021-08-31 23:00:00,2021-08-31 23:00:00,False,False,False,True,187,154.61500000000001,"""DNN (MLP)""","""D1""",,,0,"""frozen_reference""","""median_internal_fold_tau""",
2017,109,117,0,97.415946960449219,110.08396148681641,-1,2021-09-01 01:00:00,2021-09-01,2021-08-31 23:00:00,2021-08-31 23:00:00,False,False,False,True,187,154.61500000000001,"""DNN (MLP)""","""D1""",,,0,"""frozen_reference""","""median_internal_fold_tau""",
2018,114,121,0,102.05706024169922,111.21281433105469,-1,2021-09-01 02:00:00,2021-09-01,2021-08-31 23:00:00,2021-08-31 23:00:00,False,False,False,True,187,154.61500000000001,"""DNN (MLP)""","""D1""",,,0,"""frozen_reference""","""median_internal_fold_tau""",
2019,99,103,0,97.201744079589844,117.51711273193359,-1,2021-09-01 03:00:00,2021-09-01,2021-08-31 23:00:00,2021-08-31 23:00:00,False,False,False,True,187,154.61500000000001,"""DNN (MLP)""","""D1""",,,0,"""frozen_reference""","""median_internal_fold_tau""",
2020,115,119,0,101.15232086181641,119.54460906982422,-1,2021-09-01 04:00:00,2021-09-01,2021-08-31 23:00:00,2021-08-31 23:00:00,False,False,False,True,187,154.61500000000001,"""DNN (MLP)""","""D1""",,,0,"""frozen_reference""","""median_internal_fold_tau""",
2021,92,112,0,93.467658996582031,121.74420166015625,-1,2021-09-01 05:00:00,2021-09-01,2021-08-31 23:00:00,2021-08-31 23:00:00,False,False,False,True,187,154.61500000000001,"""DNN (MLP)""","""D1""",,,0,"""frozen_reference""","""median_internal_fold_tau""",
2022,116,119,0,98.821510314941406,124.29873657226562,-1,2021-09-01 06:00:00,2021-09-01,2021-08-31 23:00:00,2021-08-31 23:00:00,False,False,False,True,187,154.61500000000001,"""DNN (MLP)""","""D1""",,,0,"""frozen_reference""","""median_internal_fold_tau""",
2023,124,139,0,123.87425231933594,152.02122497558594,-1,2021-09-01 07:00:00,2021-09-01,2021-08-31 23:00:00,2021-08-31 23:00:00,False,False,False,True,187,154.61500000000001,"""DNN (MLP)""","""D1""",,,0,"""frozen_reference""","""median_internal_fold_tau""",
2024,180,198,1,186.49716186523438,206.29747009277344,-1,2021-09-01 08:00:00,2021-09-01,2021-08-31 23:00:00,2021-08-31 23:00:00,False,False,False,True,187,154.61500000000001,"""DNN (MLP)""","""D1""",,,1,"""frozen_reference""","""median_internal_fold_tau""",
2025,182,189,1,173.81803894042969,189.60723876953125,-1,2021-09-01 09:00:00,2021-09-01,2021-08-31 23:00:00,2021-08-31 23:00:00,False,False,False,True,187,154.61500000000001,"""DNN (MLP)""","""D1""",,,1,"""frozen_reference""","""median_internal_fold_tau""",
2026,185,196,1,180.24697875976562,194.41239929199219,-1,2021-09-01 10:00:00,2021-09-01,2021-08-31 23:00:00,2021-08-31 23:00:00,False,False,False,True,187,154.61500000000001,"""DNN (MLP)""","""D1""",,,1,"""frozen_reference""","""median_internal_fold_tau""",
2027,174,180,0,182.77041625976562,196.60078430175781,-1,2021-09-01 11:00:00,2021-09-01,2021-08-31 23:00:00,2021-08-31 23:00:00,False,False,False,True,187,154.61500000000001,"""DNN (MLP)""","""D1""",,,1,"""frozen_reference""","""median_internal_fold_tau""",
2028,117,138,0,112.25836944580078,145.1724853515625,-1,2021-09-01 12:00:00,2021-09-01,2021-08-31 23:00:00,2021-08-31 23:00:00,False,False,False,True,187,154.61500000000001,"""DNN (MLP)""","""D1""",,,0,"""frozen_reference""","""median_internal_fold_tau""",
2029,182,190,1,182.53861999511719,206.22222900390625,-1,2021-09-01 13:00:00,2021-09-01,2021-08-31 23:00:00,2021-08-31 23:00:00,False,False,False,True,187,154.61500000000001,"""DNN (MLP)""","""D1""",,,1,"""frozen_reference""","""median_internal_fold_tau""",
2030,184,192,1,180.94296264648438,189.36918640136719,-1,2021-09-01 14:00:00,2021-09-01,2021-08-31 23:00:00,2021-08-31 23:00:00,False,False,False,True,187,154.61500000000001,"""DNN (MLP)""","""D1""",,,1,"""frozen_reference""","""median_internal_fold_tau""",
2031,173,182,0,173.05305480957031,193.25663757324219,-1,2021-09-01 15:00:00,2021-09-01,2021-08-31 23:00:00,2021-08-31 23:00:00,False,False,False,True,187,154.61500000000001,"""DNN (MLP)""","""D1""",,,1,"""frozen_reference""","""median_internal_fold_tau""",
2032,176,187,1,173.53596496582031,189.92535400390625,-1,2021-09-01 16:00:00,2021-09-01,2021-08-31 23:00:00,2021-08-31 23:00:00,False,False,False,True,187,154.61500000000001,"""DNN (MLP)""","""D1""",,,1,"""frozen_reference""","""median_internal_fold_tau""",
2033,139,180,0,149.27095031738281,180.02398681640625,-1,2021-09-01 17:00:00,2021-09-01,2021-08-31 23:00:00,2021-08-31 23:00:00,False,False,False,True,187,154.61500000000001,"""DNN (MLP)""","""D1""",,,1,"""frozen_reference""","""median_internal_fold_tau""",
2034,163,167,0,164.9327392578125,174.73873901367188,-1,2021-09-01 18:00:00,2021-09-01,2021-08-31 23:00:00,2021-08-31 23:00:00,False,False,False,True,187,154.61500000000001,"""DNN (MLP)""","""D1""",,,1,"""frozen_reference""","""median_internal_fold_tau""",
2035,152,163,0,147.26016235351562,159.62661743164062,-1,2021-09-01 19:00:00,2021-09-01,2021-08-31 23:00:00,2021-08-31 23:00:00,False,False,False,True,187,154.61500000000001,"""DNN (MLP)""","""D1""",,,1,"""frozen_reference""","""median_internal_fold_tau""",
2036,129,139,0,131.18008422851562,133.08480834960938,-1,2021-09-01 20:00:00,2021-09-01,2021-08-31 23:00:00,2021-08-31 23:00:00,False,False,False,True,187,154.61500000000001,"""DNN (MLP)""","""D1""",,,0,"""frozen_reference""","""median_internal_fold_tau""",
2037,131,133,0,127.132080078125,132.64047241210938,-1,2021-09-01 21:00:00,2021-09-01,2021-08-31 23:00:00,2021-08-31 23:00:00,False,False,False,True,187,154.61500000000001,"""DNN (MLP)""","""D1""",,,0,"""frozen_reference""","""median_internal_fold_tau""",
2038,119,128,0,115.92716217041016,121.13369750976562,-1,2021-09-01 22:00:00,2021-09-01,2021-08-31 23:00:00,2021-08-31 23:00:00,False,False,False,True,187,154.61500000000001,"""DNN (MLP)""","""D1""",,,0,"""frozen_reference""","""median_internal_fold_tau""",
2039,114,121,0,113.62215423583984,119.94693756103516,-1,2021-09-01 23:00:00,2021-09-01,2021-08-31 23:00:00,2021-08-31 23:00:00,False,False,False,True,187,154.61500000000001,"""DNN (MLP)""","""D1""",,,0,"""frozen_reference""","""median_internal_fold_tau""",
2040,79,87,0,75.852462768554688,86.438606262207031,-1,2021-09-02 00:00:00,2021-09-02,2021-09-01 23:00:00,2021-08-31 23:00:00,False,False,False,True,187,154.61500000000001,"""DNN (MLP)""","""D1""",,,0,"""frozen_reference""","""median_internal_fold_tau""",
2041,112,119,0,91.447296142578125,104.41399383544922,-1,2021-09-02 01:00:00,2021-09-02,2021-09-01 23:00:00,2021-08-31 23:00:00,False,False,False,True,187,154.61500000000001,"""DNN (MLP)""","""D1""",,,0,"""frozen_reference""","""median_internal_fold_tau""",
2042,114,119,0,97.006393432617188,112.70429992675781,-1,2021-09-02 02:00:00,2021-09-02,2021-09-01 23:00:00,2021-08-31 23:00:00,False,False,False,True,187,154.61500000000001,"""DNN (MLP)""","""D1""",,,0,"""frozen_reference""","""median_internal_fold_tau""",
2043,106,118,0,84.627883911132812,108.69083404541016,-1,2021-09-02 03:00:00,2021-09-02,2021-09-01 23:00:00,2021-08-31 23:00:00,False,False,False,True,187,154.61500000000001,"""DNN (MLP)""","""D1""",,,0,"""frozen_reference""","""median_internal_fold_tau""",
2044,114,120,0,94.672462463378906,124.70123291015625,-1,2021-09-02 04:00:00,2021-09-02,2021-09-01 23:00:00,2021-08-31 23:00:00,False,False,False,True,187,154.61500000000001,"""DNN (MLP)""","""D1""",,,0,"""frozen_reference""","""median_internal_fold_tau""",
2045,93,108,0,88.600791931152344,122.24928283691406,-1,2021-09-02 05:00:00,2021-09-02,2021-09-01 23:00:00,2021-08-31 23:00:00,False,False,False,True,187,154.61500000000001,"""DNN (MLP)""","""D1""",,,0,"""frozen_reference""","""median_internal_fold_tau""",
2046,115,117,0,101.02678680419922,142.75605773925781,-1,2021-09-02 06:00:00,2021-09-02,2021-09-01 23:00:00,2021-08-31 23:00:00,False,False,False,True,187,154.61500000000001,"""DNN (MLP)""","""D1""",,,0,"""frozen_reference""","""median_internal_fold_tau""",
2047,141,160,0,118.90866088867188,147.12333679199219,-1,2021-09-02 07:00:00,2021-09-02,2021-09-01 23:00:00,2021-08-31 23:00:00,False,False,False,True,187,154.61500000000001,"""DNN (MLP)""","""D1""",,,0,"""frozen_reference""","""median_internal_fold_tau""",
2048,166,171,0,179.59983825683594,209.02339172363281,-1,2021-09-02 08:00:00,2021-09-02,2021-09-01 23:00:00,2021-08-31 23:00:00,False,False,False,True,187,154.61500000000001,"""DNN (MLP)""","""D1""",,,1,"""frozen_reference""","""median_internal_fold_tau""",
2049,184,198,1,182.1280517578125,190.49557495117188,-1,2021-09-02 09:00:00,2021-09-02,2021-09-01 23:00:00,2021-08-31 23:00:00,False,False,False,True,187,154.61500000000001,"""DNN (MLP)""","""D1""",,,1,"""frozen_reference""","""median_internal_fold_tau""",
2050,179,188,1,176.15200805664062,189.41973876953125,-1,2021-09-02 10:00:00,2021-09-02,2021-09-01 23:00:00,2021-08-31 23:00:00,False,False,False,True,187,154.61500000000001,"""DNN (MLP)""","""D1""",,,1,"""frozen_reference""","""median_internal_fold_tau""",
2051,182,188,1,174.12591552734375,183.6854248046875,-1,2021-09-02 11:00:00,2021-09-02,2021-09-01 23:00:00,2021-08-31 23:00:00,False,False,False,True,187,154.61500000000001,"""DNN (MLP)""","""D1""",,,1,"""frozen_reference""","""median_internal_fold_tau""",
2052,112,130,0,113.86190032958984,144.14727783203125,-1,2021-09-02 12:00:00,2021-09-02,2021-09-01 23:00:00,2021-08-31 23:00:00,False,False,False,True,187,154.61500000000001,"""DNN (MLP)""","""D1""",,,0,"""frozen_reference""","""median_internal_fold_tau""",
2053,174,183,0,183.48490905761719,203.61573791503906,-1,2021-09-02 13:00:00,2021-09-02,2021-09-01 23:00:00,2021-08-31 23:00:00,False,False,False,True,187,154.61500000000001,"""DNN (MLP)""","""D1""",,,1,"""frozen_reference""","""median_internal_fold_tau""",
2054,192,195,1,178.27239990234375,186.83119201660156,-1,2021-09-02 14:00:00,2021-09-02,2021-09-01 23:00:00,2021-08-31 23:00:00,False,False,False,True,187,154.61500000000001,"""DNN (MLP)""","""D1""",,,1,"""frozen_reference""","""median_internal_fold_tau""",
2055,170,177,0,172.24803161621094,180.47331237792969,-1,2021-09-02 15:00:00,2021-09-02,2021-09-01 23:00:00,2021-08-31 23:00:00,False,False,False,True,187,154.61500000000001,"""DNN (MLP)""","""D1""",,,1,"""frozen_reference""","""median_internal_fold_tau""",
2056,174,181,0,172.95675659179688,180.38214111328125,-1,2021-09-02 16:00:00,2021-09-02,2021-09-01 23:00:00,2021-08-31 23:00:00,False,False,False,True,187,154.61500000000001,"""DNN (MLP)""","""D1""",,,1,"""frozen_reference""","""median_internal_fold_tau""",
2057,132,153,0,148.06768798828125,164.29754638671875,-1,2021-09-02 17:00:00,2021-09-02,2021-09-01 23:00:00,2021-08-31 23:00:00,False,False,False,True,187,154.61500000000001,"""DNN (MLP)""","""D1""",,,1,"""frozen_reference""","""median_internal_fold_tau""",
2058,159,167,0,166.56068420410156,166.75758361816406,-1,2021-09-02 18:00:00,2021-09-02,2021-09-01 23:00:00,2021-08-31 23:00:00,False,False,False,True,187,154.61500000000001,"""DNN (MLP)""","""D1""",,,1,"""frozen_reference""","""median_internal_fold_tau""",
2059,161,173,0,156.5537109375,158.59176635742188,-1,2021-09-02 19:00:00,2021-09-02,2021-09-01 23:00:00,2021-08-31 23:00:00,False,False,False,True,187,154.61500000000001,"""DNN (MLP)""","""D1""",,,1,"""frozen_reference""","""median_internal_fold_tau""",
2060,132,143,0,130.39358520507812,130.99102783203125,-1,2021-09-02 20:00:00,2021-09-02,2021-09-01 23:00:00,2021-08-31 23:00:00,False,False,False,True,187,154.61500000000001,"""DNN (MLP)""","""D1""",,,0,"""frozen_reference""","""median_internal_fold_tau""",
2061,131,138,0,122.02642822265625,129.38551330566406,-1,2021-09-02 21:00:00,2021-09-02,2021-09-01 23:00:00,2021-08-31 23:00:00,False,False,False,True,187,154.61500000000001,"""DNN (MLP)""","""D1""",,,0,"""frozen_reference""","""median_internal_fold_tau""",
2062,114,129,0,111.29904174804688,117.98189544677734,-1,2021-09-02 22:00:00,2021-09-02,2021-09-01 23:00:00,2021-08-31 23:00:00,False,False,False,True,187,154.61500000000001,"""DNN (MLP)""","""D1""",,,0,"""frozen_reference""","""median_internal_fold_tau""",
2063,119,129,0,105.01422119140625,113.93054962158203,-1,2021-09-02 23:00:00,2021-09-02,2021-09-01 23:00:00,2021-08-31 23:00:00,False,False,False,True,187,154.61500000000001,"""DNN (MLP)""","""D1""",,,0,"""frozen_reference""","""median_internal_fold_tau""",
2064,69,71,0,77.848060607910156,90.813156127929688,-1,2021-09-03 00:00:00,2021-09-03,2021-09-02 23:00:00,2021-08-31 23:00:00,False,False,False,True,187,154.61500000000001,"""DNN (MLP)""","""D1""",,,0,"""frozen_reference""","""median_internal_fold_tau""",
2065,109,119,0,94.257247924804688,111.11717224121094,-1,2021-09-03 01:00:00,2021-09-03,2021-09-02 23:00:00,2021-08-31 23:00:00,False,False,False,True,187,154.61500000000001,"""DNN (MLP)""","""D1""",,,0,"""frozen_reference""","""median_internal_fold_tau""",
2066,112,117,0,101.40837097167969,119.359619140625,-1,2021-09-03 02:00:00,2021-09-03,2021-09-02 23:00:00,2021-08-31 23:00:00,False,False,False,True,187,154.61500000000001,"""DNN (MLP)""","""D1""",,,0,"""frozen_reference""","""median_internal_fold_tau""",
2067,110,114,0,97.019454956054688,121.02979278564453,-1,2021-09-03 03:00:00,2021-09-03,2021-09-02 23:00:00,2021-08-31 23:00:00,False,False,False,True,187,154.61500000000001,"""DNN (MLP)""","""D1""",,,0,"""frozen_reference""","""median_internal_fold_tau""",
2068,107,113,0,98.807571411132812,126.45661926269531,-1,2021-09-03 04:00:00,2021-09-03,2021-09-02 23:00:00,2021-08-31 23:00:00,False,False,False,True,187,154.61500000000001,"""DNN (MLP)""","""D1""",,,0,"""frozen_reference""","""median_internal_fold_tau""",
2069,93,111,0,84.634941101074219,118.36904144287109,-1,2021-09-03 05:00:00,2021-09-03,2021-09-02 23:00:00,2021-08-31 23:00:00,False,False,False,True,187,154.61500000000001,"""DNN (MLP)""","""D1""",,,0,"""frozen_reference""","""median_internal_fold_tau""",
2070,107,114,0,100.162841796875,133.43875122070312,-1,2021-09-03 06:00:00,2021-09-03,2021-09-02 23:00:00,2021-08-31 23:00:00,False,False,False,True,187,154.61500000000001,"""DNN (MLP)""","""D1""",,,0,"""frozen_reference""","""median_internal_fold_tau""",
2071,134,147,0,120.97862243652344,150.67109680175781,-1,2021-09-03 07:00:00,2021-09-03,2021-09-02 23:00:00,2021-08-31 23:00:00,False,False,False,True,187,154.61500000000001,"""DNN (MLP)""","""D1""",,,0,"""frozen_reference""","""median_internal_fold_tau""",
2072,170,179,0,175.84162902832031,194.73318481445312,-1,2021-09-03 08:00:00,2021-09-03,2021-09-02 23:00:00,2021-08-31 23:00:00,False,False,False,True,187,154.61500000000001,"""DNN (MLP)""","""D1""",,,1,"""frozen_reference""","""median_internal_fold_tau""",
2073,171,178,0,167.46534729003906,192.08879089355469,-1,2021-09-03 09:00:00,2021-09-03,2021-09-02 23:00:00,2021-08-31 23:00:00,False,False,False,True,187,154.61500000000001,"""DNN (MLP)""","""D1""",,,1,"""frozen_reference""","""median_internal_fold_tau""",
2074,163,169,0,162.3765869140625,185.07463073730469,-1,2021-09-03 10:00:00,2021-09-03,2021-09-02 23:00:00,2021-08-31 23:00:00,False,False,False,True,187,154.61500000000001,"""DNN (MLP)""","""D1""",,,1,"""frozen_reference""","""median_internal_fold_tau""",
2075,187,190,1,159.62406921386719,182.40293884277344,-1,2021-09-03 11:00:00,2021-09-03,2021-09-02 23:00:00,2021-08-31 23:00:00,False,False,False,True,187,154.61500000000001,"""DNN (MLP)""","""D1""",,,1,"""frozen_reference""","""median_internal_fold_tau""",
2076,108,122,0,102.56791687011719,133.71278381347656,-1,2021-09-03 12:00:00,2021-09-03,2021-09-02 23:00:00,2021-08-31 23:00:00,False,False,False,True,187,154.61500000000001,"""DNN (MLP)""","""D1""",,,0,"""frozen_reference""","""median_internal_fold_tau""",
2077,169,176,0,172.2156982421875,193.17991638183594,-1,2021-09-03 13:00:00,2021-09-03,2021-09-02 23:00:00,2021-08-31 23:00:00,False,False,False,True,187,154.61500000000001,"""DNN (MLP)""","""D1""",,,1,"""frozen_reference""","""median_internal_fold_tau""",
2078,178,181,0,156.63343811035156,183.44163513183594,-1,2021-09-03 14:00:00,2021-09-03,2021-09-02 23:00:00,2021-08-31 23:00:00,False,False,False,True,187,154.61500000000001,"""DNN (MLP)""","""D1""",,,1,"""frozen_reference""","""median_internal_fold_tau""",
2079,154,162,0,162.59771728515625,183.81303405761719,-1,2021-09-03 15:00:00,2021-09-03,2021-09-02 23:00:00,2021-08-31 23:00:00,False,False,False,True,187,154.61500000000001,"""DNN (MLP)""","""D1""",,,1,"""frozen_reference""","""median_internal_fold_tau""",
2080,161,165,0,152.48220825195312,178.59632873535156,-1,2021-09-03 16:00:00,2021-09-03,2021-09-02 23:00:00,2021-08-31 23:00:00,False,False,False,True,187,154.61500000000001,"""DNN (MLP)""","""D1""",,,1,"""frozen_reference""","""median_internal_fold_tau""",
2081,147,170,0,132.89242553710938,160.59481811523438,-1,2021-09-03 17:00:00,2021-09-03,2021-09-02 23:00:00,2021-08-31 23:00:00,False,False,False,True,187,154.61500000000001,"""DNN (MLP)""","""D1""",,,1,"""frozen_reference""","""median_internal_fold_tau""",
2082,154,158,0,146.18611145019531,164.18367004394531,-1,2021-09-03 18:00:00,2021-09-03,2021-09-02 23:00:00,2021-08-31 23:00:00,False,False,False,True,187,154.61500000000001,"""DNN (MLP)""","""D1""",,,1,"""frozen_reference""","""median_internal_fold_tau""",
2083,143,156,0,142.53483581542969,157.88304138183594,-1,2021-09-03 19:00:00,2021-09-03,2021-09-02 23:00:00,2021-08-31 23:00:00,False,False,False,True,187,154.61500000000001,"""DNN (MLP)""","""D1""",,,1,"""frozen_reference""","""median_internal_fold_tau""",
2084,115,118,0,112.90390777587891,128.9794921875,-1,2021-09-03 20:00:00,2021-09-03,2021-09-02 23:00:00,2021-08-31 23:00:00,False,False,False,True,187,154.61500000000001,"""DNN (MLP)""","""D1""",,,0,"""frozen_reference""","""median_internal_fold_tau""",
2085,110,113,0,109.69355773925781,125.31156921386719,-1,2021-09-03 21:00:00,2021-09-03,2021-09-02 23:00:00,2021-08-31 23:00:00,False,False,False,True,187,154.61500000000001,"""DNN (MLP)""","""D1""",,,0,"""frozen_reference""","""median_internal_fold_tau""",
2086,105,119,0,107.22869110107422,120.32499694824219,-1,2021-09-03 22:00:00,2021-09-03,2021-09-02 23:00:00,2021-08-31 23:00:00,False,False,False,True,187,154.61500000000001,"""DNN (MLP)""","""D1""",,,0,"""frozen_reference""","""median_internal_fold_tau""",
2087,101,112,0,93.350471496582031,118.20290374755859,-1,2021-09-03 23:00:00,2021-09-03,2021-09-02 23:00:00,2021-08-31 23:00:00,False,False,False,True,187,154.61500000000001,"""DNN (MLP)""","""D1""",,,0,"""frozen_reference""","""median_internal_fold_tau""",
2088,64,69,0,69.139137268066406,96.452301025390625,-1,2021-09-04 00:00:00,2021-09-04,2021-09-03 23:00:00,2021-08-31 23:00:00,False,False,False,True,187,154.61500000000001,"""DNN (MLP)""","""D1""",,,0,"""frozen_reference""","""median_internal_fold_tau""",
2089,106,114,0,91.054534912109375,119.06993865966797,-1,2021-09-04 01:00:00,2021-09-04,2021-09-03 23:00:00,2021-08-31 23:00:00,False,False,False,True,187,154.61500000000001,"""DNN (MLP)""","""D1""",,,0,"""frozen_reference""","""median_internal_fold_tau""",
2090,104,107,0,91.002273559570312,124.58341217041016,-1,2021-09-04 02:00:00,2021-09-04,2021-09-03 23:00:00,2021-08-31 23:00:00,False,False,False,True,187,154.61500000000001,"""DNN (MLP)""","""D1""",,,0,"""frozen_reference""","""median_internal_fold_tau""",
2091,98,103,0,89.692695617675781,121.33649444580078,-1,2021-09-04 03:00:00,2021-09-04,2021-09-03 23:00:00,2021-08-31 23:00:00,False,False,False,True,187,154.61500000000001,"""DNN (MLP)""","""D1""",,,0,"""frozen_reference""","""median_internal_fold_tau""",
2092,109,112,0,87.212966918945312,119.56888580322266,-1,2021-09-04 04:00:00,2021-09-04,2021-09-03 23:00:00,2021-08-31 23:00:00,False,False,False,True,187,154.61500000000001,"""DNN (MLP)""","""D1""",,,0,"""frozen_reference""","""median_internal_fold_tau""",
2093,88,105,0,87.089096069335938,119.46533966064453,-1,2021-09-04 05:00:00,2021-09-04,2021-09-03 23:00:00,2021-08-31 23:00:00,False,False,False,True,187,154.61500000000001,"""DNN (MLP)""","""D1""",,,0,"""frozen_reference""","""median_internal_fold_tau""",
2094,111,116,0,76.116256713867188,112.51889801025391,-1,2021-09-04 06:00:00,2021-09-04,2021-09-03 23:00:00,2021-08-31 23:00:00,False,False,False,True,187,154.61500000000001,"""DNN (MLP)""","""D1""",,,0,"""frozen_reference""","""median_internal_fold_tau""",
2095,70,97,0,65.001289367675781,99.332061767578125,-1,2021-09-04 07:00:00,2021-09-04,2021-09-03 23:00:00,2021-08-31 23:00:00,False,False,False,True,187,154.61500000000001,"""DNN (MLP)""","""D1""",,,0,"""frozen_reference""","""median_internal_fold_tau""",
2096,33,37,0,7.9161500930786133,32.006080627441406,-1,2021-09-04 08:00:00,2021-09-04,2021-09-03 23:00:00,2021-08-31 23:00:00,False,False,False,True,187,154.61500000000001,"""DNN (MLP)""","""D1""",,,0,"""frozen_reference""","""median_internal_fold_tau""",
2097,32,32,0,21.419017791748047,29.734045028686523,-1,2021-09-04 09:00:00,2021-09-04,2021-09-03 23:00:00,2021-08-31 23:00:00,False,False,False,True,187,154.61500000000001,"""DNN (MLP)""","""D1""",,,0,"""frozen_reference""","""median_internal_fold_tau""",
2098,34,36,0,21.179660797119141,24.93977165222168,-1,2021-09-04 10:00:00,2021-09-04,2021-09-03 23:00:00,2021-08-31 23:00:00,False,False,False,True,187,154.61500000000001,"""DNN (MLP)""","""D1""",,,0,"""frozen_reference""","""median_internal_fold_tau""",
2099,32,32,0,15.408871650695801,20.866857528686523,-1,2021-09-04 11:00:00,2021-09-04,2021-09-03 23:00:00,2021-08-31 23:00:00,False,False,False,True,187,154.61500000000001,"""DNN (MLP)""","""D1""",,,0,"""frozen_reference""","""median_internal_fold_tau""",
2100,33,34,0,22.813404083251953,27.230031967163086,-1,2021-09-04 12:00:00,2021-09-04,2021-09-03 23:00:00,2021-08-31 23:00:00,False,False,False,True,187,154.61500000000001,"""DNN (MLP)""","""D1""",,,0,"""frozen_reference""","""median_internal_fold_tau""",
2101,34,37,0,9.0881242752075195,24.956747055053711,-1,2021-09-04 13:00:00,2021-09-04,2021-09-03 23:00:00,2021-08-31 23:00:00,False,False,False,True,187,154.61500000000001,"""DNN (MLP)""","""D1""",,,0,"""frozen_reference""","""median_internal_fold_tau""",
2102,34,35,0,13.761860847473145,19.738897323608398,-1,2021-09-04 14:00:00,2021-09-04,2021-09-03 23:00:00,2021-08-31 23:00:00,False,False,False,True,187,154.61500000000001,"""DNN (MLP)""","""D1""",,,0,"""frozen_reference""","""median_internal_fold_tau""",
2103,33,33,0,14.247273445129395,14.647047996520996,-1,2021-09-04 15:00:00,2021-09-04,2021-09-03 23:00:00,2021-08-31 23:00:00,False,False,False,True,187,154.61500000000001,"""DNN (MLP)""","""D1""",,,0,"""frozen_reference""","""median_internal_fold_tau""",
2104,36,43,0,14.229245185852051,18.732847213745117,-1,2021-09-04 16:00:00,2021-09-04,2021-09-03 23:00:00,2021-08-31 23:00:00,False,False,False,True,187,154.61500000000001,"""DNN (MLP)""","""D1""",,,0,"""frozen_reference""","""median_internal_fold_tau""",
2105,35,40,0,10.922223091125488,11.471503257751465,-1,2021-09-04 17:00:00,2021-09-04,2021-09-03 23:00:00,2021-08-31 23:00:00,False,False,False,True,187,154.61500000000001,"""DNN (MLP)""","""D1""",,,0,"""frozen_reference""","""median_internal_fold_tau""",
2106,26,29,0,9.7728166580200195,13.33640193939209,-1,2021-09-04 18:00:00,2021-09-04,2021-09-03 23:00:00,2021-08-31 23:00:00,False,False,False,True,187,154.61500000000001,"""DNN (MLP)""","""D1""",,,0,"""frozen_reference""","""median_internal_fold_tau""",
2107,23,25,0,8.1574831008911133,15.163931846618652,-1,2021-09-04 19:00:00,2021-09-04,2021-09-03 23:00:00,2021-08-31 23:00:00,False,False,False,True,187,154.61500000000001,"""DNN (MLP)""","""D1""",,,0,"""frozen_reference""","""median_internal_fold_tau""",
2108,25,27,0,11.338658332824707,20.436826705932617,-1,2021-09-04 20:00:00,2021-09-04,2021-09-03 23:00:00,2021-08-31 23:00:00,False,False,False,True,187,154.61500000000001,"""DNN (MLP)""","""D1""",,,0,"""frozen_reference""","""median_internal_fold_tau""",
2109,23,23,0,11.114079475402832,18.494421005249023,-1,2021-09-04 21:00:00,2021-09-04,2021-09-03 23:00:00,2021-08-31 23:00:00,False,False,False,True,187,154.61500000000001,"""DNN (MLP)""","""D1""",,,0,"""frozen_reference""","""median_internal_fold_tau""",
2110,23,23,0,8.8244905471801758,25.43275260925293,-1,2021-09-04 22:00:00,2021-09-04,2021-09-03 23:00:00,2021-08-31 23:00:00,False,False,False,True,187,154.61500000000001,"""DNN (MLP)""","""D1""",,,0,"""frozen_reference""","""median_internal_fold_tau""",
2111,23,23,0,10.259716987609863,32.478385925292969,-1,2021-09-04 23:00:00,2021-09-04,2021-09-03 23:00:00,2021-08-31 23:00:00,False,False,False,True,187,154.61500000000001,"""DNN (MLP)""","""D1""",,,0,"""frozen_reference""","""median_internal_fold_tau""",
2112,24,26,0,46.010177612304688,27.120824813842773,-1,2021-09-05 00:00:00,2021-09-05,2021-09-04 23:00:00,2021-08-31 23:00:00,False,False,False,True,187,154.61500000000001,"""DNN (MLP)""","""D1""",,,0,"""frozen_reference""","""median_internal_fold_tau""",
2113,22,22,0,33.938285827636719,22.199674606323242,-1,2021-09-05 01:00:00,2021-09-05,2021-09-04 23:00:00,2021-08-31 23:00:00,False,False,False,True,187,154.61500000000001,"""DNN (MLP)""","""D1""",,,0,"""frozen_reference""","""median_internal_fold_tau""",
2114,22,22,0,35.476337432861328,20.74275016784668,-1,2021-09-05 02:00:00,2021-09-05,2021-09-04 23:00:00,2021-08-31 23:00:00,False,False,False,True,187,154.61500000000001,"""DNN (MLP)""","""D1""",,,0,"""frozen_reference""","""median_internal_fold_tau""",
2115,22,22,0,36.493679046630859,24.617040634155273,-1,2021-09-05 03:00:00,2021-09-05,2021-09-04 23:00:00,2021-08-31 23:00:00,False,False,False,True,187,154.61500000000001,"""DNN (MLP)""","""D1""",,,0,"""frozen_reference""","""median_internal_fold_tau""",
2116,24,27,0,37.158012390136719,20.578916549682617,-1,2021-09-05 04:00:00,2021-09-05,2021-09-04 23:00:00,2021-08-31 23:00:00,False,False,False,True,187,154.61500000000001,"""DNN (MLP)""","""D1""",,,0,"""frozen_reference""","""median_internal_fold_tau""",
2117,22,22,0,44.087089538574219,19.887662887573242,-1,2021-09-05 05:00:00,2021-09-05,2021-09-04 23:00:00,2021-08-31 23:00:00,False,False,False,True,187,154.61500000000001,"""DNN (MLP)""","""D1""",,,0,"""frozen_reference""","""median_internal_fold_tau""",
2118,22,22,0,41.070869445800781,22.782369613647461,-1,2021-09-05 06:00:00,2021-09-05,2021-09-04 23:00:00,2021-08-31 23:00:00,False,False,False,True,187,154.61500000000001,"""DNN (MLP)""","""D1""",,,0,"""frozen_reference""","""median_internal_fold_tau""",
2119,22,22,0,50.986701965332031,25.232519149780273,-1,2021-09-05 07:00:00,2021-09-05,2021-09-04 23:00:00,2021-08-31 23:00:00,False,False,False,True,187,154.61500000000001,"""DNN (MLP)""","""D1""",,,0,"""frozen_reference""","""median_internal_fold_tau""",
2120,25,27,0,51.594112396240234,18.695417404174805,-1,2021-09-05 08:00:00,2021-09-05,2021-09-04 23:00:00,2021-08-31 23:00:00,False,False,False,True,187,154.61500000000001,"""DNN (MLP)""","""D1""",,,0,"""frozen_reference""","""median_internal_fold_tau""",
2121,22,23,0,73.328048706054688,29.371526718139648,-1,2021-09-05 09:00:00,2021-09-05,2021-09-04 23:00:00,2021-08-31 23:00:00,False,False,False,True,187,154.61500000000001,"""DNN (MLP)""","""D1""",,,0,"""frozen_reference""","""median_internal_fold_tau""",
2122,22,22,0,75.877578735351562,37.820640563964844,-1,2021-09-05 10:00:00,2021-09-05,2021-09-04 23:00:00,2021-08-31 23:00:00,False,False,False,True,187,154.61500000000001,"""DNN (MLP)""","""D1""",,,0,"""frozen_reference""","""median_internal_fold_tau""",
2123,22,22,0,60.899738311767578,29.016057968139648,-1,2021-09-05 11:00:00,2021-09-05,2021-09-04 23:00:00,2021-08-31 23:00:00,False,False,False,True,187,154.61500000000001,"""DNN (MLP)""","""D1""",,,0,"""frozen_reference""","""median_internal_fold_tau""",
2124,24,26,0,71.693038940429688,44.527786254882812,-1,2021-09-05 12:00:00,2021-09-05,2021-09-04 23:00:00,2021-08-31 23:00:00,False,False,False,True,187,154.61500000000001,"""DNN (MLP)""","""D1""",,,0,"""frozen_reference""","""median_internal_fold_tau""",
2125,22,23,0,57.435935974121094,25.715116500854492,-1,2021-09-05 13:00:00,2021-09-05,2021-09-04 23:00:00,2021-08-31 23:00:00,False,False,False,True,187,154.61500000000001,"""DNN (MLP)""","""D1""",,,0,"""frozen_reference""","""median_internal_fold_tau""",
2126,23,23,0,55.542881011962891,30.945707321166992,-1,2021-09-05 14:00:00,2021-09-05,2021-09-04 23:00:00,2021-08-31 23:00:00,False,False,False,True,187,154.61500000000001,"""DNN (MLP)""","""D1""",,,0,"""frozen_reference""","""median_internal_fold_tau""",
2127,24,28,0,53.660896301269531,26.651433944702148,-1,2021-09-05 15:00:00,2021-09-05,2021-09-04 23:00:00,2021-08-31 23:00:00,False,False,False,True,187,154.61500000000001,"""DNN (MLP)""","""D1""",,,0,"""frozen_reference""","""median_internal_fold_tau""",
2128,23,25,0,48.878013610839844,20.768461227416992,-1,2021-09-05 16:00:00,2021-09-05,2021-09-04 23:00:00,2021-08-31 23:00:00,False,False,False,True,187,154.61500000000001,"""DNN (MLP)""","""D1""",,,0,"""frozen_reference""","""median_internal_fold_tau""",
2129,23,23,0,43.068855285644531,17.579748153686523,-1,2021-09-05 17:00:00,2021-09-05,2021-09-04 23:00:00,2021-08-31 23:00:00,False,False,False,True,187,154.61500000000001,"""DNN (MLP)""","""D1""",,,0,"""frozen_reference""","""median_internal_fold_tau""",
2130,22,22,0,43.89697265625,15.360594749450684,-1,2021-09-05 18:00:00,2021-09-05,2021-09-04 23:00:00,2021-08-31 23:00:00,False,False,False,True,187,154.61500000000001,"""DNN (MLP)""","""D1""",,,0,"""frozen_reference""","""median_internal_fold_tau""",
2131,24,27,0,44.066188812255859,13.395384788513184,-1,2021-09-05 19:00:00,2021-09-05,2021-09-04 23:00:00,2021-08-31 23:00:00,False,False,False,True,187,154.61500000000001,"""DNN (MLP)""","""D1""",,,0,"""frozen_reference""","""median_internal_fold_tau""",
2132,23,23,0,48.086780548095703,22.062551498413086,-1,2021-09-05 20:00:00,2021-09-05,2021-09-04 23:00:00,2021-08-31 23:00:00,False,False,False,True,187,154.61500000000001,"""DNN (MLP)""","""D1""",,,0,"""frozen_reference""","""median_internal_fold_tau""",
2133,23,23,0,50.205467224121094,22.685285568237305,-1,2021-09-05 21:00:00,2021-09-05,2021-09-04 23:00:00,2021-08-31 23:00:00,False,False,False,True,187,154.61500000000001,"""DNN (MLP)""","""D1""",,,0,"""frozen_reference""","""median_internal_fold_tau""",
2134,24,27,0,49.422870635986328,20.297216415405273,-1,2021-09-05 22:00:00,2021-09-05,2021-09-04 23:00:00,2021-08-31 23:00:00,False,False,False,True,187,154.61500000000001,"""DNN (MLP)""","""D1""",,,0,"""frozen_reference""","""median_internal_fold_tau""",
2135,23,24,0,49.353054046630859,25.95643424987793,-1,2021-09-05 23:00:00,2021-09-05,2021-09-04 23:00:00,2021-08-31 23:00:00,False,False,False,True,187,154.61500000000001,"""DNN (MLP)""","""D1""",,,0,"""frozen_reference""","""median_internal_fold_tau""",
2136,22,22,0,18.405605316162109,18.849752426147461,-1,2021-09-06 00:00:00,2021-09-06,2021-09-05 23:00:00,2021-08-31 23:00:00,False,False,False,True,187,154.61500000000001,"""DNN (MLP)""","""D1""",,,0,"""frozen_reference""","""median_internal_fold_tau""",
2137,22,22,0,16.151981353759766,16.609235763549805,-1,2021-09-06 01:00:00,2021-09-06,2021-09-05 23:00:00,2021-08-31 23:00:00,False,False,False,True,187,154.61500000000001,"""DNN (MLP)""","""D1""",,,0,"""frozen_reference""","""median_internal_fold_tau""",
2138,24,27,0,16.174968719482422,18.13691520690918,-1,2021-09-06 02:00:00,2021-09-06,2021-09-05 23:00:00,2021-08-31 23:00:00,False,False,False,True,187,154.61500000000001,"""DNN (MLP)""","""D1""",,,0,"""frozen_reference""","""median_internal_fold_tau""",
2139,22,22,0,16.399845123291016,23.306745529174805,-1,2021-09-06 03:00:00,2021-09-06,2021-09-05 23:00:00,2021-08-31 23:00:00,False,False,False,True,187,154.61500000000001,"""DNN (MLP)""","""D1""",,,0,"""frozen_reference""","""median_internal_fold_tau""",
2140,22,22,0,16.299480438232422,23.736379623413086,-1,2021-09-06 04:00:00,2021-09-06,2021-09-05 23:00:00,2021-08-31 23:00:00,False,False,False,True,187,154.61500000000001,"""DNN (MLP)""","""D1""",,,0,"""frozen_reference""","""median_internal_fold_tau""",
2141,23,24,0,20.512119293212891,29.129964828491211,-1,2021-09-06 05:00:00,2021-09-06,2021-09-05 23:00:00,2021-08-31 23:00:00,False,False,False,True,187,154.61500000000001,"""DNN (MLP)""","""D1""",,,0,"""frozen_reference""","""median_internal_fold_tau""",
2142,24,26,0,21.434467315673828,27.719976425170898,-1,2021-09-06 06:00:00,2021-09-06,2021-09-05 23:00:00,2021-08-31 23:00:00,False,False,False,True,187,154.61500000000001,"""DNN (MLP)""","""D1""",,,0,"""frozen_reference""","""median_internal_fold_tau""",
2143,52,81,0,44.552536010742188,71.217109680175781,-1,2021-09-06 07:00:00,2021-09-06,2021-09-05 23:00:00,2021-08-31 23:00:00,False,False,False,True,187,154.61500000000001,"""DNN (MLP)""","""D1""",,,0,"""frozen_reference""","""median_internal_fold_tau""",
2144,171,180,0,187.05781555175781,194.47747802734375,-1,2021-09-06 08:00:00,2021-09-06,2021-09-05 23:00:00,2021-08-31 23:00:00,False,False,False,True,187,154.61500000000001,"""DNN (MLP)""","""D1""",,,1,"""frozen_reference""","""median_internal_fold_tau""",
2145,157,165,0,166.09153747558594,173.48056030273438,-1,2021-09-06 09:00:00,2021-09-06,2021-09-05 23:00:00,2021-08-31 23:00:00,False,False,False,True,187,154.61500000000001,"""DNN (MLP)""","""D1""",,,1,"""frozen_reference""","""median_internal_fold_tau""",
2146,171,190,1,168.19557189941406,183.25473022460938,-1,2021-09-06 10:00:00,2021-09-06,2021-09-05 23:00:00,2021-08-31 23:00:00,False,False,False,True,187,154.61500000000001,"""DNN (MLP)""","""D1""",,,1,"""frozen_reference""","""median_internal_fold_tau""",
2147,176,180,0,172.30125427246094,171.71589660644531,-1,2021-09-06 11:00:00,2021-09-06,2021-09-05 23:00:00,2021-08-31 23:00:00,False,False,False,True,187,154.61500000000001,"""DNN (MLP)""","""D1""",,,1,"""frozen_reference""","""median_internal_fold_tau""",
2148,109,124,0,126.76868438720703,161.51988220214844,-1,2021-09-06 12:00:00,2021-09-06,2021-09-05 23:00:00,2021-08-31 23:00:00,False,False,False,True,187,154.61500000000001,"""DNN (MLP)""","""D1""",,,1,"""frozen_reference""","""median_internal_fold_tau""",
2149,160,164,0,169.28663635253906,188.01896667480469,-1,2021-09-06 13:00:00,2021-09-06,2021-09-05 23:00:00,2021-08-31 23:00:00,False,False,False,True,187,154.61500000000001,"""DNN (MLP)""","""D1""",,,1,"""frozen_reference""","""median_internal_fold_tau""",
2150,160,163,0,160.83984375,161.55650329589844,-1,2021-09-06 14:00:00,2021-09-06,2021-09-05 23:00:00,2021-08-31 23:00:00,False,False,False,True,187,154.61500000000001,"""DNN (MLP)""","""D1""",,,1,"""frozen_reference""","""median_internal_fold_tau""",
2151,158,171,0,151.07635498046875,178.15022277832031,-1,2021-09-06 15:00:00,2021-09-06,2021-09-05 23:00:00,2021-08-31 23:00:00,False,False,False,True,187,154.61500000000001,"""DNN (MLP)""","""D1""",,,1,"""frozen_reference""","""median_internal_fold_tau""",
2152,146,152,0,151.15956115722656,173.44728088378906,-1,2021-09-06 16:00:00,2021-09-06,2021-09-05 23:00:00,2021-08-31 23:00:00,False,False,False,True,187,154.61500000000001,"""DNN (MLP)""","""D1""",,,1,"""frozen_reference""","""median_internal_fold_tau""",
2153,128,148,0,132.2740478515625,162.88447570800781,-1,2021-09-06 17:00:00,2021-09-06,2021-09-05 23:00:00,2021-08-31 23:00:00,False,False,False,True,187,154.61500000000001,"""DNN (MLP)""","""D1""",,,1,"""frozen_reference""","""median_internal_fold_tau""",
2154,152,154,0,148.33769226074219,161.51844787597656,-1,2021-09-06 18:00:00,2021-09-06,2021-09-05 23:00:00,2021-08-31 23:00:00,False,False,False,True,187,154.61500000000001,"""DNN (MLP)""","""D1""",,,1,"""frozen_reference""","""median_internal_fold_tau""",
2155,135,145,0,142.48663330078125,155.57542419433594,-1,2021-09-06 19:00:00,2021-09-06,2021-09-05 23:00:00,2021-08-31 23:00:00,False,False,False,True,187,154.61500000000001,"""DNN (MLP)""","""D1""",,,1,"""frozen_reference""","""median_internal_fold_tau""",
2156,121,128,0,120.59024810791016,131.01727294921875,-1,2021-09-06 20:00:00,2021-09-06,2021-09-05 23:00:00,2021-08-31 23:00:00,False,False,False,True,187,154.61500000000001,"""DNN (MLP)""","""D1""",,,0,"""frozen_reference""","""median_internal_fold_tau""",
2157,123,133,0,120.76582336425781,132.12515258789062,-1,2021-09-06 21:00:00,2021-09-06,2021-09-05 23:00:00,2021-08-31 23:00:00,False,False,False,True,187,154.61500000000001,"""DNN (MLP)""","""D1""",,,0,"""frozen_reference""","""median_internal_fold_tau""",
2158,110,114,0,116.26600646972656,121.26380920410156,-1,2021-09-06 22:00:00,2021-09-06,2021-09-05 23:00:00,2021-08-31 23:00:00,False,False,False,True,187,154.61500000000001,"""DNN (MLP)""","""D1""",,,0,"""frozen_reference""","""median_internal_fold_tau""",
2159,104,118,0,111.99838256835938,118.86815643310547,-1,2021-09-06 23:00:00,2021-09-06,2021-09-05 23:00:00,2021-08-31 23:00:00,False,False,False,True,187,154.61500000000001,"""DNN (MLP)""","""D1""",,,0,"""frozen_reference""","""median_internal_fold_tau""",
2160,72,74,0,92.750900268554688,85.603385925292969,-1,2021-09-07 00:00:00,2021-09-07,2021-09-06 23:00:00,2021-08-31 23:00:00,False,False,False,True,187,154.61500000000001,"""DNN (MLP)""","""D1""",,,0,"""frozen_reference""","""median_internal_fold_tau""",
2161,109,121,0,110.80686187744141,105.63606262207031,-1,2021-09-07 01:00:00,2021-09-07,2021-09-06 23:00:00,2021-08-31 23:00:00,False,False,False,True,187,154.61500000000001,"""DNN (MLP)""","""D1""",,,0,"""frozen_reference""","""median_internal_fold_tau""",
2162,111,118,0,112.64235687255859,117.02068328857422,-1,2021-09-07 02:00:00,2021-09-07,2021-09-06 23:00:00,2021-08-31 23:00:00,False,False,False,True,187,154.61500000000001,"""DNN (MLP)""","""D1""",,,0,"""frozen_reference""","""median_internal_fold_tau""",
2163,109,123,0,109.59730529785156,117.88948822021484,-1,2021-09-07 03:00:00,2021-09-07,2021-09-06 23:00:00,2021-08-31 23:00:00,False,False,False,True,187,154.61500000000001,"""DNN (MLP)""","""D1""",,,0,"""frozen_reference""","""median_internal_fold_tau""",
2164,109,120,0,116.06767272949219,119.27545166015625,-1,2021-09-07 04:00:00,2021-09-07,2021-09-06 23:00:00,2021-08-31 23:00:00,False,False,False,True,187,154.61500000000001,"""DNN (MLP)""","""D1""",,,0,"""frozen_reference""","""median_internal_fold_tau""",
2165,96,116,0,113.45429992675781,122.28536987304688,-1,2021-09-07 05:00:00,2021-09-07,2021-09-06 23:00:00,2021-08-31 23:00:00,False,False,False,True,187,154.61500000000001,"""DNN (MLP)""","""D1""",,,0,"""frozen_reference""","""median_internal_fold_tau""",
2166,115,124,0,117.31737518310547,129.75679016113281,-1,2021-09-07 06:00:00,2021-09-07,2021-09-06 23:00:00,2021-08-31 23:00:00,False,False,False,True,187,154.61500000000001,"""DNN (MLP)""","""D1""",,,0,"""frozen_reference""","""median_internal_fold_tau""",
2167,140,160,0,116.59445190429688,146.33982849121094,-1,2021-09-07 07:00:00,2021-09-07,2021-09-06 23:00:00,2021-08-31 23:00:00,False,False,False,True,187,154.61500000000001,"""DNN (MLP)""","""D1""",,,0,"""frozen_reference""","""median_internal_fold_tau""",
2168,173,192,1,171.85054016113281,198.49510192871094,-1,2021-09-07 08:00:00,2021-09-07,2021-09-06 23:00:00,2021-08-31 23:00:00,False,False,False,True,187,154.61500000000001,"""DNN (MLP)""","""D1""",,,1,"""frozen_reference""","""median_internal_fold_tau""",
2169,170,174,0,158.44273376464844,175.92013549804688,-1,2021-09-07 09:00:00,2021-09-07,2021-09-06 23:00:00,2021-08-31 23:00:00,False,False,False,True,187,154.61500000000001,"""DNN (MLP)""","""D1""",,,1,"""frozen_reference""","""median_internal_fold_tau""",
2170,164,178,0,164.32827758789062,179.20407104492188,-1,2021-09-07 10:00:00,2021-09-07,2021-09-06 23:00:00,2021-08-31 23:00:00,False,False,False,True,187,154.61500000000001,"""DNN (MLP)""","""D1""",,,1,"""frozen_reference""","""median_internal_fold_tau""",
2171,174,183,0,169.50054931640625,181.45872497558594,-1,2021-09-07 11:00:00,2021-09-07,2021-09-06 23:00:00,2021-08-31 23:00:00,False,False,False,True,187,154.61500000000001,"""DNN (MLP)""","""D1""",,,1,"""frozen_reference""","""median_internal_fold_tau""",
2172,116,140,0,122.75318145751953,158.71015930175781,-1,2021-09-07 12:00:00,2021-09-07,2021-09-06 23:00:00,2021-08-31 23:00:00,False,False,False,True,187,154.61500000000001,"""DNN (MLP)""","""D1""",,,1,"""frozen_reference""","""median_internal_fold_tau""",
2173,181,189,1,169.91632080078125,193.38226318359375,-1,2021-09-07 13:00:00,2021-09-07,2021-09-06 23:00:00,2021-08-31 23:00:00,False,False,False,True,187,154.61500000000001,"""DNN (MLP)""","""D1""",,,1,"""frozen_reference""","""median_internal_fold_tau""",
2174,182,191,1,172.719970703125,176.68266296386719,-1,2021-09-07 14:00:00,2021-09-07,2021-09-06 23:00:00,2021-08-31 23:00:00,False,False,False,True,187,154.61500000000001,"""DNN (MLP)""","""D1""",,,1,"""frozen_reference""","""median_internal_fold_tau""",
2175,166,174,0,165.36274719238281,165.79808044433594,-1,2021-09-07 15:00:00,2021-09-07,2021-09-06 23:00:00,2021-08-31 23:00:00,False,False,False,True,187,154.61500000000001,"""DNN (MLP)""","""D1""",,,1,"""frozen_reference""","""median_internal_fold_tau""",
2176,160,167,0,165.29299926757812,162.42732238769531,-1,2021-09-07 16:00:00,2021-09-07,2021-09-06 23:00:00,2021-08-31 23:00:00,False,False,False,True,187,154.61500000000001,"""DNN (MLP)""","""D1""",,,1,"""frozen_reference""","""median_internal_fold_tau""",
2177,135,161,0,133.04197692871094,140.51666259765625,-1,2021-09-07 17:00:00,2021-09-07,2021-09-06 23:00:00,2021-08-31 23:00:00,False,False,False,True,187,154.61500000000001,"""DNN (MLP)""","""D1""",,,0,"""frozen_reference""","""median_internal_fold_tau""",
2178,156,165,0,155.27558898925781,134.28666687011719,-1,2021-09-07 18:00:00,2021-09-07,2021-09-06 23:00:00,2021-08-31 23:00:00,False,False,False,True,187,154.61500000000001,"""DNN (MLP)""","""D1""",,,0,"""frozen_reference""","""median_internal_fold_tau""",
2179,152,158,0,143.24380493164062,136.91519165039062,-1,2021-09-07 19:00:00,2021-09-07,2021-09-06 23:00:00,2021-08-31 23:00:00,False,False,False,True,187,154.61500000000001,"""DNN (MLP)""","""D1""",,,0,"""frozen_reference""","""median_internal_fold_tau""",
2180,134,141,0,133.6904296875,121.0435791015625,-1,2021-09-07 20:00:00,2021-09-07,2021-09-06 23:00:00,2021-08-31 23:00:00,False,False,False,True,187,154.61500000000001,"""DNN (MLP)""","""D1""",,,0,"""frozen_reference""","""median_internal_fold_tau""",
2181,131,134,0,122.13998413085938,117.57485961914062,-1,2021-09-07 21:00:00,2021-09-07,2021-09-06 23:00:00,2021-08-31 23:00:00,False,False,False,True,187,154.61500000000001,"""DNN (MLP)""","""D1""",,,0,"""frozen_reference""","""median_internal_fold_tau""",
2182,115,122,0,110.40573883056641,111.19770050048828,-1,2021-09-07 22:00:00,2021-09-07,2021-09-06 23:00:00,2021-08-31 23:00:00,False,False,False,True,187,154.61500000000001,"""DNN (MLP)""","""D1""",,,0,"""frozen_reference""","""median_internal_fold_tau""",
2183,111,126,0,105.34072875976562,106.63921356201172,-1,2021-09-07 23:00:00,2021-09-07,2021-09-06 23:00:00,2021-08-31 23:00:00,False,False,False,True,187,154.61500000000001,"""DNN (MLP)""","""D1""",,,0,"""frozen_reference""","""median_internal_fold_tau""",
2184,72,78,0,81.707061767578125,80.276176452636719,-1,2021-09-08 00:00:00,2021-09-08,2021-09-07 23:00:00,2021-08-31 23:00:00,False,False,False,True,187,154.61500000000001,"""DNN (MLP)""","""D1""",,,0,"""frozen_reference""","""median_internal_fold_tau""",
2185,110,115,0,106.49823760986328,110.8365478515625,-1,2021-09-08 01:00:00,2021-09-08,2021-09-07 23:00:00,2021-08-31 23:00:00,False,False,False,True,187,154.61500000000001,"""DNN (MLP)""","""D1""",,,0,"""frozen_reference""","""median_internal_fold_tau""",
2186,118,126,0,104.92213439941406,111.89642333984375,-1,2021-09-08 02:00:00,2021-09-08,2021-09-07 23:00:00,2021-08-31 23:00:00,False,False,False,True,187,154.61500000000001,"""DNN (MLP)""","""D1""",,,0,"""frozen_reference""","""median_internal_fold_tau""",
2187,112,122,0,101.00951385498047,110.62932586669922,-1,2021-09-08 03:00:00,2021-09-08,2021-09-07 23:00:00,2021-08-31 23:00:00,False,False,False,True,187,154.61500000000001,"""DNN (MLP)""","""D1""",,,0,"""frozen_reference""","""median_internal_fold_tau""",
2188,113,116,0,105.49973297119141,117.23965454101562,-1,2021-09-08 04:00:00,2021-09-08,2021-09-07 23:00:00,2021-08-31 23:00:00,False,False,False,True,187,154.61500000000001,"""DNN (MLP)""","""D1""",,,0,"""frozen_reference""","""median_internal_fold_tau""",
2189,97,109,0,98.227951049804688,114.38363647460938,-1,2021-09-08 05:00:00,2021-09-08,2021-09-07 23:00:00,2021-08-31 23:00:00,False,False,False,True,187,154.61500000000001,"""DNN (MLP)""","""D1""",,,0,"""frozen_reference""","""median_internal_fold_tau""",
2190,118,123,0,110.08811187744141,125.77304077148438,-1,2021-09-08 06:00:00,2021-09-08,2021-09-07 23:00:00,2021-08-31 23:00:00,False,False,False,True,187,154.61500000000001,"""DNN (MLP)""","""D1""",,,0,"""frozen_reference""","""median_internal_fold_tau""",
2191,135,154,0,130.36703491210938,158.96556091308594,-1,2021-09-08 07:00:00,2021-09-08,2021-09-07 23:00:00,2021-08-31 23:00:00,False,False,False,True,187,154.61500000000001,"""DNN (MLP)""","""D1""",,,1,"""frozen_reference""","""median_internal_fold_tau""",
2192,171,181,0,183.48899841308594,199.13276672363281,-1,2021-09-08 08:00:00,2021-09-08,2021-09-07 23:00:00,2021-08-31 23:00:00,False,False,False,True,187,154.61500000000001,"""DNN (MLP)""","""D1""",,,1,"""frozen_reference""","""median_internal_fold_tau""",
2193,160,163,0,173.31954956054688,177.61863708496094,-1,2021-09-08 09:00:00,2021-09-08,2021-09-07 23:00:00,2021-08-31 23:00:00,False,False,False,True,187,154.61500000000001,"""DNN (MLP)""","""D1""",,,1,"""frozen_reference""","""median_internal_fold_tau""",
2194,152,160,0,176.4676513671875,187.48991394042969,-1,2021-09-08 10:00:00,2021-09-08,2021-09-07 23:00:00,2021-08-31 23:00:00,False,False,False,True,187,154.61500000000001,"""DNN (MLP)""","""D1""",,,1,"""frozen_reference""","""median_internal_fold_tau""",
2195,156,168,0,173.48020935058594,188.81167602539062,-1,2021-09-08 11:00:00,2021-09-08,2021-09-07 23:00:00,2021-08-31 23:00:00,False,False,False,True,187,154.61500000000001,"""DNN (MLP)""","""D1""",,,1,"""frozen_reference""","""median_internal_fold_tau""",
2196,25,63,0,113.28681182861328,140.15362548828125,-1,2021-09-08 12:00:00,2021-09-08,2021-09-07 23:00:00,2021-08-31 23:00:00,False,False,False,True,187,154.61500000000001,"""DNN (MLP)""","""D1""",,,0,"""frozen_reference""","""median_internal_fold_tau""",
2197,152,165,0,183.59780883789062,201.72944641113281,-1,2021-09-08 13:00:00,2021-09-08,2021-09-07 23:00:00,2021-08-31 23:00:00,False,False,False,True,187,154.61500000000001,"""DNN (MLP)""","""D1""",,,1,"""frozen_reference""","""median_internal_fold_tau""",
2198,165,178,0,169.81561279296875,181.88514709472656,-1,2021-09-08 14:00:00,2021-09-08,2021-09-07 23:00:00,2021-08-31 23:00:00,False,False,False,True,187,154.61500000000001,"""DNN (MLP)""","""D1""",,,1,"""frozen_reference""","""median_internal_fold_tau""",
2199,165,183,0,170.00807189941406,188.4627685546875,-1,2021-09-08 15:00:00,2021-09-08,2021-09-07 23:00:00,2021-08-31 23:00:00,False,False,False,True,187,154.61500000000001,"""DNN (MLP)""","""D1""",,,1,"""frozen_reference""","""median_internal_fold_tau""",
2200,166,170,0,158.27276611328125,184.21176147460938,-1,2021-09-08 16:00:00,2021-09-08,2021-09-07 23:00:00,2021-08-31 23:00:00,False,False,False,True,187,154.61500000000001,"""DNN (MLP)""","""D1""",,,1,"""frozen_reference""","""median_internal_fold_tau""",
2201,144,182,0,141.19000244140625,176.89627075195312,-1,2021-09-08 17:00:00,2021-09-08,2021-09-07 23:00:00,2021-08-31 23:00:00,False,False,False,True,187,154.61500000000001,"""DNN (MLP)""","""D1""",,,1,"""frozen_reference""","""median_internal_fold_tau""",
2202,164,170,0,152.04850769042969,158.11614990234375,-1,2021-09-08 18:00:00,2021-09-08,2021-09-07 23:00:00,2021-08-31 23:00:00,False,False,False,True,187,154.61500000000001,"""DNN (MLP)""","""D1""",,,1,"""frozen_reference""","""median_internal_fold_tau""",
2203,150,163,0,150.88591003417969,163.46058654785156,-1,2021-09-08 19:00:00,2021-09-08,2021-09-07 23:00:00,2021-08-31 23:00:00,False,False,False,True,187,154.61500000000001,"""DNN (MLP)""","""D1""",,,1,"""frozen_reference""","""median_internal_fold_tau""",
2204,103,111,0,127.37117004394531,134.164306640625,-1,2021-09-08 20:00:00,2021-09-08,2021-09-07 23:00:00,2021-08-31 23:00:00,False,False,False,True,187,154.61500000000001,"""DNN (MLP)""","""D1""",,,0,"""frozen_reference""","""median_internal_fold_tau""",
2205,122,127,0,121.74549102783203,130.82807922363281,-1,2021-09-08 21:00:00,2021-09-08,2021-09-07 23:00:00,2021-08-31 23:00:00,False,False,False,True,187,154.61500000000001,"""DNN (MLP)""","""D1""",,,0,"""frozen_reference""","""median_internal_fold_tau""",
2206,106,116,0,119.10883331298828,115.59733581542969,-1,2021-09-08 22:00:00,2021-09-08,2021-09-07 23:00:00,2021-08-31 23:00:00,False,False,False,True,187,154.61500000000001,"""DNN (MLP)""","""D1""",,,0,"""frozen_reference""","""median_internal_fold_tau""",
2207,101,111,0,107.49586486816406,116.15383148193359,-1,2021-09-08 23:00:00,2021-09-08,2021-09-07 23:00:00,2021-08-31 23:00:00,False,False,False,True,187,154.61500000000001,"""DNN (MLP)""","""D1""",,,0,"""frozen_reference""","""median_internal_fold_tau""",
2208,72,79,0,82.737274169921875,98.275726318359375,-1,2021-09-09 00:00:00,2021-09-09,2021-09-08 23:00:00,2021-08-31 23:00:00,False,False,False,True,187,154.61500000000001,"""DNN (MLP)""","""D1""",,,0,"""frozen_reference""","""median_internal_fold_tau""",
2209,97,99,0,93.460060119628906,127.35455322265625,-1,2021-09-09 01:00:00,2021-09-09,2021-09-08 23:00:00,2021-08-31 23:00:00,False,False,False,True,187,154.61500000000001,"""DNN (MLP)""","""D1""",,,0,"""frozen_reference""","""median_internal_fold_tau""",
2210,110,114,0,97.829902648925781,129.25999450683594,-1,2021-09-09 02:00:00,2021-09-09,2021-09-08 23:00:00,2021-08-31 23:00:00,False,False,False,True,187,154.61500000000001,"""DNN (MLP)""","""D1""",,,0,"""frozen_reference""","""median_internal_fold_tau""",
2211,109,116,0,96.725791931152344,131.80694580078125,-1,2021-09-09 03:00:00,2021-09-09,2021-09-08 23:00:00,2021-08-31 23:00:00,False,False,False,True,187,154.61500000000001,"""DNN (MLP)""","""D1""",,,0,"""frozen_reference""","""median_internal_fold_tau""",
2212,107,114,0,101.85086822509766,134.454345703125,-1,2021-09-09 04:00:00,2021-09-09,2021-09-08 23:00:00,2021-08-31 23:00:00,False,False,False,True,187,154.61500000000001,"""DNN (MLP)""","""D1""",,,0,"""frozen_reference""","""median_internal_fold_tau""",
2213,92,109,0,94.327140808105469,130.59817504882812,-1,2021-09-09 05:00:00,2021-09-09,2021-09-08 23:00:00,2021-08-31 23:00:00,False,False,False,True,187,154.61500000000001,"""DNN (MLP)""","""D1""",,,0,"""frozen_reference""","""median_internal_fold_tau""",
2214,119,121,0,109.53829193115234,142.74514770507812,-1,2021-09-09 06:00:00,2021-09-09,2021-09-08 23:00:00,2021-08-31 23:00:00,False,False,False,True,187,154.61500000000001,"""DNN (MLP)""","""D1""",,,0,"""frozen_reference""","""median_internal_fold_tau""",
2215,139,152,0,139.52883911132812,161.25828552246094,-1,2021-09-09 07:00:00,2021-09-09,2021-09-08 23:00:00,2021-08-31 23:00:00,False,False,False,True,187,154.61500000000001,"""DNN (MLP)""","""D1""",,,1,"""frozen_reference""","""median_internal_fold_tau""",
2216,172,187,1,173.48159790039062,197.42530822753906,-1,2021-09-09 08:00:00,2021-09-09,2021-09-08 23:00:00,2021-08-31 23:00:00,False,False,False,True,187,154.61500000000001,"""DNN (MLP)""","""D1""",,,1,"""frozen_reference""","""median_internal_fold_tau""",
2217,170,176,0,167.51947021484375,180.22026062011719,-1,2021-09-09 09:00:00,2021-09-09,2021-09-08 23:00:00,2021-08-31 23:00:00,False,False,False,True,187,154.61500000000001,"""DNN (MLP)""","""D1""",,,1,"""frozen_reference""","""median_internal_fold_tau""",
2218,155,169,0,166.31916809082031,180.0406494140625,-1,2021-09-09 10:00:00,2021-09-09,2021-09-08 23:00:00,2021-08-31 23:00:00,False,False,False,True,187,154.61500000000001,"""DNN (MLP)""","""D1""",,,1,"""frozen_reference""","""median_internal_fold_tau""",
2219,174,190,1,167.64604187011719,182.83206176757812,-1,2021-09-09 11:00:00,2021-09-09,2021-09-08 23:00:00,2021-08-31 23:00:00,False,False,False,True,187,154.61500000000001,"""DNN (MLP)""","""D1""",,,1,"""frozen_reference""","""median_internal_fold_tau""",
2220,111,129,0,103.19918823242188,141.28314208984375,-1,2021-09-09 12:00:00,2021-09-09,2021-09-08 23:00:00,2021-08-31 23:00:00,False,False,False,True,187,154.61500000000001,"""DNN (MLP)""","""D1""",,,0,"""frozen_reference""","""median_internal_fold_tau""",
2221,171,176,0,172.7877197265625,199.76565551757812,-1,2021-09-09 13:00:00,2021-09-09,2021-09-08 23:00:00,2021-08-31 23:00:00,False,False,False,True,187,154.61500000000001,"""DNN (MLP)""","""D1""",,,1,"""frozen_reference""","""median_internal_fold_tau""",
2222,165,168,0,175.57383728027344,185.38468933105469,-1,2021-09-09 14:00:00,2021-09-09,2021-09-08 23:00:00,2021-08-31 23:00:00,False,False,False,True,187,154.61500000000001,"""DNN (MLP)""","""D1""",,,1,"""frozen_reference""","""median_internal_fold_tau""",
2223,173,185,0,167.01553344726562,181.62974548339844,-1,2021-09-09 15:00:00,2021-09-09,2021-09-08 23:00:00,2021-08-31 23:00:00,False,False,False,True,187,154.61500000000001,"""DNN (MLP)""","""D1""",,,1,"""frozen_reference""","""median_internal_fold_tau""",
2224,160,168,0,165.8897705078125,185.0712890625,-1,2021-09-09 16:00:00,2021-09-09,2021-09-08 23:00:00,2021-08-31 23:00:00,False,False,False,True,187,154.61500000000001,"""DNN (MLP)""","""D1""",,,1,"""frozen_reference""","""median_internal_fold_tau""",
2225,140,168,0,136.79866027832031,168.01791381835938,-1,2021-09-09 17:00:00,2021-09-09,2021-09-08 23:00:00,2021-08-31 23:00:00,False,False,False,True,187,154.61500000000001,"""DNN (MLP)""","""D1""",,,1,"""frozen_reference""","""median_internal_fold_tau""",
2226,162,172,0,157.2628173828125,170.08364868164062,-1,2021-09-09 18:00:00,2021-09-09,2021-09-08 23:00:00,2021-08-31 23:00:00,False,False,False,True,187,154.61500000000001,"""DNN (MLP)""","""D1""",,,1,"""frozen_reference""","""median_internal_fold_tau""",
2227,142,158,0,148.23220825195312,158.49038696289062,-1,2021-09-09 19:00:00,2021-09-09,2021-09-08 23:00:00,2021-08-31 23:00:00,False,False,False,True,187,154.61500000000001,"""DNN (MLP)""","""D1""",,,1,"""frozen_reference""","""median_internal_fold_tau""",
2228,128,134,0,128.23619079589844,141.37861633300781,-1,2021-09-09 20:00:00,2021-09-09,2021-09-08 23:00:00,2021-08-31 23:00:00,False,False,False,True,187,154.61500000000001,"""DNN (MLP)""","""D1""",,,0,"""frozen_reference""","""median_internal_fold_tau""",
2229,128,134,0,125.51698303222656,138.64071655273438,-1,2021-09-09 21:00:00,2021-09-09,2021-09-08 23:00:00,2021-08-31 23:00:00,False,False,False,True,187,154.61500000000001,"""DNN (MLP)""","""D1""",,,0,"""frozen_reference""","""median_internal_fold_tau""",
2230,109,118,0,109.92221069335938,128.70942687988281,-1,2021-09-09 22:00:00,2021-09-09,2021-09-08 23:00:00,2021-08-31 23:00:00,False,False,False,True,187,154.61500000000001,"""DNN (MLP)""","""D1""",,,0,"""frozen_reference""","""median_internal_fold_tau""",
2231,109,116,0,106.99154663085938,130.78175354003906,-1,2021-09-09 23:00:00,2021-09-09,2021-09-08 23:00:00,2021-08-31 23:00:00,False,False,False,True,187,154.61500000000001,"""DNN (MLP)""","""D1""",,,0,"""frozen_reference""","""median_internal_fold_tau""",
2232,77,83,0,79.422378540039062,98.235603332519531,-1,2021-09-10 00:00:00,2021-09-10,2021-09-09 23:00:00,2021-08-31 23:00:00,False,False,False,True,187,154.61500000000001,"""DNN (MLP)""","""D1""",,,0,"""frozen_reference""","""median_internal_fold_tau""",
2233,102,109,0,98.211181640625,117.56959533691406,-1,2021-09-10 01:00:00,2021-09-10,2021-09-09 23:00:00,2021-08-31 23:00:00,False,False,False,True,187,154.61500000000001,"""DNN (MLP)""","""D1""",,,0,"""frozen_reference""","""median_internal_fold_tau""",
2234,112,118,0,103.472900390625,121.23731994628906,-1,2021-09-10 02:00:00,2021-09-10,2021-09-09 23:00:00,2021-08-31 23:00:00,False,False,False,True,187,154.61500000000001,"""DNN (MLP)""","""D1""",,,0,"""frozen_reference""","""median_internal_fold_tau""",
2235,106,116,0,87.556350708007812,116.71593475341797,-1,2021-09-10 03:00:00,2021-09-10,2021-09-09 23:00:00,2021-08-31 23:00:00,False,False,False,True,187,154.61500000000001,"""DNN (MLP)""","""D1""",,,0,"""frozen_reference""","""median_internal_fold_tau""",
2236,108,117,0,99.440223693847656,125.42777252197266,-1,2021-09-10 04:00:00,2021-09-10,2021-09-09 23:00:00,2021-08-31 23:00:00,False,False,False,True,187,154.61500000000001,"""DNN (MLP)""","""D1""",,,0,"""frozen_reference""","""median_internal_fold_tau""",
2237,92,107,0,94.9803466796875,117.98539733886719,-1,2021-09-10 05:00:00,2021-09-10,2021-09-09 23:00:00,2021-08-31 23:00:00,False,False,False,True,187,154.61500000000001,"""DNN (MLP)""","""D1""",,,0,"""frozen_reference""","""median_internal_fold_tau""",
2238,111,118,0,103.35158538818359,132.90982055664062,-1,2021-09-10 06:00:00,2021-09-10,2021-09-09 23:00:00,2021-08-31 23:00:00,False,False,False,True,187,154.61500000000001,"""DNN (MLP)""","""D1""",,,0,"""frozen_reference""","""median_internal_fold_tau""",
2239,132,150,0,131.73297119140625,159.12594604492188,-1,2021-09-10 07:00:00,2021-09-10,2021-09-09 23:00:00,2021-08-31 23:00:00,False,False,False,True,187,154.61500000000001,"""DNN (MLP)""","""D1""",,,1,"""frozen_reference""","""median_internal_fold_tau""",
2240,180,192,1,161.66384887695312,188.12335205078125,-1,2021-09-10 08:00:00,2021-09-10,2021-09-09 23:00:00,2021-08-31 23:00:00,False,False,False,True,187,154.61500000000001,"""DNN (MLP)""","""D1""",,,1,"""frozen_reference""","""median_internal_fold_tau""",
2241,184,204,1,156.83511352539062,178.20648193359375,-1,2021-09-10 09:00:00,2021-09-10,2021-09-09 23:00:00,2021-08-31 23:00:00,False,False,False,True,187,154.61500000000001,"""DNN (MLP)""","""D1""",,,1,"""frozen_reference""","""median_internal_fold_tau""",
2242,168,181,0,153.7620849609375,174.60505676269531,-1,2021-09-10 10:00:00,2021-09-10,2021-09-09 23:00:00,2021-08-31 23:00:00,False,False,False,True,187,154.61500000000001,"""DNN (MLP)""","""D1""",,,1,"""frozen_reference""","""median_internal_fold_tau""",
2243,181,188,1,168.87257385253906,189.53947448730469,-1,2021-09-10 11:00:00,2021-09-10,2021-09-09 23:00:00,2021-08-31 23:00:00,False,False,False,True,187,154.61500000000001,"""DNN (MLP)""","""D1""",,,1,"""frozen_reference""","""median_internal_fold_tau""",
2244,116,128,0,99.325996398925781,127.82777404785156,-1,2021-09-10 12:00:00,2021-09-10,2021-09-09 23:00:00,2021-08-31 23:00:00,False,False,False,True,187,154.61500000000001,"""DNN (MLP)""","""D1""",,,0,"""frozen_reference""","""median_internal_fold_tau""",
2245,180,191,1,165.78759765625,189.90113830566406,-1,2021-09-10 13:00:00,2021-09-10,2021-09-09 23:00:00,2021-08-31 23:00:00,False,False,False,True,187,154.61500000000001,"""DNN (MLP)""","""D1""",,,1,"""frozen_reference""","""median_internal_fold_tau""",
2246,178,190,1,161.2489013671875,182.25723266601562,-1,2021-09-10 14:00:00,2021-09-10,2021-09-09 23:00:00,2021-08-31 23:00:00,False,False,False,True,187,154.61500000000001,"""DNN (MLP)""","""D1""",,,1,"""frozen_reference""","""median_internal_fold_tau""",
2247,171,191,1,154.01380920410156,178.07505798339844,-1,2021-09-10 15:00:00,2021-09-10,2021-09-09 23:00:00,2021-08-31 23:00:00,False,False,False,True,187,154.61500000000001,"""DNN (MLP)""","""D1""",,,1,"""frozen_reference""","""median_internal_fold_tau""",
2248,164,171,0,165.68670654296875,159.0465087890625,-1,2021-09-10 16:00:00,2021-09-10,2021-09-09 23:00:00,2021-08-31 23:00:00,False,False,False,True,187,154.61500000000001,"""DNN (MLP)""","""D1""",,,1,"""frozen_reference""","""median_internal_fold_tau""",
2249,138,157,0,138.76640319824219,177.86016845703125,-1,2021-09-10 17:00:00,2021-09-10,2021-09-09 23:00:00,2021-08-31 23:00:00,False,False,False,True,187,154.61500000000001,"""DNN (MLP)""","""D1""",,,1,"""frozen_reference""","""median_internal_fold_tau""",
2250,155,162,0,147.98007202148438,171.34242248535156,-1,2021-09-10 18:00:00,2021-09-10,2021-09-09 23:00:00,2021-08-31 23:00:00,False,False,False,True,187,154.61500000000001,"""DNN (MLP)""","""D1""",,,1,"""frozen_reference""","""median_internal_fold_tau""",
2251,142,148,0,145.79412841796875,160.66017150878906,-1,2021-09-10 19:00:00,2021-09-10,2021-09-09 23:00:00,2021-08-31 23:00:00,False,False,False,True,187,154.61500000000001,"""DNN (MLP)""","""D1""",,,1,"""frozen_reference""","""median_internal_fold_tau""",
2252,116,121,0,120.90514373779297,124.69490051269531,-1,2021-09-10 20:00:00,2021-09-10,2021-09-09 23:00:00,2021-08-31 23:00:00,False,False,False,True,187,154.61500000000001,"""DNN (MLP)""","""D1""",,,0,"""frozen_reference""","""median_internal_fold_tau""",
2253,117,126,0,112.0743408203125,123.34550476074219,-1,2021-09-10 21:00:00,2021-09-10,2021-09-09 23:00:00,2021-08-31 23:00:00,False,False,False,True,187,154.61500000000001,"""DNN (MLP)""","""D1""",,,0,"""frozen_reference""","""median_internal_fold_tau""",
2254,102,109,0,105.8367919921875,121.90631103515625,-1,2021-09-10 22:00:00,2021-09-10,2021-09-09 23:00:00,2021-08-31 23:00:00,False,False,False,True,187,154.61500000000001,"""DNN (MLP)""","""D1""",,,0,"""frozen_reference""","""median_internal_fold_tau""",
2255,88,105,0,97.626724243164062,116.69217681884766,-1,2021-09-10 23:00:00,2021-09-10,2021-09-09 23:00:00,2021-08-31 23:00:00,False,False,False,True,187,154.61500000000001,"""DNN (MLP)""","""D1""",,,0,"""frozen_reference""","""median_internal_fold_tau""",
2256,61,69,0,60.866897583007812,87.563430786132812,-1,2021-09-11 00:00:00,2021-09-11,2021-09-10 23:00:00,2021-08-31 23:00:00,False,False,False,True,187,154.61500000000001,"""DNN (MLP)""","""D1""",,,0,"""frozen_reference""","""median_internal_fold_tau""",
2257,97,105,0,84.782829284667969,111.77590942382812,-1,2021-09-11 01:00:00,2021-09-11,2021-09-10 23:00:00,2021-08-31 23:00:00,False,False,False,True,187,154.61500000000001,"""DNN (MLP)""","""D1""",,,0,"""frozen_reference""","""median_internal_fold_tau""",
2258,95,99,0,90.587303161621094,113.06891632080078,-1,2021-09-11 02:00:00,2021-09-11,2021-09-10 23:00:00,2021-08-31 23:00:00,False,False,False,True,187,154.61500000000001,"""DNN (MLP)""","""D1""",,,0,"""frozen_reference""","""median_internal_fold_tau""",
2259,94,107,0,83.79071044921875,108.09718322753906,-1,2021-09-11 03:00:00,2021-09-11,2021-09-10 23:00:00,2021-08-31 23:00:00,False,False,False,True,187,154.61500000000001,"""DNN (MLP)""","""D1""",,,0,"""frozen_reference""","""median_internal_fold_tau""",
2260,89,93,0,87.394142150878906,115.09942626953125,-1,2021-09-11 04:00:00,2021-09-11,2021-09-10 23:00:00,2021-08-31 23:00:00,False,False,False,True,187,154.61500000000001,"""DNN (MLP)""","""D1""",,,0,"""frozen_reference""","""median_internal_fold_tau""",
2261,82,98,0,72.934097290039062,102.17252349853516,-1,2021-09-11 05:00:00,2021-09-11,2021-09-10 23:00:00,2021-08-31 23:00:00,False,False,False,True,187,154.61500000000001,"""DNN (MLP)""","""D1""",,,0,"""frozen_reference""","""median_internal_fold_tau""",
2262,86,97,0,83.170166015625,113.44129943847656,-1,2021-09-11 06:00:00,2021-09-11,2021-09-10 23:00:00,2021-08-31 23:00:00,False,False,False,True,187,154.61500000000001,"""DNN (MLP)""","""D1""",,,0,"""frozen_reference""","""median_internal_fold_tau""",
2263,51,73,0,62.495033264160156,118.98689270019531,-1,2021-09-11 07:00:00,2021-09-11,2021-09-10 23:00:00,2021-08-31 23:00:00,False,False,False,True,187,154.61500000000001,"""DNN (MLP)""","""D1""",,,0,"""frozen_reference""","""median_internal_fold_tau""",
2264,23,23,0,18.310497283935547,38.272621154785156,-1,2021-09-11 08:00:00,2021-09-11,2021-09-10 23:00:00,2021-08-31 23:00:00,False,False,False,True,187,154.61500000000001,"""DNN (MLP)""","""D1""",,,0,"""frozen_reference""","""median_internal_fold_tau""",
2265,23,23,0,15.844273567199707,46.261310577392578,-1,2021-09-11 09:00:00,2021-09-11,2021-09-10 23:00:00,2021-08-31 23:00:00,False,False,False,True,187,154.61500000000001,"""DNN (MLP)""","""D1""",,,0,"""frozen_reference""","""median_internal_fold_tau""",
2266,22,23,0,12.429829597473145,33.034652709960938,-1,2021-09-11 10:00:00,2021-09-11,2021-09-10 23:00:00,2021-08-31 23:00:00,False,False,False,True,187,154.61500000000001,"""DNN (MLP)""","""D1""",,,0,"""frozen_reference""","""median_internal_fold_tau""",
2267,23,23,0,13.050450325012207,28.751707077026367,-1,2021-09-11 11:00:00,2021-09-11,2021-09-10 23:00:00,2021-08-31 23:00:00,False,False,False,True,187,154.61500000000001,"""DNN (MLP)""","""D1""",,,0,"""frozen_reference""","""median_internal_fold_tau""",
2268,25,28,0,19.527225494384766,20.711217880249023,-1,2021-09-11 12:00:00,2021-09-11,2021-09-10 23:00:00,2021-08-31 23:00:00,False,False,False,True,187,154.61500000000001,"""DNN (MLP)""","""D1""",,,0,"""frozen_reference""","""median_internal_fold_tau""",
2269,23,25,0,22.365711212158203,27.326894760131836,-1,2021-09-11 13:00:00,2021-09-11,2021-09-10 23:00:00,2021-08-31 23:00:00,False,False,False,True,187,154.61500000000001,"""DNN (MLP)""","""D1""",,,0,"""frozen_reference""","""median_internal_fold_tau""",
2270,23,24,0,15.858784675598145,19.88026237487793,-1,2021-09-11 14:00:00,2021-09-11,2021-09-10 23:00:00,2021-08-31 23:00:00,False,False,False,True,187,154.61500000000001,"""DNN (MLP)""","""D1""",,,0,"""frozen_reference""","""median_internal_fold_tau""",
2271,24,24,0,16.986232757568359,19.714048385620117,-1,2021-09-11 15:00:00,2021-09-11,2021-09-10 23:00:00,2021-08-31 23:00:00,False,False,False,True,187,154.61500000000001,"""DNN (MLP)""","""D1""",,,0,"""frozen_reference""","""median_internal_fold_tau""",
2272,24,24,0,17.304859161376953,20.95039176940918,-1,2021-09-11 16:00:00,2021-09-11,2021-09-10 23:00:00,2021-08-31 23:00:00,False,False,False,True,187,154.61500000000001,"""DNN (MLP)""","""D1""",,,0,"""frozen_reference""","""median_internal_fold_tau""",
2273,23,24,0,16.924701690673828,16.583806991577148,-1,2021-09-11 17:00:00,2021-09-11,2021-09-10 23:00:00,2021-08-31 23:00:00,False,False,False,True,187,154.61500000000001,"""DNN (MLP)""","""D1""",,,0,"""frozen_reference""","""median_internal_fold_tau""",
2274,23,24,0,21.032405853271484,24.697126388549805,-1,2021-09-11 18:00:00,2021-09-11,2021-09-10 23:00:00,2021-08-31 23:00:00,False,False,False,True,187,154.61500000000001,"""DNN (MLP)""","""D1""",,,0,"""frozen_reference""","""median_internal_fold_tau""",
2275,25,28,0,18.895214080810547,21.898527145385742,-1,2021-09-11 19:00:00,2021-09-11,2021-09-10 23:00:00,2021-08-31 23:00:00,False,False,False,True,187,154.61500000000001,"""DNN (MLP)""","""D1""",,,0,"""frozen_reference""","""median_internal_fold_tau""",
2276,23,24,0,18.208927154541016,21.268972396850586,-1,2021-09-11 20:00:00,2021-09-11,2021-09-10 23:00:00,2021-08-31 23:00:00,False,False,False,True,187,154.61500000000001,"""DNN (MLP)""","""D1""",,,0,"""frozen_reference""","""median_internal_fold_tau""",
2277,23,24,0,14.951642036437988,20.868261337280273,-1,2021-09-11 21:00:00,2021-09-11,2021-09-10 23:00:00,2021-08-31 23:00:00,False,False,False,True,187,154.61500000000001,"""DNN (MLP)""","""D1""",,,0,"""frozen_reference""","""median_internal_fold_tau""",
2278,23,24,0,12.788815498352051,22.270757675170898,-1,2021-09-11 22:00:00,2021-09-11,2021-09-10 23:00:00,2021-08-31 23:00:00,False,False,False,True,187,154.61500000000001,"""DNN (MLP)""","""D1""",,,0,"""frozen_reference""","""median_internal_fold_tau""",
2279,23,23,0,14.510823249816895,23.93305778503418,-1,2021-09-11 23:00:00,2021-09-11,2021-09-10 23:00:00,2021-08-31 23:00:00,False,False,False,True,187,154.61500000000001,"""DNN (MLP)""","""D1""",,,0,"""frozen_reference""","""median_internal_fold_tau""",
2280,23,23,0,32.818546295166016,26.75819206237793,-1,2021-09-12 00:00:00,2021-09-12,2021-09-11 23:00:00,2021-08-31 23:00:00,False,False,False,True,187,154.61500000000001,"""DNN (MLP)""","""D1""",,,0,"""frozen_reference""","""median_internal_fold_tau""",
2281,23,24,0,23.341312408447266,26.989500045776367,-1,2021-09-12 01:00:00,2021-09-12,2021-09-11 23:00:00,2021-08-31 23:00:00,False,False,False,True,187,154.61500000000001,"""DNN (MLP)""","""D1""",,,0,"""frozen_reference""","""median_internal_fold_tau""",
2282,24,27,0,23.669452667236328,28.286840438842773,-1,2021-09-12 02:00:00,2021-09-12,2021-09-11 23:00:00,2021-08-31 23:00:00,False,False,False,True,187,154.61500000000001,"""DNN (MLP)""","""D1""",,,0,"""frozen_reference""","""median_internal_fold_tau""",
2283,23,23,0,26.489459991455078,25.125478744506836,-1,2021-09-12 03:00:00,2021-09-12,2021-09-11 23:00:00,2021-08-31 23:00:00,False,False,False,True,187,154.61500000000001,"""DNN (MLP)""","""D1""",,,0,"""frozen_reference""","""median_internal_fold_tau""",
2284,23,23,0,27.805477142333984,26.00214958190918,-1,2021-09-12 04:00:00,2021-09-12,2021-09-11 23:00:00,2021-08-31 23:00:00,False,False,False,True,187,154.61500000000001,"""DNN (MLP)""","""D1""",,,0,"""frozen_reference""","""median_internal_fold_tau""",
2285,23,23,0,34.815048217773438,21.157323837280273,-1,2021-09-12 05:00:00,2021-09-12,2021-09-11 23:00:00,2021-08-31 23:00:00,False,False,False,True,187,154.61500000000001,"""DNN (MLP)""","""D1""",,,0,"""frozen_reference""","""median_internal_fold_tau""",
2286,23,23,0,35.475860595703125,19.284551620483398,-1,2021-09-12 06:00:00,2021-09-12,2021-09-11 23:00:00,2021-08-31 23:00:00,False,False,False,True,187,154.61500000000001,"""DNN (MLP)""","""D1""",,,0,"""frozen_reference""","""median_internal_fold_tau""",
2287,23,23,0,40.957252502441406,26.598081588745117,-1,2021-09-12 07:00:00,2021-09-12,2021-09-11 23:00:00,2021-08-31 23:00:00,False,False,False,True,187,154.61500000000001,"""DNN (MLP)""","""D1""",,,0,"""frozen_reference""","""median_internal_fold_tau""",
2288,25,28,0,46.50042724609375,19.379217147827148,-1,2021-09-12 08:00:00,2021-09-12,2021-09-11 23:00:00,2021-08-31 23:00:00,False,False,False,True,187,154.61500000000001,"""DNN (MLP)""","""D1""",,,0,"""frozen_reference""","""median_internal_fold_tau""",
2289,23,24,0,39.22021484375,32.591194152832031,-1,2021-09-12 09:00:00,2021-09-12,2021-09-11 23:00:00,2021-08-31 23:00:00,False,False,False,True,187,154.61500000000001,"""DNN (MLP)""","""D1""",,,0,"""frozen_reference""","""median_internal_fold_tau""",
2290,23,24,0,28.796421051025391,25.080717086791992,-1,2021-09-12 10:00:00,2021-09-12,2021-09-11 23:00:00,2021-08-31 23:00:00,False,False,False,True,187,154.61500000000001,"""DNN (MLP)""","""D1""",,,0,"""frozen_reference""","""median_internal_fold_tau""",
2291,23,23,0,30.209403991699219,26.204160690307617,-1,2021-09-12 11:00:00,2021-09-12,2021-09-11 23:00:00,2021-08-31 23:00:00,False,False,False,True,187,154.61500000000001,"""DNN (MLP)""","""D1""",,,0,"""frozen_reference""","""median_internal_fold_tau""",
2292,23,23,0,41.812530517578125,43.091571807861328,-1,2021-09-12 12:00:00,2021-09-12,2021-09-11 23:00:00,2021-08-31 23:00:00,False,False,False,True,187,154.61500000000001,"""DNN (MLP)""","""D1""",,,0,"""frozen_reference""","""median_internal_fold_tau""",
2293,23,23,0,36.451622009277344,25.380346298217773,-1,2021-09-12 13:00:00,2021-09-12,2021-09-11 23:00:00,2021-08-31 23:00:00,False,False,False,True,187,154.61500000000001,"""DNN (MLP)""","""D1""",,,0,"""frozen_reference""","""median_internal_fold_tau""",
2294,25,28,0,34.777572631835938,31.934797286987305,-1,2021-09-12 14:00:00,2021-09-12,2021-09-11 23:00:00,2021-08-31 23:00:00,False,False,False,True,187,154.61500000000001,"""DNN (MLP)""","""D1""",,,0,"""frozen_reference""","""median_internal_fold_tau""",
2295,23,24,0,30.990756988525391,22.004209518432617,-1,2021-09-12 15:00:00,2021-09-12,2021-09-11 23:00:00,2021-08-31 23:00:00,False,False,False,True,187,154.61500000000001,"""DNN (MLP)""","""D1""",,,0,"""frozen_reference""","""median_internal_fold_tau""",
2296,24,24,0,35.408672332763672,20.724790573120117,-1,2021-09-12 16:00:00,2021-09-12,2021-09-11 23:00:00,2021-08-31 23:00:00,False,False,False,True,187,154.61500000000001,"""DNN (MLP)""","""D1""",,,0,"""frozen_reference""","""median_internal_fold_tau""",
2297,23,23,0,44.5264892578125,24.631902694702148,-1,2021-09-12 17:00:00,2021-09-12,2021-09-11 23:00:00,2021-08-31 23:00:00,False,False,False,True,187,154.61500000000001,"""DNN (MLP)""","""D1""",,,0,"""frozen_reference""","""median_internal_fold_tau""",
2298,23,24,0,43.957473754882812,22.382101058959961,-1,2021-09-12 18:00:00,2021-09-12,2021-09-11 23:00:00,2021-08-31 23:00:00,False,False,False,True,187,154.61500000000001,"""DNN (MLP)""","""D1""",,,0,"""frozen_reference""","""median_internal_fold_tau""",
2299,23,24,0,43.733711242675781,24.99732780456543,-1,2021-09-12 19:00:00,2021-09-12,2021-09-11 23:00:00,2021-08-31 23:00:00,False,False,False,True,187,154.61500000000001,"""DNN (MLP)""","""D1""",,,0,"""frozen_reference""","""median_internal_fold_tau""",
2300,23,24,0,46.601909637451172,30.686063766479492,-1,2021-09-12 20:00:00,2021-09-12,2021-09-11 23:00:00,2021-08-31 23:00:00,False,False,False,True,187,154.61500000000001,"""DNN (MLP)""","""D1""",,,0,"""frozen_reference""","""median_internal_fold_tau""",
2301,25,28,0,43.767452239990234,26.173917770385742,-1,2021-09-12 21:00:00,2021-09-12,2021-09-11 23:00:00,2021-08-31 23:00:00,False,False,False,True,187,154.61500000000001,"""DNN (MLP)""","""D1""",,,0,"""frozen_reference""","""median_internal_fold_tau""",
2302,23,24,0,49.402610778808594,29.773588180541992,-1,2021-09-12 22:00:00,2021-09-12,2021-09-11 23:00:00,2021-08-31 23:00:00,False,False,False,True,187,154.61500000000001,"""DNN (MLP)""","""D1""",,,0,"""frozen_reference""","""median_internal_fold_tau""",
2303,23,24,0,50.618579864501953,36.043350219726562,-1,2021-09-12 23:00:00,2021-09-12,2021-09-11 23:00:00,2021-08-31 23:00:00,False,False,False,True,187,154.61500000000001,"""DNN (MLP)""","""D1""",,,0,"""frozen_reference""","""median_internal_fold_tau""",
2304,23,23,0,19.672039031982422,17.373983383178711,-1,2021-09-13 00:00:00,2021-09-13,2021-09-12 23:00:00,2021-08-31 23:00:00,False,False,False,True,187,154.61500000000001,"""DNN (MLP)""","""D1""",,,0,"""frozen_reference""","""median_internal_fold_tau""",
2305,23,23,0,15.444981575012207,14.986258506774902,-1,2021-09-13 01:00:00,2021-09-13,2021-09-12 23:00:00,2021-08-31 23:00:00,False,False,False,True,187,154.61500000000001,"""DNN (MLP)""","""D1""",,,0,"""frozen_reference""","""median_internal_fold_tau""",
2306,23,23,0,15.948933601379395,17.443502426147461,-1,2021-09-13 02:00:00,2021-09-13,2021-09-12 23:00:00,2021-08-31 23:00:00,False,False,False,True,187,154.61500000000001,"""DNN (MLP)""","""D1""",,,0,"""frozen_reference""","""median_internal_fold_tau""",
2307,24,25,0,16.609363555908203,17.615713119506836,-1,2021-09-13 03:00:00,2021-09-13,2021-09-12 23:00:00,2021-08-31 23:00:00,False,False,False,True,187,154.61500000000001,"""DNN (MLP)""","""D1""",,,0,"""frozen_reference""","""median_internal_fold_tau""",
2308,24,28,0,19.265750885009766,21.065694808959961,-1,2021-09-13 04:00:00,2021-09-13,2021-09-12 23:00:00,2021-08-31 23:00:00,False,False,False,True,187,154.61500000000001,"""DNN (MLP)""","""D1""",,,0,"""frozen_reference""","""median_internal_fold_tau""",
2309,23,23,0,23.776805877685547,26.207273483276367,-1,2021-09-13 05:00:00,2021-09-13,2021-09-12 23:00:00,2021-08-31 23:00:00,False,False,False,True,187,154.61500000000001,"""DNN (MLP)""","""D1""",,,0,"""frozen_reference""","""median_internal_fold_tau""",
2310,23,24,0,25.974094390869141,31.266836166381836,-1,2021-09-13 06:00:00,2021-09-13,2021-09-12 23:00:00,2021-08-31 23:00:00,False,False,False,True,187,154.61500000000001,"""DNN (MLP)""","""D1""",,,0,"""frozen_reference""","""median_internal_fold_tau""",
2311,63,111,0,62.643413543701172,68.582870483398438,-1,2021-09-13 07:00:00,2021-09-13,2021-09-12 23:00:00,2021-08-31 23:00:00,False,False,False,True,187,154.61500000000001,"""DNN (MLP)""","""D1""",,,0,"""frozen_reference""","""median_internal_fold_tau""",
2312,185,196,1,190.52099609375,200.63017272949219,-1,2021-09-13 08:00:00,2021-09-13,2021-09-12 23:00:00,2021-08-31 23:00:00,False,False,False,True,187,154.61500000000001,"""DNN (MLP)""","""D1""",,,1,"""frozen_reference""","""median_internal_fold_tau""",
2313,183,188,1,162.7353515625,166.02388000488281,-1,2021-09-13 09:00:00,2021-09-13,2021-09-12 23:00:00,2021-08-31 23:00:00,False,False,False,True,187,154.61500000000001,"""DNN (MLP)""","""D1""",,,1,"""frozen_reference""","""median_internal_fold_tau""",
2314,177,189,1,175.49955749511719,174.96430969238281,-1,2021-09-13 10:00:00,2021-09-13,2021-09-12 23:00:00,2021-08-31 23:00:00,False,False,False,True,187,154.61500000000001,"""DNN (MLP)""","""D1""",,,1,"""frozen_reference""","""median_internal_fold_tau""",
2315,182,191,1,177.23576354980469,180.41567993164062,-1,2021-09-13 11:00:00,2021-09-13,2021-09-12 23:00:00,2021-08-31 23:00:00,False,False,False,True,187,154.61500000000001,"""DNN (MLP)""","""D1""",,,1,"""frozen_reference""","""median_internal_fold_tau""",
2316,117,130,0,121.091552734375,143.19525146484375,-1,2021-09-13 12:00:00,2021-09-13,2021-09-12 23:00:00,2021-08-31 23:00:00,False,False,False,True,187,154.61500000000001,"""DNN (MLP)""","""D1""",,,0,"""frozen_reference""","""median_internal_fold_tau""",
2317,184,191,1,173.43873596191406,180.56655883789062,-1,2021-09-13 13:00:00,2021-09-13,2021-09-12 23:00:00,2021-08-31 23:00:00,False,False,False,True,187,154.61500000000001,"""DNN (MLP)""","""D1""",,,1,"""frozen_reference""","""median_internal_fold_tau""",
2318,180,182,0,160.697265625,176.86631774902344,-1,2021-09-13 14:00:00,2021-09-13,2021-09-12 23:00:00,2021-08-31 23:00:00,False,False,False,True,187,154.61500000000001,"""DNN (MLP)""","""D1""",,,1,"""frozen_reference""","""median_internal_fold_tau""",
2319,168,177,0,157.56704711914062,176.91796875,-1,2021-09-13 15:00:00,2021-09-13,2021-09-12 23:00:00,2021-08-31 23:00:00,False,False,False,True,187,154.61500000000001,"""DNN (MLP)""","""D1""",,,1,"""frozen_reference""","""median_internal_fold_tau""",
2320,175,182,0,143.31338500976562,170.46138000488281,-1,2021-09-13 16:00:00,2021-09-13,2021-09-12 23:00:00,2021-08-31 23:00:00,False,False,False,True,187,154.61500000000001,"""DNN (MLP)""","""D1""",,,1,"""frozen_reference""","""median_internal_fold_tau""",
2321,132,160,0,130.7896728515625,155.96670532226562,-1,2021-09-13 17:00:00,2021-09-13,2021-09-12 23:00:00,2021-08-31 23:00:00,False,False,False,True,187,154.61500000000001,"""DNN (MLP)""","""D1""",,,1,"""frozen_reference""","""median_internal_fold_tau""",
2322,145,162,0,141.20877075195312,153.62362670898438,-1,2021-09-13 18:00:00,2021-09-13,2021-09-12 23:00:00,2021-08-31 23:00:00,False,False,False,True,187,154.61500000000001,"""DNN (MLP)""","""D1""",,,0,"""frozen_reference""","""median_internal_fold_tau""",
2323,148,162,0,141.77336120605469,157.68576049804688,-1,2021-09-13 19:00:00,2021-09-13,2021-09-12 23:00:00,2021-08-31 23:00:00,False,False,False,True,187,154.61500000000001,"""DNN (MLP)""","""D1""",,,1,"""frozen_reference""","""median_internal_fold_tau""",
2324,121,126,0,121.49168395996094,129.61590576171875,-1,2021-09-13 20:00:00,2021-09-13,2021-09-12 23:00:00,2021-08-31 23:00:00,False,False,False,True,187,154.61500000000001,"""DNN (MLP)""","""D1""",,,0,"""frozen_reference""","""median_internal_fold_tau""",
2325,123,131,0,122.65028381347656,135.83668518066406,-1,2021-09-13 21:00:00,2021-09-13,2021-09-12 23:00:00,2021-08-31 23:00:00,False,False,False,True,187,154.61500000000001,"""DNN (MLP)""","""D1""",,,0,"""frozen_reference""","""median_internal_fold_tau""",
2326,110,122,0,114.57720947265625,119.44387054443359,-1,2021-09-13 22:00:00,2021-09-13,2021-09-12 23:00:00,2021-08-31 23:00:00,False,False,False,True,187,154.61500000000001,"""DNN (MLP)""","""D1""",,,0,"""frozen_reference""","""median_internal_fold_tau""",
2327,108,123,0,113.01416778564453,124.33957672119141,-1,2021-09-13 23:00:00,2021-09-13,2021-09-12 23:00:00,2021-08-31 23:00:00,False,False,False,True,187,154.61500000000001,"""DNN (MLP)""","""D1""",,,0,"""frozen_reference""","""median_internal_fold_tau""",
2328,70,72,0,92.419929504394531,89.316421508789062,-1,2021-09-14 00:00:00,2021-09-14,2021-09-13 23:00:00,2021-08-31 23:00:00,False,False,False,True,187,154.61500000000001,"""DNN (MLP)""","""D1""",,,0,"""frozen_reference""","""median_internal_fold_tau""",
2329,110,116,0,112.30928802490234,109.87918090820312,-1,2021-09-14 01:00:00,2021-09-14,2021-09-13 23:00:00,2021-08-31 23:00:00,False,False,False,True,187,154.61500000000001,"""DNN (MLP)""","""D1""",,,0,"""frozen_reference""","""median_internal_fold_tau""",
2330,112,115,0,111.37858581542969,112.19222259521484,-1,2021-09-14 02:00:00,2021-09-14,2021-09-13 23:00:00,2021-08-31 23:00:00,False,False,False,True,187,154.61500000000001,"""DNN (MLP)""","""D1""",,,0,"""frozen_reference""","""median_internal_fold_tau""",
2331,105,114,0,111.20751190185547,115.03738403320312,-1,2021-09-14 03:00:00,2021-09-14,2021-09-13 23:00:00,2021-08-31 23:00:00,False,False,False,True,187,154.61500000000001,"""DNN (MLP)""","""D1""",,,0,"""frozen_reference""","""median_internal_fold_tau""",
2332,111,115,0,115.86679840087891,121.35567474365234,-1,2021-09-14 04:00:00,2021-09-14,2021-09-13 23:00:00,2021-08-31 23:00:00,False,False,False,True,187,154.61500000000001,"""DNN (MLP)""","""D1""",,,0,"""frozen_reference""","""median_internal_fold_tau""",
2333,93,115,0,107.96879577636719,116.25527954101562,-1,2021-09-14 05:00:00,2021-09-14,2021-09-13 23:00:00,2021-08-31 23:00:00,False,False,False,True,187,154.61500000000001,"""DNN (MLP)""","""D1""",,,0,"""frozen_reference""","""median_internal_fold_tau""",
2334,108,112,0,111.96968841552734,134.42300415039062,-1,2021-09-14 06:00:00,2021-09-14,2021-09-13 23:00:00,2021-08-31 23:00:00,False,False,False,True,187,154.61500000000001,"""DNN (MLP)""","""D1""",,,0,"""frozen_reference""","""median_internal_fold_tau""",
2335,140,156,0,124.09408569335938,152.57954406738281,-1,2021-09-14 07:00:00,2021-09-14,2021-09-13 23:00:00,2021-08-31 23:00:00,False,False,False,True,187,154.61500000000001,"""DNN (MLP)""","""D1""",,,0,"""frozen_reference""","""median_internal_fold_tau""",
2336,174,184,0,166.73223876953125,184.53756713867188,-1,2021-09-14 08:00:00,2021-09-14,2021-09-13 23:00:00,2021-08-31 23:00:00,False,False,False,True,187,154.61500000000001,"""DNN (MLP)""","""D1""",,,1,"""frozen_reference""","""median_internal_fold_tau""",
2337,166,178,0,156.11346435546875,189.14962768554688,-1,2021-09-14 09:00:00,2021-09-14,2021-09-13 23:00:00,2021-08-31 23:00:00,False,False,False,True,187,154.61500000000001,"""DNN (MLP)""","""D1""",,,1,"""frozen_reference""","""median_internal_fold_tau""",
2338,152,161,0,151.75955200195312,173.84506225585938,-1,2021-09-14 10:00:00,2021-09-14,2021-09-13 23:00:00,2021-08-31 23:00:00,False,False,False,True,187,154.61500000000001,"""DNN (MLP)""","""D1""",,,1,"""frozen_reference""","""median_internal_fold_tau""",
2339,170,180,0,163.96063232421875,187.8995361328125,-1,2021-09-14 11:00:00,2021-09-14,2021-09-13 23:00:00,2021-08-31 23:00:00,False,False,False,True,187,154.61500000000001,"""DNN (MLP)""","""D1""",,,1,"""frozen_reference""","""median_internal_fold_tau""",
2340,118,135,0,103.32233428955078,122.47458648681641,-1,2021-09-14 12:00:00,2021-09-14,2021-09-13 23:00:00,2021-08-31 23:00:00,False,False,False,True,187,154.61500000000001,"""DNN (MLP)""","""D1""",,,0,"""frozen_reference""","""median_internal_fold_tau""",
2341,163,173,0,166.13209533691406,184.89237976074219,-1,2021-09-14 13:00:00,2021-09-14,2021-09-13 23:00:00,2021-08-31 23:00:00,False,False,False,True,187,154.61500000000001,"""DNN (MLP)""","""D1""",,,1,"""frozen_reference""","""median_internal_fold_tau""",
2342,158,162,0,162.76434326171875,170.949951171875,-1,2021-09-14 14:00:00,2021-09-14,2021-09-13 23:00:00,2021-08-31 23:00:00,False,False,False,True,187,154.61500000000001,"""DNN (MLP)""","""D1""",,,1,"""frozen_reference""","""median_internal_fold_tau""",
2343,161,175,0,159.6119384765625,160.78364562988281,-1,2021-09-14 15:00:00,2021-09-14,2021-09-13 23:00:00,2021-08-31 23:00:00,False,False,False,True,187,154.61500000000001,"""DNN (MLP)""","""D1""",,,1,"""frozen_reference""","""median_internal_fold_tau""",
2344,160,165,0,161.19606018066406,164.1328125,-1,2021-09-14 16:00:00,2021-09-14,2021-09-13 23:00:00,2021-08-31 23:00:00,False,False,False,True,187,154.61500000000001,"""DNN (MLP)""","""D1""",,,1,"""frozen_reference""","""median_internal_fold_tau""",
2345,123,146,0,133.74195861816406,146.63742065429688,-1,2021-09-14 17:00:00,2021-09-14,2021-09-13 23:00:00,2021-08-31 23:00:00,False,False,False,True,187,154.61500000000001,"""DNN (MLP)""","""D1""",,,0,"""frozen_reference""","""median_internal_fold_tau""",
2346,158,164,0,150.08187866210938,134.81141662597656,-1,2021-09-14 18:00:00,2021-09-14,2021-09-13 23:00:00,2021-08-31 23:00:00,False,False,False,True,187,154.61500000000001,"""DNN (MLP)""","""D1""",,,0,"""frozen_reference""","""median_internal_fold_tau""",
2347,153,171,0,145.53486633300781,143.65153503417969,-1,2021-09-14 19:00:00,2021-09-14,2021-09-13 23:00:00,2021-08-31 23:00:00,False,False,False,True,187,154.61500000000001,"""DNN (MLP)""","""D1""",,,0,"""frozen_reference""","""median_internal_fold_tau""",
2348,128,130,0,119.68305206298828,124.72941589355469,-1,2021-09-14 20:00:00,2021-09-14,2021-09-13 23:00:00,2021-08-31 23:00:00,False,False,False,True,187,154.61500000000001,"""DNN (MLP)""","""D1""",,,0,"""frozen_reference""","""median_internal_fold_tau""",
2349,128,134,0,116.40679168701172,125.31035614013672,-1,2021-09-14 21:00:00,2021-09-14,2021-09-13 23:00:00,2021-08-31 23:00:00,False,False,False,True,187,154.61500000000001,"""DNN (MLP)""","""D1""",,,0,"""frozen_reference""","""median_internal_fold_tau""",
2350,111,120,0,109.52527618408203,114.27842712402344,-1,2021-09-14 22:00:00,2021-09-14,2021-09-13 23:00:00,2021-08-31 23:00:00,False,False,False,True,187,154.61500000000001,"""DNN (MLP)""","""D1""",,,0,"""frozen_reference""","""median_internal_fold_tau""",
2351,110,119,0,107.89421081542969,113.31340026855469,-1,2021-09-14 23:00:00,2021-09-14,2021-09-13 23:00:00,2021-08-31 23:00:00,False,False,False,True,187,154.61500000000001,"""DNN (MLP)""","""D1""",,,0,"""frozen_reference""","""median_internal_fold_tau""",
